9492	Supplier#000009492	6kPCGz66rAPqwvJuBuVjRQ6VxTRy	27-417-928-8655	1906546.1047000005
1982	Supplier#000001982	q5g5cl4V2Ssk6vsVTtPFBo8lT8gLcQrbojDyGsN	24-307-672-7764	1741193.5058
4941	Supplier#000004941	1,a6rBgCJMUdR78OYQJ4vyQtEGcNmqGvqolMYMl	32-769-160-7618	1734687.55
9459	Supplier#000009459	eNcR5W,jns	17-230-560-9991	1721903.4277
6412	Supplier#000006412	Oy9uRyGgsCmWmwJeCS OL	10-984-296-5608	1700454.4392999997
2988	Supplier#000002988	Ck B7MmscxnrrFaB7H8cLxXUYY,26Xb DYnh	24-952-723-3371	1682495.6898000005
213	Supplier#000000213	1s7 4odatD2BWz1QjXR2 2SnFhc,Rvr2Icxh1m7f	28-317-938-6979	1664185.2213999995
6312	Supplier#000006312	Ouokin5ZDB0CL7hydeJc	12-484-391-3878	1659063.83
5853	Supplier#000005853	Tctc1i5u8J1iVjNfAeJaylgSMJR5zAMOzm	25-735-779-9567	1656657.6387999998
6357	Supplier#000006357	seiEPN3dM5I4osXQVTQ,GLuRwkHZ730Tyw jctB	28-876-575-4174	1653754.4899999993
2307	Supplier#000002307	QiuKN71yXgsMd98bVI	17-178-196-1825	1644093.8783000007
6451	Supplier#000006451	cabW,blwKcgfkjfzb	22-178-750-1370	1596877.9924
458	Supplier#000000458	IFNkUK1H53HwUHabiONkMFAUDb	31-318-754-9316	1591284.3767
7370	Supplier#000007370	42Bmm0jBt71M5PI0l8maW	30-382-520-5768	1582573.2637999998
8867	Supplier#000008867	1SwGoYme2bdYE8QEa72P	19-873-178-8581	1580784.5215
804	Supplier#000000804	N3B GhiD6nanhYdssmqlpy2XVz5jZH	31-830-383-7329	1579447.3747999999
7973	Supplier#000007973	R5WVAqNVOkgM9	29-300-869-1121	1565564.5779
5476	Supplier#000005476	VFWyOOb0 q	17-802-655-8002	1556568.1476
1414	Supplier#000001414	mOHKvfkuuCQXiGO1EzYJFyCqCahY5,fn sQwehh	18-900-205-6049	1553917.5825999998
9988	Supplier#000009988	7K7m3ynw9BpE0jaMNMe63D6RiU	10-413-557-3439	1550911.5086999997
1433	Supplier#000001433	y4BL0GSGtpaJCG2036cdt9V7zsz7SMMID	12-312-363-6186	1549298.9901
9961	Supplier#000009961	mzznwxAlU97eIjL5Lj87oXPVmmJpANU	13-240-124-7463	1536462.8718
2343	Supplier#000002343	Qy5YodXWVh6o	27-694-863-1826	1532160.3813000002
8473	Supplier#000008473	OdJPu18DkC,bgQp6,UIKYrAm0BId1G8G,SbEjiN	21-510-110-3730	1524050.9451000004
2922	Supplier#000002922	EVl5qdnpZLOP	33-289-294-9337	1520276.1942
5242	Supplier#000005242	TQPTwj5KXFplnLO8,M,x1dQvP1FH	17-475-160-7395	1514465.9935000006
8900	Supplier#000008900	0Y1MRMPSS5	30-249-817-6693	1510653.1029999997
5487	Supplier#000005487	nEoE4Yph7gDXNGApRdggiY4Ai	27-700-386-2510	1503745.0793000003
4456	Supplier#000004456	lIsyPje3x29urlQkP5xeo7EZj1icvC1f	26-107-528-7021	1501726.4612999996
3689	Supplier#000003689	KuH5dUsSzixv	16-950-731-5933	1501198.4927999994
2932	Supplier#000002932	gAIrgSCdvtJltNKuZKRGYeYLRf	14-722-108-2914	1495592.8423
7365	Supplier#000007365	51xhROLvQMJ05DndtZWt	13-268-624-3593	1493851.3278
2975	Supplier#000002975	5w03,6,CTJztE	14-822-991-8478	1483267.6199999999
5395	Supplier#000005395	fV2eFa98uevWqH9vqUjLqvnaUxjRuhGvY6Xfd8	20-555-563-7932	1483188.3353000002
218	Supplier#000000218	c7CBVglgEM0XU,8bOU76GjEr5L5EXu9Uxa7U	20-180-767-8426	1482416.6516
5488	Supplier#000005488	LILwiXVXop3gmBCNhft7bF2nfC7dWGBE8N8A	16-580-434-8535	1481578.6109
8286	Supplier#000008286	mUejcmmOHeh6Kwnj7lLlWSIT6vJPmohVnLhc 2n	11-957-208-2220	1480988.7106999997
4932	Supplier#000004932	qf2dSPyr70l,eivotluIDzklU	25-654-894-7509	1478729.3435000002
6517	Supplier#000006517	lmHUsvpoIND0cyGpuS,uyOc1mB	16-409-145-2586	1478213.4176000003
7833	Supplier#000007833	Rb2MOPTOPhZ0bB3 qCmt pI8ubPga1	26-196-264-6425	1472634.377
471	Supplier#000000471	Fc4 FkVkaA8zsUVr,bT3PcTko0n	22-925-324-7167	1471219.9825
4339	Supplier#000004339	1t0o3fQ1vlWu1q7SztW2W,KfdQRU5z	31-791-265-5920	1469515.2629999998
2314	Supplier#000002314	iU5DZSv3 i04wiV,cTxg0joJLG5AJzVxMdtHW	10-848-716-8078	1466025.1566
3420	Supplier#000003420	iQI07Fr54mpdyJAXUGpY9iZoPu	22-220-338-3832	1465809.2054
6497	Supplier#000006497	KwLq9nzwUhse jlv3ae506lN8KTo1poG	30-489-991-7455	1465478.7600999996
2471	Supplier#000002471	xz QZKHFiBBN6bLHTf Pnj	14-572-795-7115	1464798.9762000004
1979	Supplier#000001979	UNW7nA,IC 5igvVsgUHA7OaLL,jOzUcT	31-193-831-8780	1464638.8832
7985	Supplier#000007985	e1riCRgsQmaY7hHkxa05aiLaJeoId	26-323-149-9345	1463722.5462999996
4701	Supplier#000004701	6jX4u47URzIMHf	13-678-533-3515	1461869.1793000002
486	Supplier#000000486	nCwPqLXZwjH20OVRy,fCQskTo3it2JHEGn7l	30-632-817-3179	1457826.0974999997
3480	Supplier#000003480	yEZR6wFaZfG	23-672-198-6527	1454388.6661
5814	Supplier#000005814	wktYKjWKuPEvV	28-345-800-1624	1452836.841
1922	Supplier#000001922	82oW0v1k Dx0f6	26-179-916-4721	1451864.6187
1792	Supplier#000001792	YbJ7B5b4NQ6UTAJEKm,vkRSI	15-820-745-6527	1451458.3884999997
4859	Supplier#000004859	d y1BEsgsuRaezea2Zt3VjBdO7aQ7T7 M	16-543-714-6701	1451283.6569
5871	Supplier#000005871	cD8wU,pMUASUttBQy2o	12-485-679-2523	1450658.7958999998
6936	Supplier#000006936	XhPUrxphgHjY09AvhwqyUzchuy	18-366-578-7585	1448405.2651999998
5831	Supplier#000005831	MY rnEWm8bes4Z	21-884-281-3474	1448039.5219999996
6952	Supplier#000006952	juuw6Dp yVcc55cwQ,la8QRJmVKQ0Gj	27-896-763-5133	1447666.5522000003
977	Supplier#000000977	Kuud1x4l,UNEkRAQjCEsu	30-938-867-9723	1447185.9348999998
901	Supplier#000000901	dVN377SgJQURQd8,XtVF9	18-664-532-4405	1443960.3136000002
4460	Supplier#000004460	2AqMg2cKVwauYYw8hSpKQEM0M ZuK2ZuWK3T	32-777-383-6892	1443332.3599999996
7360	Supplier#000007360	a3MOdQcLllvnQ	32-565-430-4290	1442216.1129000005
4998	Supplier#000004998	Ijik8UoLj78Ek8lWrV X	14-298-930-6002	1441382.6279999996
2494	Supplier#000002494	8 j3qJvL6qjroE avAdKFooKo4IMH2oPHLXH0H9p	13-124-905-2996	1440805.1581000001
7470	Supplier#000007470	yHBwSk3Thj9qFmWF P	29-727-676-4971	1439862.7675999997
3390	Supplier#000003390	rc9 ogNpFWzWopXXsYxKNJUg,F7FDK250duA7Bf	29-687-741-1080	1437364.9711999998
1113	Supplier#000001113	,NCWfNrXfNY7x7U4mKbA8V7ZIByJel7eWveJF	25-564-930-6336	1434705.1034999995
5884	Supplier#000005884	ePTyjlInRJD20c8AwIu	11-137-953-9158	1434120.1774000002
1390	Supplier#000001390	C12jsyvOT9qCpq Y	30-135-678-9353	1432525.4875000003
6835	Supplier#000006835	ZjVTncEepyAhxkfHCdJlNUIVq6FtHM1Imwj23	33-653-506-8452	1432205.2654000001
3850	Supplier#000003850	,27mYEAukUi JHLAjUTMCX3hkL8uzcq88	16-354-949-7591	1429160.9299
6334	Supplier#000006334	y8DiyuolE9NZaJ5C1E5w0 yoEjapsGqpujIwkxj	18-842-574-1012	1428346.3431999998
6808	Supplier#000006808	HGd2Xo 9nEcHJhZvXjXxWKIpApT	13-436-397-1525	1426494.8797
2500	Supplier#000002500	3E6egPL3NCIN4Vawqt0pxUoH7ji Zp	28-937-418-6930	1426336.0847999998
6939	Supplier#000006939	C  hSTG9rCq	30-535-353-4920	1422771.7607000002
5979	Supplier#000005979	iIIPTg3efrljRNU5zdi	32-421-263-2851	1421023.9038
9873	Supplier#000009873	Wimi5d8,sllO,5K8I	29-173-736-8712	1419998.3815999997
8338	Supplier#000008338	xLHaCbSSKFPVRR1	18-663-384-6371	1419564.8628999994
2338	Supplier#000002338	Zr2hwHQYmqjAq95y	32-576-711-5780	1418063.1135
9455	Supplier#000009455	HsyjLk3pWq9IOKybngOTES	31-284-902-1568	1417482.9455
3237	Supplier#000003237	c7Bh3swAK12mAySTlXXq	12-714-462-8120	1415371.8907999997
9910	Supplier#000009910	yEcU23vFDVQ1,Hc4sSrUGdDW	27-655-920-1663	1413585.0277999998
9925	Supplier#000009925	1bFKWACLGwkA	14-172-754-5545	1413323.9072
7961	Supplier#000007961	1,lqo6bk3JyHFBDK jm2SLfJKQmAIptBaIhpCPVG	29-211-655-2854	1412441.8605999998
6418	Supplier#000006418	kfgHHiyyspAilMlCo	21-113-879-1794	1409739.0409
7415	Supplier#000007415	JJYykAlP0FsVdL	21-714-344-2604	1407993.1209
8407	Supplier#000008407	qZIW3kvrBSFDUXcT4y	26-165-112-7048	1406914.5108999999
302	Supplier#000000302	ow8Io1JHkPnIAGCQYCWC	28-734-845-8630	1406337.0731999998
7773	Supplier#000007773	t0RW0,VHzz3XPEPgt2dkVVd0H1EA7I	12-674-725-6080	1406076.9781999995
1978	Supplier#000001978	qnOvcc36FOHCHqO0VEWCD	15-541-919-6147	1404442.5361
9476	Supplier#000009476	EtdRuZQx9Jb8zm8fbOypg1aI1YgcyUCNQ22F	14-504-219-3202	1404189.6387000002
7423	Supplier#000007423	1t0vzPO0Lzsvz lJnh NbiEdjQFxk e8Ola	21-876-649-7878	1403634.5966999999
5425	Supplier#000005425	5ewiFdjebxHWjo	17-713-403-7695	1400569.3544999997
8329	Supplier#000008329	iQC4 odmTUM9ggXcrP1gB	10-705-883-4433	1400518.8584
6965	Supplier#000006965	VbyGXfyyucsCa,COTUXXQiN5uKmIq1ggGXc1M	28-297-592-5284	1398314.5525000005
9279	Supplier#000009279	dw IolA3dCDSXClsiNxJej7tF	28-919-517-5641	1398225.8713
3391	Supplier#000003391	IgxdCABDpfznCQkvclQ	14-118-579-8039	1398140.2068000003
5366	Supplier#000005366	xZ1YlzN4ielvPCH3se9	13-555-206-2621	1395261.3530999997
5394	Supplier#000005394	FxETfUU3xA7Jk8dC4lU4dxEcGgNdG69	10-962-292-9745	1395171.126
9711	Supplier#000009711	Mk52BBqf4I17eHP7YhI8Q756Gr4aG9Irbx	21-848-779-8834	1394704.5285999998
1512	Supplier#000001512	YXuyZTLmJh	33-670-389-3311	1393937.6071
2378	Supplier#000002378	15WlmRLudnfxG9lXex3xNGmcz5p0p1jHQQd	26-195-588-8079	1392812.153
5453	Supplier#000005453	Qt4FJJAPVEKAs8	29-817-942-7953	1390574.3677999997
888	Supplier#000000888	JA,f8nt64wdZ4XkiHCYHC0r2FJ	34-606-153-4636	1386983.8599999996
2146	Supplier#000002146	awlVhz3J JiQyVHxvjh2ukSleqHuNfXXtqh,gHKY	12-356-888-3821	1385307.6239000005
9478	Supplier#000009478	74FcBmlsV5X9ABR,kiCd25	33-723-212-4011	1384885.7462
2985	Supplier#000002985	XcGrON6iJDJ4Nki	15-653-433-7716	1384712.864
6966	Supplier#000006966	Eqy rgV0ao1J,P	14-601-835-4463	1381543.8473
2253	Supplier#000002253	ndzDYSa7RzMSOk	21-414-387-2720	1380855.5721999998
720	Supplier#000000720	82 sGqlCVpJgAKKoW6yTkci95tvt	27-183-709-8965	1378518.2715
2387	Supplier#000002387	ZfC27DFeh,AEpy5CWOY	18-600-116-1124	1378244.5332999998
5405	Supplier#000005405	bELF8cmaclvh7MHsX,Hlj6ncsPqO5NaM52iO	34-803-485-7225	1377348.6768999996
9414	Supplier#000009414	U6A0 1BMgkAONf1PT4CqHfwPbuYO,89	10-425-901-8610	1376853.7368000003
9483	Supplier#000009483	x3PUGAy4lrknjrVMUeVnktwvYLBK4tjXAM	20-331-258-3889	1374998.9006999999
195	Supplier#000000195	xWy21YlUy3R6L01	12-395-261-9720	1372796.0737999997
2293	Supplier#000002293	1sm7JDyklc59d5Ogy8ZryanOpnod8,XVQ	17-317-510-6895	1372485.3117
8461	Supplier#000008461	PeQ3wub7gh3Qmda	26-286-487-8621	1370812.1834999998
6861	Supplier#000006861	bZz6ZxOpgInQ DJ6	13-188-614-8063	1370490.8142999997
9331	Supplier#000009331	lyv5hzoJsUU1LoBcG,HINRA53w7joMx6m4	24-808-822-6597	1370433.7214999998
3465	Supplier#000003465	Mjb4oXmNQLa4zWXOnoQUs5hjMCqDGV Ex2oFnBi,	12-417-441-1370	1368360.4748000002
3392	Supplier#000003392	pvXJ 0zkf LoLsO	28-832-668-8681	1367426.566
9403	Supplier#000009403	70841REghyWBrHyyg762Jh4sjCG7CKaIc	31-294-312-1056	1367338.5199
8860	Supplier#000008860	nEc66WsYy52iPSvk9F2WJlM9SA	29-370-286-3141	1366467.9408000004
7413	Supplier#000007413	JAm6CYvamQ1Oavf6Dpc2 YGt6B,K3uye LFRjx	23-970-853-1710	1366334.5206
7502	Supplier#000007502	,rSo5R1i654jwDP8DIUT1W1YW1TJ3onUPaXa,2	28-622-664-8208	1365479.2014999997
512	Supplier#000000512	MoNOuMC4QMOnBgD5uLcvtHCcfzf9cW	25-617-226-9364	1364519.6431000002
5393	Supplier#000005393	YlFLryTC,7xNF2l,vRNKRP66jNPtFDB6fZC	25-830-731-1125	1363458.6900000002
6937	Supplier#000006937	LT7ikhD4lzfaCNN3eL99k5SlwX2hPc M	26-683-895-2989	1363360.7630000003
2432	Supplier#000002432	P89UhOIAeQHiriakK4YH8	25-789-798-8733	1363026.5267
6347	Supplier#000006347	wwR5j4kdIAwLe33uBwo	23-340-942-3641	1361180.7311
4496	Supplier#000004496	4iG310kgrHRzOoExb9cMKDJZGhy8	14-288-499-9138	1360994.5639
6950	Supplier#000006950	ZSVSSPBY5Z	23-569-624-6273	1359957.1556999998
6389	Supplier#000006389	hLJ01QW0RBHCuKNDT7iiiKz	10-535-625-9644	1359126.5419000003
9742	Supplier#000009742	xs01ehPXrFQHZ,hDLFFT2653dHeMJzQa72fy	17-550-690-6902	1358955.0047
6425	Supplier#000006425	M40,4vzvHXPnti8pBmvCYXVC	34-173-377-3598	1357777.5882
3788	Supplier#000003788	AO67puBfcpnY	26-474-988-3311	1357224.5695
5313	Supplier#000005313	bTIwc5CTKzNkrWOIYI4WlFB2kkjNRSclGjk	25-478-251-1194	1356782.7994999997
1988	Supplier#000001988	z6jUTt,p7fpP VxegSqti21 UMSYbxFAZ dRdfL	18-200-839-7278	1356022.7663000003
7941	Supplier#000007941	Tf7nhtroLcf	34-564-866-9116	1355481.6394000002
229	Supplier#000000229	ycjgLrk,w8DcakfwTS1SO5kVch	24-392-655-8913	1354635.7546
2356	Supplier#000002356	x XVmR1oTh,E8JGOQ8zwgw BGVvgXtuNEgW q4e	29-275-759-6372	1353678.3897999998
9500	Supplier#000009500	vgmapeI1rH4c7tIp8LaTbd	14-577-604-5292	1353201.5586000003
462	Supplier#000000462	Bg,C2gIsljPAG	15-387-146-3147	1352611.4179999996
7499	Supplier#000007499	6 5mk6a8fPyliCLSLh0trLNTOk	29-440-620-5955	1351007.3059999999
6443	Supplier#000006443	0UvLTRsK68fRYmylwHb	29-761-310-8290	1350905.9091000003
8886	Supplier#000008886	554vqNjeDjskG5D1k3OFPzV	19-409-597-5727	1350474.4786
6736	Supplier#000006736	kJsa2l74Y5J u3C QUh21,sGG	29-504-137-3715	1350079.2691999995
9475	Supplier#000009475	VXu9a M8v0EydULIq1j0sp7p3r8AATYn4	26-234-208-8814	1349349.5082999999
1438	Supplier#000001438	qjNivLd5oZDMr1BN62A2uR0cbDgsO,,Sh2	22-243-449-9368	1348194.9520000003
1836	Supplier#000001836	kWStfDtS9Jub24xxLeoFtVzb1Ok9434wN	10-440-314-6740	1347264.9965
4542	Supplier#000004542	NJSbLJDroYG2y1r3rDiKg	13-724-992-7449	1345957.2149999999
9718	Supplier#000009718	TJcCKxiE0v8hVqydfBW8EFuRqNDeKoD	13-817-490-5383	1344816.9736999997
2237	Supplier#000002237	N7GSBC 5tBn9gywu	24-968-977-2270	1344356.6504000002
9946	Supplier#000009946	NRzShyy3ElxPtwgG 8SYQjmHpqMImdYV7e8	14-514-133-1173	1344350.1322
7005	Supplier#000007005	fwpTcZmsMJ9dheVlCf	19-728-987-1492	1344347.3464000002
5381	Supplier#000005381	EnxVlmR3hWpZM	24-780-658-4283	1343922.58
4425	Supplier#000004425	J8gT8YRvlHyxl	33-930-436-9492	1343578.9355
7405	Supplier#000007405	dTwfunl43XW25C94xZtQRbs	21-638-228-1861	1343172.3481000003
3471	Supplier#000003471	NTBnbcz5A 4Hqk7aqCH2lV3xiv39aD,gMf,	17-448-210-2434	1342431.8233999999
885	Supplier#000000885	aJUXiGC6qSAWr0Dl0VBahtF	17-578-639-8695	1342299.6904000004
9969	Supplier#000009969	aGlh8upPi1lh8ZPbbZICU	22-391-956-5759	1341413.7252999998
933	Supplier#000000933	TrYn5zjv6nrT47EwbXi1S,IU	17-446-406-8093	1341329.0323
6901	Supplier#000006901	Q0FjypxZYnPmKIkAlcKS	10-948-853-2796	1341190.9623999998
2968	Supplier#000002968	Ck1lYj8berQBHcC	29-280-937-5732	1341175.2154
6405	Supplier#000006405	CTY5LQAqZJou3U8 ,r,ZT4hg5CllPNrmrfdl	11-943-664-7522	1341044.5105
8785	Supplier#000008785	bIMzqBjaiEgJsgwDF	16-451-960-6232	1340697.3282999997
6489	Supplier#000006489	1O90ndPLcE	31-210-687-7613	1339069.6327
4916	Supplier#000004916	JIWnmlNv2CBQo	25-478-250-8523	1337968.3607
1992	Supplier#000001992	MRwtJAmbv8FskuOV,LbvJhrLaOp8bO	24-551-800-6193	1336960.0339999998
9669	Supplier#000009669	FR7KpOYuSAbzO	34-624-833-3429	1336672.8536
431	Supplier#000000431	WoeV,NINojE6hJjauAdrl5fGcdxX5JUPLnrim	13-269-548-1399	1336544.5435
5490	Supplier#000005490	gQow2jW3p7935m6dVU7gI9yTbwtwgGYjyXW Hzm	23-258-764-5430	1336043.8394000002
932	Supplier#000000932	2Ke5SDwuwZ1y7H2QROIfgQ1d7	20-315-146-6687	1334665.4686
1135	Supplier#000001135	3bXoqoLQxbG,JGz7Wh2NDeULP2gI4kOv97wF8	21-809-107-4714	1334022.0626999994
4001	Supplier#000004001	3M39sZY1XeQXPDRO	23-109-632-6806	1333804.05
1405	Supplier#000001405	te5joWcj1Wsc pi	14-348-753-2527	1331100.7331999997
6988	Supplier#000006988	bSQuWswGiw1oiv9NZuiSjCR5nFq892Hce1	14-474-999-8694	1330700.5687
3694	Supplier#000003694	3FSGtsO1AGTgDX	16-731-341-9923	1328556.8858999999
9460	Supplier#000009460	j4O6xdqHc029jy5iPBgNv3E	13-256-210-9297	1328425.6509999998
6147	Supplier#000006147	ZBR7JPWLlgCKCA3QJ5DcVRaU	21-761-179-7642	1328193.7151999995
1958	Supplier#000001958	bJAZFisYzqSFaspq2XQOVwrEpGgtTe9 1ccU9RJ	13-270-328-6193	1328135.2889
6350	Supplier#000006350	XL9SXQigASK7Zpo7Ot8cS8n93GBlrf 2t	32-648-317-9783	1328122.4867
1456	Supplier#000001456	EZw3KWqv94b1lqocrz5F4XQpoVE	30-154-456-1570	1328105.4449
450	Supplier#000000450	t3hxOMnv5AFdpM4	33-257-936-2585	1326880.4168000002
2981	Supplier#000002981	5HRuYAcKGMcGfSkx0jQS46Fi	29-591-615-9173	1326679.0055999998
2869	Supplier#000002869	JKSU80DiulM05	30-207-987-3948	1325258.89
7483	Supplier#000007483	NYifFQDtYm7ybNBfACN	27-924-602-4011	1325084.7615999999
8498	Supplier#000008498	W 1pxS,3INXAPPn9tlvLG6nWPcHmLgpyH	32-560-835-6989	1324357.1249999998
5812	Supplier#000005812	4KOYQzG9tVYDapYQA8UreS4,T9K0mX,srrTSk	23-116-403-1145	1323278.6968999999
6507	Supplier#000006507	JsvEUIzH1,8UhsmD	32-367-593-1161	1321709.4426999998
4347	Supplier#000004347	lTRDVw40 ,kGre7qp76vmSv0,5	21-432-262-9254	1321009.7074
2917	Supplier#000002917	OLvrZSt7NBNyM6O1u XS686d3XyQ3 XY	30-746-268-6000	1320888.4653
9929	Supplier#000009929	iKDmtUon zqB8VybVsDgeVH,JF	10-140-262-3951	1320514.3845000002
788	Supplier#000000788	jL QLbG475Uszs4 2RxBp4oR	30-377-394-1108	1318604.1139
7231	Supplier#000007231	9eLXfCSdrrsk3n8CfDDth4qwomWktBImEyvR08q	33-994-796-9709	1318384.1669
7904	Supplier#000007904	CROVP3A970tLr lDT	19-199-240-4636	1316829.6992
5875	Supplier#000005875	lK,sYiGzB94hSyHy9xvSZFbVQNCZe2LXZuGbS	13-189-850-2992	1316518.046
971	Supplier#000000971	23XaUVLYuC3tQIPHCuLLgM5UawL	13-380-957-8529	1316484.3780000003
4837	Supplier#000004837	tYHMZS4XlJjzvj34mH2PCoj	31-506-485-5637	1316116.6946999999
8800	Supplier#000008800	mS5Z2UM4R,rK9xh6X25pPWM6Xq9gzo	24-713-468-6101	1315927.1024999998
4851	Supplier#000004851	Rj,x6IgLT7kBL99nqp	13-913-167-7389	1314569.4323
4397	Supplier#000004397	Bn4snYDe,bbYwt9xwsUAh1sIg3OcpcFGI	23-383-919-8740	1313955.5135000001
338	Supplier#000000338	2b6Gj,rSxqeIiAOMquj6c03p GmAzIog BrF05	26-565-914-7207	1313653.232
5892	Supplier#000005892	Xm60l3bJ5dpolwpYVPeVmtAGb5hWUy4UZVp1T	14-685-978-4271	1311901.8184999998
1509	Supplier#000001509	3tq,gpu0XXFIFwNDhULw0s0h	11-279-103-1417	1311057.7022
4994	Supplier#000004994	K4LTyWmFoA3BBrKRWgPUWhhbcENSBzsK	30-729-121-6122	1310056.9223000004
3398	Supplier#000003398	kLslmv lN5GwxZJCebi23v	20-712-803-6493	1309752.7356999998
6961	Supplier#000006961	ctlQlwwwlE15RbfayrBKteB	13-850-330-1316	1309725.5453
477	Supplier#000000477	VtaNKN5Mqui5yh7j2ldd5waf	17-180-144-7991	1307754.0403
7900	Supplier#000007900	B7 7NHK5uwQ7GRYBCiRwgHqjhYYo62cvO6so	22-196-744-1968	1306789.9233
5791	Supplier#000005791	zub2zCV,jhHPPQqi,P2INAjE1zI n66cOEoXFG	29-549-251-5384	1306258.3704000001
2158	Supplier#000002158	VxglnCKPCfx71cz0Lr	34-830-332-8763	1306087.2471000003
5400	Supplier#000005400	EFGyKWf8UXi5bAZMOl1klG96HZJgn3	33-455-823-8128	1305345.1435
5837	Supplier#000005837	rllOlAbECrWmuK7fEhd4u	33-255-799-2064	1305301.1717
3468	Supplier#000003468	uauXeECdlFyj GDUl4b9YScxUAzSWY12uVP Vw B	16-219-806-1236	1303955.81
336	Supplier#000000336	orYe2VXtABdK sUvMCOZ9ZMhBJTPp7W3pffWmjZi	11-866-373-2323	1303154.6299
6638	Supplier#000006638	DwONGWZWPFxc8PO7	10-918-771-1784	1303008.4296
8420	Supplier#000008420	bNMSwRBINnrsNB6I049	27-599-541-3605	1302894.7933999998
8337	Supplier#000008337	2nQZobZMJsnNX41DM8SVyMtxAqxUhSFt	25-620-941-5707	1301729.3058999998
479	Supplier#000000479	tdLkV2Ks0wBP1VlwdnPUxZnWADmxlbmRVE0a6h	28-851-500-5156	1299753.3738999998
9295	Supplier#000009295	pzm3xLVBnSgZbIoR75z2yPamaFuCO3O	20-600-737-5494	1299557.8124
2461	Supplier#000002461	3AxwmIx6iSzuXKNRqSNcSMDS13zWQU	15-442-573-5761	1299308.6065000002
6000	Supplier#000006000	iyk7ceSNxmt	31-542-384-1537	1298868.0122999996
2949	Supplier#000002949	QIodj7qClw1wRvcFUdx04,r9j8	30-223-342-7753	1298651.2006000006
8971	Supplier#000008971	xN5JICikNyR3yJbnGrNDqQm2kmxvV	27-156-524-2156	1298612.5665
9000	Supplier#000009000	b0YEeuzRiGPLrPzAFHBuKiur4sV7Laxu,Iz6NAT	12-908-707-8215	1298252.0916
1961	Supplier#000001961	i5FV1jSc1jj2cpwKaJC	27-330-708-2722	1297501.6375999996
2405	Supplier#000002405	i0gXQmyUex,XBCf9xn	31-791-713-4691	1297216.3231000002
7664	Supplier#000007664	vxDpY eMwmQVAvSzvUu9vL9	24-817-684-7844	1297008.8023
6812	Supplier#000006812	,sghf7YCSXRNwtOcE7fb4yfwKBBU	16-737-258-6577	1296171.8484
2836	Supplier#000002836	L1V j89w21qfT6Tnxjrmr6qzsKj	28-519-616-9647	1295793.282
6468	Supplier#000006468	eskj2YxXsvqnSrFjYwDWD,0CcYS2RpByLH,gA	32-785-783-3793	1294268.8898999998
496	Supplier#000000496	be4auZxyqAgF5ysH3nXWcc7bDsNgdZ	30-810-880-3654	1293795.7593
2481	Supplier#000002481	nLKHUOn2Ml9TOA06Znq9GEMcIlMO2	13-343-133-8820	1292972.1161999998
5882	Supplier#000005882	tyhkI34H9CzUnixln82wW6zy	27-234-815-5699	1292845.1538
9832	Supplier#000009832	pMhEmp70VMlpkPRF35oA,j2omIH	31-247-775-2786	1292448.0463000005
6448	Supplier#000006448	cGjwmT3KeZwzyDfi5navjO	26-320-296-3817	1292360.3206000002
1516	Supplier#000001516	C1SzpVp67oxXWyL7reHB3kJ	18-431-532-9957	1291494.813
5448	Supplier#000005448	H6zDBulJqyBX6	23-795-250-6901	1291420.0157999997
9312	Supplier#000009312	xYgXzgD7aCvbopimsJs62shDxWinWmpHBy,0lh	11-780-379-3162	1291186.9303000001
7444	Supplier#000007444	zaCZ4XLZump7 Pxl	32-970-132-1321	1290252.3583999998
5234	Supplier#000005234	XzbBu2t9BXgMBX5mBbEJPS1A0hOzeXD	26-203-525-1919	1289286.4565000003
9274	Supplier#000009274	Zjra556naQxMVROVPu4riskWQ0zcQHHIVM543L	33-559-738-4113	1288299.8014999998
9843	Supplier#000009843	EeRt5VTXbxQ41z9BapKaBgEU	23-923-281-4515	1288010.1598
5321	Supplier#000005321	uPBUzETr1ILHP1k3niRF	18-380-243-7261	1287930.5247
7994	Supplier#000007994	wi95xMemaeC,Yj,npbYkJeKWd1D	20-779-329-7750	1287340.7467999998
7863	Supplier#000007863	2gfNOSwT2e2AW6nlsT7tg7mS0fU7g	21-550-486-6331	1287052.6166
2412	Supplier#000002412	V1fWqiqXCUUvpEDQ15Cf2yxpv2QHPCDJpD0o8x	16-352-776-3522	1286692.5885
9931	Supplier#000009931	peQYiRFk G0xZKfJ	14-989-166-5782	1286638.7429
839	Supplier#000000839	1fSx9Sv6LraqnVP3u	16-845-687-7291	1286033.0465999998
2428	Supplier#000002428	HFrLq7UzM 7yC8je0I5XxkkIY	23-179-824-5941	1285205.1171000004
1825	Supplier#000001825	0Vn07MtX5Op	21-281-883-5238	1285199.9760999999
5863	Supplier#000005863	qTTgI7ay9JmcaE9UQIOniUxbe	24-169-439-5401	1284739.5948
1733	Supplier#000001733	khvlGwIT6onpM	29-242-518-2857	1284540.8746000002
9884	Supplier#000009884	wMaTkKJ9lFU8dJoSsmXdx	31-831-603-2305	1284480.0363999999
9472	Supplier#000009472	ldLdl2JVJeRBaZ	25-302-813-4531	1284143.8628
2986	Supplier#000002986	ANRiao qNt9h3vyEi	20-957-807-3635	1284089.8036
8982	Supplier#000008982	mDfqeo0DZdIPRWTD38VJkq	16-686-961-5499	1284024.2059999998
7385	Supplier#000007385	bZYyLInf0Kg4n4DFks5hm1OgHWfA6K,DQvEfat,	29-529-645-7684	1283654.4377
4287	Supplier#000004287	jxPJkPGiyju9JoiI7SZpsH	10-332-615-1441	1282545.141
1418	Supplier#000001418	FVmNlHh2wrXJMQUDZqnp8GNIlQCnmHHzplBS,CF	10-133-287-9555	1281277.7863
5388	Supplier#000005388	RBpponq jRQR3,cEKMd4lYj2ZNhe7hZYrR,v J	33-299-403-5591	1281104.2521
7803	Supplier#000007803	ud5MQ,DhfHSfxxvBJ8yr3K0yx1W,JF,nyksdo	15-744-596-1467	1280484.6726999998
9486	Supplier#000009486	1JELMqGNrvKNxpWV7gUHRA9U	27-455-715-4230	1280197.2640000002
5985	Supplier#000005985	u7SE Tr79IsDD,PvVi	21-370-773-6403	1280064.4576
1648	Supplier#000001648	u8gBXkSvmx1zO9rJcI,GH	21-957-133-1311	1279784.9016999996
8965	Supplier#000008965	zNFbwL0YhoMGeIiXO5Gztn939Xf	21-653-619-1628	1279690.2877999996
9899	Supplier#000009899	7XdpAHrzr1t,UQFZE	13-200-446-4635	1279467.8975
9430	Supplier#000009430	igRqmneFt	13-491-379-4658	1279194.6378
4947	Supplier#000004947	dd0B6ar90BtBSFLfFiK	32-630-720-3585	1278981.2282999998
7922	Supplier#000007922	VWdpSpCHq,KhqVWh5CaDa,ktVKflNGTikEJe	13-126-582-5449	1278843.9441
3079	Supplier#000003079	mxx x,pVuZ,DWWCJ35GGlWiY	29-267-241-5865	1278720.835
9653	Supplier#000009653	iZSb1O 0olEQYZjo4exXvOuQS91yHYMtpp	24-145-810-1602	1278229.5682
1452	Supplier#000001452	1yAiNvo7ZJYhJ4V1	30-704-615-5588	1278024.8546
4726	Supplier#000004726	m8N5E7nFKIx6ot,I,k W2Ry51a6p1nJksAJko4M	24-806-459-3252	1277870.3104
4462	Supplier#000004462	YKHdEsd ycc71j96L49x3QJZlDgGWcCfptb,ugg	29-566-781-4546	1277769.0425999998
460	Supplier#000000460	lGEBJPLJaDwOhZpc7DQMY,PTUEv6BVBUsOGK0oF	30-851-458-4942	1277301.5973000003
1463	Supplier#000001463	yD5,1wUkwuvV4gWRloVVudgeUpO03et0	15-484-394-3837	1276808.7545
9489	Supplier#000009489	B1cFg21QWRDxxvpo	21-229-305-3169	1276680.8422000003
7956	Supplier#000007956	vmAYh95Lr3f2kKHl6kRX2G7	16-947-231-8954	1275805.6224
6743	Supplier#000006743	U5yY1aUP36fVbSmsxBoRmHmH	14-915-345-8665	1275667.3428999996
9181	Supplier#000009181	EhR UPoiEWtO	17-134-209-7773	1275421.1090999998
8953	Supplier#000008953	KBTuuAT0z0oV7YFa6LDp6	32-992-603-2445	1275192.4903
8450	Supplier#000008450	2EySLcI4F9ySNU7lbhtqNFP9XiAcBS	34-523-714-2279	1275119.4322
9970	Supplier#000009970	jAKeu0oDMMx7Pxwz	17-209-430-7778	1274915.2563999998
7700	Supplier#000007700	d4JPROrfIeY8bL	16-435-671-9407	1274744.6204000001
2262	Supplier#000002262	8e6XEkB 5A,m8eqAE8QPEsuNIlFLpyNLTUq4bfE	19-636-113-4365	1274530.7055
7406	Supplier#000007406	eugL0NHIQ0UX8PpqeI	18-581-490-7546	1273406.2759999998
6975	Supplier#000006975	GSjo3R0,9AyFO2xe7AdDsU7d6cJTkwm	16-926-547-9831	1272757.8097
3991	Supplier#000003991	aAhi4BFN6rbiczk	19-724-962-3506	1272383.1914000001
8168	Supplier#000008168	aOa82a8ZbKCnfDLX	13-305-682-9014	1271996.6361000002
8922	Supplier#000008922	VRN0sxKKGkgFA6HDzSbRg9HF	24-251-988-7722	1271579.3390000002
5739	Supplier#000005739	mqvJAdeXVjwtPsreLGkI	11-660-918-5876	1271339.5938000001
9330	Supplier#000009330	VwgNP25KeVp4iIO	10-527-259-3339	1270328.417
8919	Supplier#000008919	iWIBnOtCBTC	33-104-509-4730	1270316.0934
494	Supplier#000000494	6hAiQHDGTy6,8bjpxI i3f	23-200-629-1426	1270296.9357
1986	Supplier#000001986	D2d8InHEo5MjZHcD,Ru	19-165-166-7955	1268403.7104000002
4873	Supplier#000004873	kEBG2p5EM8XR4	30-357-280-8418	1267677.8334000004
5384	Supplier#000005384	8UfrO5ayFT0o4LEnVUceS7bX	24-606-992-7118	1267536.0541999997
7075	Supplier#000007075	52hMohrQKM	21-580-554-9032	1267262.8173000002
1475	Supplier#000001475	FuslzvEOEkZNhVJrhtnarr88mzUnt	27-989-740-2417	1267115.6783999996
7349	Supplier#000007349	Hmd0c9i,NamcO8k88GWi7dvVPyiGo	11-615-661-3009	1266879.8556999997
3379	Supplier#000003379	lITn8oL3ITnsiQ0rq	34-439-933-5745	1266633.3211
8962	Supplier#000008962	YRmr64nSfVmc7jsSoS5v0gwkYxF9x	27-455-200-1575	1266340.8027
900	Supplier#000000900	,6RXmcRyA48c0yvZ2I	15-926-534-2005	1266077.0833
2966	Supplier#000002966	7YrfyeXbR385MUaYaS78fzpE8A6NPK	12-499-529-1414	1265903.3951
3507	Supplier#000003507	AwBZJDMPNUFNj1iZhoPlXmjkJj2HCll	16-101-546-3862	1265854.7367000002
2951	Supplier#000002951	z79jAgZp,5L DYdjf7FP1H,ivePXiQiKNw3	20-478-840-2588	1265651.9316000002
9897	Supplier#000009897	vv,stJWxADIU6NnC2oNC6uk7u9PEgkLd	20-811-736-1498	1265412.9617
7394	Supplier#000007394	DjRSei5omHFhieDPWpx,JjFxt0btINKh	20-601-570-3864	1265411.5498000002
4499	Supplier#000004499	TGQ0 J5kioguBpMOth6V,KCk5IdBiFUSnMUF9k	14-993-212-9387	1265351.1582999998
2825	Supplier#000002825	mzbJR5gHrpDZJ1SG YnDs BFH6aDRC8X	34-988-146-3830	1264745.2439
5877	Supplier#000005877	EyqOHClZZMJkq grnOX9 4alZx6P7B2fq	23-419-288-6451	1264595.2434000003
2737	Supplier#000002737	jCTp6rTlySOAhwrVApGT2gKddKhnOiCIJAJ3Ua	17-317-725-6046	1264394.1111999997
1962	Supplier#000001962	UZAdG60BMZRxwNh7dmXB N9GMgGVnW	32-575-740-2950	1264381.4196999997
4468	Supplier#000004468	QxE2rvpMCkB,nto33X7a0n0FFV	20-536-285-9136	1264352.5492999998
4446	Supplier#000004446	byuSIxhvO3kNHp62He07,89hdkLkSgvOpGLu	12-577-715-7323	1264225.9571
8740	Supplier#000008740	k9bBsgnSTHz3Vi	23-614-341-7438	1264190.1222000003
354	Supplier#000000354	w8fOo5W,aS	13-796-527-4255	1264161.5200999998
9479	Supplier#000009479	tNBWHgO87pZu9oxZHyycVwb73syHwis64g8HLP N	29-321-285-3408	1264032.5051999998
5358	Supplier#000005358	FKVTzD1RaT1syMCClDa2VQ0CQ2	33-347-892-8901	1263980.1757
9311	Supplier#000009311	UinYNHovLgBB82J0tcxN3chdG	17-142-643-3942	1263910.2513000004
276	Supplier#000000276	KdVDs6EGfWVsPdjuCh9iep	16-752-344-8255	1263681.4922000004
8803	Supplier#000008803	pECh1zz 2V7LNdU3IQal	28-484-998-4572	1262949.2148000004
9385	Supplier#000009385	UW lTJyEmFlJpSxGbi4sv,Q2EORMLEutHP8	20-188-719-2360	1262912.0194
440	Supplier#000000440	s4UNoE4WDs9vXLZFJjsCVxZ0W8XU YCgqGBxVX	25-475-341-4841	1262290.1783000003
2398	Supplier#000002398	QYinUHrFQkhCbqo9gO	29-410-565-8198	1262265.236
8923	Supplier#000008923	B4ulQi18cpme7e,PM7bjKNDCd,Ev	29-771-622-8950	1261281.9781999998
917	Supplier#000000917	tMr5motk0IFyIXJDwCr98Q  O5	32-754-782-6474	1261264.2496
1497	Supplier#000001497	mB9z,cnNICcr 4EiYuUJArHLUL4ZzySsg2kll9	28-563-741-5493	1261184.0398
1155	Supplier#000001155	rI94W20Qh,s8pQyfQQqO2pHJd6Qvbx8THji9v5J	14-780-531-5179	1261174.1143999998
1328	Supplier#000001328	GMmS3QncZY9r5znw5pAZjgMudX5IobDzLE4Dz	18-226-676-9265	1261089.4381000001
8423	Supplier#000008423	RQhKnkAhR0DAr3Ix4Q1weMMn00hNe Kq	13-889-168-9050	1261068.9593
1973	Supplier#000001973	BVI,FMyON2jPHYGbYm4oN1pDw8Mx4fc4D,	10-918-775-4739	1259877.1367000001
2895	Supplier#000002895	1KLa2tI64oL89Zt9HlhFC,SmKlQuawcp	19-160-315-1977	1258957.5419000005
2942	Supplier#000002942	LbLB8jQpSTY1Wwt8LVILeyMvFrug9ZmYy5	23-973-651-8097	1258901.1783
2410	Supplier#000002410	G6aFGbpr3c9	30-605-986-8185	1258757.1798
3411	Supplier#000003411	ZMgZGp KDGuSXzo5j7595iv,t,l1L	15-333-410-6946	1258729.7028000003
433	Supplier#000000433	At103qyX,VicINJGCOU51mQyfdYBB44Cg0S	24-141-780-8375	1257843.3778
7732	Supplier#000007732	QsUb05sYrP2amzq63xfTs9MKNTX ju0hIcC8 a	29-294-874-5655	1257383.1191
5480	Supplier#000005480	p5nxeK27Qq5QrcMGlfwTQ,3sqfFIt,38J1kDM1Tf	34-491-455-9061	1257315.4175999998
2854	Supplier#000002854	mSmLzuTu4LjFX9EJP6pOTZWe6kFTEX2wIu	10-208-594-1218	1257292.3949999998
6410	Supplier#000006410	817Tla2QV1	32-242-382-9137	1256204.2702999997
8418	Supplier#000008418	OREmdbzO9TCdp0nGD3tDB	18-740-790-4790	1255753.8493
8955	Supplier#000008955	4lmGGLzPP4Sommbd m	18-290-400-5130	1254919.3291000002
3437	Supplier#000003437	JfgZDO9fsP4ljfzsi,s7431Ld3A7zXtHfrF74	20-547-871-1712	1254759.9305999998
9431	Supplier#000009431	mW0Rm,UuI2me9fRpvl,2Mt	11-731-702-3171	1254115.4911999998
7841	Supplier#000007841	ztTSmFVjcII1	16-276-111-8473	1254025.0914
2808	Supplier#000002808	Xb39Au2OzG3CaL5ldiNGlsEbyDhd	11-279-836-2483	1254011.3916
9375	Supplier#000009375	UcHq,f8GdVif,TsEP2C	26-106-910-1841	1253418.2911
4913	Supplier#000004913	em,yC41xEl Fst9LwEik	31-327-123-9150	1252371.974
9502	Supplier#000009502	eGKoX8yZf6qHMJdqQ0XRhH8,9gNs3z4	10-542-966-6164	1252327.4379
6702	Supplier#000006702	9AhU1MrHSCnKJQio l5sEd0zYF1	24-413-421-7609	1251829.6746999999
6430	Supplier#000006430	F2RrkeaNcs6po8x2PyYvcPa1rtKd,fT2AMxP	31-286-383-9133	1251604.0683
8021	Supplier#000008021	D89xZmYSAMzW	11-923-670-6983	1251490.0695999998
2867	Supplier#000002867	SHa2rHj98mCJd4Q2F8MAqYkoaR88	27-100-247-1087	1251463.7800999996
7824	Supplier#000007824	oAJ01q0n9BwODTzQuGzJe9FKrSIn 0518gf3 hEj	11-359-394-9378	1251406.8154
5925	Supplier#000005925	hGNSrgOZsokq1LycZz2MlvtPn4JaHhsY4OA1bvr	18-178-921-8905	1251248.9682
2998	Supplier#000002998	D,VPM01oL0gAHNvGaEpVJmM9 Vg402aLMvv7cq2	27-657-379-1540	1250696.8020999997
1506	Supplier#000001506	0mjuNYVOEOzcX1EV80CX6IwlB	29-282-871-8851	1250077.3607
8737	Supplier#000008737	MsdGxF9Xoq9 8s	31-595-224-7696	1249475.5221
8979	Supplier#000008979	kuRpGXGhLhHVCPsELzu,WtV0NZg5VdJ	11-447-925-1778	1249364.6227000004
8866	Supplier#000008866	XTeSFVA7CeJUKV2JxsUhtopN4dJyCekK	12-573-263-6187	1248940.5903000005
1482	Supplier#000001482	xucSHz1vIirMdJBjNFyNGXWhJzoSlDOue36cH	33-579-158-3822	1248897.0581
1795	Supplier#000001795	wmxB8RWp0XJpNqekpZEsHaD	19-853-380-2417	1248635.9536
5938	Supplier#000005938	ZRguRXXgt5uTLe8 oU6tnew7ZSNov NdhDJyuS	32-843-909-3457	1247754.1383
5353	Supplier#000005353	USvfE3GdW iEy3VNE6,SKQ3HsUYg RpLHzI6cl	14-238-652-1315	1247631.7676
444	Supplier#000000444	mHr2VcUpRkvyQ9rjKMaPkeWbVZmEIhxhb8F	31-256-493-5644	1247233.7192
3402	Supplier#000003402	t4ZC5Wz1t3srX4WG87pfcINwblWPzgu	10-340-627-3391	1246290.1600000001
2857	Supplier#000002857	7 Hhv9CYdw,CJJNT	31-185-371-1494	1245992.1975999998
9846	Supplier#000009846	57sNwJJ3PtBDu,hMPP5QvpcOcSNRXn3PypJJrh	13-388-969-1922	1245903.0973
1991	Supplier#000001991	,PYHN7M wZeysns8	11-471-846-5069	1245007.2186999999
2979	Supplier#000002979	l YrwL2c5fBzytrU1	15-910-777-6663	1244226.1266
1689	Supplier#000001689	eLZWHr5DsW8	10-837-991-9041	1243161.1108
7681	Supplier#000007681	akGJAVkSL4xefhXaMFQitshNbgl33,wn,	14-516-840-8296	1242593.3094000001
4475	Supplier#000004475	fCyPeYGEI7pEhuAPIbHMml	29-223-770-7780	1242232.5684999998
6111	Supplier#000006111	SK7FPYUBox40Vg5Xx Kq97by25bXjsQ40vT	24-937-416-3863	1242115.7739
8666	Supplier#000008666	D5NfQ1NwF3QDH6h6mkPQuEOa	22-993-304-7456	1241970.8151
3418	Supplier#000003418	hETn1TJqsCL1bLnHhSv	32-673-656-6931	1241516.1853
5906	Supplier#000005906	wDWm96T46A	30-933-581-1687	1241357.1323
7297	Supplier#000007297	XqpA5r7IRvdZP1nTOUYw	17-551-230-4726	1241333.2355
2898	Supplier#000002898	PibSzZrTRJkgRueCePU6lG 2Ue6	23-848-103-6610	1241091.5297
8045	Supplier#000008045	xlJ6zQhjNVCFJ KM2Qqm XCvvYbe	21-700-845-5940	1240074.7466999998
6258	Supplier#000006258	qoPD9k OjZKX	16-323-688-3016	1239941.3423
3949	Supplier#000003949	vmuyF Svg3liRwxY	30-602-767-2188	1239656.0122000002
6294	Supplier#000006294	CgjVPJnHnVcy65 K0URSEyIQKy	23-991-829-2676	1238506.4577
2465	Supplier#000002465	bQqOEbJ0bZF	25-984-843-3694	1238474.8948
7927	Supplier#000007927	ndt8aw tJNiPrn7vGV9r0bJg9IX8d	27-937-416-1053	1238467.5485999999
1435	Supplier#000001435	4dQ34bnQ8aVnkQlyBeU	30-445-855-7067	1237514.6815
66	Supplier#000000066	qYdruFJQJYYiKvnNVmYfCVydVB8bcW,AW,U6SOV3	33-300-836-9529	1237450.125
1647	Supplier#000001647	uXPMu8BN6KesU	11-385-158-8420	1237328.8327
6420	Supplier#000006420	WsuMIhxVOrPENcumh1aMY9MjZIJHhUEtsUmn	34-210-737-7162	1237163.0081999998
662	Supplier#000000662	geJEMlJvE3HdW96Rz3touARh	28-497-129-7855	1236592.5141000003
7921	Supplier#000007921	MJfvL3B1stDjGBFcZGRipxkln	26-495-903-2607	1236545.7197
7136	Supplier#000007136	EHhfZo,xLtoM8JOsXt1p7dEugu4Jmvkvms7a9SlB	27-296-685-7917	1236520.5018000002
6467	Supplier#000006467	SrIv,c4Ikw2Cz6tlOrM Ek1XMR	32-518-126-6211	1236117.9249
5763	Supplier#000005763	T1Eel5ZCTS6,s8SuJXOchvdgu8 c6OqmydwE4E	29-507-742-3020	1236117.6289
2022	Supplier#000002022	dwebGX7Id2pc25YvY33	13-924-162-8911	1236049.7533000004
5434	Supplier#000005434	KfozB989PkBnQ89j83SJriSmVAx4ha	29-849-211-1064	1235717.3002
1501	Supplier#000001501	xL06,Y 2M3CjPr	13-257-615-9493	1235524.2112
9895	Supplier#000009895	FrlMSJxhOXbIG,XfqxJS	28-409-445-5933	1235473.7974
1653	Supplier#000001653	BgzbkhhpoAtd2kEQ8ogc9HPNwuKNF2tMdOOFtQAe	27-477-199-6864	1235428.0607999999
1239	Supplier#000001239	w7zZA8K5TcHMmFtojh3uGVOPHTaPIwE	16-805-237-6265	1235319.1491999999
951	Supplier#000000951	Tuh3kFB,zCuI,jtPmV,IMcXQF	12-561-627-9752	1235040.0184000002
4389	Supplier#000004389	hPG BdDEJG21VQCF2 mYbuQiL	26-905-849-4909	1234931.4356
1771	Supplier#000001771	PH1MVFYsQwnt09QsErngmmttUHqk6CKAGrH	11-454-451-6630	1234726.594
8451	Supplier#000008451	p7rhi8lJCt3uFSFbSQM,gEGSUc	27-450-658-6737	1234444.9568
7097	Supplier#000007097	jnG c5lMSOSSjWV72NvIkm7cQJ4	24-468-902-8109	1234349.2728000002
424	Supplier#000000424	uOdFKME6fSAI,rvLcpTL	32-406-948-7901	1234310.7087
3167	Supplier#000003167	G6SS7LfQCuN1VfJ	32-707-517-3049	1234087.2599999998
2578	Supplier#000002578	2gqjxXV iLm2MtuknrTq	27-838-408-3899	1233738.1386999998
1415	Supplier#000001415	N,XLjJ8gysivwWBfUOgluVUGM	26-475-658-2523	1233430.1811000002
988	Supplier#000000988	dFt73JWMYsSxR3 UQN K3FAz	10-630-928-4130	1233339.0128000001
8916	Supplier#000008916	Y0pCkSR5qPKd9TKAgQW0SvgvwTztALd Q	28-518-591-9103	1233326.2486
2875	Supplier#000002875	6JgMi 9Qt6VmwL3Ltt1SRlKww0keLQ,RAZa	13-735-738-9581	1233265.7933999996
7898	Supplier#000007898	dAqAM3otCo2GkjyjtKp07BPYCF31,rJ0B	14-604-858-1037	1232667.9595
9872	Supplier#000009872	mRB haH7m nYrYHYWdUUF3WVwy7VFhGie4rse8	12-386-580-4248	1232610.1538
7762	Supplier#000007762	MBTZAvob3ACY9yAbjfBHB2MW	26-753-591-3947	1232362.5702999998
6822	Supplier#000006822	13dOiArfC4Jnh5t6BDkj0mFLf2SQ,OC	22-554-730-3187	1232001.7244999998
8968	Supplier#000008968	HjS7aiphdniN4juQfKdzgH NH3	18-753-319-6468	1231401.7155999998
6380	Supplier#000006380	owSMs4OjCGDQ50wrm2YSY	26-575-664-4836	1231209.3512
664	Supplier#000000664	ln6wISAnC8Bpj q4V	14-244-772-4913	1230473.8846000002
3323	Supplier#000003323	W9 lYcsC9FwBqk3ItL	29-736-951-3710	1229927.1446999998
7373	Supplier#000007373	QM5agRKsO9Jum2BMcstO9ZroT qpppshbxs	22-674-381-2045	1229925.2114999997
4996	Supplier#000004996	YcFquiyJ0GCREXb,g2jAkmSSEwI1DdS3gpafKx8	20-610-448-4123	1228743.0481000002
2872	Supplier#000002872	MJ9iMo lUlY00f4glR	34-995-365-6753	1228569.53
9399	Supplier#000009399	QDf7NxmDrc17I1HlGaIOAZSeq	12-259-165-6237	1228479.8667
9445	Supplier#000009445	AyEP8mMQ8VpXLwCIj0	13-989-455-3374	1228159.7755999998
9041	Supplier#000009041	02NwJ8FFNyYurwCWNshQYd0xU	10-637-812-6249	1228026.9636000001
2488	Supplier#000002488	OZAn,O1eScSbR4Uka MCwoff9S	33-523-780-1426	1227784.0133
1983	Supplier#000001983	HD5VA,1YtUHRh6EQIKVKkoG8H90WSq1HuCj vSG	29-703-467-6087	1227340.0842
2473	Supplier#000002473	VPqdi7aT,1MMyPIhiT	12-215-170-2967	1226901.0116
1739	Supplier#000001739	Txm 6j3ooPLq9kID9dQ5KHmgn4nXT71A8	14-800-180-3736	1226769.0203000002
6414	Supplier#000006414	TYcVckkbz8su1MdIwsV4dge	29-997-905-6029	1226728.0716
2989	Supplier#000002989	mHyjXyVDWKtiwQmeEcNXXksmyKrYDOjVYs	17-282-348-7573	1226713.0236
904	Supplier#000000904	Wev4Rig5BkWdQIsATpN7W5lG5jh4LQ ,pMxD	25-960-333-1191	1226614.4582
8468	Supplier#000008468	5R4jsweitleustYlE3w,u5otW	31-775-722-6460	1226477.931
9421	Supplier#000009421	M6imBfUIHAcsg82pkol6DSeAoxoL	25-522-739-5607	1226443.8804
432	Supplier#000000432	ZkBaoMg9n7nXd1fyn	20-401-350-6978	1225889.8708999997
3942	Supplier#000003942	woBReojDp I7QB6G4T7,qRimIA,cLU	26-753-926-4210	1225324.7453999997
9978	Supplier#000009978	hoQmgkOOrsf0C0b8OF2dlhmQS3hwGqh	12-304-792-5255	1225258.3110000002
5406	Supplier#000005406	j7 gYF5RW8DC5UrjKC	32-626-152-4621	1223905.5335000001
4441	Supplier#000004441	J2zFGkkuoNgPC1Ut7a	20-189-121-5123	1223775.0547000004
8295	Supplier#000008295	cjdMDF4Eri7k4,ofFW5q5TcRbLV	14-875-835-5027	1223765.5715
3816	Supplier#000003816	Aw0PyGoFM7SgOM2Wted EPgidEfH	11-268-642-8469	1223711.903
9383	Supplier#000009383	VSXQdtUW4jdfEdQO8n8i,F5	34-298-463-2083	1223519.0726000003
9334	Supplier#000009334	6HCNzvuEk2nw	21-216-421-2698	1223265.0603
6712	Supplier#000006712	DflLd0CRqf2aTVkRVgMMrqai0sysHxBAkV	25-775-848-9286	1223180.5840999999
4967	Supplier#000004967	lIvbn4iSOb4F VwG0xLQU3QHn4	16-766-968-2266	1223161.9737999996
4958	Supplier#000004958	TFktpL54vzL51GNV cGZETKO16k,	23-871-483-8310	1223087.2234999998
9070	Supplier#000009070	vTNwNfUei2fgk52PgK92P8Bqb	18-966-167-9437	1222996.3281
9292	Supplier#000009292	Ob,MQ8EN7qSya4P218IMVm6k1slAh5B	14-113-387-5773	1222417.6846999999
2910	Supplier#000002910	nlH1gjApxHkQe5SU4iVZwi2xWk88wwhTWRkSvOBB	31-244-874-6754	1222358.5517000002
7362	Supplier#000007362	8PAZ3synXExRh9H5D0KT	20-999-975-5790	1221941.3749
487	Supplier#000000487	BvDBcJa,jQPslM	15-551-730-1265	1221924.0921999998
3861	Supplier#000003861	kiZ4YdXV0Ah,kRkyIJ17R6Qh	21-850-998-6046	1221870.2630000003
9465	Supplier#000009465	d5JrHvIlyzdFoO	33-947-207-4786	1221270.8226000003
2361	Supplier#000002361	1p U8A z36oRmNfqN	27-333-451-9926	1221074.0505000001
8477	Supplier#000008477	p5TvX4xf1n4aLh75Hw	25-323-997-2362	1220855.0635
4698	Supplier#000004698	omQ3V9E4K4	26-206-746-3880	1220562.6327000004
2125	Supplier#000002125	DdeDFynrHD	19-758-774-5095	1220317.0754999998
5594	Supplier#000005594	woPTNCwd4CkGGS2NjUJHE4SbfR6yGOlN	33-607-658-4402	1219186.9067000002
4129	Supplier#000004129	gdAUjZ6SpR7L6n1tV,Iqc9eGAkTdfU1WX5b5nH18	19-920-465-4477	1218578.6139
4495	Supplier#000004495	BMVfijkPjiRGXfi3ks9qbijFAGg8J7LogWyjBgcS	28-312-659-9245	1217783.9275000002
1209	Supplier#000001209	2jJpTlv5dG9pAsULUFv1J	22-547-685-5761	1217340.5164
638	Supplier#000000638	YfXfPM0,m6CdwYYiQjmy9dcN	18-147-424-5181	1216751.3534
7210	Supplier#000007210	G7MYkWkkJDVu,rr23aXjQCwNqZ2Vk6	23-560-295-1805	1216596.5602000002
6358	Supplier#000006358	isQ76W0izOrHKfR9fTQw 4f3	25-211-503-6000	1216450.7489
8241	Supplier#000008241	e1wpbDnuCl8KaoMAXqG1HooMMDIVVuxvyg2tk	12-366-481-6221	1216212.3198000002
2413	Supplier#000002413	wu1NNpaLxJ64RJxh2FSkAyQ,zOA85hQjXirIPS	24-407-547-6036	1215958.9087
6496	Supplier#000006496	4o,E0cY32jMVQ	11-704-240-1504	1214951.9458
8280	Supplier#000008280	bxZrcDyQZ66Z	20-916-186-7954	1214443.8517
4857	Supplier#000004857	XGMR6l 7NqtVjxv	21-136-350-7911	1214294.1916999999
5950	Supplier#000005950	0mWo1zpc8UfD8Lm	34-523-671-4859	1214272.8295999998
7419	Supplier#000007419	m84ie7wCVEFturwQ,XsfIjsmXE3TzE	17-783-878-8183	1214194.6573
6396	Supplier#000006396	Zw7uydYx7jR4eBupXo	21-165-843-8357	1213174.7488
4678	Supplier#000004678	V6Y4jcdvbV5WYKuymyJ6e59,BeHTEfnIy	32-188-313-3119	1213104.1798000003
7451	Supplier#000007451	wJCwChzzwCPf,nmjbgyQPh46R4nvdOd1xBr	31-833-133-1673	1211148.3231999998
8947	Supplier#000008947	1Ij3T0egGHnVbLich98HzY,UeCdVbxzYa ZpKDVc	31-694-176-5568	1210611.1988999997
7329	Supplier#000007329	bF,Rjakq7fwBvfzwyROUPPtSvuZkUu4MtOws	32-241-689-8384	1209980.4921000004
4270	Supplier#000004270	REjGbhQdRpNMrFHOpI W0nhfA7aJnd69	23-696-420-8788	1209651.5248000002
1360	Supplier#000001360	elN50rcw Ktxr2rzSF9rsUto8FNijhOjO	11-456-537-2079	1209232.1904999998
8645	Supplier#000008645	FGe2D8JCtxfT0FE0VHc	12-714-202-7354	1209131.9435
3992	Supplier#000003992	lTYs,HhjZf,j6TM8AC13vn21uT4ykyXd	30-573-866-6706	1209126.2258
371	Supplier#000000371	7kc0KqnPxrJuGZdrrec7Cn,wrCPdxPemNPZQ	29-501-449-3837	1208952.5639
348	Supplier#000000348	ZNEHF5c7kP5tPGdQ ZrJZNRdQnu0M9LVyO urMm	18-338-824-3860	1208666.2795
6530	Supplier#000006530	QyKRu05w,UoOZ0jm7 HBdG101ouPSI98iQt6Fk	34-362-259-1264	1208447.2456999999
1786	Supplier#000001786	36sVKQsSCrGnNi2Cu EjNTwF90ztyWz8g	28-824-614-4319	1208388.5270999998
3825	Supplier#000003825	hK1aUlbzeTz MSPwcPVyRGY	16-851-552-6405	1208210.7438999997
8487	Supplier#000008487	XDWfWQqWRkvTZI WsysCAnorSZznsSWp KVbaj1	23-120-587-8370	1208019.3895
505	Supplier#000000505	aqcYZYQD5TYlLDgIxhKZyFCzL3Ch5qKOxj	19-480-691-1853	1207637.1027000004
334	Supplier#000000334	NHMGXoP 8cWsNXvV46AkZZJuptUm4mFo8	23-767-548-6051	1207175.7577
8849	Supplier#000008849	jFdWH9Ur0NNdVsgWzSWnM8U	33-182-694-8043	1207080.3222999999
7271	Supplier#000007271	9CZVew4lgybKddJdduig3KrVySYs9vPKQlG	21-463-180-1307	1206911.1175999998
2227	Supplier#000002227	Xf9mtueSmyuGS0yMlSt	16-728-980-6194	1206671.8978999995
1373	Supplier#000001373	1EtjxE6YcZ0	17-403-116-4558	1206625.8527
997	Supplier#000000997	7eUWMrOCKCp2JYas6P4mL93eaWIOtKKWtTX	13-221-322-7971	1206105.014
4838	Supplier#000004838	24L4lahMEi4Xe9nDFYMU	33-868-522-8983	1206068.527
7830	Supplier#000007830	mB80tCjcieN0LtbprpGMzxAyWcAcHSZtSrS	17-442-518-4753	1205842.1601
3092	Supplier#000003092	K HgdzaxErLyn4PNiB2CZhbmriyoHszsh	17-338-677-7980	1205773.4726999998
6732	Supplier#000006732	DHsC3w09xHfDv4O	32-396-161-1647	1205432.7887
1471	Supplier#000001471	34mG3MLXJGiFEm	12-450-672-3679	1205268.3194000002
6571	Supplier#000006571	3r2brZx9EKf,R5vlQkGWDhZGJ	28-791-798-9886	1205144.6571999998
4928	Supplier#000004928	IYpwXYEo2yIkLowAPbV41 oR	29-801-741-2301	1204952.8443
9495	Supplier#000009495	1QldlQ1kvyt5E4dcql1	33-181-419-7054	1204582.3980999999
973	Supplier#000000973	5 nhBZ 03rG6EcOEDkZXvt	31-385-469-4031	1204135.9784
3311	Supplier#000003311	u6APXuB3WjzN	11-456-830-2285	1204033.6616000002
401	Supplier#000000401	9 zStaJ sD	20-586-179-6994	1203540.8625999999
4738	Supplier#000004738	BcoxAylgpwUi5	15-883-567-6484	1203202.0649
1279	Supplier#000001279	9tXl9nR6SxUgFCe80RbhQkpiYK HTEi5y1Dv	20-874-743-5507	1202959.4534999998
1810	Supplier#000001810	Njhy11HtKe lgtid0bI05kw mLkQxcFvqV8AtI3	11-898-840-2232	1202871.6700999998
2441	Supplier#000002441	bUvEhklrRDp4S3Ipq	25-465-742-8457	1202794.2733
2594	Supplier#000002594	BJdtygY30B7X6fqO4iCQukCWuseKiUkdTKC9aIhe	19-468-860-7708	1200731.4490999996
1441	Supplier#000001441	uWzJDzjltr4ZX5PJLbe7g8zNtho8C5Awq9Chuu	20-682-239-5942	1199934.5087000001
8448	Supplier#000008448	2tLLbL9k4MkV98 1xKypqW	18-940-998-8999	1199005.7495000002
3382	Supplier#000003382	p6rzU12Gx5FssGd4KAWbklBNdcgALy20W	27-904-659-7815	1198994.7762999998
3906	Supplier#000003906	742VDBn2PvQRZpqT7I9tlTGDvqg	21-239-494-1132	1198727.2529
6823	Supplier#000006823	7pOXTwG4sC7JVgYFFyHAE5K3kyPJ2xed	23-123-271-8103	1198525.7933999998
1787	Supplier#000001787	y038r5l,dusbQMGAXd4G	34-350-413-5054	1198392.2909999997
5315	Supplier#000005315	P41wx8QlVuH0KVF SsfB6q2Bz	34-867-473-1748	1198348.2916
7913	Supplier#000007913	DkiUqg8AVUilpH66MvLPB7lBGkyXOuOFjur9Ha,O	19-255-694-2591	1197982.2941
2497	Supplier#000002497	5aW2,OxhYoH	21-246-666-5921	1197910.6047
1536	Supplier#000001536	1j EhxcXVVIzVlc9hN4f7JMHMXi3QAAhvPemzY0V	20-837-590-2286	1197501.9582000002
999	Supplier#000000999	XIA9uPu,fDZTOC,ItOGKYNXnoTvCuULtzmnSk	12-991-892-1050	1197029.6760999998
7817	Supplier#000007817	OcRGcwTmBeaRd3	24-368-918-1957	1196953.2704000003
4780	Supplier#000004780	38KXwQ8CWIXIXy19 ,R0ENCJEj,yjiRTq9bbY	21-610-438-7867	1195874.9484
3908	Supplier#000003908	Okl1FHH574YroExB	33-154-728-5624	1195458.8667
2309	Supplier#000002309	yg0LSO,Pjv1Cs2g	26-517-699-1407	1195072.8665999998
9320	Supplier#000009320	RiFhOw5TUyPqGScO cGMp	18-406-489-4500	1194809.6254000003
6488	Supplier#000006488	97rW1R9HcsaS9v8dMMmIGBKCT5nk6dk	15-767-873-3625	1194649.0895
8449	Supplier#000008449	Wp34zim9qYFbVctdW	20-469-856-8873	1194629.6501
1392	Supplier#000001392	h6vpqedAQqjbMYHf0bYgl,BkLl0	20-693-215-9434	1194552.4221999997
4979	Supplier#000004979	OIpdjUc6s Ugwwed3NTU5W vJ9VlpBFpk892P	15-528-952-8885	1193965.7949999997
1767	Supplier#000001767	x7BWRdlYmsP,94h6dhtqEl4hX2Sca	26-235-800-4132	1193875.3295
5482	Supplier#000005482	VQESGLA8d WzJaQ	11-156-303-6195	1193840.6936
4924	Supplier#000004924	GzFHtyCVrX77xZ6iagEb hVi	25-244-819-9311	1193083.4478000002
5460	Supplier#000005460	QMA17qwZCNqLKfwIVf67Ha,YU9pdn5ci3ZhTJrg	22-183-618-7004	1192952.9936
7485	Supplier#000007485	TnjabJ6xAZ9n	14-340-351-6780	1192931.3501
438	Supplier#000000438	cePboEvTZ6IfUAG 8asHxVbEmZnLSph9z01	34-502-705-5611	1192868.0928999996
1226	Supplier#000001226	qsLCqSvLyZfuXIpjz	17-725-903-1381	1192478.0868
8933	Supplier#000008933	pxGLAqRcQic9	17-767-807-2723	1192466.5263
5838	Supplier#000005838	4SzERY e8s	10-697-146-8808	1192356.2323999996
840	Supplier#000000840	iYzUIypKhC0Y	29-781-337-5584	1192152.3161
4424	Supplier#000004424	ZcvRtr 3XfSbgd dsnlk2YG	22-350-952-1893	1191468.5643
1383	Supplier#000001383	HpxV1sNupK1Qe cNH0	16-583-139-3061	1190870.7084000001
7786	Supplier#000007786	rnIWukHu6i2q5BzE5PlBmtP	24-577-644-1896	1190298.1897999998
939	Supplier#000000939	mWBKbdzDn3yJNpOT8p	33-487-125-3117	1190261.3983999998
6748	Supplier#000006748	rC,2rEn8gKDIS5Q0dJEoiF	13-738-629-6562	1190143.5761000004
1370	Supplier#000001370	,H9mpO11e8m2WKoAbxTg	32-377-514-6171	1189706.2436000002
3987	Supplier#000003987	sGkiOHDoPgJmxMHjviJ0tMkUW	34-889-317-5802	1189694.5169
5992	Supplier#000005992	fmaO4H3jynO4HVK6cvctYLtiVakw67npbgY	18-891-604-5329	1189581.1431000002
9813	Supplier#000009813	Lv2yLejtYVUOvp	34-756-129-9896	1189404.4637
8729	Supplier#000008729	wd91gMDPpsyfVd1WD2	21-824-778-8668	1189230.73
5408	Supplier#000005408	8FmjKlQdz3vuG5l 3fs6zE	34-682-438-5340	1188986.8606
7342	Supplier#000007342	JOlK7C1,7xrEZSSOw	32-399-414-5385	1188396.6486
4076	Supplier#000004076	U9Ud8,xgsTUncU4v0kw7Hl7BRe,dhjM	20-989-161-6648	1188328.1356000002
8882	Supplier#000008882	0ugA8kwP7Lk0fIl	30-179-819-9745	1188229.8213
362	Supplier#000000362	XdtN0U5Qm2Z	33-445-749-9918	1188202.0972000002
1443	Supplier#000001443	mRFGwS7y1HfgWC6styUuSst8orq2JlJhCWHCsr7r	25-723-252-9388	1187623.7364999999
5208	Supplier#000005208	xEqnN9YbnzKb 4u3u4V06xFGhlclFx wnzO7MAN	19-795-571-6227	1187037.4357
7879	Supplier#000007879	MXMejJ89ve	12-146-373-1024	1186795.7552
3998	Supplier#000003998	s8yatBEk9U6HRd,4qQkfiEblD7	22-499-388-8247	1186771.2484
898	Supplier#000000898	Uud3qAUC91Cy,c	14-247-832-2299	1186692.9795999997
4404	Supplier#000004404	nClT5NhhPdxViApjx3ahv ryCqj7R2pj	17-844-693-1492	1186580.8251
8254	Supplier#000008254	0lLFVM oUMDv	22-405-547-6938	1185914.9697000002
8960	Supplier#000008960	aLOLJsGDBjHCz47Jr7BYO4	15-187-740-7440	1185051.2291000003
3999	Supplier#000003999	v53dfNGjAGBIdki8QXsVwXyF8	32-802-512-3693	1184872.2602
5472	Supplier#000005472	LlyLSmvY9GFvMN4QhHzMokW0k5d	31-595-192-5906	1184084.9495
3933	Supplier#000003933	64JfUPlS9GQN4 WQG2Ctyq7N	20-167-303-2899	1183810.1630999998
2691	Supplier#000002691	WkXzAronS1Gn	15-641-370-4866	1183637.1591999999
7009	Supplier#000007009	Dm1A9KNq6py1ZA wf33KrRo8aXYUQwEnS9HiCwGi	24-360-133-3119	1183424.687
9717	Supplier#000009717	YbtmKJqGaNn6OfiRw7PNSE1xkkhmUHILp78u31Z	23-182-320-2647	1183318.1852000002
2350	Supplier#000002350	TWsO2iJGOl7v3vSwiscXp6X	31-777-388-3229	1182567.4057
4467	Supplier#000004467	7BTW,9Tvb7WeewsQrIUhKsAaaU8pLxHNHpG mN1	19-443-184-3520	1182387.6401999998
3085	Supplier#000003085	aM6i8v3jKaD	10-428-575-1918	1182275.8348000003
8492	Supplier#000008492	TzB 7njlatzQdw4h0ChDH	30-484-180-4829	1181933.6926000002
2417	Supplier#000002417	2zX,k0aiQ he,N  qVT9DMhP0	19-580-615-8291	1181925.5990999998
7289	Supplier#000007289	GoYBOvCn2XuN,7i	24-296-865-2694	1181871.5240999998
860	Supplier#000000860	C9FacsR,23JNHd8ioSI5qC7FfnR	27-547-426-7236	1181833.7609999997
1379	Supplier#000001379	c60gSoCo9bUv8vd7aILFp5	14-392-742-6536	1181663.1578
5972	Supplier#000005972	IgZlzEujhv	11-832-540-3456	1181526.6557
9357	Supplier#000009357	062gQFgOl5Y9n8wvIOTO3fIjbKL8c iaOgKE	29-207-441-1355	1181281.4292000001
9996	Supplier#000009996	a4eOd7SzN5RnrCwyAh5iey	20-898-443-4436	1181239.8151000002
4723	Supplier#000004723	q1P7c7ApJnEZu,p1OiwJr g	33-408-393-1050	1181052.7112
861	Supplier#000000861	vj9yxpOqUdt3HIxfOWbA9	17-581-652-1425	1181049.9284999997
385	Supplier#000000385	4RDwKCNc6 yBY	28-730-866-8837	1181016.6705
6265	Supplier#000006265	V4cP0Jpqf9HemuJSwFvz3hqlgK5K	11-741-337-7382	1181002.6028
1832	Supplier#000001832	fkP5H03GIG58u3CTAqs0KiebBG	22-542-506-8154	1180535.6928
8893	Supplier#000008893	E4JZLbc4QB4Env	29-957-742-1522	1180355.1572000002
9870	Supplier#000009870	gW1ip1kGSdMGjfoj,8Vrf9ze1n1c	32-241-357-5627	1180190.5627
6263	Supplier#000006263	qXZqIkwG7AZoQMc6n	19-253-714-9239	1180048.5261
67	Supplier#000000067	7YrEKJncHFk5D W7ZaqfAXV	14-563-538-1657	1179920.2599999998
1996	Supplier#000001996	3bPc w4ZoxqIck LaAlP2DCjf1	20-547-358-8914	1179876.1602999999
5447	Supplier#000005447	tfUbLfD8A3c,WXcB,cIm9Xc	20-658-969-9153	1179761.9265
3729	Supplier#000003729	I4Lj0t,uQ2crCtGc2ksJ0R7hdDeNybtWqPr	34-435-872-1573	1179619.9793999998
2493	Supplier#000002493	aEUtBq9 cRKRxDt9FGiZHq57sUbwv8 LeY8J9	11-286-640-4677	1179423.8119000003
6441	Supplier#000006441	RSa6AJeehSQXTKbOjFkd7eONHTDYDgFAQiQ	24-266-114-4009	1179345.3212000001
7322	Supplier#000007322	wr7dgte5q MAjiY0uwmi3MyDkSMX1	13-390-207-8249	1179167.5849999997
1778	Supplier#000001778	iAZ6grPHso1aSYofUzvt38	29-592-746-9719	1178977.8011
911	Supplier#000000911	TpZMQSDVVmgKZX9 wB,HY	21-748-770-4721	1178748.022
941	Supplier#000000941	gqG2XEnVlzUhjjfQGYGlwk,jcaNsplI8Rleg	31-412-752-5573	1177949.0960000001
7302	Supplier#000007302	QAerqePJk tcgi	28-519-634-1060	1177876.3904
2673	Supplier#000002673	A5 AJQjPCaOl1quSW,l35HZ86mu	26-227-566-5779	1177567.8495999998
9353	Supplier#000009353	YWMs0OdQY51lTxLTpmfhdxz4mC3	14-121-714-6005	1177525.8997999995
7901	Supplier#000007901	aS6VO,6XvwM9	23-777-524-1341	1177373.6491999994
5858	Supplier#000005858	hwuebOwCH6eThXJfZ,VnW2KQ6HuBl9G43H7H4	17-473-346-5774	1177162.8632
2301	Supplier#000002301	vrMm6EOBe6aq,LAi2Ir 79KfCvq0AlSG	30-680-972-5401	1176863.6248000003
6990	Supplier#000006990	gTdOppzI1p,B	25-101-737-4124	1176777.1349999998
966	Supplier#000000966	FRlJWy32I6TsERrGDq,GS7	14-681-361-1636	1176704.6737000002
2877	Supplier#000002877	fpT4ugECQjRaZYAwQghQwghs8ee0	26-102-519-6038	1176397.5701000001
7905	Supplier#000007905	xJcTxkuamI	15-155-649-5726	1176211.7880999998
2480	Supplier#000002480	1t BL2i,JwN7lHjhYFuuBRYy8p3a	25-567-152-1810	1176125.2264
6667	Supplier#000006667	UO3LbziJTUvl64vlXNrIq5Zuu6FX1nkRew0DTkr	30-286-112-4408	1176102.7024
89	Supplier#000000089	fhtzZcSorhud1	19-259-876-1014	1175997.5661999998
7727	Supplier#000007727	p6rs44lEg4AfmlK4oi4fLqEQJLcIfaGvGBy	10-222-775-2979	1175967.0542
8464	Supplier#000008464	dtrFDLdfguJKwbVO9h4AyQwP3YP5rjJ	17-710-692-6846	1175943.1165
2297	Supplier#000002297	Brx9U7alFOFnfqMnQaVxiI1ON	22-191-279-4345	1175516.2582999999
4744	Supplier#000004744	kFOaPWhH42Vtk8uS TRqlrm33t	12-466-230-3207	1175505.2920000001
5308	Supplier#000005308	9Ew1qiEgz2BP4DU6qfabYI9kJB60	31-891-878-3480	1175199.2506000001
5331	Supplier#000005331	drSNCZY5Uu thezBqCbUbzTrpB	18-642-992-6796	1175083.9386000002
6355	Supplier#000006355	Sw2t9Cr1,DzKTgZNce	29-571-768-8366	1174823.838
4328	Supplier#000004328	euddbWZRcVMD3W	31-903-316-1844	1174494.5423
3920	Supplier#000003920	AxtQY7SssyEibvtT29eBgbhEb3Dtt2iFW	15-691-940-4136	1174238.252
4502	Supplier#000004502	oxMw XELHqKWhtw	22-478-458-6386	1174225.8418
2814	Supplier#000002814	VNdgEHJNmxEy,zD	30-761-456-1588	1174197.7473000002
8952	Supplier#000008952	Pieung,FW1704mtb	15-856-379-5065	1174109.3627
1465	Supplier#000001465	euBDI 57f1TH1e	24-441-729-1194	1174087.6037
1964	Supplier#000001964	5OlSBcKlYeqgnneJNh	24-907-201-3298	1174042.2866
3363	Supplier#000003363	DWjb8SidviR8gs1 s0iyZPb	18-760-689-9212	1173714.7149999999
2886	Supplier#000002886	3HHp2t9xBFNN	11-653-573-9355	1173562.83
3299	Supplier#000003299	ZH jMEKsbbDbxEGl8M8 l6,tVtEmA	34-125-967-8542	1173059.6501
1721	Supplier#000001721	VCPSMnjrsVDMT5,eVI0zMOgohV	33-248-237-6674	1172772.4627999999
3872	Supplier#000003872	fk2YzCQeGM5Pt5gLFlobjSby fBApdl5qwVy2	15-185-891-8461	1172718.4281000004
5456	Supplier#000005456	1q8Nemk YewQmca7TU	20-147-957-7762	1172658.517
4176	Supplier#000004176	56vSHOzP6vBy	27-118-809-1468	1172397.0423000003
9485	Supplier#000009485	UhGFZ0dCbU1I6 oIgmsM WWpb3,	29-507-123-7081	1172327.1190999998
73	Supplier#000000073	HBZA1NHvrswQCxTTjg 5XrfSOGgMRKNCe2ovE	26-758-310-7496	1171846.0315000003
1419	Supplier#000001419	9wbge8NxXVd5LbIlNA,DjR0sjasMyxC7oANgSQw	32-865-313-5333	1171764.0528
996	Supplier#000000996	Wx4dQwOAwWjfSCGupfrM	17-447-811-3282	1171627.219
5664	Supplier#000005664	b8VWuTXRt66wF9bfrgTmNGuxf1PU0x3O9e	14-214-171-8987	1171354.4863
2742	Supplier#000002742	MOOEut4u QZ2xkXfwiNKTxep,USxRUQ9	28-884-467-8595	1170709.2644
9253	Supplier#000009253	O hOjqNkcZR2,BmHq0Rns6vCCKIgoNIQpd1CW	26-456-424-4340	1170703.4700999998
7176	Supplier#000007176	UlOr2sIS7jHPURS7ZVaOY5c4UE4I3WSwtM9ZosY	10-253-722-3725	1170664.4789
7492	Supplier#000007492	j4GTlT,MQlEPWsuSNUx0k7p	29-660-153-6870	1170504.4936999998
3807	Supplier#000003807	ot3nvn3kdvL9YcxMp8fhWN CsorSKs0LN4	17-850-427-8587	1170438.0844
8939	Supplier#000008939	FNG4YBI38pq6U6jLU,	31-442-299-2419	1170035.0663
6449	Supplier#000006449	7Q3BIdoISAl8JI85e9IusWcgx,R	15-943-315-1987	1169362.3579999998
9847	Supplier#000009847	tJDHVORZVvh9CgVB3	12-876-329-6513	1169056.1731
3463	Supplier#000003463	8m0HaduJeFZSVd1GRWvJkNhv4O KSM	34-194-463-1760	1168667.6337000001
2926	Supplier#000002926	f2WG37N3s3JcoAYNWMQym87cpNUu WpL	30-133-257-7524	1168431.6985
4204	Supplier#000004204	0rGZJ6VZXdH	14-520-667-4690	1168366.0407
6788	Supplier#000006788	8104AC BwYFTnMX,mvS9289cbToqLx5sUxLk	11-878-632-8562	1168117.0728
9900	Supplier#000009900	r5JV9d3esrDXCI	23-829-789-6887	1167905.8188
8880	Supplier#000008880	7BuqIReCo4j9CBrVhUMTy7dUR3v	26-117-800-7468	1167721.0633
4969	Supplier#000004969	HdteuyoPpBVg	21-770-588-6089	1167699.7402000001
8993	Supplier#000008993	jWxltbLn01bkCt8uvu,oYGmw5bDJAOX3QSTY	22-701-268-5778	1167519.6013000002
4825	Supplier#000004825	CjrxyjFU9Tcgg5Lnr8KO o	34-121-940-1413	1167125.2846999997
9949	Supplier#000009949	AlVPaaSP3dB	33-216-624-1799	1166982.5615
2491	Supplier#000002491	CmQmwzn1lclZ	11-501-249-4467	1166939.3403000003
3846	Supplier#000003846	wl076KfcEpYLRegb1LfIf93b3n5HBabFK2R,mEM	31-407-304-1018	1166925.3117
4408	Supplier#000004408	9PmB6KMkM2JHc7C,LNnj	32-621-849-3417	1166906.2977000002
6191	Supplier#000006191	lYf3sL8KjpAyv,dFT	24-257-723-3364	1166751.4971
5896	Supplier#000005896	NwV,QYlRuz	30-167-592-8264	1166326.0784
2484	Supplier#000002484	GNI43eYjlbcTIG9A VsSJrppaMrVAj	28-151-254-2873	1165924.1626000002
3007	Supplier#000003007	99oAgeU6C7zko3KhdUC	25-894-347-8240	1165888.7176000003
7476	Supplier#000007476	z8RgUxhZSR	34-331-692-6417	1165687.1195
5325	Supplier#000005325	7YYIZmOTDpq4Ls0u5jj	19-252-144-8429	1165576.527
2978	Supplier#000002978	mY6Qc8LjRe3w1Ynou3lq3wq3	30-157-522-5634	1165398.5864
1969	Supplier#000001969	TsaBRyvy2wao5LV2s8kEovROAVxDF	10-934-830-8948	1164819.0547999998
7814	Supplier#000007814	FmY35HR6AilX,FeB9VYY0mIMcC	11-802-580-9519	1164785.1951000001
3898	Supplier#000003898	m72eJDVjdCxG7EoomOvmbwQAU rj	32-821-776-9171	1164526.4937999998
2477	Supplier#000002477	FVLqfD4TzY5s4qoxgB3BUkVOVOR1qmtNptdH	24-950-623-5371	1163007.4163000002
2871	Supplier#000002871	9ixHrIGvo8l4cDoJi1UxhLp	12-618-729-1384	1162558.9489
518	Supplier#000000518	g2buDv7WzbkNDU63IN5af0i6SAdUxihirS2X	11-853-939-1266	1161855.9231999998
870	Supplier#000000870	QIgRinpKvCLPG	31-675-338-9417	1161713.8251
461	Supplier#000000461	VLYMztlQim7tjPGSK0xPZXnb91a8,9wqVRwk62BP	32-897-799-8437	1161704.9297
8720	Supplier#000008720	urarbrSMfabAfLQHmFbgJqFvBqJbX4HP5GoQVb6s	32-374-657-9997	1161325.1465999999
5170	Supplier#000005170	x3ZL3yjbTL	27-431-747-5628	1161230.728
947	Supplier#000000947	6xS,tBAgcKGW,nXNhfm2Hv26uYicU3	28-277-111-4291	1161005.9888000002
7954	Supplier#000007954	b7,8HFIMQGf7ciShy,F9VJYiUjLB	19-311-769-3690	1160968.0539999998
9025	Supplier#000009025	F1HRl9BAzcEo,	16-328-186-9849	1160829.0361000001
3660	Supplier#000003660	WkbM,vhzlbSS2y8rnnw LS4oKRT9C	25-956-863-7727	1160344.7944999998
6819	Supplier#000006819	zBCTca5TCD9lhT,XF4fiGkB	22-734-954-3358	1160269.3144
9398	Supplier#000009398	Y16cjXqC3d3qhALdFeZbchGW2	31-417-412-3717	1160168.4981
6956	Supplier#000006956	4OHI2IxjfK3eSgseE6lg	17-576-857-4485	1159847.7334999999
4396	Supplier#000004396	aMZxdgerFmYRUivN6bot9FucS	27-397-965-9509	1159770.5679
683	Supplier#000000683	W0rFJpyes6atCIuwAmktnK	10-108-564-6160	1159441.4573
7317	Supplier#000007317	nJGsPl2ruoq4Ydtv0fwWG385eOFV6  VUokbCZ	14-666-351-2592	1158915.1135000002
916	Supplier#000000916	tD 9oW5VNUWTBQCpsISJO2TZCwFzKLdqIZoTWV6	21-185-427-4872	1158880.7925999998
1943	Supplier#000001943	ROT u2yO2E8cIFvz6a18vuW3DvF,SvHIFKESc1V	23-574-621-8188	1158869.639
4126	Supplier#000004126	3s9EL2QxI5lAEeSPr9aDv0 O0X7SP PA4TQWAAYn	29-497-666-4765	1158745.9625000001
8447	Supplier#000008447	kYxlpT,F8AJgEj8uF	33-992-618-4096	1158438.3715999997
6342	Supplier#000006342	PE 4qA5tQBD0xEvI2DrfNjsLvlIdqFdRS5alxUcc	30-847-753-3542	1158241.3689
7640	Supplier#000007640	5q8,fgMPTbyNIESBILSGTHkp0lwgbV	27-921-220-8313	1157963.7070000002
9020	Supplier#000009020	JaTDiZo5RHvqv1K4wzwLFqTa	20-515-199-3757	1157648.8316000002
7885	Supplier#000007885	u3sicchh5ZpyTUpN1cJKNcAoabIWgY	13-347-523-6960	1157536.0797
425	Supplier#000000425	a KnEGf,bqEnGd2Wd9Tl	10-262-132-6639	1157404.9247999997
9335	Supplier#000009335	kuNDm2ZNuM9uY	16-545-236-3683	1156978.3817
2790	Supplier#000002790	EpAhauHHPf9ke5	18-337-445-1530	1156513.6911
2000	Supplier#000002000	b1,LW1CcQX7Mp2RQgKXLrKGvuJmM	21-860-645-7227	1156498.1272
1376	Supplier#000001376	RRPIyyvGjLfRy20DmcdsEl6	16-127-723-7329	1156255.5463999999
4962	Supplier#000004962	TsvuPcrllO2fkIC5xPsI02qzGLw09vRpnA	22-233-662-1715	1155590.8073000002
7380	Supplier#000007380	MRgHoeIsZf1lA	11-912-946-9060	1155532.9243
2840	Supplier#000002840	nXVY3S0,1VZrTavsOSFyBZx DOUU	13-232-174-9777	1155514.5255
5346	Supplier#000005346	C8aNEU8o3OTi4TWo RK0	32-682-989-9332	1155456.5343
8504	Supplier#000008504	S7nEEnbeSHtq6Hp5Cb8cDC1xT2FcLDf0Kb9	14-318-631-5865	1154822.6715
8992	Supplier#000008992	yJSqVZjqwBvaMt91zRpDVCy3tnAq	27-670-969-4243	1154556.1811999998
3495	Supplier#000003495	pAAeW9WWKOnvC	11-927-394-9110	1154418.002
3856	Supplier#000003856	z2smebcttB1A s1ZA	23-420-921-6150	1154307.3497000001
612	Supplier#000000612	gt9T2nnuWBiy5zcrWG2iSdZt,sAEYnD6	33-377-769-8060	1154078.4074
3960	Supplier#000003960	gTlGLliBZ5tejTU	33-532-108-8148	1154001.1601999998
754	Supplier#000000754	GLSmwjGddmyMx2D BlOKJm1Ji	27-971-371-9417	1154000.5425
3429	Supplier#000003429	EAn2WPCt0Glq,y6	16-542-608-8183	1153900.9972
4166	Supplier#000004166	dEGlhdQfTkadp	32-753-533-6531	1153751.2306000001
6013	Supplier#000006013	,,Jv41XwKEEUINXqSWOFoxiJH5Z	30-513-146-6860	1153145.2641
3504	Supplier#000003504	FHr0MRFGEDInYaqPsqVOU24TLJCiJiR0UrVcmap	10-676-110-6873	1153135.5980000002
9987	Supplier#000009987	uyeONdpYJFjU Xh6e1YVk,rbJlQczYul	22-168-108-7868	1152221.2113
2948	Supplier#000002948	0p41jJN,CYS5uxiehjAjqod	26-160-755-2098	1151819.6114999999
6353	Supplier#000006353	DoJWyLP3iNP9fF jWmMfEnH	33-671-650-5004	1151507.7173999997
707	Supplier#000000707	gIbGXDVlfL3Zl4dmtnAKrnoO	10-971-806-9591	1151482.8364
2196	Supplier#000002196	wdSDqS1UVwtfkm9	12-627-149-8954	1151392.0361000001
7736	Supplier#000007736	BcMatI7xYRA G4lv	11-464-772-6240	1151334.4257000003
9350	Supplier#000009350	R5zcYayjjFA3J	11-864-789-8663	1151323.5362000002
8225	Supplier#000008225	i7mYUAWhVs EOVc	10-617-946-4318	1150774.7283
4313	Supplier#000004313	X1jAOOmvD79Pn2qjmVW 4wPnM8pd	24-218-712-4324	1150439.8978999997
9913	Supplier#000009913	Xv9xCmjx5N ms	10-913-665-6524	1150334.6291
7929	Supplier#000007929	Zrv8c59BS9Hd	27-837-215-3993	1150319.1804999998
2313	Supplier#000002313	LGnQ7JjuugyOaENlaykp9Z2nvyFb	19-738-303-4653	1150316.4244000001
3675	Supplier#000003675	4PiatZZ iVMXhJ VKG	30-121-667-7383	1150235.9233000001
1398	Supplier#000001398	H1l294pHv2YCA2hQztBZsLGsBmhVBRRh	16-465-263-9578	1150142.5897000001
8484	Supplier#000008484	YgFHZx0af26o9dq82lpNGzuyp0vB6IX	13-220-902-7962	1149973.6855000001
7489	Supplier#000007489	NYxeEtz UBTtnJozcAkTAG1P N9qAqqpWRl	16-504-669-7466	1149524.0619999997
4471	Supplier#000004471	N,TTUEjO,aX3CVT2OVCCewJ	28-628-863-1077	1148935.6287999996
5379	Supplier#000005379	9V7hKSGNOUxDp3gLft0I,rg0j5xzs	31-286-144-6185	1148854.1515999998
7935	Supplier#000007935	N2vTacDfwSUl2DP6h0,YyV8	10-833-595-8002	1148725.2264999999
5844	Supplier#000005844	ZpU,qApfX1W02LNNF,wzKN	22-179-453-4856	1148463.7539999997
8748	Supplier#000008748	CtrxObjXNfPadUaK	12-204-143-5759	1147978.0307000002
5813	Supplier#000005813	UhMr cngFTYYRJw2u6A	25-920-170-9164	1147908.1383
9723	Supplier#000009723	Q1CkkpDdlLOpCJiV,zIf,Mv86otWhxj7slGc	23-710-907-3873	1147814.5583
6285	Supplier#000006285	jjR7 6B259HYtHaaYJLzSf	26-376-973-2470	1147490.2550000001
1960	Supplier#000001960	D3I28h7f6Z	30-267-821-2732	1146835.9671000002
6495	Supplier#000006495	vKOq9W5U9vh2,KuaVFibFDa2kqjUR4dkj2H	34-929-655-1316	1146832.1133000003
912	Supplier#000000912	ppF7DX,JePrdoo9qYFYwTOwszgUjHk	18-633-593-4048	1146758.4213999999
88	Supplier#000000088	yOshY8wwzMgS	21-191-938-9469	1146585.3765999998
5954	Supplier#000005954	wOwcbbHNV2p,Glt8SijFnE9ZLcTbnhESeLvyFN	19-145-589-1532	1146173.7976
8478	Supplier#000008478	Tj3eE6Al7EqoYO5usiXfHCLfxJk5EMAu3Q	31-885-222-9592	1145958.0319
8818	Supplier#000008818	hsZvpoAK6s,SZUJluvJXNijblDLCSa5DeFkQsW	20-625-642-4308	1145824.6387999998
3612	Supplier#000003612	bAV9ZD QRt2WxJGltie8o3ihwffMrqMrkvN95	10-750-846-9322	1145442.247
6339	Supplier#000006339	7DRKGrpsNzi4l,joQjQrsC G	32-998-703-5244	1145257.7663999996
7538	Supplier#000007538	EARYNgnmahFaNRPK4cLuseJN0ppf98E1	26-785-980-3802	1145218.7182999998
5368	Supplier#000005368	DQfVi W7lZxCFlt04JF XzrBeWTRfe	33-296-743-8157	1145152.8893999998
7899	Supplier#000007899	ikL4hIysHS53rWTz75XXLJZz5n7AJGs,JkldS	25-404-602-1786	1145022.2424
1218	Supplier#000001218	A bjeBaM3ftph BcnLk,XepDz4MuV4eo	22-384-682-3996	1144979.0052
8059	Supplier#000008059	j1r6orfJxZ9Q	29-557-610-2029	1144317.1826999998
6860	Supplier#000006860	,,wvwtQ,iPnSGUDE9mJ45MUVBjx4oRyI	10-646-424-2985	1144226.1933000002
483	Supplier#000000483	ncWfnroE1n639qMrW8	12-443-228-5035	1144210.5774999997
3775	Supplier#000003775	UskvgZnGOgFRv3O3	24-697-911-9257	1144100.3426
8909	Supplier#000008909	H1CQjeKFrzD7jPR	16-413-884-8531	1143972.4667
5957	Supplier#000005957	whhWEWU7QbD6TJGw5hfzcoTfZJOnuXP	22-251-381-2506	1143908.2108999996
3984	Supplier#000003984	,ppvG12P82IlWno	26-873-556-7574	1143800.5862
8814	Supplier#000008814	G64p9bmN4lEar1sbb65	10-274-747-4283	1143617.2959
4688	Supplier#000004688	J,JeiQCrnr94SmBTyvmYIq,Qt	14-967-555-6641	1143427.3965999999
5333	Supplier#000005333	pMMNZumvH8xG1tr9s	12-533-283-4074	1143131.0361
824	Supplier#000000824	wJnn6YrLnzsQWLOZNdMSBz1utk9EFS6icrvQyy	23-197-596-6598	1143116.0867
3855	Supplier#000003855	S7vYVTJ6TDH4,KAZ8Cs	22-224-350-5888	1143061.3397
2323	Supplier#000002323	WnaL 4ffPzkBUcGyzWE8T0HmWjAn	30-134-309-5304	1142985.3893
8455	Supplier#000008455	,zB2VbEOs1o7,YOYmE	28-228-864-3061	1142922.9615
6490	Supplier#000006490	Uc6PWa4z8J9RlL630WT0ni7e JpzrRqGR	17-618-365-9174	1142856.9124
4882	Supplier#000004882	e,V Bo1KZEt	31-537-780-2105	1142669.5317
3457	Supplier#000003457	wFhgQuzKe5qv7FyFD7l	23-874-357-9431	1142608.5104000003
3405	Supplier#000003405	3VldvgzWODcfArt6ePfRmNuqOBlRaKl8u3a8k	26-717-207-9979	1142566.5756999997
6611	Supplier#000006611	RvtPW2ijJd5 y9VLdJjvTMpdPXg	30-365-325-1791	1142487.9401999998
5762	Supplier#000005762	KOAqAO1NZEVaQ3B8g20TukofhnNAWtQH80ck LHS	31-408-388-3157	1142111.1746
3409	Supplier#000003409	GA8Y0SYqqRSyFvkZX t7v63jDh6rj	14-384-470-7827	1141801.0121
4284	Supplier#000004284	CFwZIO2lPV	29-247-639-7540	1141689.7327
7770	Supplier#000007770	KYJF1DiojM,63gvVhywmy	28-511-103-4423	1141607.4960999999
2879	Supplier#000002879	EWfqEmqPdHxrKZwuSxpXVvIckc	12-669-954-3436	1141458.0232000002
993	Supplier#000000993	z2NwUJ TPfd9MP8K3Blp1prYQ116	12-316-384-2073	1141394.7586
6893	Supplier#000006893	1qx2LTrRiB6nflwp RPEsLbBRNQspABzH Z	14-513-183-2336	1140975.8863000004
1738	Supplier#000001738	KFD3nE8IHWbZS0prC FPV8FQnF	25-692-297-8993	1140780.1275000002
4098	Supplier#000004098	qsYuM4iJpUVa99ihCd7vUt18vjwfUOs1DmYEq	25-888-375-3220	1140583.9862
386	Supplier#000000386	zxFf8YWdD9ltSzw0NOTFpKcBH8zJrzif9	23-535-472-3290	1140424.1040000003
1118	Supplier#000001118	JaLt5YYck8DDtpMr2nQlYEWPKHI	17-160-108-4158	1140366.9489999998
3547	Supplier#000003547	5z96HW9oQ2b hqfJtJ	21-178-297-6374	1140263.3153999997
8829	Supplier#000008829	lNcY7xNLDonCw TuRYL	31-687-809-7474	1140025.8972
3452	Supplier#000003452	7tMycIKhE,pe4OL3Du	31-644-663-7633	1139943.6262
8284	Supplier#000008284	agYEWUArk7a Sp6	19-421-597-7278	1139908.2754000002
5588	Supplier#000005588	dUANNQEgY38ymw	21-922-199-3790	1139734.2669
426	Supplier#000000426	zjIHPRMAI8vF	33-576-289-4702	1139547.7229
7226	Supplier#000007226	Aw6lbwDjwiSaI3y6PYaWt6UJXGvblZveDY	21-691-885-8563	1139412.0346
1498	Supplier#000001498	i2cBOyGFyMMcbR6jv1SX9L1Dl P7 2BoT1	30-541-982-7603	1139378.8657999998
1985	Supplier#000001985	iNpX5StxnUW8DlgToWvv9kZ Uk	34-968-184-3570	1139371.7529
4929	Supplier#000004929	dzUOBgSae7hmM6qDXc9D9T1C8zeVt139	15-165-696-2848	1139130.62
4910	Supplier#000004910	J0PPonsA6l14UiPj7b7dcBCSmD1q,C8Zv	32-735-545-1531	1139078.7678999999
4614	Supplier#000004614	fwaCEelmSGWyr9k	18-716-786-1412	1139033.3302
9511	Supplier#000009511	rhk,0T4C OEPLh	12-972-137-5914	1139015.1808
5774	Supplier#000005774	8P9EG8Smg40oyzzFIbo9f	30-267-955-9017	1138891.3849
6274	Supplier#000006274	S3yTZWqxTKUq g QQgcW9 AqhCkNZsW51hHuwU	13-956-812-3470	1138726.2071999998
6805	Supplier#000006805	,TIyURnd1chWJuhWdcQtS	22-163-139-8839	1138693.6991
6997	Supplier#000006997	q4RXcPrWqZaJ2JhRxzciXdb	26-273-500-5154	1138689.5577000002
1493	Supplier#000001493	MEIytTTK27Z1YIyJ4fRh3FsLUJEzQxaM	10-862-591-4491	1138674.9909999997
7445	Supplier#000007445	TySK7rEzzGe4gB6u,,4CSDM0iTx	11-107-152-7059	1138596.5180999998
2430	Supplier#000002430	tITNSz6Bak6PYrFrCV5mvd5 GGqlkg5Ib4cwh	23-542-548-8369	1138557.2147
3224	Supplier#000003224	uehMf22Gyj10xiRpK8oT	18-540-759-6437	1138537.2113
2329	Supplier#000002329	24L1GUVKPooZgk4TiDQAtVODBExVoCwznM,K	20-963-452-3436	1138180.6642
4577	Supplier#000004577	nDL547QPA4p7AkEq4QurW	32-382-840-6817	1138171.8858
6800	Supplier#000006800	trVyLGUXtwe7a porF	30-822-828-9691	1137842.9016
9907	Supplier#000009907	PsLwoo7rj23MGQVg0tTC	21-214-326-5231	1137678.5022999996
1332	Supplier#000001332	8MAqYAB7PhOvyTdhzaGV9SLvt	26-378-727-6261	1137523.4022
2436	Supplier#000002436	1HM1aUbsvoohOyDx5n6biIAoONPjmZ6O9LkDg5	16-977-315-5631	1137495.1022
2341	Supplier#000002341	iUiGXav0KdZjPDOrAC1 4sj2A8CIZ,yyWWIGE	19-816-319-3654	1137471.1933000002
6762	Supplier#000006762	xlEBW64hMxE59TgkMBq7	23-233-827-5081	1137469.9371999998
6806	Supplier#000006806	IMy5ZwsFKxspxOGlrs7CLPbV	26-274-468-5614	1137013.3642999998
1692	Supplier#000001692	vLZfI8OGE,SQXHr3PytUrNhxY48e6JJIBCz	10-789-325-3069	1135873.4077000003
8331	Supplier#000008331	uDK3OK3Hhsny79E	30-537-147-1978	1135840.3809
4856	Supplier#000004856	HYogcF3Jb yh1	29-334-870-9731	1135592.4150999999
9829	Supplier#000009829	a MzUAIbIxqhIuwTZN2w ysqZHoTXipJpWMo	34-526-678-9396	1135359.7562000002
3434	Supplier#000003434	dSMKIvhnfulrIDkReyMeCu	19-428-178-2867	1135325.2364
1955	Supplier#000001955	,GeC5kNX11ItX1CUtp	12-730-544-7513	1135253.9299
9351	Supplier#000009351	v5wkgMFXQS8p2fTYOj	29-982-545-5258	1135212.9216999998
5250	Supplier#000005250	B3rqp0xbSEim4Mpy2RH J	33-320-228-2957	1135169.9549
8411	Supplier#000008411	vtb0jArF1kmSJI0hI3JEF	15-213-446-6812	1134829.5639000002
8485	Supplier#000008485	UKbWnxfcaS,gZklz	15-711-844-1174	1134778.0422999999
8511	Supplier#000008511	JwdJZrdbup7rJh	32-948-885-3347	1134731.0322999998
1439	Supplier#000001439	Ahg9t34SgEUY4Ha4jlcYoR	30-706-667-6250	1134481.6730000002
5642	Supplier#000005642	ZwKxAv3V40tW E8P7Qwu,zlu,kPsL	13-238-924-2447	1134033.3394
5300	Supplier#000005300	gXG28YqpxU	13-790-538-6012	1133924.0817000002
5808	Supplier#000005808	s 4icF7UIthw8OZB	30-518-213-5617	1133551.1971
5473	Supplier#000005473	0kypwT7K1ixxUY5LBcd2v8iEnO	15-130-672-9099	1133354.2296000002
6511	Supplier#000006511	MwdvL34nlkXi rQUPDoqhkm9XaMx3WF	18-355-691-7466	1133349.9726
379	Supplier#000000379	jyGWzIJTAdI0Iko2o	30-202-917-6929	1133311.1277
3264	Supplier#000003264	vn,zd7zHlBDeSAbSZva4MyN	24-396-825-8756	1133301.9153000002
6501	Supplier#000006501	8SgyHYIWUpJstMX7FuHw3k3	34-947-812-7804	1132989.0920000002
6607	Supplier#000006607	3F 2e2gqD5u5B	13-743-119-2349	1132938.5258
8714	Supplier#000008714	5m3huRQp5gCl95WoC7n4ilOgjUa	32-500-947-8893	1132877.84
303	Supplier#000000303	MCFk0WJH4O9Fj,m3as3bdIgnP4pe 8qPj,wfo	18-932-912-3102	1132726.0315
9901	Supplier#000009901	8uN0zqb46 Bve	21-981-827-6340	1132228.3286
1987	Supplier#000001987	sSw4t7fWicU9U1Zpgi8z1q	22-196-523-5808	1131977.4126000002
1459	Supplier#000001459	9f0o97h4BZp2EFZdILZKMcHDa5C8K3	34-200-372-1503	1131320.9695
1976	Supplier#000001976	lbnEmZyu58MhIomv5jqN1P4aoTwRQYqaM	28-244-422-3128	1131160.9076999999
4276	Supplier#000004276	WYF6BQrFYxHYLi8eTjTSTjgH	26-507-556-9736	1131131.3139
2490	Supplier#000002490	uYTLvRbjZvdgawxn7  46K68ubbTwyVQV	30-672-535-3910	1130715.9098
3180	Supplier#000003180	g2Iz,zOC7UWqfB0ARyrVQvDtnQ0WQ	10-269-505-6788	1130367.4574999998
7357	Supplier#000007357	HR2HMaX xAvHJGkJ wOCqV9K77b5	33-222-585-9707	1130333.6776
7418	Supplier#000007418	SsWadX3k2M vjymTh4IaOrLZ0vEfxwkbmkVfyNb	10-114-167-6974	1130164.0333000002
1549	Supplier#000001549	MYsM43isIm8Y5u	10-983-665-2259	1130097.2133
1222	Supplier#000001222	xYNDEfSSuo5O8wjt7qBs38qkFnvRoljRxdMXlSO	14-643-664-5410	1129833.1792
1926	Supplier#000001926	UP6w7yICw0aRxsRwDkXY,zleHx9q0EX9TiF3,To	32-259-128-9507	1129670.897
6924	Supplier#000006924	maqzwBjfGNx1w0UMNIpN	33-294-250-9214	1129188.4473000003
1887	Supplier#000001887	7Z75U5i7LLuXp8GbXjlH41sCgWsnJ 0iGgcSj2mK	10-838-936-7432	1128794.7747999998
7344	Supplier#000007344	4Db1i7k4kP0vVT1iRu693YXe5Zy,	18-543-611-3790	1128633.1875999998
114	Supplier#000000114	Uvz iykaBYOC	30-998-334-7841	1128545.2653
8354	Supplier#000008354	Ck4DSBX,6WQh,2G17wStiefhq bJP cztbhh42	30-908-905-2177	1128330.0994
6994	Supplier#000006994	XAX2GA4eRiWOiEs8,Yawi	29-224-770-4470	1128224.6327999998
9005	Supplier#000009005	zp0CwDNMpzJG y6R3hfxOq79	25-988-399-1040	1128215.1641
6323	Supplier#000006323	wYTCmD9tv53H6w7CglX,F	18-518-921-4884	1128212.6583999998
2025	Supplier#000002025	5PA3gpCb,udfi3yvxlFcAFaV1SnK6	30-862-982-6332	1128028.0197
9384	Supplier#000009384	Z7Txs1yOp4mVCG	34-393-170-2099	1127934.2543999997
3756	Supplier#000003756	uKAIfW8hidCiViTFHF9J, PGHuM	16-138-378-7472	1127784.3214
2450	Supplier#000002450	MR GbefBrwM AmKJtpAkFZ72EvomYHyaQ0	17-703-335-3427	1127728.5646
9490	Supplier#000009490	pjD9sH0WR 9GL2jYDdXUsrWxOvXx	29-373-605-6011	1127421.5500999999
9831	Supplier#000009831	l6madwcmMnZkGWv0 e	29-635-483-3056	1127350.2496
4903	Supplier#000004903	5jqh0004hsIRqM4CBf3ej	29-753-806-8134	1127125.3254000002
1753	Supplier#000001753	Hl8Hn83R16EKFoedi31LQKu5 2exdrLzFeWb	33-108-335-5944	1126826.6200000003
9381	Supplier#000009381	rhCTm7QehIznqd8 Np7VT,H5J5zSGr	31-405-984-7512	1126690.8240000003
3416	Supplier#000003416	xSA,iuriMU	17-550-662-1049	1126402.776
2294	Supplier#000002294	dcAWrWvBzWRQ8j2lUMRKol3Eq,4xFipvykrHfu	32-342-857-4948	1126162.1627999998
8017	Supplier#000008017	Ok7auFnA9NTR PN6h6WcTlMFOy8A	15-863-981-9311	1126108.1152000001
6494	Supplier#000006494	hwm GtBNhnQNc,02WQ	17-470-322-7330	1125947.5805999998
6453	Supplier#000006453	25kSp,1PUc	30-282-264-2979	1125945.9687
4373	Supplier#000004373	TBPWO5waPyT1GMLBRRq4WVTVDCHTU0l	13-911-820-1514	1125590.389
8422	Supplier#000008422	EuIEI3T6B kwAnjl55Vmc	31-278-642-4974	1125546.0395999998
3881	Supplier#000003881	vmqfjM73hPvUEaE3dR0ITCrqUDl4ccNd77Q	15-818-549-6778	1125498.0814999999
1729	Supplier#000001729	t77dnGUN7PRN68GNkfLtegp8CemKvdDbLaaE3UNd	28-932-759-4965	1125316.4039999999
9393	Supplier#000009393	9dQepFzaR5,KlejyIFMqnKp7EMexTmxhGuky	26-874-863-6361	1125008.3249000001
880	Supplier#000000880	s7AgxI7139o6arS2SfUX	20-178-395-2605	1124996.1363
2470	Supplier#000002470	o716ZrDQeuT17Ba GW,tcQGh0Avqd y	32-424-721-4536	1124958.8898
9484	Supplier#000009484	NduT RdP6FHKsVzdiJiasyFTVhpSFReHbUN	29-208-651-5479	1124908.6661999999
810	Supplier#000000810	RMJoA1yw 1fM	19-328-138-9772	1124767.0932
5500	Supplier#000005500	sjHZWxiy cCJFDecrNHp	22-790-659-5767	1124738.8862000003
3039	Supplier#000003039	al8BwGPFlYt,Gw5otw0bVs0c	31-564-294-2527	1124435.9026999997
980	Supplier#000000980	jfgiJfywBW88ZEYM 5V	23-105-829-3910	1124260.4093999998
4102	Supplier#000004102	61JlI5AuCyu4ofIwTVUwqo	12-833-954-8094	1124016.5924000002
1950	Supplier#000001950	np0V93T1ZvPmyuqJ	27-204-805-2085	1123902.03
3388	Supplier#000003388	5jhre3tArrwL	13-271-553-5763	1123817.1139000002
4816	Supplier#000004816	eFcrfArvpKcH0dfdviLxT	23-353-314-4781	1123750.8905
6503	Supplier#000006503	SoQkixNfgtyInyljxN0Q3J5jyBlX237M8O	12-211-133-9136	1123614.6761
4669	Supplier#000004669	iTG66d87I52jSF9t,yvnA	24-346-311-7142	1123582.4353
5951	Supplier#000005951	vFLo9z,wj5W7eY7GwZ7uJRPL00A98mO9gbRD	14-698-491-1588	1123438.6175000002
2478	Supplier#000002478	4oxBGBoQ6h	18-656-819-2163	1123436.3277
6486	Supplier#000006486	MPI18JUSDV	22-165-725-4850	1123418.6759000001
9321	Supplier#000009321	lwznHe,WHtbKlY3yRknx oU PxZwp5Ag	23-436-335-2124	1123149.7670999998
7836	Supplier#000007836	jQDML3J1qW79xUKXDs	26-232-396-2087	1122988.1684
3922	Supplier#000003922	uZbzFZ8,tZEecLPWporrD6XAODlIaLBn78cKh	32-602-676-2354	1122790.3277999999
8302	Supplier#000008302	6zp1mzBds96Z1TfXRnd3z6oPHGBsAJv2K	26-172-616-7062	1122650.0217000002
2710	Supplier#000002710	n0B8gQQBP0oHY3Sj0	10-749-448-5794	1122096.9614
8966	Supplier#000008966	xORytrohBHFNzuRMs99jyDtg7k4YlPZ4QnMNnGOD	13-897-292-9766	1122008.1455999997
8863	Supplier#000008863	C6S3M8dDWHt5cWuQZFy9	21-609-280-5505	1121781.1246
5958	Supplier#000005958	tsrssKVbGILzF6DWtfiJCcVrTg65g	14-893-866-4796	1121711.6288
3314	Supplier#000003314	jnisU8MzqO4iUB3zsPcrysMw3DDUojS4q7LD	13-742-946-1486	1121704.2983
800	Supplier#000000800	Z4 hpmBjpjBXREqzixsBCIaF	10-497-654-8607	1121682.1418
9693	Supplier#000009693	,NtpOfxQv JMEv CJZjPvD,YFL	21-884-330-4663	1121644.1365
9207	Supplier#000009207	RmMptXS LqStqzaTDlWpJTtKIifnh	32-647-700-7127	1121313.7998
5933	Supplier#000005933	0Y6Vzus,SVDpfR203m6EjUI7eYg A0JUwmUHt	33-372-776-8413	1121191.3809000002
7855	Supplier#000007855	u FDeIpb3pxD9ChYiIi0bb8QLijGQfbUiZo	28-265-425-9975	1121084.0773999998
8985	Supplier#000008985	DQlo6bAOeylGzburi66Io6dtsqX1rU3,rrEyZ8i	29-284-229-3052	1120909.9136
1305	Supplier#000001305	lGVHX2h8ASYiLtSnXZQBq8s	14-959-834-7559	1120909.3276000004
7703	Supplier#000007703	odtP Txyybda	34-595-906-4948	1120727.3979
2388	Supplier#000002388	niOYugipCSgj5xa2x0SQ8XvD0AjyrbpF,	17-309-898-9587	1120494.0139
1884	Supplier#000001884	9 DQynTCKNx1,hTiMBYVmwlg8KWs,U	11-365-480-4166	1120155.9816
6094	Supplier#000006094	wq6EZr3njrSo0bUx50jU4cBWH14CEmNd	10-455-358-9844	1119913.2476000001
5446	Supplier#000005446	Nusoq0ckv9SwnJZV8Rw2dUqE,V0ylm Bon	14-468-853-6477	1119591.5601999997
6968	Supplier#000006968	MYqBZH8gOrzgoiL6SwwFA	15-584-254-1458	1119429.1961
8170	Supplier#000008170	bhdq6 Emicz,TUCBbQAj3dRLOKQ	29-619-637-7123	1119240.8309
5365	Supplier#000005365	crrHU5sZl2 BY,oD ma5GbFI	34-647-376-3051	1119133.2403
9388	Supplier#000009388	Y85UWL2NPa	34-514-815-5500	1119100.2382
8351	Supplier#000008351	N8Zid9nLWLAtcpswmFnsq UN9ET5Hlc0sYI0C	16-636-652-3301	1118903.7182
7346	Supplier#000007346	O0c816gzadoKlKdet8RacnIBdDAw	29-488-831-1697	1118887.4696999998
524	Supplier#000000524	rTYNcqhFosNU,4	23-993-423-3788	1118711.6983
2954	Supplier#000002954	fR,RDoFTT2Y3XCDW	21-448-918-9473	1118670.3606
967	Supplier#000000967	uPDH,GMFjz	14-583-250-9472	1118431.9444000002
4025	Supplier#000004025	GaSoP57h,H3bpBq7PysoP5vVKH	26-724-854-4072	1118367.7821999998
6401	Supplier#000006401	0GnAOyOsGqapvp82v53uhYklXzLyN4zVR5QYB	11-506-872-5124	1118363.0865
872	Supplier#000000872	oJQEy8xyrptE	21-271-893-1965	1118124.9771999996
604	Supplier#000000604	B53WjrwJCSh14Bx,oCEinGgCJ3ZCc8m	34-390-848-6584	1117836.7672
8961	Supplier#000008961	q6mrSY0F8JyJvhzv My74ly7Yy79860Wmi	34-880-655-7105	1117270.5429999998
883	Supplier#000000883	5ppzWDz6xcMOO09LkrAOvHzFEMfP3CIpndr	28-614-756-7513	1117134.9248
8459	Supplier#000008459	bi5ogIxzj kP mbT0yulUqiR4pQhvcgbo4FM	14-703-366-2735	1116866.3748
8774	Supplier#000008774	w07Lr99j0SK4	15-897-579-3890	1116690.3593999997
3673	Supplier#000003673	njOXUCLw4em	34-340-430-2327	1115636.7099
4923	Supplier#000004923	u VJeVpWm2UfeajsyGzxCDvZw	34-911-585-4859	1115283.0852
6816	Supplier#000006816	I9XsfxxkTTxiIleWJ	10-659-842-8621	1115240.4537999998
3160	Supplier#000003160	cscNqZ6YwOTBJfj1tvo	25-481-965-2571	1115227.2627
3098	Supplier#000003098	z7pX6i3bDtay7JwDHnXJ5m5OKPpD0gf4h	20-944-694-6470	1115180.4792
4464	Supplier#000004464	q4ujOwFkYY1N	34-684-820-7614	1115030.1345000002
9760	Supplier#000009760	pmtH2u1xfEjW5EEq9kjB8mMfqr1DCzfv	24-294-975-4599	1114305.5983
1933	Supplier#000001933	fdJmXGml0OgoNCsT5Wukzo0L4NlHPq	32-601-788-5798	1114289.9743000001
2394	Supplier#000002394	xGHwPzfnQR	24-503-463-6339	1114285.9285999998
7828	Supplier#000007828	64Q,7Mg48bp7dnO1pd	17-598-100-7050	1114265.2529
7544	Supplier#000007544	W0Ga,g4,AbfqOk	26-348-368-1674	1114229.2283
3552	Supplier#000003552	PMWgNdKj2YRTgdEaZZdqizMj	27-230-716-8375	1114093.4001
6481	Supplier#000006481	i7o5TKSv,bYHzagKxJA4M3rtfZhRHSMvDyy8Y	25-746-155-1214	1113751.0534
2252	Supplier#000002252	Y 6If6HgqdTOEkGq9	17-200-114-9951	1113650.812
6963	Supplier#000006963	pTYkcW,v6m09aY4TA,Mon1LNLQvPwvmhfVzNJi0	16-122-543-3501	1113502.7315999998
6226	Supplier#000006226	CKuDyeGAxPHeRHwC4a	31-699-107-7809	1113472.3233999999
1319	Supplier#000001319	BmPKP5ZotUl2k8lR0J5VNovROzp HFD	26-578-880-6781	1113392.5278
1975	Supplier#000001975	nBmdXXmMEmKhYwO2PWWjQur	15-516-365-1831	1113377.1449
7463	Supplier#000007463	U7O 9NmpIuTsFtziT1S2z1xe	34-145-831-6422	1113375.2652999999
5305	Supplier#000005305	nq0BDIq7RkB3Nlf29acxIE	23-259-536-6169	1113373.8082
5749	Supplier#000005749	X2SFFwGxttEpASPa7LZL,L	18-208-540-6801	1113372.4824
7212	Supplier#000007212	CL0Y2ehpi HVSEqUDhrFv	11-332-864-9431	1113117.3149999997
4224	Supplier#000004224	czIAOSaOsPxmB1S	21-610-199-4406	1113111.3601000002
2145	Supplier#000002145	,4oLt9R33bS8YBg,Zt1B7t6EbzF2um8TMdGfi9AK	20-993-496-6890	1113073.0965999998
260	Supplier#000000260	TQGxRpJe08nPRqPYDIMTnst87mC0HZJ,rlnCQTF	33-226-804-7400	1113007.0990000002
8809	Supplier#000008809	vE7N LgsRACSMSW0n09QrClYfU0ySPVxn5	17-200-955-1239	1112772.6326000001
6964	Supplier#000006964	6QkT8h6,A,yp6	11-529-924-4414	1112754.6349999998
5479	Supplier#000005479	01UuytFPeu6tQC6YsE679vJKyuTNozBjaq4By	14-197-899-2987	1112549.2975
7281	Supplier#000007281	sDqiFy Lfa9G5sLhA1mw7fuUSFB	11-972-878-2238	1112491.3776999998
80	Supplier#000000080	cJ2MHSEJ13rIL2Wj3D5i6hRo30,ZiNUXhqn	31-646-289-1906	1112373.1639
1478	Supplier#000001478	b6TLE65sryHFVFjTIukGqvuefvY5	27-123-588-7355	1112042.5907
7432	Supplier#000007432	NgBuGog0iL5G918dWdjBVq	15-803-834-8325	1111871.4274000002
7452	Supplier#000007452	sVt5kGMpNCfu0fAXV058yHMPs c BCBcsG0Y9	23-503-242-3661	1111784.2636
4484	Supplier#000004484	a2qRt2aGJVq8n7SDhwbJ	32-423-931-4014	1111716.1435999998
8320	Supplier#000008320	FB TdvQvk36	21-388-687-9284	1111711.8044
3930	Supplier#000003930	k6G9l,i3lv4oGkhHyVadfACjIvsw,VD6o	34-351-898-3665	1111615.3865999999
2448	Supplier#000002448	WqxdtiMx3aj,ip YtG9Kko4Rmtk9T	10-445-749-9046	1111561.9636999997
8409	Supplier#000008409	N9Ch4EGQ0I	10-445-108-7715	1111475.6385000001
3809	Supplier#000003809	55E3UPlPoG7	20-122-491-1283	1111409.2141
9941	Supplier#000009941	nt5XPlHwYecqnkW	28-251-197-4432	1111299.2704999999
6919	Supplier#000006919	THb6susPFrL,uN9	16-231-445-9839	1110971.0984999996
6979	Supplier#000006979	eHXl70pXPk8O5vrZJOG1XrMunsmu8iZPk	15-793-442-6510	1110896.8791999999
8206	Supplier#000008206	9HpptwDlEUbrXKmNd0A8ugvrIU	18-603-201-5658	1110864.7257
7466	Supplier#000007466	Iskr9uYWmA	32-748-898-1030	1110695.0770999996
886	Supplier#000000886	R52IgT6b0yBuU r8,dNRZVWRY	11-329-720-1904	1110419.4606999997
8374	Supplier#000008374	rIi5HjxjPxn3aNJpBQIQ9qPmoa	12-389-750-2367	1110365.8251000002
4454	Supplier#000004454	ZooBrOO1fXne9 eBkoNQeN7h1yRgjSA5uJ	27-197-527-7677	1110286.9116999998
7997	Supplier#000007997	qQ0UDsf8ak8DcVK DV9sqXL4LTG	27-875-656-8454	1110055.8871
9116	Supplier#000009116	ULjaQwNbcB XUG9dvbZDHvJVwLo08utswt	21-241-469-8343	1110042.4902
8377	Supplier#000008377	,Yk0mflw2LqQCTxMYR sU2juj5DorUAG4w6i	31-354-319-5782	1109967.0126999998
3433	Supplier#000003433	U,Ccsi8VrSqtkZ1BnPJkpzuViKtuIVOmirXtwu	15-334-430-7428	1109830.9267
4711	Supplier#000004711	bEzjp1QdQu ls2ERMxv0km vn6bu2zXlL1	13-416-817-3915	1109683.7357000003
9175	Supplier#000009175	JYoZYAOQdbh	18-483-310-3053	1109590.868
4140	Supplier#000004140	0hL7DJyYjcHL	13-865-411-3277	1109068.3755
3925	Supplier#000003925	Wef7Ha,mMw2ryb2pGBXzHT	18-955-286-4346	1109020.4614
5519	Supplier#000005519	cR9o8dnO1,DhgnNq34OTMeo	22-158-327-5924	1108678.5596
3410	Supplier#000003410	b52Zsy0pkB2HpOPgFUuBqr5TX	18-862-727-2661	1108617.8490000002
8349	Supplier#000008349	8Hkx1IDd0mZCTX	31-539-655-7949	1108385.3698999998
1848	Supplier#000001848	k9OeQO9gp1EKVweuiOyBLcP	26-144-261-5485	1108272.531
3773	Supplier#000003773	UWjSotAjkAD	31-827-904-7926	1108003.4322
2476	Supplier#000002476	XmIgFZUxS9KpXDl	13-403-947-5166	1107912.6144000003
5818	Supplier#000005818	tD0KMqVZeLwxrGJZRU8fzKgiGyy	26-339-165-7108	1107618.5237999998
5454	Supplier#000005454	NJ4sMCJou3j4PKwa	26-407-269-6312	1107195.3014
969	Supplier#000000969	thRdVx7vCajVFs7gsK8VKxzydPiHvIKK,DtR	31-171-204-7902	1106968.7174999998
7878	Supplier#000007878	aq6T3tUVq1,	20-861-274-6282	1106734.2521
8908	Supplier#000008908	wFlLRzBb9gRbP5rc6hbkqvJRqEoTFpnD	30-730-480-7056	1106584.1083999998
918	Supplier#000000918	e0sB7xAU3,cWF7pzXrpIbATUNydCUZup	30-303-831-1662	1106303.3879000002
3924	Supplier#000003924	D4SSJXYsvf3PbLcImfJ1n0f2mDZzN g,f6q0Q	14-218-561-6073	1106164.4662
9766	Supplier#000009766	0gzxa,ZVKL7OMFTWwyW	22-375-740-4590	1105681.8464000002
1527	Supplier#000001527	373oKr,Hok,M1fz5pFs,DGt00NeCNUKvqsqB	31-496-199-3385	1105431.2287
6123	Supplier#000006123	2bhyiEp bAZB841GyKL 1f	24-973-888-4782	1105412.2315
9793	Supplier#000009793	ftjRWD5yKM8JNwUAEJCi9jAb,Pu5LVDrsKEq	21-292-156-2304	1105365.6027
6001	Supplier#000006001	6S RG2sY99qt8Am ZugMI1,Rvcbl	32-686-776-1548	1105242.8987999998
7010	Supplier#000007010	eNUebieMDRu2rmc1C	32-860-684-8353	1105199.6361999998
1586	Supplier#000001586	m LYj4Omt,luWdRK8pY	28-163-124-8856	1104773.4500000002
4387	Supplier#000004387	NNCgyaD52WCcNjxwjazihr5CfN	20-112-470-9141	1104727.6418000003
1504	Supplier#000001504	UPEAScgZa17W8yD8Wp	34-307-220-2727	1104681.1958999997
4858	Supplier#000004858	MzKGzMuomPZYRRxEz8tdjX5Nt5oqRdb	21-951-153-7767	1104680.0601999997
8782	Supplier#000008782	x3s6V13vML5pegjYgoO9Hg8	24-221-880-2155	1104537.0362999998
3822	Supplier#000003822	XHhC 55Ip6UIed8ZtMjaEmOzeg0W2s0wYk3ew	34-169-166-9819	1104316.7100000002
2283	Supplier#000002283	ZlQ9xdapnt h3gFloTbt5DU2rXE8GmvOUIp	26-277-101-2459	1104030.4237
4370	Supplier#000004370	iWqEZUI3uKQM7yZ,eHDN,BiTr,sTurvp2WaI	29-322-800-5692	1103913.3403000003
6986	Supplier#000006986	aEjjqMOrb4QaOOmOfv2YIgG	23-248-840-7380	1103677.7881
1954	Supplier#000001954	QrTQJOkhS7WEFB3L5zbvDUSGh4lV oh	34-861-418-3829	1103396.6953
6925	Supplier#000006925	zDJtY9Vp1asvKVRsvDd	30-984-364-2432	1103276.6644
3479	Supplier#000003479	OuQuffXBJFwrjPQCrqqVkj8jJA15Ex	25-609-427-3896	1103239.3793000004
8270	Supplier#000008270	2dbla7q9MZLxCts3TcSAVyfm3WLlc64s	14-617-863-1649	1102834.0332000002
212	Supplier#000000212	ZutN4kNIsv7sPWIV9,7	17-617-724-5874	1102764.3883
9507	Supplier#000009507	WJFMxE65dV7IiS0s40hTU	11-332-398-3201	1102627.8241
6435	Supplier#000006435	xIgE69XszYbnO4Eon7cHHO8y	13-233-835-5544	1102550.1927
1198	Supplier#000001198	vRfsLGzF6aE2XhsqgmJFUHGmMHepJW3X	16-393-309-4863	1102546.0729
1265	Supplier#000001265	5OzDMA8VgiJeximuX	21-513-678-3138	1102534.8235
3880	Supplier#000003880	DZo80mSznrhCpb8	31-253-201-4873	1102437.2059999998
9828	Supplier#000009828	eWld etKTGZqvR1igxQc0ZTKVfCxpR9Y3aEDn	27-853-353-5536	1102352.08
1929	Supplier#000001929	9HSveX9CpjMcvUFhEeLuaGQlb4zm2kg	32-384-446-8680	1102232.9322999998
5611	Supplier#000005611	pSGcoAPtjG6R	34-290-191-3031	1102210.619
1808	Supplier#000001808	5BpK38HqFkGcR6fB8R2fJ	16-705-363-3885	1101888.1898999999
1199	Supplier#000001199	Ak51uQVtsJig3QQ7iDEZdBEhBRCH2ACuik	19-199-275-7669	1101869.9374
2397	Supplier#000002397	E0b,zxlk yKgtoKg1jH,	16-439-996-6973	1101780.2089
1702	Supplier#000001702	moV8JuhcrBxAXOJzmtGb0maE1Mmjrw6t	19-747-481-4905	1101755.2405000003
513	Supplier#000000513	YMhcTaVkhw0nO9B,	14-481-495-8505	1101698.4487
1364	Supplier#000001364	hZloe XgNqB5f06b74VCiDRd1bea5tMvc,Q1ACF	24-101-128-6679	1101297.5629000003
6282	Supplier#000006282	hEcrcg2AlVQD	17-486-187-6942	1101278.5925999996
6696	Supplier#000006696	ljWztaEfF576Y	20-998-715-9446	1101100.5931999998
8898	Supplier#000008898	qkoZBx4m 72,Svpfn8C1a b5bee0wYqUlqv,nl	10-111-184-7959	1101074.3007
9967	Supplier#000009967	ulqn3UXU4UfbzeSRVoSd4k3Mc2V5t	15-289-544-5688	1101009.5198
7442	Supplier#000007442	DzycM1,T6kh2EutfPeFpv0Ro	31-999-609-6818	1100850.1630000004
8469	Supplier#000008469	KO8JEXd9bjCGExjeLS8FH,mE,OSHl6vTHVHsFyw	16-529-676-8077	1100266.7931000001
1429	Supplier#000001429	4pWaHM0NNE0j GmfgT8	31-457-951-3566	1100236.7231
2316	Supplier#000002316	M,3PTPas5L3YqD ozi	11-715-299-6551	1100097.1647
5369	Supplier#000005369	3ar7EUFFHs1jyUlXhHtTOgo	10-597-638-1864	1100075.4769
2935	Supplier#000002935	FjT8qWHLVhrrzbuM6	26-846-324-1432	1099982.2678
7818	Supplier#000007818	yhhc2CQec Jrvc8zqBi83	13-952-431-4864	1099617.3139
1674	Supplier#000001674	nepm7O58V97AD	28-893-890-1902	1099576.9253000002
8730	Supplier#000008730	WhTjwYrEw4QNCxp4Fhpc	32-267-482-1156	1099203.0687000002
6883	Supplier#000006883	7Jow14LNWvnADcfBjCQZuq8AMIuu4e,kf	20-745-172-4921	1099007.3116
173	Supplier#000000173	OqQzF6rfxDvkjpMXVCwGfQzj4oTHBHyW5kC5Gjxd	22-640-545-4690	1098749.0173999998
7873	Supplier#000007873	nqHeHayWL6GV4yrpCaUhESHiWlB75HXGxeP7Z	21-910-520-4230	1098645.7737999998
7523	Supplier#000007523	XvPm ScJP u4	30-546-972-2854	1098588.9926
5937	Supplier#000005937	kYSmhyv81ptthtH5efk	26-965-921-5958	1098531.8192999999
2598	Supplier#000002598	tunUZrfZ3bzb0e0vhmhtmp6LR9aC	23-511-169-9974	1098454.2456999999
9113	Supplier#000009113	MRiD3IZCKabJ1Hwb71T9nCZGleNg8g1lLKE	21-267-707-3081	1098203.2410999998
8486	Supplier#000008486	ngtBMvFNcFT2Lc5c4,sn8ozQX	33-489-227-9233	1098091.4919
5750	Supplier#000005750	Erx3lAgu0g62iaHF9x50uMH4EgeN9hEG	29-344-502-5481	1098010.4928000001
8176	Supplier#000008176	cQBg1Bxn5LxxR h ZnF SCIZO 0XZpEsP0vkfc	21-209-627-8129	1097889.0096999998
907	Supplier#000000907	Y79rRfd5UhgXi6Ahj9ooM0vNHts	22-595-604-3254	1097666.4763
6780	Supplier#000006780	VXqCDoOKm8uMqzdOlObgHutnby5yZYhsoELTkBh3	12-332-117-3090	1097616.5059999998
1747	Supplier#000001747	UyDlFjVxanP,ifej7L5jtNaubC	14-141-360-9722	1097613.2045999998
1745	Supplier#000001745	HpEkG64m4W	14-694-581-3111	1097464.4316999996
949	Supplier#000000949	a,UE,6nRVl2fCphkOoetR1ajIzAEJ1Aa1G1HV	33-332-697-2768	1097229.7706
2983	Supplier#000002983	0BPM3teAFg	14-331-253-4156	1097163.5857000002
6947	Supplier#000006947	fqnwZNiDzAWepFK	26-526-555-2820	1097152.5462999998
9976	Supplier#000009976	zLT6ZaLiz2Kgwh2I 6	10-132-638-2412	1097149.1008
228	Supplier#000000228	pyTY uocaSasIUlrHUbBwM,r,	24-920-216-6514	1097101.324
2087	Supplier#000002087	HGgxYKF0 EkGjGK	15-542-152-7965	1097099.3110999998
7477	Supplier#000007477	9m9j0wfhWzCvVHxkU,PpAxwSH0h	13-583-330-2709	1097035.5639
3364	Supplier#000003364	5p6HNshx2rf4EKNYzm9Y1vU3	26-278-540-7484	1096760.2835999997
9795	Supplier#000009795	8OTciWrTnRVbFAUUrqEg	23-628-902-1062	1096710.6467
7896	Supplier#000007896	s5au3AXlF uwmEGeUAlTPW	30-121-893-4987	1096501.4586
3239	Supplier#000003239	RRSmqHhyBHJegOW867GgvVlkE4MJ6tz6jzi6PqIO	33-288-804-3846	1096356.0938
8428	Supplier#000008428	YeM8xSQcU5k7i	18-481-625-2961	1096066.8057000001
6436	Supplier#000006436	dR1Wq 0Zx3AJ1zd3fIqE	19-802-581-4826	1095973.5489999999
5855	Supplier#000005855	zz7AA867zRvbpsZIRmoiQ5	13-263-716-1110	1095899.8259999997
4820	Supplier#000004820	Ja1smMw RnwhnJWsu	20-745-250-1724	1095754.8416000002
6366	Supplier#000006366	cwEztmA0DXvIeMJz4ae2B4JRjjUPX6f	19-192-292-6849	1095667.3975999998
1931	Supplier#000001931	FpJbMU2h6ZR2eBv8I9NIxF	13-822-248-7689	1095605.1332999999
1889	Supplier#000001889	eK1A7NhlGccTJw78wxR T	29-122-640-8760	1095395.0404
6971	Supplier#000006971	S2pAN0uYjU,0fODwI8HBiSxzglO	22-523-651-4190	1095246.6431
1820	Supplier#000001820	KpXwAkf9mJGAhkUcJUmWO7ggW3lI	15-664-895-4843	1095245.8793000001
6703	Supplier#000006703	RMQe,2nNcihLXXr7OzRybP,NAE	33-185-555-3648	1094897.7724
8413	Supplier#000008413	pWEMNP3EUdCy ds3zURKq4w2VDW	11-775-936-1233	1094798.9368999999
7332	Supplier#000007332	gVo6DrbBSAzBZaGj3VYf3gRn	25-612-368-7830	1094713.6997999998
7501	Supplier#000007501	AsB2Fd8oZg9FeNH4VrCVqA	23-821-356-7066	1094524.5564
305	Supplier#000000305	pKYTaixBtQ3AGJLwndRNxUlLUkXN667JT	27-607-328-4914	1094499.9411000002
6169	Supplier#000006169	mpQWH0Rf3lBuFQ7Em4Bt6v	24-589-213-7426	1093833.2517999997
251	Supplier#000000251	Uqi3s, iqzLxI4duoRfgkciiN4XuCvITGIUf	31-869-288-1674	1093724.863
8282	Supplier#000008282	eBrmBWMgEcjgyQCITyRrhCn3h317JbA	11-231-892-1749	1093573.0475
4354	Supplier#000004354	ZucRIz6o8ODOsMs75T3Z,E3XGfR	24-373-126-6675	1093408.813
1494	Supplier#000001494	nqNP5GmByEQ496Y3MgUngQ	17-962-207-6063	1093387.5496
1294	Supplier#000001294	BvnGVXACBisiqCr8EsDa	25-658-545-7916	1093077.3044000003
1132	Supplier#000001132	0rxuQ74Sqy	15-583-125-3480	1093014.4528999997
3454	Supplier#000003454	AE2EfmgORyk26eAgr	13-176-784-6973	1092846.2118999998
1440	Supplier#000001440	bv5HJUqVkW	26-480-361-1751	1092732.0028
3915	Supplier#000003915	Apr7orJmH6UZR3FrVVrrtY2c1x6kt2z2S9w0	12-111-834-6302	1092680.4926000002
847	Supplier#000000847	wMieciw3 YGegk	25-908-575-3915	1092630.1843
1229	Supplier#000001229	WVPJeTRrbGr1C08izy7oaVt2 srgX3znhZ	33-448-290-4429	1092472.288
8398	Supplier#000008398	EkXd4mwesEQ,cAOxqbTJ,HvYyQotg3o6vlnd	30-713-464-1834	1092134.2005999999
5872	Supplier#000005872	4BAYNI9JrbipNPswV9uFmYwYkP0aqBUvoWuA	12-313-676-7687	1092121.3435
3928	Supplier#000003928	fuu,slIkrxNz8	24-914-931-3627	1092096.5699
2005	Supplier#000002005	McKU4Du,pmL10I3g	30-286-863-4689	1092013.6732
2795	Supplier#000002795	1Pj8j m,aGVpW	18-452-280-8239	1091892.2552
6500	Supplier#000006500	KgQ7AdHVOGdtGUeds0	33-273-488-3077	1091884.5775
8958	Supplier#000008958	N9yYTKnPjC	31-489-620-6997	1091788.6402
9919	Supplier#000009919	MkrNYlbFA5Z,2C jSE4aEHPdcLoQ92oBPy 0	21-515-740-8455	1091747.996
9172	Supplier#000009172	ab3TaPZy95Fdp1e	26-195-558-4363	1091706.6060000004
9221	Supplier#000009221	6PHk0Jdw4XGvLC2inbLmnzdT5uNXJHMXDtt	34-986-690-3784	1091526.3719000001
9062	Supplier#000009062	LZtzjMg6m7D,q6XopVqVcy	24-231-209-5210	1091510.4802
1678	Supplier#000001678	1hEflU5Nt,EVDdB6LZO7514 zJdRqjhc9jK	26-905-311-6289	1091393.0332
7307	Supplier#000007307	oqxuVj9loAZ	15-946-270-8340	1091371.9441000002
5516	Supplier#000005516	XsN99Ks9wEvcohU6jRD2MeebQFf76mD8vovuY	13-303-283-9409	1090816.6411
9481	Supplier#000009481	pVlkK1po67Tw	26-369-206-8249	1090660.2134
4433	Supplier#000004433	,264VWuSf9l lOALdP cLe5coAdzMc	34-546-668-7007	1090500.7473000002
8661	Supplier#000008661	K,uXFt NKM8r09Y1cje8cDRgz	32-974-820-9483	1090479.6142
4570	Supplier#000004570	ZUwh9xolomrElngKfKQwrX9a0bgmUFqdL2V	28-530-319-2008	1090338.1675000002
7073	Supplier#000007073	6PzKtod4BPf2krTkukFc EwBYJ 08cC1EebwXzSM	22-560-424-4848	1090149.6166000003
4194	Supplier#000004194	A8AoX9AK,qhf,CpEF	23-944-413-2681	1090030.8042000001
222	Supplier#000000222	2JQCRHT8coRlrMria2	25-899-779-7536	1089984.3780999999
1338	Supplier#000001338	swI DIAuF0vaY6jORaD7snVV5C,sQM	19-362-282-1978	1089882.3647999999
9720	Supplier#000009720	leK82UIpE4GmuwkGpg3stx48r2WGr neoG	20-132-178-9010	1089856.18
3982	Supplier#000003982	jx9EloF33Ez	21-890-236-4160	1089665.6679
405	Supplier#000000405	dJIijVTX n7M0NDEQvCA	34-728-545-7374	1089414.7476
5328	Supplier#000005328	qKN,R5,XAFQamNkEbPrM7us ,5X LWn	11-370-937-1426	1089314.1550999999
8906	Supplier#000008906	3FcmY6MOlgAUtdft,UBp	21-622-688-8025	1089143.5984
9493	Supplier#000009493	CTYJSPTsYe5W9IG	27-454-332-6489	1089033.4419000002
4982	Supplier#000004982	LCFeh0bEqy1I4N2Jw5M	18-418-939-3812	1088858.2664999997
3911	Supplier#000003911	FC1wUhUk99QJ8	24-968-475-6184	1088609.6528
8481	Supplier#000008481	Uz03L1Ig8BfEqq3RA0beHxg8IO,WGjb	21-163-290-6334	1088604.2798
1980	Supplier#000001980	ZRmkzXoXZR5yT bdwUU2iQOGN	27-126-336-5747	1088465.2971
9879	Supplier#000009879	gpQDVtFStUZkG4jC9	20-938-342-4937	1088235.7858
4392	Supplier#000004392	Ytfm7E6,SxcWCsQnOATKYWhfRaX	18-881-234-7053	1088195.2092
7931	Supplier#000007931	nOT6fqQOJpmLcJjh3Dn9iQKmrOZfGNs MMWqHng	11-904-868-7162	1087952.6136
3122	Supplier#000003122	oKI3ONEMwkYHffGipz L1z1bfsSg3	17-478-332-6727	1087821.995
6237	Supplier#000006237	ghp4,RZ08rhbRUlI352a	16-655-635-6500	1087560.4163
3442	Supplier#000003442	LwGgz,uyiMekRtWXrQyrurTZofjPkED	10-492-470-4563	1086971.3112999997
6361	Supplier#000006361	4 xClcX1vZVHyR67ZXitMln9skIjgvIotCO1	16-998-315-2550	1086895.2028
7876	Supplier#000007876	Mbu8yBOyJuBTnRgrydVRPdaULpLJENSpAQHVfCM	12-846-219-9347	1086891.7191999997
2360	Supplier#000002360	jQ53qr,GLx7apLTqAIuHOBUkQc5Wz	14-732-582-8107	1086841.5488
2495	Supplier#000002495	vrphcM,ZHHiQqjpiSqGVL9Erw	23-606-503-8431	1086793.6155
7434	Supplier#000007434	pveDnrbkQ4My,5dr91NwqhgbK	23-708-433-5099	1086489.5224999997
8996	Supplier#000008996	xVQPDA0pVcs8zYUoxVkiW7hkNUVRsD8r	30-413-921-9925	1086338.7819
8887	Supplier#000008887	iUA2sUoyIHbUQ	10-479-795-5578	1086151.7121000004
4414	Supplier#000004414	DvgX74btfxm83Rxf81LTicpT9Eo vTi 0	23-302-983-3738	1085940.8923
8375	Supplier#000008375	BwYSHWOUUrV0MX262zGz WUX0BE6hV6Gi	33-250-729-7072	1085923.8565
411	Supplier#000000411	G9H53XVrdbhRgvQwho1AS	28-518-787-9625	1085918.4882
9610	Supplier#000009610	LF3yXRodMjSJONvtGlKnNR2BgVvXSRDAuLt8AE	14-798-991-9397	1085788.0777999999
2041	Supplier#000002041	Ntraa17DNTQ8a3SE0iruP6z	18-506-551-5955	1085786.8332000002
9857	Supplier#000009857	7gtWdfPIZTL0LMtKOhSOLyDAUOqWU97oT	17-860-910-8795	1085732.4648000002
451	Supplier#000000451	cqMKQiLjokvIFG	16-328-146-7253	1085725.9182999998
1517	Supplier#000001517	oJqQSTf8YH4k0	19-783-446-7725	1085695.3813999998
7190	Supplier#000007190	i9IcQxXtzr2LWc,Br2vt3epS	19-426-415-1610	1085633.8298000002
1993	Supplier#000001993	9J72jXtyUhHlwat3bsNMowm4QV	12-484-282-1634	1085583.2325
6508	Supplier#000006508	RLfHOFrzvDo2OhR	12-316-460-3467	1085537.9340000001
7379	Supplier#000007379	ei5 DaCLCraASeBfLYAaA5	22-133-295-1829	1085176.5582
9856	Supplier#000009856	OGYDi21Su3MPG	15-590-600-1062	1085156.9186999998
6369	Supplier#000006369	3gvpMAyHtsmmErVHsD7N273fN	27-517-872-5692	1085090.2533999998
2851	Supplier#000002851	l6etLWkvx9	27-958-530-5167	1084843.428
489	Supplier#000000489	y9NMoYGxDUPfrB1GwjYhLtCeV7pOt	20-375-500-2226	1084731.9977
6907	Supplier#000006907	zeis6gjDRIeBkhAIK,SCDt55y0RAtAg05YY A	10-623-933-5398	1084717.8990999998
1381	Supplier#000001381	tvRoMpnWdQ8gWwsNo4Da	34-642-738-4308	1084590.094
1704	Supplier#000001704	9D4 qo36WR11wNoSpCQQGASZiRy4T	28-363-744-2071	1084174.4968
4315	Supplier#000004315	sHhH7fRDqXOlVsSgKKs9yvtX	14-529-124-3299	1084137.4916
5195	Supplier#000005195	Woi3b2ZaicPh ZSfu1EfXhE	13-622-661-2956	1084027.0618
3912	Supplier#000003912	Op7,1zt3MAxs34Qo4O W	21-474-809-6508	1084017.2579000003
1400	Supplier#000001400	i6nWwfxMJ4gIaenOIIt9UThgqj	17-876-117-5908	1083893.3629
6833	Supplier#000006833	x4IaVRBV1hzeI5eXy5DXmLn83y mmbI	28-641-301-2578	1083114.7129
2832	Supplier#000002832	VZ4nLhhztXOX8pP	23-980-196-5345	1083054.1195
4225	Supplier#000004225	orvvW5KbRa0tR3r	28-792-509-2921	1082883.8535999998
1428	Supplier#000001428	luS0rWgXC0XOY2U00gRU5LIz	17-687-376-8613	1082829.6432999999
9503	Supplier#000009503	,zh2YkK0iw8H7	12-214-380-6494	1082802.3229
7724	Supplier#000007724	6IpJsjVfwtw9j	21-313-729-9222	1082748.1855999997
9216	Supplier#000009216	Eylm6q3TNja65ulRkiceJauwXTJgiOLm3D0Xh	15-417-241-5494	1082731.7582999999
8067	Supplier#000008067	OjjTPhvOmI73nG,CyMMj3lR8PcGe	27-711-979-6932	1082698.2147
3897	Supplier#000003897	AOtckHviCl 1XE0HfVh	10-907-392-9194	1082504.0673000002
8507	Supplier#000008507	r9xIe2EIrj	27-810-472-6422	1082498.4526999998
7698	Supplier#000007698	JROKl3gzqZiY8vJKqiEOjjFzv2wLUd93DKVq	11-577-530-7950	1082316.4821
359	Supplier#000000359	J5HqPZnfLcFMtlgwCnZPUI	34-121-923-9858	1082215.7669000002
1928	Supplier#000001928	w5ksuneIutUKiRFmRt	28-457-867-6302	1082184.1971
6183	Supplier#000006183	uKC69FZwJEVp	32-426-427-9149	1081789.3375000001
589	Supplier#000000589	3C4,WjUCjL59QhMSxyq1	28-878-356-5116	1081470.1341
5432	Supplier#000005432	rYeS220yURgSOfZS3LXE,K2MgcA39,gIobzD9i5	19-235-314-4222	1081454.1635999999
5548	Supplier#000005548	C7CwN6SZ0ikFPW	31-470-117-2737	1081244.7005999999
554	Supplier#000000554	FAEEZyNtDGEhZ	17-365-531-4630	1081196.0751000002
158	Supplier#000000158	fkjbx7,DYi	17-873-902-6175	1081088.0897
2784	Supplier#000002784	GZxLX 7hGH0kmsmsOqCJqqUKMk13eploaWSXuT	12-698-910-4462	1080812.2068
6981	Supplier#000006981	M5kfDPiO dfJfqWKrRmEUxFLK8rCLkSQ01Guj	10-697-192-8784	1080766.3708000001
267	Supplier#000000267	,E9NoXeK5qOwVRoutS,X8Gr	20-501-962-2896	1080680.6057000002
8252	Supplier#000008252	fuC55,TL068J0CN7oe	18-206-889-3808	1080560.3273
3755	Supplier#000003755	veomj,f0Pp3r IC0,US	34-729-799-2771	1080523.2525000002
6452	Supplier#000006452	J7l NvAtBy	14-248-932-7645	1080462.6699999997
3808	Supplier#000003808	pVvbVjKuExkDl7ka2c1jPO8,sSkty8	23-385-483-5966	1080375.6025999999
6255	Supplier#000006255	9dS8 2Vopjq4HrL	28-245-586-3399	1080232.4614000001
6288	Supplier#000006288	8lmR9vQ1yv,p1gx0IbxR 7m84P0oDGBFVUS g7ta	34-508-780-1690	1080179.7685
9849	Supplier#000009849	ZXVOEhgwZ18xd85	18-241-969-1960	1080130.4999000002
4218	Supplier#000004218	FzGC7DOsv5mlS56Cd46JKkfXVZ	34-485-986-7558	1079892.8630000001
3343	Supplier#000003343	VKdvwICujAnw9eurKdyl21t6cL9T	17-808-624-7244	1079628.8889000001
2756	Supplier#000002756	VBK81o8gevpj6JnjP	27-449-182-9217	1079491.5605
8267	Supplier#000008267	uuF5OOYBlkw2IGRp	32-867-184-6539	1079163.9420999999
5000	Supplier#000005000	DeX804 w0H8FrCUvahgy ilbuzBX3NK	13-186-716-3689	1079076.0464
5160	Supplier#000005160	iYvEHZmj762YNHC4zRT QSLXdk	25-355-259-4155	1078431.2666
488	Supplier#000000488	AzfObar4VYwnQvsGbISGCshVM AIWYq9	23-609-606-3265	1078079.2359
3493	Supplier#000003493	Vmw05lwtM79PgWdM0GX5u9i30NuLiuln	15-563-783-5864	1077973.4551999997
2298	Supplier#000002298	tIHQJbPhLnRuom7p,7S6I5kj	10-207-519-6202	1077900.6331000002
3451	Supplier#000003451	UT3xQWCe4YXLlsxTt	26-586-567-2571	1077500.0392
500	Supplier#000000500	jLfNCVrj7X5h31yfSR02Z4x7K	30-229-226-6452	1077130.6736
9661	Supplier#000009661	qftzAjWQj2JTyRDg5q3c	32-243-423-7966	1077130.4121
8005	Supplier#000008005	GlOJFny2HFIMfee798hod5hM6TTJXYDiqYTA0l3	23-798-711-7660	1076959.7404
8130	Supplier#000008130	CGEPlXPSIQbwHvxQBMvaf	25-133-727-5012	1076898.8530000004
9474	Supplier#000009474	PLSQC8RN6Pvmzi LFy14V 4SL,oQieryN2PD4G	12-259-669-7973	1076813.3184000002
4757	Supplier#000004757	ycr,b1aRZXr600sCi	28-232-869-2688	1076771.6097
8300	Supplier#000008300	YKoriorl0muA6WMqcpZnKI7a2MiUKKywJJa8gtS	11-925-285-3502	1076738.115
7482	Supplier#000007482	7MSkjk6Z0e	24-502-520-4698	1076627.5326999996
3827	Supplier#000003827	uQ6qsZc0UbA,9 B4	10-390-421-9681	1076486.4464999998
7460	Supplier#000007460	s4ypM7SV1D6ut8gtn8OtxV5	13-739-620-9679	1076116.6216
452	Supplier#000000452	6bT4efJCWyxEtXmA1ZdwmqfrPGK	27-445-799-5245	1075916.3347
559	Supplier#000000559	SkKThClbkbH8mIv	21-205-567-6566	1075571.4490000003
8444	Supplier#000008444	AWXKqQxZEB0Jyzp9OsN4I3RDsTl5cFpTN	21-985-891-2086	1075492.9091999999
706	Supplier#000000706	oXF4XhSiEJMIJouBmMjLZ	21-513-570-8754	1075470.5824
5670	Supplier#000005670	mliDT,MwBrJcAFuF,Ie0uDzgpwblYaHjY4LR	34-764-631-5999	1075117.8029
5385	Supplier#000005385	SKM0Z9dd8Zm	16-273-318-4085	1074972.7147
78	Supplier#000000078	9y3OZ2CV hGrsrQxzB7V3zTtygHVHlG3SD6yrz	15-670-998-6860	1074923.6290000004
4737	Supplier#000004737	RAD8ym7Cr9aKQXMZaL3wgufvUpJgoWMt6gwrFK	33-610-901-1458	1074847.2775
9709	Supplier#000009709	rRnCbHYgDgl9PZYnyWKVYSUW0vKg	13-417-841-9464	1074842.4127
5449	Supplier#000005449	fhc8lUuZdqWUujcVaWogowEq1WVL9Y8m1efwCl3G	31-787-239-2170	1074695.9361
6931	Supplier#000006931	7webcEwedomtstU0Ktsz8Gu4	23-332-379-4657	1074666.6616
6469	Supplier#000006469	lUtE6Q0REOZ4jCMioY27QBK4qcnVMjBQtl	33-616-515-6899	1074635.4893999998
2444	Supplier#000002444	q8x5 AFA, 9zfXRVYkn67kb3o0AagF	13-459-140-4138	1074581.1947999997
2235	Supplier#000002235	lAz4R8mtsBtqsu	24-678-846-5103	1074411.024
3929	Supplier#000003929	q0,VNJd1TvQAR6Lpt5FnuYC	24-953-294-9573	1074322.2473
7338	Supplier#000007338	FgOOm6MpqY3mE wnIrAStuyf	18-664-949-8603	1073919.0618000003
3831	Supplier#000003831	qvU9EGNzoBF5fvW3ckO7fMzVP60k7	27-846-413-4861	1073812.2556
3696	Supplier#000003696	WmHsvbtR4DD2BT	26-289-199-4350	1073735.6101000002
3705	Supplier#000003705	bdDmDdjqoeQhAyH5a	20-848-197-8828	1073601.3171999997
2858	Supplier#000002858	O kR3oe7lJ5pdsFx0N0mZ3 cCVrdikn,n6	15-284-893-1446	1073510.2196
428	Supplier#000000428	v,lOR2jikAbT0hNyPuYhhJODDs2VBPp	27-542-634-4350	1073259.9666000002
4989	Supplier#000004989	1BWGQtWWJzH2UWV8zJ06Vi80Ebes2xUCa18AOI	32-469-559-6242	1073011.998
3406	Supplier#000003406	t1HVIA1MZe,RjX4fxa3VEqr,ktEITslO	25-275-145-8212	1072907.2862
8940	Supplier#000008940	ZRUVrM9hL9AOpDy0VPgwBhDQy2jxzMiha	19-716-184-4972	1072835.8070999996
31	Supplier#000000031	fRJimA7zchyApqRLHcQeocVpP	26-515-530-4159	1072805.2391000001
3865	Supplier#000003865	FJgZRN1aro,smB3bAhicC	26-569-545-2780	1072713.5906
9367	Supplier#000009367	ZOpGL3Xr7mVxPUVBTMhB6	14-282-158-8397	1072526.7954000002
8154	Supplier#000008154	amCtx9qD7Dw0D4HkCoBNIpW9ZmM	21-895-596-3834	1072395.2325
5978	Supplier#000005978	19sI2  ,TFEZpZsQQdo8c,LqfE	20-463-628-7425	1072302.9336
3474	Supplier#000003474	8vRKYYAAdx1Sgb	33-503-251-3282	1072177.3094
3482	Supplier#000003482	Hpd93ZPiuCbghy4qWEw3LHIyPtm0f8Zz	21-697-912-9129	1072105.7881999998
8148	Supplier#000008148	O91VIF7M4v3	10-208-821-4600	1072074.8757999998
7951	Supplier#000007951	t7 GQxWwp3vnEmxJbj929uDco	28-723-888-7848	1071849.3303999999
7808	Supplier#000007808	njeU4t0Vqf1sbSyybCs8Lr3QhyWFo	14-738-885-1849	1071789.9455
6447	Supplier#000006447	Qu3COUmk3l	34-164-930-5009	1071731.6975
8500	Supplier#000008500	AjOpSW7qLo	22-800-223-4622	1071610.1412000002
8978	Supplier#000008978	5re RpCB7z,qMIxho dWfbu	16-798-575-4529	1071571.1738999998
2631	Supplier#000002631	jbO, cOqoJTHQAetYnUNOKa3U	28-153-887-4167	1071328.1048999997
1891	Supplier#000001891	nmvfVVyBMUitm1hiZv	34-334-635-8569	1071284.6184
884	Supplier#000000884	bmhEShejaS	13-498-258-4793	1071127.2022999998
3891	Supplier#000003891	f5Kj1yA5MABa0NYCXt9mVfmngDB	18-224-804-1070	1070769.9264
4487	Supplier#000004487	nqVoLuwyj3PE,aNfvYh1QCoFhIi3DfqHATE	28-199-342-6204	1070669.1191999998
8942	Supplier#000008942	BPUsPbcwkiHWoh6pEwF00vhzrWFw4c	28-435-943-3392	1070461.1663
6276	Supplier#000006276	,dE1anEjKQGZfgquYfkx2fkGcXH	14-896-626-7847	1070439.9063
1941	Supplier#000001941	h8VV3OEcSykk	16-316-553-7611	1070264.4802999997
7868	Supplier#000007868	20H775tZOj	20-852-512-9114	1070196.8813
5886	Supplier#000005886	j0lxko ,iX2jE	33-484-154-9190	1070097.3244999999
6729	Supplier#000006729	9wa1GsLYHZq6WdiWSdr6RLmolbqM1K	25-497-757-9563	1069804.592
7407	Supplier#000007407	ohUJnJvZ1sXrT2bWXJNx	33-333-594-6574	1069689.0417
5003	Supplier#000005003	dv34hDJQK,S9C6HIxdkX AbHvFe	24-644-394-1098	1069622.8905999998
5679	Supplier#000005679	5gSa,3ctOY2w4RjlfPnsIa n	24-624-263-6114	1069459.7921000002
3844	Supplier#000003844	flYrwpli7eUMIv	23-857-948-7743	1069400.5279999997
4319	Supplier#000004319	g7IuprD7peH 6zBjC9	23-988-463-4250	1069034.5461000002
4914	Supplier#000004914	M8AqpqEtejHbxbWD22SdxKY	15-146-186-5016	1068895.5796
4611	Supplier#000004611	jN1IXxhYKkoo14ZF2D6is5gY9cd2bP3NkLYfI	33-860-499-1392	1068836.8401
6	Supplier#000000006	tQxuVm7s7CnK	24-696-997-4969	1068791.7887999997
7490	Supplier#000007490	4E5gwkoxUw5EPHxUxeP1a0 jVrR jCwR	33-581-252-8292	1068515.4625000001
721	Supplier#000000721	yF,pgNxRtqb1uql2l21qj	11-788-642-3247	1068450.7405
8793	Supplier#000008793	Zny6qK91IFFBw9kl24	17-385-224-3603	1068349.2595
2915	Supplier#000002915	Eqgaj0E2tFwfqwLrUpb	30-367-332-1079	1068256.2826999999
3710	Supplier#000003710	qSAl6zmSagdv	16-559-766-9709	1068173.6817999997
9825	Supplier#000009825	MtmjXZzwLYcF5Sdte8KYKp9pzF	20-610-765-9935	1068146.091
3317	Supplier#000003317	POG7Ne0O10jpXTn,Rj	29-150-937-6633	1068132.3216
6252	Supplier#000006252	UwHj WvLeLCueyOUR	23-234-956-2802	1068080.8764000002
5498	Supplier#000005498	9aW1wwnBJJPnCx,nox0MA48Y0zpI1IeVfYZ	23-774-653-1950	1067973.892
8798	Supplier#000008798	Lttpv4yH8nCPzBHG2a92jG1HNiKgH79	25-985-744-7360	1067917.6777000001
1840	Supplier#000001840	8TUdSSF1q Vo	19-598-171-6086	1067813.5575
9409	Supplier#000009409	iKXMUej 5HolL,Ev XIA,igY4YxA	23-268-232-1379	1067689.64
5412	Supplier#000005412	m7tmUuhMSSk9wHmabFI0YEjum,XHWL	24-227-500-4776	1067669.631
1388	Supplier#000001388	v0fVFlu5WyRtsqaZxvEBNH	25-563-139-2747	1067645.0561999998
4153	Supplier#000004153	PnftHjIOKN6VUOD	25-205-843-3592	1067565.7763999999
1235	Supplier#000001235	DN xKA4F4qK2n4YEZe,3 2wR	23-387-665-5120	1067541.4094
987	Supplier#000000987	DAWJ1lDhybbSO3mngqD28aX	28-375-179-1732	1067383.4128999996
6393	Supplier#000006393	3O2Kmb4F7s6rHSuH0ZNON9BVdJ2h	11-712-520-5154	1067379.6974
3767	Supplier#000003767	rFIT4Trrv9jvOtsHIuXmiBHA K8TyCuXX3T	26-321-180-4149	1067335.493
2912	Supplier#000002912	Mool9qTbSd,c8hnQw	22-328-833-9401	1067326.9365
7986	Supplier#000007986	m0VcPrxNk3sdFv	23-915-184-8068	1067322.3943
2164	Supplier#000002164	dHpsS5Q u3APFpi03kXi ouPsMd3nozIi	27-162-482-9692	1067155.9785
8102	Supplier#000008102	Uy zIV06io FkESw,NM40O,5Mr	10-313-738-3949	1067040.7526
9778	Supplier#000009778	TqQ10AxwOxCYgytM2wk	11-503-621-2157	1067020.0489
6318	Supplier#000006318	wfTdhyXHHjyB8f0VCXr6gVhdlZCmqiYEmG6A	29-345-112-7505	1067001.9212
8237	Supplier#000008237	J5ZD6nYd9Mf1FLGDwEFRWhP	20-513-534-4393	1066840.5472000001
2717	Supplier#000002717	Dv1LGyklog2b17	30-642-603-1134	1066624.5127999997
1936	Supplier#000001936	13g,mb 4fXHUPSpj0mAjav QORuK0UhAa	11-551-397-1062	1066559.9436999997
943	Supplier#000000943	AaeNFJbUAF8MOb5VKA7wXB6	26-877-341-9002	1066469.2349
4881	Supplier#000004881	cq9O84kVGKZ4FuPauZWuZcuio1psUq	11-892-463-7553	1066457.5906000002
1010	Supplier#000001010	Zem5taPOhC5T2ZQbhiATcdpw7rm	32-499-859-6008	1066289.1998
5323	Supplier#000005323	tMCkdqbDoyNo8vMIkzjBqYexoRAuv,T6 qzcu	13-710-468-7118	1066289.1504000002
1451	Supplier#000001451	GBV9BcM0YQqJNkE2XQ	26-750-504-1538	1066161.9082000002
4948	Supplier#000004948	371vWhovseINrPrUUsJBUOADLVqrxOLrRCf0S	18-726-982-1206	1066026.1748
5839	Supplier#000005839	gMn4qDf3ZMBP	19-434-809-9475	1065923.5411
2368	Supplier#000002368	HnDHRsdyt2xNN2qXBHCjxWzOtZgxwf0zG, jq	19-878-901-8050	1065905.9109000002
8063	Supplier#000008063	Ns4l5Oiu3wzdp8LuZMkHWfbg5sm0Vq	18-132-649-2520	1065837.9503999997
5295	Supplier#000005295	quPotRRrXwUrsS	27-364-196-7935	1065812.5544999999
7967	Supplier#000007967	A3pi1BARM4nx6R,qrwFoRPU	16-442-147-9345	1065719.9142
7312	Supplier#000007312	8jris8HYZXJrgVN23zMQVePFy5TUVhpPS	30-285-236-1487	1065651.2306000001
5698	Supplier#000005698	3XqFeCid8BHa	26-691-342-8783	1065602.5465
7952	Supplier#000007952	q Pt6xJ0o1loOB8a1TZ55NQD2SYI3OGodslBE6,	12-942-520-6124	1065429.8928999999
4673	Supplier#000004673	2atTtfdPLk9	15-806-479-5890	1065403.7101
6814	Supplier#000006814	83A GGXkYiww58	14-312-658-3824	1065399.7293
2462	Supplier#000002462	HTn6CKSBFVq9P5b0	14-751-339-3389	1065380.5627
7152	Supplier#000007152	jqPnZXHz4x71IWOxXYF3m2tM87Jg0Oki	21-419-297-2550	1065373.4619
1480	Supplier#000001480	lb1yJFg3zCsjaIAP OHRC08sLRxnWEDZSvA14uA	33-173-673-9553	1065313.9446999999
3750	Supplier#000003750	FpR1 VC8Qxt	19-662-709-9423	1065294.3121000002
2095	Supplier#000002095	EsDTz0mR5I	30-525-757-3604	1065235.7826000003
6844	Supplier#000006844	I5Zl4KJ7 A7,ZELv Hrxca	17-123-209-1299	1065093.0449
624	Supplier#000000624	JlCK4aBP3PCO	11-487-571-9291	1065005.2966000002
2950	Supplier#000002950	df M,arizMt1pWEpUbDGtFbc6MGQ	33-359-326-8404	1064974.7940000002
1868	Supplier#000001868	0rg0IKNvouoc15OPkmXFwTNae	12-256-389-1648	1064688.6463000004
3905	Supplier#000003905	WHSmIJjQYgfM9Vtdkvris4MX	14-587-899-9591	1064541.0588
5463	Supplier#000005463	9LO2cBtz QudJsiywfGPcBAQ76Bd	26-425-984-3777	1064325.8732999999
7665	Supplier#000007665	Jk1i, VCplzH21	17-191-303-3379	1064283.9107
5442	Supplier#000005442	zSx6Fqr1Do4	10-844-454-1155	1064245.4692
9902	Supplier#000009902	MM5vwVRcB4v, VbKSn84P	28-749-280-2809	1064203.3378999997
4648	Supplier#000004648	vHObeHqAPZqm3ezw7Jh,Jv	24-544-770-6453	1064187.843
7999	Supplier#000007999	R8OX2nsjpHwLU0E3MH,Gvu15AGCG6alrW	12-491-290-3228	1064129.823
8426	Supplier#000008426	Qsu,Mh2ylkvxYsyZjxwzl42cMr	34-685-517-9185	1064048.6106
9510	Supplier#000009510	G5WOxixdya,crcuKGGWg5zDcEh7j	25-304-914-8621	1063929.5799999998
5444	Supplier#000005444	ttSBo mkJ68fIyI1oulQslNrq	23-250-479-3631	1063569.3437
8820	Supplier#000008820	uAsBvPBNsEsO	31-423-955-5613	1063414.9730000002
2463	Supplier#000002463	ZIZG tUmzpws6ikxVyqtSAM6	11-936-730-2756	1063398.6051
899	Supplier#000000899	oLlkiVghtro IwzcwFuzwMCG94rRpux	21-980-994-3905	1063259.3859
2290	Supplier#000002290	cLImQv999wfCm11X	28-672-592-1824	1063187.4642999999
3622	Supplier#000003622	0ALYufv3wHRLXOl3rWpYxGW3 w	14-708-519-7655	1063140.0676
2739	Supplier#000002739	kyj8yCMk2OTqItCvNE2GV,7H5rtrD	32-226-606-2427	1062957.3794
6984	Supplier#000006984	BhNtundEYvjh	34-886-920-4044	1062899.0087000004
8466	Supplier#000008466	pGUWUwyKCxT,9Qb6	15-653-391-4079	1062737.4625
2429	Supplier#000002429	mWOt6oozKZL0kPUhIe	11-874-703-1500	1062553.4064999998
7930	Supplier#000007930	vofDxBRAvejcwdaWvU0wmYHWbiJt	28-930-650-2467	1062466.3874
4950	Supplier#000004950	yEabKdYvptXp0nj,,pGZoOKTT2lshZHX	16-940-472-8147	1062431.7678
4638	Supplier#000004638	sme4G8DAkyHc9Acldxi	20-313-977-4259	1062367.2352999998
1997	Supplier#000001997	gUkq5gt2A4RqdDqfe3sQvKeipbzk	20-573-670-8952	1062258.4393000002
8741	Supplier#000008741	WjtVZrAoCEyCaEAFriztDDpYtfn	26-150-693-5535	1062232.2617999997
9016	Supplier#000009016	WiPG0LZgNN9ke9JSyaeTh66OfbPj6OXmCYY5v	32-826-716-3859	1062099.6749999998
5025	Supplier#000005025	2eZ2yMMlxVDK,t9w1Ne y1CNAY	19-264-348-2707	1062009.6003
5535	Supplier#000005535	2vNZzKcNWYq6JWu1ij7llEsoLtBBa	24-481-522-9978	1061956.5651000002
7975	Supplier#000007975	qBAFcyc7T3oUEE4TjoUmw,7vRHlNGCDwqLr2	34-696-546-8861	1061639.0864
4411	Supplier#000004411	W WIn1HpTu	33-195-172-2896	1061525.0697
2974	Supplier#000002974	get47Fj5mzwXEbXGKePoPP7cXTWY	20-160-632-3353	1061502.2559999998
5639	Supplier#000005639	jQgtjUMoKE52lkrvwhvSsrEJQ	24-102-800-5206	1061353.4329
7411	Supplier#000007411	CNyc3Jvk4jSckyj0xU	28-501-398-5271	1061318.894
7500	Supplier#000007500	Y7twNc5h0E9zD55Dnyra	19-468-400-3864	1061305.4626
5974	Supplier#000005974	REhR5jE,lLusQXvf54SwYySgsSSVFhu	13-472-800-1755	1061216.3354
2755	Supplier#000002755	96QubsRr9dKaOLDZc7dC	33-325-718-6444	1061193.4531999999
7604	Supplier#000007604	,O,SnMfEmNTLFEo6J5tBgQa9xtY WJn	28-297-318-3423	1060906.541
6878	Supplier#000006878	cTqJN5XokXwY8xe,Tc	17-550-239-2865	1060774.0448
775	Supplier#000000775	tmhWTbbv9lv	12-946-153-9942	1060750.9888
7384	Supplier#000007384	fPH27,m57mt lgutR	34-126-374-5859	1060738.8916
3344	Supplier#000003344	xRCYxvmsHYbyk9yaRmKYaP	14-552-551-7359	1060671.4395000003
9518	Supplier#000009518	,GTEu,DAA9M8H,IDjKvLha80v	10-688-366-2571	1060569.7185999998
8987	Supplier#000008987	eUg7nFSwAPTrQqCIsF6TWplQtSe98xcesLxZKe3	27-733-901-7416	1060529.6749
6687	Supplier#000006687	b7NzEGGTXOcdi9V0W2csyOijvEypK	22-770-229-5068	1060464.1385
1284	Supplier#000001284	vE2U7NoqBkspwrOZFQoXoTBRuDy	26-812-750-4830	1060444.655
7116	Supplier#000007116	dPQ y 5vLTNuG	30-545-741-9241	1060266.2085999998
567	Supplier#000000567	fvuRpAap0MvoBguGKBfp	11-390-878-2811	1060190.1407
3004	Supplier#000003004	O4nA6,ODeYqsE,ekbxsHM5vc	15-931-357-9763	1059975.5762
4488	Supplier#000004488	4Yvuvrvpp2ME6QrFT0BmF	24-619-635-8206	1059904.7631999997
5986	Supplier#000005986	3fTp1qsQZN9lR	23-138-282-3853	1059902.1050000002
4896	Supplier#000004896	MCIT7sZxkZl hB1u3nfFEefKCe,	21-647-261-2214	1059890.0454000004
1216	Supplier#000001216	KCFNQqfBmcB7kk2kaiK YefaYnKvBbeiapFVFOrQ	24-453-215-3742	1059839.9423
8094	Supplier#000008094	SNS6FCscBNZBFecA	30-465-665-6735	1059766.834
892	Supplier#000000892	j6prA4M3sX9a9xHem3HOZpYy	18-893-665-3629	1059680.0082
2347	Supplier#000002347	iZjD85P4li3H4zs6,9 ZJYnV81afGp,Yd	15-381-519-4927	1059599.3468
9424	Supplier#000009424	vD55Sjf8apBOAUN,xdSM67l2qu	20-447-687-3667	1059484.0672
127	Supplier#000000127	VEqo3HZJ,0ggcaxvqZnW7Rq7l,cPqfKgX2bIRavM	11-265-565-1616	1059400.9212000002
1437	Supplier#000001437	LF89vzsf3o	18-713-285-9012	1059349.9330999998
3440	Supplier#000003440	93S5pntmWhw R6U4ZD ROQ,2gI17b3	33-495-208-7899	1059307.8166999999
2976	Supplier#000002976	LD4J,ohC3sUG2ZT1PhOH	31-616-221-9262	1059277.7744
8109	Supplier#000008109	aWXR91ghUYjN4xaSINKO5FBKbRrNg2g3HH	13-660-760-8834	1059203.2523999996
8830	Supplier#000008830	sS4xPx2V4q0nCAZ7Z838vIHDL5	17-915-301-9134	1059145.7131999999
3919	Supplier#000003919	uKT4wOITgzQI,tCG3p7R	18-953-307-2993	1059138.1260000002
3091	Supplier#000003091	JNPFRBSLdD4DksRyryH7eaF51aut2QCYp9p4	24-781-138-5146	1059107.0816000002
3977	Supplier#000003977	hcq,RUMaS5aQKKqG8KULXMb9aMhzPMNYdsvofo	34-959-969-1364	1059014.0341
4452	Supplier#000004452	upMbwIgkpO ,In	12-140-151-8694	1058877.0572000002
5356	Supplier#000005356	dpdqrSpkO,PRgOYT9Dfx2iTUewB5G1Et	11-157-573-1034	1058775.0127
4521	Supplier#000004521	myD3l0 faInlRXsP,vwKzbHN,VjcLoQjZLnLL7WY	34-876-469-8307	1058699.9618000002
7934	Supplier#000007934	V4mz6vAwVGH6j3izJ,dw8DnqWu3FN	19-825-315-2126	1058678.3782000002
1484	Supplier#000001484	oHkcb,ydehrJs7GC9y8	26-211-416-2003	1058592.0340999998
6299	Supplier#000006299	ozE7ZNK8MaY2TKIKWeCS9vB2wDKT8bD1vIa32y	13-787-914-3226	1058555.3861
4809	Supplier#000004809	rPgJe4RN2n7YfRugQSnT	14-152-243-3535	1058546.9592
8677	Supplier#000008677	WNa780JZzivxuGBEsDszqoT1Pj	20-899-256-5288	1058454.0501
2911	Supplier#000002911	uWmxKbuocxwrqJVHAGuNNBO8nmY9D9 E8fg	20-393-818-1396	1058390.7806999998
893	Supplier#000000893	WxOTCcoe RFwKWyZUCURPNAumww1nW,EYcrVjrj	32-328-447-9531	1058372.4690999999
8362	Supplier#000008362	DeCSqduLu2JE9brcwCj	32-663-509-7912	1058355.9209
3698	Supplier#000003698	lnSEu64ca4B53BfznJPg	31-804-633-2078	1058264.3050000002
6167	Supplier#000006167	ka4jyY9IEX0Deh	13-431-411-9873	1058060.3067999997
3736	Supplier#000003736	PU4sZv3Fb,e	21-737-308-8024	1057833.4824
991	Supplier#000000991	Bh4Danx VvUpMce x42	26-793-462-2874	1057714.3599
6521	Supplier#000006521	b9 2zjHzxR	13-246-267-1193	1057561.6625999997
7217	Supplier#000007217	A53luuNHtE3RTsRgVTjsfO56G	10-985-742-1483	1057525.8239
5959	Supplier#000005959	wAhL8S1bqYV9j6 OxbgNTWn3SNsH2n	27-580-605-9781	1057482.672
2167	Supplier#000002167	,DyX4f,RHR4EnsZgmw4cepMaOVdjMhwrC	19-375-315-3210	1057282.1231
295	Supplier#000000295	gpm7fahY9j6YyTr Dozul	33-998-989-3147	1057165.317
8164	Supplier#000008164	KmsTsj5juF7hhAVaVzphwTW fSPJEHyHT73ykNU	21-332-931-5327	1057047.2699999998
3878	Supplier#000003878	Qc0XoSuAoQs 8rbd9nC2,RKJJZRf	27-313-774-4161	1057033.0451999998
182	Supplier#000000182	KuSXGdsAdYdkhzVLmgo4Xs	17-825-333-7344	1056956.5477000002
4393	Supplier#000004393	ol qpu2DWfG	16-873-648-3245	1056848.7899999998
9866	Supplier#000009866	Auh6aZnOnQG1pPYKZ5o9ATramJBA	31-971-580-8950	1056656.1419999998
832	Supplier#000000832	SwUNp9Yyt5pe 6i5EYiV3hHU9RWJnd3VzBjsbtvO	25-658-573-4042	1056566.5912
5504	Supplier#000005504	dRTJ42juiQY	26-625-847-8060	1055975.0223
8390	Supplier#000008390	S5fj7UR7wc6	30-478-369-1888	1055897.2445
6694	Supplier#000006694	v4hTv0CKaMhfDsX5N0b2d0tVpO7vm5tBP6	16-122-738-1212	1055717.8155999999
6739	Supplier#000006739	EwtgRIn Qs,u9ySJtADD6Gu6V	32-859-389-6252	1055681.6313999998
952	Supplier#000000952	n8W6MbJdih Ckh6wDvYJz84ZmabvK4yQDz	32-276-558-4960	1055625.9377999997
265	Supplier#000000265	eHF4Edu,B8,NgBSSEV4xNC37i1q08WCNKyOe6jP	29-734-865-6334	1055545.2633999998
1372	Supplier#000001372	N1Lx,wLzbTujlrznIDS	32-492-818-9099	1055525.559
8488	Supplier#000008488	fL8BwJNM4,Q8XK,OlNp6CaRN	15-140-796-3382	1055246.7277000002
6510	Supplier#000006510	5fzRzkLbva7zT73538jbDBsB	14-903-716-7501	1055114.7687
7781	Supplier#000007781	iAcDHfNh0L2tsZoS 8y	25-813-120-1308	1055041.6017
6269	Supplier#000006269	nbQEngNTbFInhIntk HMlJRQJCE,Q0UW3uzdWzr	17-710-792-5790	1055027.6589000002
984	Supplier#000000984	6H6qqye iYbYzCmwWhj	31-519-879-5266	1054936.4898
7285	Supplier#000007285	26,fyUR52kfle	33-107-393-7355	1054637.6177000003
8333	Supplier#000008333	CzGWB3whG2JNN0N2JyqJ9GAj	30-253-808-6437	1054635.7857
1304	Supplier#000001304	KlLipfqqkc8Ktz4CwZlYl	15-452-488-8513	1054480.9134
1930	Supplier#000001930	2jCSw3KOLHol7y5omVO13	31-773-630-9937	1054355.1249
3296	Supplier#000003296	0c318ax2Hbuqd9qDJwxDVmMpTM9RLSFeXsXlLHck	10-367-244-8150	1054301.5206999998
255	Supplier#000000255	qx16XyCEUh9OawVeQWOlGlhAU32iHFPNkO	28-629-327-4139	1054243.1084000003
2562	Supplier#000002562	8wONfGJQNBwFNWLjnPQAC5	28-247-123-2874	1054212.8661
6370	Supplier#000006370	3hUWgZ6DWw34Yxa92LFqBUZGg695je	13-884-872-4984	1053964.9794
5486	Supplier#000005486	IljonN5AZJzFgZOFPkazs6fyHQSwGily	14-479-224-2584	1053891.7075
9408	Supplier#000009408	2RsQWoWJEhzXD	33-737-402-1856	1053731.1844
4461	Supplier#000004461	HouUSURyqmrtWSk,4	34-759-486-8915	1053463.4944999998
1945	Supplier#000001945	edI,,ekDTNDdlzQYIHnhdbkw	26-826-634-5171	1053443.2717
9999	Supplier#000009999	mX37oAzqsBPhN1LWdzV p	19-773-990-5609	1053244.5487000002
4904	Supplier#000004904	hEmIpwtGll,Be	26-726-245-5585	1053139.7167
5265	Supplier#000005265	lia7ERpiunMw,Ni87P4dqtUgG0Emxyy2D0A3	28-229-631-5492	1053097.0039999997
8964	Supplier#000008964	U2YJW,Y1xCbUWbjuovtzsLfsl	31-984-439-7577	1053093.5839
8810	Supplier#000008810	,Ot93zDXOFSjWSKsKrT7XJ4YPCP,A	33-527-478-5988	1052870.8767000001
5382	Supplier#000005382	JO3p0fKZRP,MzliJUpCr6h139CaH1TrSlQ3Jk	18-856-463-7791	1052792.5642
8439	Supplier#000008439	di6C32okzgTjM	14-656-728-1229	1052736.2318
6450	Supplier#000006450	oMHwJtJnddbm hNg3Tvz,wqT7Y98WKdhIqg08Y	30-689-104-5182	1052699.9641
3974	Supplier#000003974	TxJxG8f12BC8F	33-207-983-6026	1052440.8668999998
2312	Supplier#000002312	07FKNPQjr1kFmSFQZ0wJ	30-972-442-8281	1052440.1311999997
4074	Supplier#000004074	jYAhKOq67V6	15-801-984-9558	1052303.4915
7218	Supplier#000007218	64x6vb0UkDRkp56NRHYNKEAeED3L1RDA5O5G	32-706-226-5429	1051733.0514
5232	Supplier#000005232	xlSj2gbKDJQKLXbxsuA14uguomr5SMqhfNTL	18-746-919-8850	1051541.2455
9826	Supplier#000009826	6kzxRewM0Ab538JKz0	15-807-809-3623	1051494.2015000002
5775	Supplier#000005775	oRnGlwZ44M zRRA0aNLCikv3XAS4l	27-149-720-8879	1051410.4768
9442	Supplier#000009442	Dg5Y U0gL R0pYVhnFOfwe2V78,EupzWXz1f S	20-558-408-5310	1051334.3031
5969	Supplier#000005969	ANDENSOSmk,miq23Xfb5RWt6dvUcvt6Qa	29-520-692-3537	1051273.4594999999
9499	Supplier#000009499	b7pbLXQCK,3v58O8KpogTTyeTcF5HOLo72,izPx4	21-130-844-7565	1051269.6355
7213	Supplier#000007213	2Nrby3JJHDJyWwVNiqPtm2U JGWlZpU	31-571-413-2799	1051258.3145
2962	Supplier#000002962	gRQXWtrUwB6Al99PmX1O	10-441-106-4025	1051224.6693999998
8704	Supplier#000008704	a6DjHp0B6mifKBtqUk,C	31-216-250-6386	1051207.0932
5154	Supplier#000005154	WAe fB57PNPvbMiBLb2	27-435-200-9120	1051096.4158999997
2506	Supplier#000002506	adoloJGA7m7CVTyzzOCg9rV	21-105-487-9563	1050927.0797000001
8991	Supplier#000008991	jS19kC4v8fdR	34-558-984-6240	1050787.4424999997
6852	Supplier#000006852	x1v6PqA4Yi8KSZzq S	21-525-349-1994	1050425.9959999998
9955	Supplier#000009955	Em4LgL4i7,9krrhE 2yUrVxhqLSM	26-188-652-7749	1050394.3056
2131	Supplier#000002131	TWm8VNv3,DhkeK6A3Dorsu2,v564zzHgn8	10-227-104-1206	1049868.0714
5723	Supplier#000005723	CmaKk13R7IAhf2ClogU	12-974-187-1953	1049503.5061999997
1998	Supplier#000001998	QwwByHZ9 JLIFToI4hp9qlDianI9uy	33-159-218-2352	1049484.9070000001
8490	Supplier#000008490	txOd4J8il5G	30-841-305-1854	1049458.1728
429	Supplier#000000429	6ITML8w7yXMd5wzp4xUYXX7rb	33-283-246-6716	1049427.5107999998
4953	Supplier#000004953	mA7pbv8umMzz3342ZCqZGTgR1I gc	18-145-690-8991	1049316.8532
1369	Supplier#000001369	NWOVSURnsQ5tfYI2CsAItodX4dG	24-285-954-7293	1049300.5909
8371	Supplier#000008371	3w07P9otks,mGJ0BTuXxd2tiiR2F6HO	19-542-303-5317	1049200.5588
3177	Supplier#000003177	rLL4NUAWv0uppq1AhG3W7Zip2UxN	12-139-350-4726	1049170.4915
4357	Supplier#000004357	uzdO3uspHY 53emWnBc3eaiMxexRnlN8	10-730-748-6216	1049105.4835
1163	Supplier#000001163	yvREBryfATXdmjXGXzKXyUh9JOCo	26-582-974-8266	1049031.6271999995
2332	Supplier#000002332	aGeaonYAjBkJjlz58 JLrR2h	11-222-148-3911	1049026.1408
7875	Supplier#000007875	E0CkoBYngcIoH	31-165-274-3168	1048954.3587
6377	Supplier#000006377	1,3JwsvoowdMB7zoe0myv0Xk	25-680-413-6096	1048823.9189
5492	Supplier#000005492	k66hEgXwo8FrHNt7Ef	27-305-245-2548	1048816.0174
1631	Supplier#000001631	3JwfERzppDc6h7BV0I	22-255-355-8658	1048777.4629000002
4604	Supplier#000004604	o4cyLBnefy7,k6cvp5	21-344-644-2585	1048591.3173000002
4875	Supplier#000004875	aKTNw5GBhjjiU2P	24-441-521-5755	1048548.9053999999
617	Supplier#000000617	Q4haZeO8aVzl2dXziDw3f	17-563-347-4748	1048507.1126000001
5370	Supplier#000005370	CXjmrAqgg0M	16-582-221-6614	1048491.2156000001
8593	Supplier#000008593	72,y1RTZma WYsp oxb61sQGWt	22-356-402-7135	1048406.2382999999
3389	Supplier#000003389	ERhdA2izb269guC2h1xUWmvje0VVfwSkkR	17-121-970-4215	1048165.9885000001
7792	Supplier#000007792	ovNXKqOaK4YOYYZ4mmO2URULVI WE0bwvr39EQ	25-340-568-7901	1047909.3820999999
7131	Supplier#000007131	idB,ZCHCaKXfMZdEGcSu0onzMnavfZrqp0lYcB	30-149-781-3330	1047875.1465
8142	Supplier#000008142	jChB0xH r3zey1Z,	15-250-408-4638	1047799.8050000003
5179	Supplier#000005179	nx,tP44fkLZiM,h7RDF15Al	23-667-711-3540	1047643.1005
5616	Supplier#000005616	H4,vwUV HK,Eyjzy ZMwopDB	17-826-297-3338	1047604.5530999999
4997	Supplier#000004997	LeXYzsy2kv1 wB7CbeM	23-357-611-7051	1047453.3499
1204	Supplier#000001204	fROOqRgBPrHagHhP9A9XvGMWSm9iONll	24-450-294-6355	1047445.3164000001
2335	Supplier#000002335	dtvcfOsHopS5Y0 7QcGRRFcRa q3UuJsMKodwEyE	34-732-988-5709	1046958.1535000001
6156	Supplier#000006156	3E BnFXjwiYoqmzq0eHiB	27-312-123-1541	1046865.0462999998
2389	Supplier#000002389	R3IfcKKa2LBWVj9F4PoePbMim8KjNqyhWsh	12-990-545-4605	1046739.5781000002
3430	Supplier#000003430	QPf4NJIUnU9ViQOeQvTLygg	25-181-562-3060	1046687.4686999999
2238	Supplier#000002238	2C 77e62vlkKIv8lWx 0n2v9UZn QE1F	23-321-491-8444	1046605.5445999999
9501	Supplier#000009501	vFug8y0A vcuINZRui3Sgx	12-504-265-7327	1046517.1443000002
2850	Supplier#000002850	DRJkjJB9sELbmuvyCBjq61k2i4ICmt	33-423-379-1746	1046330.7773000001
9841	Supplier#000009841	6jbXloR1WIfLGyD137gH6jDFVJ1JXgwR3rU1	11-889-942-9631	1046301.8548999998
785	Supplier#000000785	W VkHBpQyD3qjQjWGpWicOpmILFehmEdWy67kUGY	32-297-653-2203	1046132.0726999998
3292	Supplier#000003292	rdZxuvAOnGA5TGTgAZlaor Ah7pd1xqVUz4V7nYL	10-298-132-2236	1045931.6100000001
8925	Supplier#000008925	JkpcVQHdedQBOKf02mpjwN	11-817-315-3677	1045898.7639
2178	Supplier#000002178	,7s3dA5Me2xQGXOpkNr56U6W37	26-113-962-5018	1045877.7333
6863	Supplier#000006863	ElFcmfHn2n	13-952-862-9857	1045691.5556999998
3868	Supplier#000003868	5aP4VBn0t666NbGYB	31-503-515-6191	1045662.503
631	Supplier#000000631	F1uLHPh2tHB6j1YLrB,vilZ5SIn6P1RFTPoz	25-354-834-6526	1045453.1708
818	Supplier#000000818	78Rr rF8zcBGTSud4,5B	26-754-547-4185	1045346.4383
167	Supplier#000000167	FEDldnEfBHVGOmKdFevemmG2	30-725-194-1727	1045281.7555000002
7443	Supplier#000007443	S,dOfluUwjy1al YenWKdknieXWTDTaS10VO	16-277-525-5408	1045204.4142000002
6195	Supplier#000006195	C3C6Nhq VAzIFKS6JsU6xPaAoXMxX8Di,a	10-251-658-6550	1044932.8548000001
910	Supplier#000000910	0X S 2E55,maqch	15-960-448-6633	1044854.4443999999
2381	Supplier#000002381	ayAhKvaFnOHQ 1aN3bMzg2bf6g1VqV02sVK0I	25-248-483-6418	1044573.0662000002
1654	Supplier#000001654	5F6ZEzmh6PWDS	12-219-980-3825	1044497.1519999999
7769	Supplier#000007769	rsimdze 5o9P Ht7xS	29-964-424-9649	1044484.1518999998
7238	Supplier#000007238	wZ,MnHKNnbRv7flb6VUPYrF7jOgfp1E02SaZxPL	14-864-807-5923	1044434.0108000002
6374	Supplier#000006374	zaZS HQ2BBpZtOgqRE4	31-531-178-1807	1044312.1507999998
2365	Supplier#000002365	zXBLdYwy3ofxVs9XREb8Lg	25-956-226-6898	1044072.7478999998
4203	Supplier#000004203	MIzyGBM4h07HSX3Mzs	14-994-888-2741	1043968.6382999999
192	Supplier#000000192	Tub1t4UlJwZ5U	25-585-189-5975	1043769.9886000003
467	Supplier#000000467	aibBbBkbtmDJ988LnMNkCAi	22-666-307-4101	1043768.1780999996
1230	Supplier#000001230	YTNwF6K9kaxyH8NGGrD9G	15-922-198-8652	1043675.9759000002
1974	Supplier#000001974	1R7qIuqU1C49lcz2WW3W	20-845-358-5508	1043662.6619
2664	Supplier#000002664	Yubrd7VE sB	28-949-545-1481	1043659.6463999999
7020	Supplier#000007020	MWRYVzR8AasLDSuO15L TXnTdkKMpfc6XkVoFVMg	23-899-965-3786	1043403.3834000002
4603	Supplier#000004603	OUzlvMUr7n,utLxmPNeYKSf3T24OXskxB5	33-789-255-7342	1043244.6611999999
3640	Supplier#000003640	u,RXMa,idA9 6Q6UZTezJKamrRdTvq	12-246-842-6314	1043200.6930999999
7933	Supplier#000007933	yo7nyC8Tj Z0sVvFk,iGQO6O7HH	24-161-804-6338	1042822.5224
8735	Supplier#000008735	4TuOf ,iMotRLNUYHGV1w4BFpSwBO0T9Y6K	14-456-452-9738	1042798.6586000001
6879	Supplier#000006879	JB4WhwriRKofOxppl7nWJe27OBSBqXwhflKk8X	12-181-983-3781	1042696.2967000001
6475	Supplier#000006475	kIsWI8VZKmY	18-450-232-8764	1042443.2044000002
9426	Supplier#000009426	go2c90uF4TsZEHg1aa3,Gacwm	33-367-498-1524	1042421.8913
9289	Supplier#000009289	lAIhcH3 p,ij2ci,YjLmNmUbEnNa3OtrJ55PzE	34-212-362-3318	1042257.1142999999
9302	Supplier#000009302	Plz6TcSNF0pJTiBdKrJEWd6Rw31MquEN6Z	12-885-138-1631	1042047.5318999997
9940	Supplier#000009940	SUhqhESIjc	19-261-809-2619	1041882.5389999996
339	Supplier#000000339	ESOHA53rEW5G7Z75w5hJ	15-967-506-6094	1041801.7581999999
8513	Supplier#000008513	ihTrBem,lzLWyJzYXQnkoqmp1Ug	18-527-469-4228	1041762.9926999998
3962	Supplier#000003962	oNM1okCwUVKFOzke0ol7iDviZa	28-618-658-8737	1041709.3788
5748	Supplier#000005748	ZoCvc8ocx2	33-174-442-3657	1041678.0604000001
5332	Supplier#000005332	GDYJGl71XU4cE80rGsTtaRbOinvUG,ogq6xff1	32-321-949-6369	1041567.6580000002
7453	Supplier#000007453	h8pnN6978tPWx	16-671-287-9714	1041407.3706
6376	Supplier#000006376	gG,EzjUOgEXYaHYyfdP	33-858-633-3470	1041301.8334000004
3273	Supplier#000003273	pwb5G1n gtm0nXESwoY	33-902-451-5890	1041267.3640999998
1911	Supplier#000001911	myRVbhhM7cDpErcA	27-157-437-8512	1041236.5656
2542	Supplier#000002542	vPQq7x1BGpdKke797PC2 eYAAMpVMi	32-760-854-8942	1041123.3185
1824	Supplier#000001824	QRgNQm3JDybaKlOsMljhYcBVI52j6	23-798-490-4355	1040964.1806999999
9464	Supplier#000009464	93Tm7,TXo80Okugwz	26-697-450-7238	1040743.4322999999
2745	Supplier#000002745	AiY,iWimTpLQ1CsF79	11-409-317-7941	1040738.2372999999
4306	Supplier#000004306	SkZkJZflW5mDg9wL fJ	20-911-180-1895	1040646.2412
6944	Supplier#000006944	LRbDy0Wl1Ct	17-550-483-9225	1040620.6752999998
501	Supplier#000000501	PSStC43vWlQQpmTku4s	34-141-983-6520	1040356.1982000001
9917	Supplier#000009917	sBMs8OdxAXN1HQwfJ4YNpa9z4ZI3WD92qdIEvAKr	11-538-748-5875	1040283.9284
8613	Supplier#000008613	yRkoyFqUby8b4jyX 4IX	33-912-140-2009	1040268.2553000001
2219	Supplier#000002219	ShNYaJlJuC	15-855-925-7829	1040198.7781000001
3104	Supplier#000003104	j7PAWf2Bo70YiHbpsdAtlvnIm	19-957-831-5492	1040100.8824999998
1576	Supplier#000001576	3dj4fsF5fNQ2boo1riXOA7N9t	16-116-644-2882	1040037.5138000001
653	Supplier#000000653	IK8OvngBYI1zh9bbK0vLThzVvk7F69hxytOmq	27-391-635-2412	1039756.7625000001
2800	Supplier#000002800	ZwUjfUl, NdgdRf9zoi lkMHn84gbJ1EDC	14-699-352-9705	1039624.9102999999
4125	Supplier#000004125	qa YL0jDzSogjG	23-983-768-5797	1039589.9532999998
7448	Supplier#000007448	yhhpWiJi7EJ6Q5VCaQ	13-190-786-8552	1039522.006
4528	Supplier#000004528	roNpvAnFYHwel1QGrgILQ	34-579-396-7340	1039439.2277
6837	Supplier#000006837	vokfcIaDMaf2hG	14-530-767-7768	1039389.0918999999
7491	Supplier#000007491	rgpN2KQE6A0gul0q4ZVpD5S	30-642-433-1399	1039285.2161999999
5237	Supplier#000005237	1auUEZrluONpxfzvuTc1Lq93uCIeucLK	15-732-795-6730	1039280.9981
6261	Supplier#000006261	TPT oX927,LE,	23-575-322-3542	1039189.8213000001
1886	Supplier#000001886	sBHbIapvIqB46fw0mv3s	22-945-253-9885	1038985.2819000002
6472	Supplier#000006472	UgcCfa2 5Y8a	32-960-199-3921	1038970.9979000001
4535	Supplier#000004535	WbG6Odl5StA,,	20-468-495-4445	1038908.7080000001
4390	Supplier#000004390	FaJZ b KdjxA06ZdUW3sdWEAddDR	10-361-458-5712	1038861.1569000001
6532	Supplier#000006532	Yqg7SYRlEiQHeGB3rrxy3MoD	22-561-546-8625	1038678.3445999998
9729	Supplier#000009729	7sXQXOGUiV5fqFULpGfLDDPeAuEnwnVJ7yQAD	26-307-939-5254	1038659.1416999998
2401	Supplier#000002401	MZoiVRB8uOVheBJmKYKScBpZkLYSOe2wQIoDsIX	23-883-970-4369	1038551.5251999999
4174	Supplier#000004174	Bk97olQYwXmjYdQjwyt N	31-178-422-9841	1038449.1031
8901	Supplier#000008901	80p4fwgJ1a	34-363-626-6781	1038410.8108
3423	Supplier#000003423	,,hFmixRsUfI	13-477-872-1285	1038375.623
1920	Supplier#000001920	esB5ZkpVMLGLau3JHKrCEM	10-495-104-1252	1038355.6206000001
9523	Supplier#000009523	8011s4G6Je2,iqI60BKkCbv ucFwT,N	18-745-759-6087	1038354.8263999999
2366	Supplier#000002366	5GhVZxD5SUeygDMLE7	24-438-417-1009	1038096.1822
4946	Supplier#000004946	godIJZFokyU2WqnvON7vse	23-186-281-9873	1038023.9407999999
7426	Supplier#000007426	4r0HDt85zLPoM	13-228-593-6695	1037898.2565
4981	Supplier#000004981	w,hpC2VU3wpuO	17-698-852-7688	1037830.0909999998
7481	Supplier#000007481	YFrAFgdH5cYR7sFEt	21-506-229-5173	1037687.6309000001
2725	Supplier#000002725	LoFZWIp7I4NZHNzj,n2o	17-827-742-4461	1037541.5589
3770	Supplier#000003770	Y4wWM1fN 0ca14XX9oc3PJnrCiC	16-243-260-7453	1037528.0831
5378	Supplier#000005378	5lP48kx9aElsaaDUtkX4AFOyXagLIowxxqn	26-772-307-7260	1037248.5998
9432	Supplier#000009432	Pjys2qZZQjh3QH5tFDv,m	14-855-482-5723	1036953.2970999999
357	Supplier#000000357	Vf7Hi5DuzZ6RJ,mfaXBVNqx0	30-147-268-1519	1036946.9023999999
4927	Supplier#000004927	h5WAYrJzZMHnOnz5EgO,EvjnJPzp0FhX	19-636-113-7546	1036892.1211000001
6411	Supplier#000006411	JsXBFa8pcpcCE	15-967-750-3353	1036867.1794
4978	Supplier#000004978	Ho8kbrr7BjnPLDZWY3H2bjT51EHL3KfwqE4o	21-713-375-7705	1036861.9006999999
5326	Supplier#000005326	gJvaakYDgaEtUOnf jSYuneO6DeM1RWlSB	18-562-715-6646	1036841.0287999999
2674	Supplier#000002674	MsTnXr0aEziTO2dsm	12-183-939-6643	1036553.7355999999
9985	Supplier#000009985	BZSKwKEjlX8JPr,rNVMzhjc5a	19-178-709-7161	1036511.3739999998
6943	Supplier#000006943	O1KJE67Z,KykRf8mV72VTnDG35PhSR0S0CJlYFi7	26-566-449-6283	1036367.6763000002
2102	Supplier#000002102	1kuyUn5q6czLOGB60fAVgpv68M2suwchpmp2nK	21-367-198-9930	1036339.9095999997
4707	Supplier#000004707	96GsC8OoUqtFmvkqcATQ6GsKtoJ	23-242-680-6520	1036327.1568
4935	Supplier#000004935	eVGOcd62gpsLEm1f5G	26-586-543-3025	1036104.659
5688	Supplier#000005688	8BPZDnc5B96UHtKKP4TwOyOVAh6PQQy	29-299-224-7007	1036016.779
6006	Supplier#000006006	tRq3yfXg0LlBUwlEYZQNHWFEZ3tw9Mn	29-164-563-4583	1035951.6690000001
3804	Supplier#000003804	,vg4jVUW83vMxGvB19NvMsZvDmkM8AjBkfyya	11-224-172-1030	1035886.5489999999
5020	Supplier#000005020	8n8le,fK6fN1byNziZYGXTQLv8fTnjlyaM	32-966-740-2878	1035699.5904
8480	Supplier#000008480	4sSDA4ACReklNjEm5T6b	13-839-573-3826	1035670.8771
7532	Supplier#000007532	27CkgqXAFkXRoiY013ZCIQV9nD	30-571-776-8216	1035647.7191
8240	Supplier#000008240	kFOt9kVFENwW	34-938-160-9730	1035415.646
2984	Supplier#000002984	WvzfKAsjOtpNPSbjor7	14-829-961-8448	1034961.0302
4474	Supplier#000004474	uKnr2FIJSxNNmcNacM	17-108-300-6090	1034916.3477999999
2377	Supplier#000002377	pqWJYBmfPJCJOGoPKhtoh	26-210-849-7512	1034797.1773
4827	Supplier#000004827	oapZgR0L1Md6IC2IZOO8UBjnuKY8u	24-390-759-3313	1034552.1226999998
8257	Supplier#000008257	gA20SjV3BGrB,cowC,hXTXtppX	15-583-943-4692	1034505.4423999997
337	Supplier#000000337	IRrbCdIS,GB4YYhr	22-951-643-8793	1034462.4414999998
9323	Supplier#000009323	xQzxixcS9G30QYFoAsEiB ph2eQkiCyUwsYc7y	22-230-852-1667	1034403.9720000001
3436	Supplier#000003436	pVwVAr23pEMeJ	19-391-495-4796	1034203.5967999999
6995	Supplier#000006995	TIUy84oVy5e7	33-202-318-4971	1034146.6564
2944	Supplier#000002944	IpInhMoSjE1V5Rvmn39R	34-430-611-7260	1034050.2673999998
4434	Supplier#000004434	3lTQ378rrVynHLSQgnjkmM02Ejpt	11-180-941-4852	1034006.9265000002
2193	Supplier#000002193	1DRgmH53Uz	29-298-403-1384	1033817.4213999999
6862	Supplier#000006862	iqEIDdYOlGfOa,H9	15-569-302-5521	1033656.4713999999
2367	Supplier#000002367	c42IIv2nUcLJ9hGrhhiAmfOQwvq1zgzxg8tv	10-321-635-8217	1033603.1169
6394	Supplier#000006394	tL8yyWfEENhLhfmHFo,5PhLB8KUhgUPngd	30-494-694-6272	1033535.3736
7993	Supplier#000007993	r,FoztdN1 ,YCDgea5o	10-409-862-8648	1033514.8939999997
1424	Supplier#000001424	LNOsByzhAnOy8AY8VEByhbs7lp5	20-558-793-6049	1033500.2032
2393	Supplier#000002393	e2CEFKZR9lLgj5gE7g5wxu5c33HcNqv	28-728-930-3521	1033417.3920999999
9594	Supplier#000009594	t5POxK43OIjIfHTB90	31-703-320-6583	1033392.1082
9699	Supplier#000009699	5UPSlkRQySRH9Guzku0mT	21-278-629-2954	1033377.4222999999
9763	Supplier#000009763	5014E0NVyt1ktVX,8MCrtaGpDhl	24-527-145-4543	1033333.3791
2355	Supplier#000002355	cwFVZ6IFKvv0CSuW8K tlSenqBu	18-914-376-1742	1033294.0949000001
848	Supplier#000000848	tx44JAuF,Jnw1	13-169-466-8402	1033166.1667
5361	Supplier#000005361	qjOoazvE8Saer80Mtu  iOnXB 8reT	25-429-333-8879	1033068.7970000001
2414	Supplier#000002414	W6uBF44GHsJFPwnG,VBH8a e	15-728-678-4300	1032985.1531000001
4772	Supplier#000004772	IPyqnSZVJWuh	12-584-949-6906	1032814.4654999999
2340	Supplier#000002340	FGDdku5tR8Rk3gk	18-652-194-9734	1032646.0196000001
4300	Supplier#000004300	qZSf W  P4g	21-421-201-4720	1032638.7025000001
9525	Supplier#000009525	YT2XG1NUqA5JXWWJqD6XKqZv	24-824-428-7726	1032558.6037000001
469	Supplier#000000469	G4Xq2 RFlLP7uDadWjZ96 uyaGNk8 216c6	19-527-692-4725	1032543.0271
1290	Supplier#000001290	Bvnw5RTAURgqNceiR7a00JYiyM1Tdyt	16-979-442-3949	1032165.8036000002
3133	Supplier#000003133	ctd9ax8DHT93kvfF91	16-259-195-1994	1032136.6964000002
2426	Supplier#000002426	85gpHFfMdr8j5,X	29-327-898-5197	1032059.3592999997
6515	Supplier#000006515	n1HaaAgnJXyq0uOJUPZc4OtR6dFab998dsj5ojW	29-985-947-8800	1031978.9335000002
3914	Supplier#000003914	uBG4kbR1mp6LQZCp6DlCmpzlw9sh2XnSPMT	32-389-834-9741	1031806.5580000002
5713	Supplier#000005713	SJN6CtVJPDQyQbLzDaqP	19-354-873-1233	1031737.0310999999
994	Supplier#000000994	0qF9I2cfv48Cu	14-183-331-6019	1031695.4057999998
760	Supplier#000000760	ob94rzX66tJ35aKv2jR,inK1	31-367-390-9165	1031691.3533000001
1268	Supplier#000001268	W6nIT0xqfg1	12-446-614-8039	1031454.7564000001
9198	Supplier#000009198	KxMOBZ9hjBM0eZdWpCheXJ63P3RftrS2UG	25-533-724-2058	1031416.4754000001
2223	Supplier#000002223	cFqPbhaW4Nwm2cGw,vY	27-714-734-2919	1031288.8401999999
470	Supplier#000000470	XckbzsAgBLbUkdfjgJEPjmUMTM8ebSMEvI	29-165-289-1523	1031267.4911000001
6779	Supplier#000006779	opViso sAFIJjMfb5aPtA5j3Hlbr9	10-723-759-3094	1031162.3193999999
3102	Supplier#000003102	m8,BcGs cif2 SyoQ5oIrb3	29-467-229-9822	1031074.8158999999
4834	Supplier#000004834	zNPeOQC39Vi3gmw2GchO70TmExXxcRIBo	11-459-399-3120	1031062.4391000001
191	Supplier#000000191	X dZg6Dtv17X7	28-437-699-1621	1030961.7152999999
2173	Supplier#000002173	, nK6DzIo1Dpyz0VhOuPJZ	24-895-185-8909	1030863.5689999998
9632	Supplier#000009632	4HMeDoqCq0ciYzdyyKNtz8kyTJcelWaSG32	24-450-231-6125	1030408.2594000001
5907	Supplier#000005907	2,sYAOLG6IkVq	14-143-880-9883	1030289.4042
9915	Supplier#000009915	mhdhBkL2PL2Qs,Ny5FGPwciUPJggpK	18-682-553-2638	1030235.0401
3751	Supplier#000003751	2oTtXQ7M,	29-278-905-7511	1030208.7067
8970	Supplier#000008970	T88G0V eBY8OWY1kSFy	27-209-992-8141	1029996.1805999998
1680	Supplier#000001680	9r1tXehZwE72p0i	34-230-784-5114	1029932.6636
1967	Supplier#000001967	yvTFsXdtp197Q74meyc 4SxKnSD1A2d2dh9E	17-175-981-2149	1029899.5885
1219	Supplier#000001219	yYAruzzZdw8WCBRCunZoq0	21-649-821-2202	1029847.3880999997
4798	Supplier#000004798	x1kpkFCop3hakg,yMhulv0Ad2	11-617-801-8409	1029631.3845999999
6085	Supplier#000006085	T3Ju68MUhIb2hpTO3f8OGG	29-528-113-9241	1029574.4574000001
1468	Supplier#000001468	IfGLGB5BHW	33-379-279-9526	1029506.8766000002
3815	Supplier#000003815	X6Hv7E2gTir0 XMliDjn1NxTzDCiK	12-795-283-3574	1029020.5319999999
1946	Supplier#000001946	6J33 1IV5vOq0WacqWFd4uon46NXqouP5gdS6iDX	19-934-602-6578	1029000.6775999999
6386	Supplier#000006386	C6LXPOhlXY wNSJwC2MX VgBNtD2 uNfaKaUy	15-588-214-7300	1028924.1664
6531	Supplier#000006531	e5uNBPGGUf12YZPJVpd0	24-258-734-1073	1028889.5349999999
275	Supplier#000000275	Mh9eZVjmBPZc5I2KHcMcfZOYbpFqrlVOLR	31-446-410-5215	1028816.7557
3971	Supplier#000003971	rmppI,ycgDGtReQ8ME0f44woPCuaceAIFjsl6B	19-685-551-8039	1028490.6347
498	Supplier#000000498	4jvUQrC4acOQ82EFM vLNHG	27-772-853-6514	1028365.5072
9771	Supplier#000009771	s38uMYcXku6	34-105-641-1996	1028344.0163
1306	Supplier#000001306	Ad4ljVj851hzx9F	12-192-484-2306	1028331.2374000002
5422	Supplier#000005422	BMQnJ0eNFR bTEt	17-816-161-4257	1028301.7392000001
4240	Supplier#000004240	cTrHkuZZcx7U5Joo9ldLftgHX4	25-127-452-3901	1028142.5017000003
9858	Supplier#000009858	HyYkus8tIiRgfYu8	18-616-616-6528	1028035.7956000002
3917	Supplier#000003917	Bt0VKR1pfFZrLQKliZ2	23-283-379-7778	1027903.6543999999
3600	Supplier#000003600	CJkYtpnue5Eri8tFXowxxIySMfXwXq2	23-870-894-3721	1027802.0517000002
9844	Supplier#000009844	WTMchXIp1OXcJ8Qi	25-512-773-1922	1027773.7776999997
8437	Supplier#000008437	Y58iKUOib1zUPTX	32-127-249-8582	1027677.2677000002
2224	Supplier#000002224	08hDtcJ8EUZ0nMxMrZiEiNH9RM08gIqt0DAst	23-714-590-7668	1027402.1516
3393	Supplier#000003393	rCuPMo62kci	26-454-982-8925	1027380.5385
6371	Supplier#000006371	S,L4tTXgvegIusPLEV3zAYBvpzLOLWEJhDeIG	33-702-175-1305	1027125.3143
697	Supplier#000000697	CnQUnxL9Jk1ew4 kK,DqzwwV34c1KUiu4xFVsG	22-673-286-5547	1026981.4819000002
6946	Supplier#000006946	To6Slo0GJTqcIvD	13-685-283-4956	1026846.6732999999
8546	Supplier#000008546	4qn718cUjQEKsfWfJy5	12-827-860-1192	1026677.1242
3422	Supplier#000003422	DJoCEapUeBXoV1iYiCcPFQvzsTv2ZI960	13-662-152-4869	1026659.7363
4007	Supplier#000004007	cvlSgCCKGOwpaB iFIPx4vU2qA5b6K hz9Z91	31-218-453-2389	1026535.1004999998
9094	Supplier#000009094	OdXhqpW7stmrXA4fMHv8Z MAXv	19-209-370-2359	1026529.2912
6705	Supplier#000006705	8nS49d5oBs0dWYx6Vf6dWhtWzozc	30-660-386-1612	1025826.2118999999
2003	Supplier#000002003	8xDjpcEfQNjO8vXoWm0lr315hc7DnXTo	12-997-589-3384	1025534.5985999999
4356	Supplier#000004356	IHb0QT6803Hr1hmUBafgLwEFZenlW	16-127-384-3697	1025522.8009999996
7939	Supplier#000007939	i7ua2798FbUx	31-738-305-1815	1025360.0145999999
209	Supplier#000000209	fpTboatC6ogrozMPApz2DXmlukC9YVzCLCgQOtgU	28-134-789-6780	1025343.7873999999
2422	Supplier#000002422	,rCHMLszDW0QgQmfWamYIq	12-133-227-8771	1025301.1522999998
1474	Supplier#000001474	X2ye iuJe 0ghenms,j	12-456-585-6521	1025217.6458999999
3132	Supplier#000003132	pfNmYxAAzFPdszCzw	10-724-107-1782	1025187.1654
2921	Supplier#000002921	S1UO1Dfj5y0kG0ui6gJ30yt5CUVaebtyIlRSp	10-392-215-8665	1025113.0065000001
6327	Supplier#000006327	YDxXt1y6B1iMa	19-314-243-5572	1024812.8182
5049	Supplier#000005049	22J7yDqk9pnGoguOvx0x	21-500-137-4477	1024799.9829999999
8984	Supplier#000008984	Ap5g9fjZUuY0FnaRxsqaZ	29-569-265-6236	1024777.5614
8348	Supplier#000008348	jSE4BpESdgd2lgFkSP3BZKDKR	33-360-581-5299	1024736.1563000001
7352	Supplier#000007352	S7dBXzQa0lPuLtvXBFB,Mln,2pRgae,T	16-949-393-2959	1024689.8412999997
5240	Supplier#000005240	zcE F4crZXfDXlITkE ugRAwEkN6OIzU	31-564-530-9694	1024657.6216000001
793	Supplier#000000793	Z4N2V ERHL ds3jr9F	28-379-479-7140	1024647.6453
4482	Supplier#000004482	Dqr9bYhGZoPmPnONniROzNyiQ4H5JozVNnK	19-865-349-1537	1024367.4051999999
9583	Supplier#000009583	mD7rK64MLVWTE sZ1wPtGVz76a	23-970-824-2232	1024328.9381
8012	Supplier#000008012	q RVLC5ggK7vJLk eF,73tkFu8SkxWH	28-205-915-4656	1024300.4515000002
9452	Supplier#000009452	,xOqIi1xiqjdktPVwKAZapDwEFvzfToWb	19-392-969-9048	1024066.3435
2203	Supplier#000002203	aIY2DYGsqyvzpzfdWMb	27-500-333-9733	1023891.6795999998
3446	Supplier#000003446	63YyLYXRdGzc	26-494-262-3731	1023867.9002
5953	Supplier#000005953	195TTIj0ef3CNNBPdE8 ypE,ptuHgpUZIfKo8uP8	17-738-357-6501	1023423.2293000001
8006	Supplier#000008006	,8,a6tucbKSGeU CYs,LGFPeCpfMDAaT,qQ6MMX4	19-102-545-3561	1023381.3569000001
4949	Supplier#000004949	Rcqi8k3vuqVDrHWebhehhBl0VMFMCJV2j f	17-991-530-7017	1023219.3054000002
1897	Supplier#000001897	tIwaK9T,jM3yIGVWR72	34-784-374-6875	1023013.7482
2987	Supplier#000002987	aVQPPTYTTw0VYSWfa8y	32-632-644-8964	1022997.7804000002
6876	Supplier#000006876	XaNImTYkih,p10 YQdM1wBhFznzkPN,h	25-784-248-4463	1022758.8067999999
4939	Supplier#000004939	2wMwDKUfCR5f01YXzS	28-311-846-6124	1022698.2259
6757	Supplier#000006757	o6fggGBhInzj1FNFIMXTQuazwNK lN9	30-672-585-8438	1022538.0831
7780	Supplier#000007780	Vt6L80UlNf6cFi	24-388-983-4855	1022438.2077000003
5464	Supplier#000005464	PL9KF5XLH468IC7HD Wb0gSh	24-985-855-4285	1022282.2634999999
266	Supplier#000000266	LGWx4Xcq0GwQVwTR	33-256-678-2321	1022243.4091000002
4395	Supplier#000004395	Pxu,IsRZET0 9ToLGbn1s6aYJ60wCZQ	31-697-775-2800	1021967.8513
5298	Supplier#000005298	jtFU3iIMXr18ExQQAQRlyCtOOITSBf9eauEhK	12-327-575-4331	1021935.2856000001
1520	Supplier#000001520	wfx,kh4HNP	29-367-271-5757	1021925.2244999999
6894	Supplier#000006894	sgoktoW6JG,f	16-943-753-5572	1021675.2798
7524	Supplier#000007524	CEZxK,uwb4GSB,ELczTZZeEzP	20-867-118-3156	1021667.0321999998
7713	Supplier#000007713	8jILJdOR7UPc08ZRC HC3 q5FTyK2Pj4IjXIe	31-373-803-1471	1021557.4165
8680	Supplier#000008680	HrJU0nZBgS6T1GFC0KU9vf	27-694-363-1149	1021531.9895
4975	Supplier#000004975	GPq5PMKY6Wy	13-750-119-3295	1021530.2721
2357	Supplier#000002357	V8x3JyiEOtAo0w	30-139-515-7766	1021481.6237000001
914	Supplier#000000914	li7dM9CrPF213,Jkh3MJRSRhjSB,wRMuOvidQg8u	24-682-308-9029	1021465.3051
9396	Supplier#000009396	iXhvx5pFwt,AssHirVoyWjfn	26-248-592-8049	1021376.7639999999
5320	Supplier#000005320	0SVtkH70cY3	19-157-710-7476	1021300.9148000003
7932	Supplier#000007932	4NAtwsPVHVUmuaFXA	18-138-224-6208	1021245.5328999999
7341	Supplier#000007341	bt3rwDKuDwJIExBNm hfdYmy	26-158-434-3089	1021183.6086999999
7333	Supplier#000007333	9JJQB 6k0DJB6vFBav,	14-802-542-1048	1020807.0981000001
3425	Supplier#000003425	qpPzLbrWkeO,q1qbsBoG7vIm9aS23G7Tx H	24-242-694-4933	1020779.7158
5944	Supplier#000005944	dwXpvLKEvm7hUbiZzTGMrhIiWwXSJIJeJALrNqf	11-301-158-8313	1020692.9847000001
7819	Supplier#000007819	hw 95lkhhkNUIq3cYuctCfjlUOU	32-111-417-1890	1020638.8429000002
9466	Supplier#000009466	GkdIYwzK5GCYibM4GJwd XF0e5D2ei	12-440-678-4925	1020165.5023
532	Supplier#000000532	ep92hT7VLaVlDKM7lgbj02kIL	13-595-401-8233	1019918.3437999999
8145	Supplier#000008145	M7SygdLkUNK7XTG	14-525-780-1695	1019804.3567000001
3294	Supplier#000003294	7T1AkctPf8	30-946-993-6591	1019743.6251000002
1763	Supplier#000001763	jlElnSpkpQuxgYbev1Z35nETkj6DQCINaQOuJ8Af	28-174-770-7793	1019743.3964000002
6179	Supplier#000006179	Z6,89fjYPmGO4eIHVsgbk9Ppd5TQcR	22-486-737-8624	1019695.1052
7799	Supplier#000007799	3C4Q,c1DdaG4c80SMqqB2JqJzVhGFN0WFb	32-149-260-3351	1019666.6886999999
6830	Supplier#000006830	BC4WFCYRUZyaIgchU 4S	32-147-878-5069	1019645.3357000002
2400	Supplier#000002400	rvXmKk9vCN	34-521-714-2582	1019643.4536999998
7178	Supplier#000007178	K6fB8,JK8MB0pKKPpFg6XHsK1yYo	25-371-961-3709	1019630.5304
2995	Supplier#000002995	RWgWCeIgsXXHgCxWZ5jd	31-224-848-8404	1019513.5424000002
4130	Supplier#000004130	2Qd5FYKuN,sT	24-766-166-3005	1019498.1499000001
8879	Supplier#000008879	rDSA,D9oPM,65NMWEFrmGKAu	13-477-693-9090	1019285.6561999999
7602	Supplier#000007602	JZXAzMCUL3,QQGuLGL8	30-504-663-4024	1019272.0827000001
2382	Supplier#000002382	otBPUYXGv LZifYiBq1XPTVKn7d	15-391-167-3113	1019202.6121000001
2121	Supplier#000002121	0IAnSj9cJjL1sS6KGbx8Qh832VNYN3y	18-110-119-1013	1019184.8725
8494	Supplier#000008494	8Lb41M39FM9oULM,2LG	34-303-859-1524	1019139.7905
6320	Supplier#000006320	YRjdYgv6q8NpX	32-211-274-3030	1019116.1501000001
5407	Supplier#000005407	nVVnyfMNKSe9vYCW6GY3vMy3UmNJ	33-487-694-4613	1018982.037
502	Supplier#000000502	AutSetu5u6moXK6Y3rpoWREh	14-678-262-5636	1018896.9721
4334	Supplier#000004334	CxKEAJiy,Pakv6p	23-906-378-4436	1018504.8439000001
5314	Supplier#000005314	,MOuwKmaLVA2mKYCVX4s5e2povJW	11-561-100-9470	1018417.9643999999
8236	Supplier#000008236	3P4fq3KXTHDlBl	12-615-406-7253	1018261.8460000003
481	Supplier#000000481	VqFS2DPW Ci2TpkfD	19-951-947-8520	1018221.3426
7521	Supplier#000007521	XKZS,1Ns,5jFevpAk43oiGPzdvsguV	24-277-624-7516	1018121.0988000003
7634	Supplier#000007634	TkmKScI3gO	20-699-145-4483	1018120.3043
4375	Supplier#000004375	Cmr952zcJJuW0xAYc0W0MA7N6vMcCjy	31-913-670-9251	1018084.2705999999
673	Supplier#000000673	GCmswucbTQe2Q3OHcnsNI	30-592-284-5403	1018046.3431000002
6843	Supplier#000006843	JDyLWm,Nn8,Pkfx,9zB,iWgq 4	21-443-521-5425	1017944.154
6440	Supplier#000006440	RGFwLQetEihzvW4T8yqzcH5WcenjjMp	18-277-803-8011	1017869.3062
4485	Supplier#000004485	62reHN90t,nD8jpktr,KmeJ3VeCTvChr	33-319-815-4381	1017839.4715
5988	Supplier#000005988	IreOjLGbjMODbx	23-145-539-9356	1017812.9787999998
750	Supplier#000000750	uJB curMQwnzz79rXo9v4jy	28-361-120-8058	1017709.8752000001
6693	Supplier#000006693	RcQEvgOXhyvJOQndULyO4DWl	30-374-257-1774	1017645.0638999998
378	Supplier#000000378	FfbhyCxWvcPrO8ltp9	13-930-567-5190	1017620.6373
5717	Supplier#000005717	tRh9 y0NJ0WuCeYZeCy94caIw	28-392-305-4077	1017490.6705000001
2890	Supplier#000002890	MA4ikT9mOlgSSZu17d0hdSGNc aFsivmV4 CIAS	25-877-235-8087	1017428.8603000001
6220	Supplier#000006220	FeiFBC36pFsat5	34-392-299-5771	1017362.3637
3456	Supplier#000003456	kxNIOHJ7JYRsOKqbpoL,dnVlVlbzhgAiLHLaju	26-308-141-9160	1017233.7293000001
2993	Supplier#000002993	CDRN7azuEWTawl9G	30-541-514-5637	1017069.5319999999
9192	Supplier#000009192	uejb5jHTAqR SajE1E8bf6Fdawr7F8FW25HK	14-578-864-7183	1017066.0688000001
8346	Supplier#000008346	Yy3VnDGcUelIgMeO0Jq	27-802-811-8509	1017049.3601999999
1863	Supplier#000001863	1EOsrDVmYEaMXcLHogFo7V1Q0G218BQMx93a	27-544-212-9999	1016917.5983000001
422	Supplier#000000422	iu4c7rkFFNOvmfx,aSs62I	20-645-417-6790	1016729.6936
4429	Supplier#000004429	k,BQms5UhoAF1B2Asi,fLib	33-964-337-5038	1016601.2383999999
9344	Supplier#000009344	N1A48rWNnF63i,ePPBscDmOnHPRSJu	15-205-553-9893	1016523.1346999998
1852	Supplier#000001852	yNq 3s,7SgnMyjX94eg	34-658-967-4317	1016283.8258
3207	Supplier#000003207	leSBkuggLEE8kYZS4EN	34-820-589-9927	1016219.3618999998
2245	Supplier#000002245	hz2qWXWVjOyKhqPYMoEwz6zFkrTaDM	13-943-980-8226	1016190.6808000002
4026	Supplier#000004026	I692fFGW Wyp5QvrFLsI6K	21-477-196-7874	1016110.6053999999
9411	Supplier#000009411	y 9HOu3o5fXmQKc7VmA	28-902-415-7563	1015879.0735
4814	Supplier#000004814	IUEBgcSJ5npstly5E7CMf,M7o2Ch	29-967-317-8001	1015840.2035999999
3231	Supplier#000003231	sOT0c7g85Y,kXUdk2ChGGCfytw6VObsi,uH	16-297-460-6360	1015733.8296000002
4321	Supplier#000004321	0iWoD dOSEzWIEXaqJsK9mmvwRkfA8e,DrG2	30-281-415-7493	1015525.0795
5753	Supplier#000005753	FSyU0RM1P7lA4,KYcBcsrqg4Lu	19-254-162-9836	1015372.9006999996
8272	Supplier#000008272	rjuHAwxY92lo W5nTHeuKq3H	34-985-865-8643	1015267.6244
4165	Supplier#000004165	wTJ2dZNQA8P2oi99N6DT47ndHy,XKD2	13-845-894-5027	1015211.1066999999
1698	Supplier#000001698	KID8KLG,W4NdRgCrfqdUeF5BLX	10-428-669-8316	1015152.9780999997
4831	Supplier#000004831	P7etrrqyCmgg5ZDxFIl7 8PanbiO0pJRCrxlGh,s	30-230-129-4785	1015119.6795
2602	Supplier#000002602	So6U9dxBXM60pCxlEBmKm HZo	34-266-788-7504	1015034.3423
9225	Supplier#000009225	s,MIHdC7zF	32-542-446-4004	1014827.4798000001
2464	Supplier#000002464	QEnR4EwAYxnMt5PARcd7	14-956-770-1030	1014647.9636000001
6867	Supplier#000006867	QqN,6nvxhphZJM84MvBXuadwxJdSwgC9N3BzG	28-106-503-2513	1014497.2703999999
5115	Supplier#000005115	xdh9QzWM6l299yCJRveS3oqf0JQs	34-674-575-7131	1014472.6453999998
3130	Supplier#000003130	HZnyZxed7QuysySWyvPR8xb8jQvB89szH	33-330-263-8188	1014447.6415000003
3378	Supplier#000003378	hhYP kcZ5fSOhfExZ6eGvx	34-784-222-6641	1014393.5839999999
1447	Supplier#000001447	Y6nbeZmxx9J0j,1PLvpljga qvtV0e3ehThVjXMf	13-524-189-5007	1014375.946
5238	Supplier#000005238	jmtI76 8RNG8Z2BZu	31-883-134-5440	1013932.9134
4500	Supplier#000004500	gLmZw7Vn9naI	17-199-768-7129	1013906.1625000001
6763	Supplier#000006763	pB6ZoSr8Sss0b8iFns2wJh5D	23-794-361-5382	1013798.9596000002
787	Supplier#000000787	xaSs5H BquWpG7s38xn Rf5X	34-278-568-1942	1013722.3476999999
4410	Supplier#000004410	VtBiUBsSO3o0NAEnIYJ0WIefIaSVxVT	22-746-291-5588	1013698.3652000001
8350	Supplier#000008350	Xl,OsoSo,oBKPqJ60Zg6	11-100-393-5411	1013684.4566999999
1743	Supplier#000001743	z6LShIN5U71h2wxKr,NzNpbLzyvu21glBlMoWj	11-207-443-2441	1013632.7515999998
4157	Supplier#000004157	zRTkRcaVtCHv6	27-846-933-9715	1013623.1071
9256	Supplier#000009256	PxFBMa1lFwPDxQbo	26-512-741-5623	1013489.4306000001
6344	Supplier#000006344	CnoxEmht6YuyQLFq5HWZFH,QHjyCFnQo	17-494-458-5494	1013270.8045
9372	Supplier#000009372	K0SwMDlveHxfA7hD,95uOry3s2x	26-440-852-4319	1013248.211
1183	Supplier#000001183	XcR1BiGZ0K8xnbF	12-456-466-4198	1013169.8550999999
4305	Supplier#000004305	qNHZ7WmCzygwMPRDO9Ps	29-973-481-1831	1013133.6278
4574	Supplier#000004574	1HvGwnVueZ5CIndc	13-699-599-7738	1013108.9765
5360	Supplier#000005360	NSPpFb,zb lAvnows2C1dk6ONz3x,8	16-489-531-3312	1013075.2309999999
626	Supplier#000000626	uaYN3Mg6sVtD	23-672-133-9305	1013062.7921999999
7606	Supplier#000007606	WvQk,AYhITiI,7WZ7cGLmb0Yt TxU	28-173-974-5741	1012786.4718
1224	Supplier#000001224	phrbm9zLBi4Lon0	11-130-646-8654	1012695.1100000001
7545	Supplier#000007545	lRLYS1M8CXnOYJ9HITCcqk uZKPFjdmS	27-596-939-3829	1012688.3587
789	Supplier#000000789	LF,j2pxKPgtbDGaj,l47vutF5Vz	23-428-566-8444	1012678.8079
463	Supplier#000000463	XOb4DatMUyqMuFM92ZRaapwsEQ	10-178-678-7353	1012654.4649000001
5409	Supplier#000005409	oM86LIMrErzimY	32-825-711-7980	1012564.3840000001
7624	Supplier#000007624	budqY6iH7JGY0ZAPM2K	14-455-556-2580	1012564.3241000001
4423	Supplier#000004423	cfayNpUnJDcxt5F4BOa0cu	14-479-588-3965	1012442.0463999999
5410	Supplier#000005410	I9psERm0hvL	33-670-449-9130	1012433.3206999998
7625	Supplier#000007625	AJYIKaliIfJeJ	33-144-323-8280	1012335.3709999998
290	Supplier#000000290	6Bk06GVtwZaKqg01	16-675-286-5102	1012335.2982999999
4931	Supplier#000004931	4VTbOamndSM6U	24-625-784-4507	1012335.1933999999
3739	Supplier#000003739	,M7BbUGl58JfQ1N4pL5,AC5C0wzqPo8ovEHTMQ	12-425-404-4099	1012334.1783000001
4216	Supplier#000004216	Llx127Mkqt0rE3H6PLNMeOY	32-990-787-5400	1012318.0944999999
1172	Supplier#000001172	1XIgPffEfiZasmaJM20b	27-150-360-6842	1012294.7433999996
5829	Supplier#000005829	QMQ9k3TH9 pvKCKEXrDI0af	28-136-182-2731	1012269.1255999999
4794	Supplier#000004794	WqqTjtxiy3l7bJxoqJD wsfP2Gm14AYZC,2J41	19-808-447-7933	1012256.0262999999
9715	Supplier#000009715	4uKqVHtYC40kYYp,YdLtQxd xSBIsHqdScD2RwR	31-490-601-7438	1012186.7758999999
5579	Supplier#000005579	ACVEMP4IwRf	31-699-410-9988	1012176.8335000003
5960	Supplier#000005960	Wenk3uGdxo,ZefVh3XCR8iYaNxmyzr3B3i	11-806-364-9633	1012045.4156999999
2771	Supplier#000002771	VdZoiNsPVr91KzOZ8kg	23-957-362-2541	1011997.1932999998
9806	Supplier#000009806	xKlLw13LtRL APZyOjSz0H0Nhclxi a60KW	23-165-182-4544	1011933.3847999999
8930	Supplier#000008930	LzjamrXfmHRF1Q6kim9fZtxWvH,1i8	14-230-813-3108	1011898.2652
8325	Supplier#000008325	LR9350W4h,wWxztR9fztXUuwgQmYj2LUOl7I	17-379-143-5836	1011837.9318000001
2010	Supplier#000002010	NS2ccTY26K9n4QslPncPAuJ2tQZuWRHY45,XGzqe	10-845-970-4551	1011807.7106999999
1354	Supplier#000001354	Z3rwfjGIybZu399XSQMDDVMVTzcoakpx5oMfe	15-626-165-4902	1011786.6239
5687	Supplier#000005687	nVixSDsrI8YqT2iB	17-613-484-7952	1011772.8988
6996	Supplier#000006996	a7UQKYM5EMrE	30-313-379-9662	1011557.9635
1148	Supplier#000001148	yaK1tZuQ8Oqhnll1Doit6kM07LZhmrLw	32-341-240-8284	1011541.1459
1490	Supplier#000001490	pK,FClsQ8cq wa sGQJ3ra	12-213-362-8295	1011535.2605999999
5928	Supplier#000005928	Vjan53HKk5tfmSaGrNMcPcYNB,SJAf5uJTYqGq	26-894-855-2305	1011510.5414
2327	Supplier#000002327	CgGSbx3j1aowZNq	27-147-109-3635	1011338.1005999998
1074	Supplier#000001074	ee63e4oZmfmrtmqbxR90Jc,brxT	33-579-343-9586	1011317.7290000002
2702	Supplier#000002702	9bFADaQgBUF4QdKbfpHo	32-484-731-3344	1011292.6017000001
8229	Supplier#000008229	HsplGrXWd0CjRT	19-131-649-1409	1011156.3372
3580	Supplier#000003580	K7YdexxTIN 2CmKvmfBqaqo9LAnXDKH	34-287-927-8968	1010942.5542999998
9950	Supplier#000009950	nD62ex9fraU78CRvRf6t,WEHj	23-587-598-5887	1010804.2838
449	Supplier#000000449	kOYLYC4JQ5tBVlul15gdo6smU,VdIObtXyC	20-757-629-3940	1010658.1578
9909	Supplier#000009909	fKWVWN3MtMmulZ,n	19-858-188-5399	1010467.5948000001
9689	Supplier#000009689	ZAQw,vT3q8Ry MOyRSOulj	14-558-155-2781	1010360.9989000002
3095	Supplier#000003095	HxON3jJhUi3zjt,r mTD	13-277-998-5722	1010262.2660999997
8502	Supplier#000008502	7sWDOClgh15PopqCXg31lxon0XbkDXF	27-997-943-6884	1010168.2061
9387	Supplier#000009387	7POl yxTprmpFaFkLy3m	28-157-601-9339	1010137.5345999999
7366	Supplier#000007366	7SeKZHcFCApYBVhHh2d	18-909-530-8832	1009998.8410999998
5450	Supplier#000005450	hEt0 DNXDQ8	22-413-669-1577	1009995.5673999999
6385	Supplier#000006385	bI3lW8qb0nMmTOKFXxkxnSXumzwF1q8R52G 06dN	27-266-389-2532	1009939.7129000002
3539	Supplier#000003539	uPKu8p0Vv2MzTU8y POo19yNgM4Hz6JB	10-699-417-3533	1009871.268
8313	Supplier#000008313	Y5MCEhDhda0qzg 6Y,1SYs	29-851-635-4723	1009791.9583000002
3967	Supplier#000003967	eHoAXe62SY9	29-194-731-3944	1009729.9629000003
1746	Supplier#000001746	qWsendlOekQG1aW4uq06uQaCm51se8lirv7 hBRd	13-538-692-8661	1009718.5426999999
8872	Supplier#000008872	8D 45GgxJO2OwwYP9S4AaXJKvDwPfLM	13-483-360-2131	1009684.2866000003
9186	Supplier#000009186	wgfosrVPexl9pEXWywaqlBMDYYf	16-668-570-1402	1009612.3585999999
7159	Supplier#000007159	9I3wWhd3Iv	16-432-124-4280	1009586.0519
7658	Supplier#000007658	QFP,X9ZqwsG Oa	19-402-271-4966	1009490.5864
8314	Supplier#000008314	K8JixEKRhWkJ	32-990-782-4027	1009278.0541
6902	Supplier#000006902	gbh8Rw2xmQFbnZGxpQU	27-906-885-9468	1009086.5248
7796	Supplier#000007796	CCT1dU6BWEuQqkx2ncjUv0Pivw6Dn5V1,z,tA	21-378-272-7968	1009046.0786000001
6785	Supplier#000006785	lyo6PpwulTeN9ZfIkvWag5NucL,XMC  89Kn7U	31-644-455-4622	1008958.9202000002
3874	Supplier#000003874	CY,arVY8zA5kT7KrawlZ	27-340-601-8395	1008934.5878
287	Supplier#000000287	7a9SP7qW5Yku5PvSg	13-484-626-4797	1008790.7161
7480	Supplier#000007480	ubM2xuLS0u	14-851-119-1838	1008772.4595
682	Supplier#000000682	4bD4f4zKh88YutGs	19-577-707-8772	1008700.1788999998
6248	Supplier#000006248	Ef5f,rmeFhpIwuC	19-968-511-5539	1008628.7781999998
4286	Supplier#000004286	OsUz6fvS3Y8mGw2rdWmjTh0nEonjaoUduz	20-857-469-4413	1008599.2048000001
5901	Supplier#000005901	vfCFcAHhCa2WfogeAjYfZshxHQQdJ	16-840-687-6900	1008492.5696999999
3336	Supplier#000003336	pU67NsP6 D,	31-590-806-1948	1008440.5489
4008	Supplier#000004008	KwUFb,C, JmF	32-237-882-4487	1008173.1096000001
1869	Supplier#000001869	nogoCdaFQii,ri9rs3P8f5rPt1wVOMw9I7TmypxK	31-431-165-3867	1008171.1964000001
8499	Supplier#000008499	Z5f y6tASps4VckVSvA9JLg	22-379-481-8071	1008169.2235
317	Supplier#000000317	EwuMPFkb3IrSqitX8ddgxy QWhXxeM4RoOu2d	27-131-276-7910	1008022.0828999999
6423	Supplier#000006423	W7T4dvJBJWQ2SWbv	21-126-547-3000	1007915.2889
5930	Supplier#000005930	MXIG6ZJHK27uwcXuT2zTHWT9WTl	19-247-536-8083	1007882.0960999997
915	Supplier#000000915	hzB2437Op7JLYX73d3,qU2	28-191-772-5459	1007780.7545999999
9581	Supplier#000009581	wwFM3EPThCi87xaXYbnYaiR	10-968-746-9540	1007663.101
4302	Supplier#000004302	y8J,yet1HbesuNlD61o	18-532-605-1462	1007612.0763000001
4523	Supplier#000004523	SoBu9nw6O2tVpM	27-301-120-3294	1007608.8986
7303	Supplier#000007303	tUAUS4uifQ4jiW160a2T1ksgZKbaWf11eKT	20-238-593-8892	1007504.5478000001
1759	Supplier#000001759	IMUk7aHEg2sS8PyUqj4FsZS7gR8HX3Ix	15-110-929-1862	1007397.2951999998
7348	Supplier#000007348	DWsHlBJHxcggXDAGzeCyWPTvGB4f43aqYhd	34-865-949-2340	1007323.1059999997
7980	Supplier#000007980	xTPaeTWz5YaE0w,MXQ8	32-838-254-1780	1007307.8038999999
6257	Supplier#000006257	NvNMxu5S3qtWWRG3gSOCdimN 6s5VxWIj	25-472-947-9532	1007249.1029
2440	Supplier#000002440	57 Ig2hYAIuZ	33-425-942-3361	1007149.6528999999
8724	Supplier#000008724	6jJp6wmmdd02GDHZynXHHwvbxB300hscHe	26-383-868-6894	1007050.9458999998
9853	Supplier#000009853	FQdvxIB2GcP6Z	12-595-826-2083	1006889.2606000002
178	Supplier#000000178	VJ9DInoVjbDg	26-471-122-2582	1006779.8401
4945	Supplier#000004945	yI71,qR3g,1x2zi4IDEKBgf0vuCdCSN	21-822-740-2027	1006682.6776999999
7397	Supplier#000007397	k bmt6UGSGnItCHgbNFKgQCuc3jfJY	31-614-697-7115	1006497.0441999999
4272	Supplier#000004272	0CUBdD9KyyE	21-375-837-7482	1006236.0174000002
5048	Supplier#000005048	CS5vRYbcZu7UjNt5nU57jIpqtDh5l0Ls	22-997-560-9511	1006162.7685
1535	Supplier#000001535	Cv51IQjK9TVKYB5gIGxWiTQs	14-840-750-7001	1006048.4106999999
5970	Supplier#000005970	eMgvfIHEHqVgpV3MLy0s2aODiSNbioK	15-503-953-8421	1005938.3916
7155	Supplier#000007155	aW7uJQnYNDIKWiu	22-878-535-8109	1005922.1387999998
7299	Supplier#000007299	3WSkVU1ME,JrAaMCJhHixzzzEMY0eTBWpvDX7Lif	13-546-854-7549	1005899.5972999999
389	Supplier#000000389	FW96liSdq3noHJpwM	34-885-883-5717	1005776.8722000001
8497	Supplier#000008497	xef7AF1FKfjml5HrGfEHtkhk3Tbeg0ms	12-748-918-9360	1005737.466
6989	Supplier#000006989	KVh8JH kp01pF	26-936-359-8088	1005721.7506999999
8453	Supplier#000008453	oCazUq2FT17SpC5vnlTJNF9Ob52ZKAUQgb	11-293-826-4540	1005708.4332999998
4846	Supplier#000004846	yaGqqDppYiGSkpUnHASEkrxb5xD9SkCpI2vad	34-701-113-2989	1005652.4994
1902	Supplier#000001902	T78aOvA9rDeXfNM	11-946-831-5480	1005561.1864
2011	Supplier#000002011	EKs5znUv,GZtfhLx	19-368-474-1163	1005538.7320999998
9498	Supplier#000009498	dDkobGZ5hwO9aUDG0ipVJgJ8	19-999-351-5454	1005458.7402000001
8222	Supplier#000008222	sjwxxzvfFA,ByaTlqG6oFGbN1	25-641-945-4668	1005398.3735999999
417	Supplier#000000417	b3CbQxCMWWu,YyeQU 51fccuv7Mt	16-563-597-5520	1005205.2157
5229	Supplier#000005229	feyJ4zb6toV,Z11SjX6LCH08Kaj2KwFzM4wOA7N	20-987-260-3596	1005120.5157000001
9354	Supplier#000009354	vHiOY5UtNDswS7tde 1YQMdfB9tlGAvLmfni9l	26-252-575-5706	1005033.4743
5743	Supplier#000005743	cbIUTLIk6VacVEiMQaLWRaGJB4SGaGIg8	31-390-660-6966	1004732.222
1170	Supplier#000001170	C5SCYBXvOJATuamJB	24-150-726-5287	1004719.086
7007	Supplier#000007007	uB0ugMJPKT,R 0nj6y	22-255-627-3014	1004143.7694000001
5926	Supplier#000005926	c3e76 dAVh6792K	31-569-743-5242	1004122.9668
9068	Supplier#000009068	ErjvNhg,CVml8krRQpo3zW8FYfsbf5iGv5lXGt1m	10-265-482-6893	1004114.6174000001
8530	Supplier#000008530	5EacwOuDZqQjHTQgG8XV5Eja65B4HXh	21-267-583-5534	1004080.3805
8316	Supplier#000008316	M,BrvLmLtbbDy5O	29-143-826-7135	1003946.6615
5527	Supplier#000005527	ruPO o9up I1IWsc5nI2hhf	26-203-161-4959	1003783.2448000001
300	Supplier#000000300	YU QZvXHJC7,ZspUPGwaIOa	12-468-732-4623	1003734.5288
3690	Supplier#000003690	83mGyrFbG 6tJ38U	22-292-458-7250	1003326.2360000001
7845	Supplier#000007845	agwGVTzLyRKOsZxLVi,mPWZ08Qxb	31-261-512-4950	1003321.0409000001
7963	Supplier#000007963	uuOvxqm37CvfJ0IEGxKo988RD	26-587-366-5667	1003282.8686000002
9890	Supplier#000009890	izJXemCM Ikpgxk	31-951-623-4301	1003244.2195
4415	Supplier#000004415	89DcPGWO1wkkTHW54sU6B4KTlM0uhBNbowQEuW	12-198-770-2454	1003084.7707000001
8749	Supplier#000008749	IIwYLAA1qEUAL	22-560-833-6117	1003006.4022000001
1025	Supplier#000001025	H76hZYHauWUYycKZtDN7beix1eC3Tb	32-604-449-9024	1002877.4626000001
7356	Supplier#000007356	0xNYRuPSssnEN6ypm8uAx5IybcJ,I6OrTToR	18-135-522-1643	1002861.9902999998
5380	Supplier#000005380	owZmt SBTXg57CQ9kMPM7C	15-834-438-9601	1002858.9832999998
4426	Supplier#000004426	hxCw2eUeF3s	23-867-438-2923	1002832.0197000001
3931	Supplier#000003931	dkqDyoyHmywcP9RkjZEbwVYCWetbPX01	10-890-887-7011	1002704.2809
9974	Supplier#000009974	7wJ,J5DKcxSU4Kp1cQLpbcAvB5AsvKT	13-981-166-5707	1002690.067
1849	Supplier#000001849	j2lGnzQaxOKwO	27-423-487-7855	1002650.2159999999
8857	Supplier#000008857	dP2th8vneyOLIUFwNBwqixkFD6	21-691-170-4769	1002630.389
1806	Supplier#000001806	M934fuZSnLW	13-220-863-8920	1002613.4781999999
5980	Supplier#000005980	TQnqbXl1GVlMAISOLXpAyFMz1k3k7quGLyRAX ty	29-584-733-8238	1002589.3938
1065	Supplier#000001065	0Xqs0Cx0BC	19-665-446-9549	1002176.0441
894	Supplier#000000894	T,9KqHZzFlFVvesdyzvzs9FHOQZjLk	19-875-711-4227	1001987.1131000001
5466	Supplier#000005466	UKqdYJokGezKzRhnJn	33-435-930-9900	1001933.1974000002
668	Supplier#000000668	lLpUAYxvq5Gu9eLRdlrj	18-876-287-5756	1001921.2290999999
4096	Supplier#000004096	T9OqQ8TzKgDo RUuwXcEePKA6tfRKyn9hd3jVJhh	26-638-189-2205	1001839.5584
9638	Supplier#000009638	giy0VurBGyQzPT	19-675-940-5244	1001241.9403
2865	Supplier#000002865	OZrNw337it	32-783-627-3731	1001227.3322000001
4835	Supplier#000004835	yAvaoHJQHGbWRhcBrGJAhyqf5PAq1jruZIo LzM	33-760-622-5299	1001074.4744999998
3212	Supplier#000003212	18WL8,9NRCSdrIzvHj6JSo4uV	30-148-178-8673	1000983.7130999999
3498	Supplier#000003498	BsM RxD9QN6nJPzSJM	32-515-960-2533	1000936.0188999999
2431	Supplier#000002431	WZx5fCjhvQVdNUB 3vNgNZsUUF	18-953-303-2407	1000895.7374999999
4692	Supplier#000004692	BxHrGZnE9Ri3jgvv	23-807-209-1065	1000786.4841999998
4311	Supplier#000004311	I8IjnXd7NSJRs594RxsRR0	32-155-440-7120	1000724.1712
364	Supplier#000000364	OhfGUPn8U9oBx5	19-653-706-8164	1000465.9003999999
7438	Supplier#000007438	LPKbazS1XiADueiEJLeoq,BucRnhhVSmaEdVqQuP	26-789-540-5015	1000402.6618999997
4895	Supplier#000004895	TbWNU6fEkHj8VoxvOl9kDP,XwoMhs	34-873-271-6462	1000237.4417999999
9245	Supplier#000009245	cZnE5j68mPoc	25-904-400-1018	1000225.3151
7881	Supplier#000007881	sxyfYqVVNWeU,cUBYav44cOSl1ozzLDb	26-878-885-8667	1000212.2797
7383	Supplier#000007383	ECCvFTjqtlzXlDuT6erP51Il	34-604-440-9988	1000202.7501999999
5279	Supplier#000005279	IUwBVndhao,Y7I	27-182-705-1661	1000171.3392000002
8227	Supplier#000008227	UzuOMkIwu58C	25-468-486-9857	1000141.2226999998
8594	Supplier#000008594	EbT1I5lT889uz0kfOZytux,pdcyFT p2	27-516-843-8455	1000024.4278999998
5306	Supplier#000005306	9t8Y8 QqSIsoADPt6NLdk,TP5zyRx41oBUlgoGc9	33-632-514-7931	999981.0038
1949	Supplier#000001949	W79M2lpYiSY76Ujo6fSRUQiu	20-531-767-2819	999898.7886
376	Supplier#000000376	L8OWL3jXMCR3Gh	26-752-731-5943	999648.1985999999
7645	Supplier#000007645	JtOvr9g04Yu	17-858-909-8241	999639.3696999998
30	Supplier#000000030	84NmC1rmQfO0fj3zkobLT	26-940-594-4852	999638.6678999998
1031	Supplier#000001031	IqSuMmZ2GwR,Zp8z8	18-423-362-3331	999567.7072
2455	Supplier#000002455	KzU4h5DjCtdKZiY5Rrp3Jukvcn	26-257-769-5335	999563.5678999999
1847	Supplier#000001847	0GAs3udWD8IfclOsoK22YxTDtHj	15-843-949-5894	999449.9396
6809	Supplier#000006809	iaSmZjRFKAJ1ot99CEg1M	32-332-666-8608	999425.6995999999
1481	Supplier#000001481	ARqVvJHMxBNKl2LrfPsR  Wq9ZUXh,14	31-207-618-9010	999357.77
3186	Supplier#000003186	psT4cqWz2mMi4EV OpBRFv	14-984-821-6231	999341.3633000001
8624	Supplier#000008624	kq J6H4TrKRsmy1tAH	27-682-620-6179	999249.3628
2213	Supplier#000002213	oDAPzQXc67gaRNIqaYH39RQMi	19-401-601-3714	998929.0654
5856	Supplier#000005856	ZZY 72oxhYlHGj4m44Sc	25-126-957-7207	998892.4717000001
1826	Supplier#000001826	CNbWsPnmlVM95BXAo5j	34-686-140-8734	998847.5334
6056	Supplier#000006056	GoJkowKdxFsgPvTom6kGUarfGRg6DvwiL	19-167-423-3098	998777.7980000002
230	Supplier#000000230	TgT146Clu9ODbYYBx4Wd8oe	11-819-222-2128	998749.4168
6715	Supplier#000006715	SX47Fkv7ADR9IhG6mMDRaGuRcSyjMRi3A3ex5,	29-811-331-7891	998720.3962
4298	Supplier#000004298	P8E7PlS843vGQOOAYGlNyzSbt0GgFnXR80rGVhm	19-287-258-9572	998687.0492
9815	Supplier#000009815	qFvPqh2RBf5rbTxg0O,	30-248-440-7116	998668.6866000001
9906	Supplier#000009906	gYu, 3VzqrurtbsOpnt5,CQHy,hkRHOc	34-505-369-5501	998219.2763
116	Supplier#000000116	gABGPfNYwB 9g1rMYWSAhpo 4	23-188-305-1829	997524.7575999998
7749	Supplier#000007749	yS8 YrUHktkqqqCL7Od9S	18-225-478-7489	997338.5657
1387	Supplier#000001387	rhjiTEU33edkiQ5BFQsHLQ1h9Zv8Vmb	23-419-849-2677	997336.9197999999
1844	Supplier#000001844	54sHjRuKYVAHc0Hy,d6Do5 4Urj,	12-709-800-5282	997061.3954999999
3956	Supplier#000003956	r0QOyhOZ ov 7Dn	27-326-227-8739	996513.9241000001
6888	Supplier#000006888	oiMuX7iexPrhOI0k4wOWBncFhNp4mvvmdusIq841	31-895-252-3066	996418.1772999999
6864	Supplier#000006864	lQiU7pCJ0na2Eh	19-770-606-1338	996306.2435999999
3274	Supplier#000003274	SH5h0up3L7Auhcs6YO1r	34-651-499-7523	996189.6802000001
4420	Supplier#000004420	HnfTtxqicsm3JSus2KuVLWDit	17-860-214-1250	996171.1555000001
7733	Supplier#000007733	uaSH7NosamEsJ gHMxxs2hZHDrPEjVNi5b,	11-739-165-5524	996127.3218
1908	Supplier#000001908	mUBhhzwrYBZj,2e0lh0O3lv6c3pcdX3r5MHo91	26-784-301-5141	996117.4136
7030	Supplier#000007030	ipRbESjBUB2tDWv8O	26-706-211-1738	996010.9114999999
5846	Supplier#000005846	S0,rj6gU0qK9LVwAi9W ISF	12-589-214-1265	995807.2551000001
5577	Supplier#000005577	,p,phwcYp02ArlwhKoYr8cxGlLJOonXGTTOrYnJv	34-657-825-9283	995774.9809999996
3820	Supplier#000003820	zsuoXVzqz,s	34-178-282-5651	995603.3152000001
1599	Supplier#000001599	rjcb4JsZbnkwBX90NGz90GjZUE01wp00eEB	21-693-626-9990	995283.2248999998
6795	Supplier#000006795	tsjzf,sh701ueTQS3Hv0XqAG1q,0LsyX9k	30-695-128-5947	995243.2921000001
6150	Supplier#000006150	hP46tthRqBUuuykAM0OEIV	26-320-415-9891	995225.0389000002
3496	Supplier#000003496	Pi4sY9dBGlns	24-215-447-2845	995127.8681000001
5987	Supplier#000005987	TzZR8IiWBt tEspR9hcNACKHOk	11-688-883-4586	995079.5570000003
3858	Supplier#000003858	1jOstK 5zRYrKcTTsjYpN 0,MrBTKp	22-631-836-3694	995004.9288999999
2508	Supplier#000002508	rolzg7UZ3KxV6U	22-961-254-1433	994905.2497999999
6298	Supplier#000006298	3m3bGO,frzuKU59lWs	33-378-187-9064	994899.5900000001
736	Supplier#000000736	l6i2nMwVuovfKnuVgaSGK2rDy65DlAFLegiL7	13-681-806-8650	994846.8465999999
3443	Supplier#000003443	XqVQLbwQ0uG	15-703-549-2363	994689.3759000001
6877	Supplier#000006877	TrOIloTruKK4MGx9hf HDFtAwDFxhen8,vs	16-178-416-6628	994587.6548999998
3156	Supplier#000003156	alRWaW4FTFERMM4vf2rHKIKE	14-843-946-7775	994546.4571
3781	Supplier#000003781	gRGnXksOWKXzd229	19-732-806-1331	994385.4565999999
3135	Supplier#000003135	Gi51QG3FkK0KELpgnNvS0mQyXWi Bvc	12-360-560-7225	994236.4857
2505	Supplier#000002505	QgRYtv8XPssUkrih7Pc6Nau9fgHvh01rrp	25-666-134-6990	994126.6533
4889	Supplier#000004889	JVSA0E0p,p11R0mbk1ESg0moQZjrVbWjnqsYxKv	31-809-381-8399	994104.3878
6051	Supplier#000006051	d6Q ULNKOR65Rbfx6NBKbvaKMt ,FoHCVr2	15-412-970-8192	994030.0423000001
7108	Supplier#000007108	wo2cXHOK5YzuHdLEl7rs0U2 kUl5O5lP	24-918-209-2604	993963.8561999999
8471	Supplier#000008471	yby8sR0,75PDNPOJmWtHFu8eCMPEkLpctO	22-536-259-4439	993891.4212999998
6482	Supplier#000006482	o4,qxBTiDQAF9SD5GbbGl3tB5,7jnQArlvUU0	22-579-880-1544	993826.2880000001
8588	Supplier#000008588	2hnDG8SRQP,Z5qGaDuphcS,UU	10-509-417-5501	993754.6401999999
9314	Supplier#000009314	XD3HVomMK7W1C8i bB1joW	19-869-893-3378	993700.1257000001
28	Supplier#000000028	GBhvoRh,7YIN V	10-538-384-8460	993651.0006999997
8944	Supplier#000008944	YaOp7MxYc86lFM3Or5zBTU5	18-493-131-2030	993617.1566999998
6480	Supplier#000006480	G6EMQfMmx,Slpyg	18-876-601-6046	993135.2329000001
7202	Supplier#000007202	4IO0WeGZ9h864FjV3zpbs8l6yrLnnHTmFvISy	24-744-766-5751	992884.1986
3614	Supplier#000003614	om8XnsBFPKTxjvKhn 168SlP5drWoP7r tZP	33-876-776-9763	992829.8807
4576	Supplier#000004576	HaO1IBZTzOmgW7mcDYpWUt47vhw4BUW	18-418-401-4991	992771.7364999999
3290	Supplier#000003290	0oqc9hPgyqdcaJrcs7RRy0WrYur8A	14-168-862-2247	992760.1358999999
2689	Supplier#000002689	91eykk9cfBmJwZuncC3N7csEifAJE0	27-115-222-6568	992759.6296999998
2676	Supplier#000002676	Xl4TnYEpX4JlkQh11gL8hXTYRQ1	16-262-321-9209	992523.5707999996
6473	Supplier#000006473	u,9PUBiVGKHnDoP,b	32-889-606-4292	992446.4199999999
5261	Supplier#000005261	LPgJUosc4 lEJv9GmziGJbm2lU4ufrl9lzW	20-350-105-8148	992343.7764999998
200	Supplier#000000200	MNqafnV52UKvwuk3jFCn,AJkL	21-962-509-4762	992108.1059
3969	Supplier#000003969	jTZvvV2MU7hqLZiI6ZqufbfGX1	26-329-999-9943	992028.2457
5513	Supplier#000005513	IgESXIfvPTpwiUvo3S	12-142-281-4302	991988.2971999998
418	Supplier#000000418	l07dIg BFdcW	34-689-611-9130	991983.438
8897	Supplier#000008897	7nXqitelxx9z5dTw0	11-168-337-8356	991967.9883
4236	Supplier#000004236	dl,HPtJmGipxYsSqn9wmqkuWjst,mCeJ8O6T	13-838-515-8794	991916.3328
7321	Supplier#000007321	P0PzqTa0LNYs	18-359-235-4861	991818.1272999998
6539	Supplier#000006539	sLBC76iRNMe57dw0rDZiE09EYR65YZMc88qbafxc	28-156-673-1119	991792.7380999998
8446	Supplier#000008446	txlVyI71F5r,9ct34	29-361-236-8438	991760.9436000001
7884	Supplier#000007884	d35SIqy9frreEhCKx9xaWfTc7sqr77	15-194-649-4415	991723.4975
490	Supplier#000000490	JNqlktPWJ4	12-619-779-5325	991665.2765
7004	Supplier#000007004	2Bt86wwHjo5y9dsk2h211hP7VgeuJqi,J2yx	26-178-705-1024	991661.7037000001
3315	Supplier#000003315	5cOojypCFl lugFmPKecUfnKPEFd22	23-456-715-4529	991541.4649000001
5307	Supplier#000005307	Bn8K7K8FZEbZoG5L,	17-876-374-4719	991441.2799999999
709	Supplier#000000709	D8Mg5T7enR4HOYbpwPgkdDycdI5FpoTnXWUHB	30-921-692-7914	991393.1022999998
8533	Supplier#000008533	R 0kQH79zpDxZKr15KcktHav	20-634-681-8231	991125.6737
5401	Supplier#000005401	eEOlCEAaIfVexStlrgTuzwQx7vjPF6ZT dm	31-591-611-2096	991061.8828000001
5474	Supplier#000005474	VUqApfspXM073YGTCyWH1Xk18uPoxkNlSXb	25-250-807-4845	990696.3564999999
3203	Supplier#000003203	rEvaJTcRX5KbGYImWjnva82NySVDc1oYPdu1xu	20-727-365-6152	990667.3833
7682	Supplier#000007682	wxyhu1i81gTuKAoZKhovS,atwP37OcmwR22jN	16-417-532-4728	990665.7283999998
4297	Supplier#000004297	KIHeBupr0uzfXq20Nk2M0Xjv	32-324-959-1436	990611.8125000002
763	Supplier#000000763	rpZRD,h5XXPIOe6bX1KqgwvBPoN	27-579-968-4858	990580.2063
1725	Supplier#000001725	vZiLtETl7Rq,a42N5fyl	33-551-143-6319	990380.5718000002
4278	Supplier#000004278	bBddbpBxIVp Di9	13-334-254-5009	990215.6099
2232	Supplier#000002232	xrkvsYF2J d1t	17-899-899-7619	990027.7217
3001	Supplier#000003001	p,vtdzmZWY7YiO	34-171-876-8885	989984.4488000001
9703	Supplier#000009703	461W023tsamk5gRq9x U	27-841-617-4653	989857.9683
855	Supplier#000000855	ekQwhb9fh5VGIvMBJ m,yT571ICZpI,LEb1e	19-105-166-2849	989856.0257
9028	Supplier#000009028	CGp5UiY8rUcMid6tcKWcCCGBrO G8b	24-488-812-5079	989832.7339000001
8963	Supplier#000008963	KZ857 LeUmCEMifRs HbCYgoAS	14-809-744-1506	989553.0086
1904	Supplier#000001904	EDieupuG,VGESMDhDtd0w5SvfHK1WSgWh7JLZr	17-210-998-7416	989398.2828999999
8020	Supplier#000008020	M5v6sVUveGK3vsHe0bwHyPAEPsQ5	14-500-236-4745	989364.3573000001
8847	Supplier#000008847	1sq3ggDMjL	10-645-735-1948	989346.9353
3107	Supplier#000003107	Vt4uiXc8CmFbXqY0VmNIELot3Nybh	12-322-314-7950	989312.6131
7425	Supplier#000007425	TAqmXEdgxyxdIDal PT7HjJPqgT	29-711-206-8445	989116.1860000001
4658	Supplier#000004658	JZUO7MJ3,f3wFHTS 5dpDkfOWu8KXcgilYxPBDwM	10-887-916-4653	988960.5230999996
2754	Supplier#000002754	zw8Vl,Lpglqlbu6xAuNu,T	25-682-858-7129	988932.1825
6337	Supplier#000006337	ilQgNOdCAysclt3SgODb6LeJ7d4RzYD	20-950-345-8173	988796.2173999996
1238	Supplier#000001238	o3IxY ehZtQ64ubysr84V	28-223-865-6534	988726.4732000001
1712	Supplier#000001712	,wgzZrY56tRQ37G4dL1btANp	19-817-134-4251	988663.3673999999
2362	Supplier#000002362	8DQrWe0VvbxI	24-932-114-6441	988593.3725
6247	Supplier#000006247	3JmrDbyjGCw1LmtsOo	34-266-484-9288	988590.0757000002
5707	Supplier#000005707	flRR,Sl2Rs6jSwNHIPpko 8y9UF6T	19-972-519-2072	988440.5876999999
3954	Supplier#000003954	x6cRxg62 t7dRyxvC	33-100-296-5999	988360.3885000001
611	Supplier#000000611	6BVljZ1HeradVcmcDm90NYkla3iHPBsTSoUJr	18-554-185-6487	988340.1342
8326	Supplier#000008326	guSNtiNA5pR1P5b4scyzK	12-631-356-6254	988325.6386
1916	Supplier#000001916	juC,4ej1nuxX	30-859-870-4119	988241.4343
2064	Supplier#000002064	t840Ipd5YG7SZyQQUUEQNPZ fQfjJT5lv	19-450-298-8597	988225.7222999999
1877	Supplier#000001877	YdS3UX,LpA0KAihb9oOD8Tf9ccfoDg9	18-939-405-3809	988144.1059000001
7853	Supplier#000007853	MK40bQXnu0Z, zDH2q9n0tRlCrTTerJGAWy	10-929-858-6792	988051.2333999999
3608	Supplier#000003608	b5zVYs7ziq	16-355-434-1153	988011.5630999999
3964	Supplier#000003964	,sEzbwQRqZYvpRZP9my	26-534-139-7853	987986.3251000001
1214	Supplier#000001214	33rk3mcWaDeMzZcSF	23-171-373-5539	987892.3094999997
4934	Supplier#000004934	DmR5NR5K4ukyBFIi9VIe In0VmUWiS	14-337-240-6607	987665.5644
1401	Supplier#000001401	hrguVJZAGvKvT2MFdj2HECB3gDtNiysR02Pd	33-586-658-5202	987661.901
6718	Supplier#000006718	7FbbD6wsyg,yHF5JmlofiB,f,s,t612hXI9z	12-845-848-1171	987647.4652000002
9637	Supplier#000009637	4,ZXKxiy0TJ	22-215-148-8784	987608.4082999999
2085	Supplier#000002085	iNUkZfe1jzha0Bnaw4PX roaeI	22-494-673-9808	987480.8113
6442	Supplier#000006442	K iDKLdFAYkO0MHruw	12-642-123-4079	987436.6745
1342	Supplier#000001342	PLHRQAf4AK okYJGKWODElzeupU4y,ijWOd0Q2q,	10-614-132-7491	987377.5939999999
8220	Supplier#000008220	GgePLLEUcy8,1TEct	23-943-742-4081	987274.1319999999
1635	Supplier#000001635	2sUtri6Km8xGmFaoRUET 9	21-208-115-2881	987238.9444
2344	Supplier#000002344	KYmxbGiFlAxzclrA	30-701-750-6443	987214.4781999999
355	Supplier#000000355	DuCQn,7qi1KL a99mTWSY4Z9eC53dslWPABGj7	26-389-592-6792	987072.3607000001
3893	Supplier#000003893	czTNFPTvwoGe,lZxSzf00Q3kR9,i	28-174-729-8408	986983.8665999998
4413	Supplier#000004413	uiswesrN E4D2SWEB iOWZuaiCm	14-106-184-2518	986914.8801000001
1059	Supplier#000001059	4tBenOMokWbWVRB8i8HwENeO cQjM9	20-620-710-8984	986906.9955000002
7871	Supplier#000007871	mfB1B8A6xIFJX	29-601-998-2408	986765.2793
4322	Supplier#000004322	nYtHA4IrK0n	31-903-735-8227	986750.5018
2781	Supplier#000002781	M6OMG51Ozym8tFBslU7nVkExqaWIGU9N9E7TAc8	20-531-230-8533	986729.1908000002
5601	Supplier#000005601	BRZS844MqAV,waoD6IvM	18-325-313-4179	986728.4309000002
1044	Supplier#000001044	imHHzVmeNI,OwowfxLg5lJzQOROqT	24-230-793-4577	986684.6674
8590	Supplier#000008590	slOzkYi1Z5Pmk6	34-787-907-6102	986535.3355
3656	Supplier#000003656	eEYmmO2gmD JdfG32XtDgJV,db56	13-215-118-6468	986331.7145999998
6969	Supplier#000006969	gHahGeOEeEQN837a4oV85IE5qi	28-514-538-7460	986128.8950000001
4329	Supplier#000004329	KwMRyzn84uJyuMeKQGbzyeGAhdwMV	20-930-692-3265	986125.1015000002
9276	Supplier#000009276	iXojoy9YVbTkggCnbpKtKZPX8IS4	32-956-171-4392	986116.4858999999
3988	Supplier#000003988	MF7EzpHHs3IpUsAZ1cB7M9lxYuqQUWUO	34-705-531-6512	986075.5361
3772	Supplier#000003772	Lrb RV6 RmDhe4jc3Q0V2TnGKKOVaCI	26-683-949-8919	986041.8353000002
8946	Supplier#000008946	H5GRyJBvI3mZJ6w,1Qp82ioQR7Q WWWTR4qa0	32-556-539-1611	985995.0485000001
6280	Supplier#000006280	DHbI2DZMqCY7PV	28-933-750-9364	985988.2539
7652	Supplier#000007652	JUpb3Yu0,CCLYnjVN rVWhPrvaqdZ1yQbOSVymEy	33-160-417-2646	985920.6725999998
472	Supplier#000000472	NlJV2a0ovbomfosgHUBx6sgT	30-976-134-3524	985894.926
1131	Supplier#000001131	bPrtcG7uO5xNHFfFh2omVjC	27-622-519-5482	985873.0717000001
4995	Supplier#000004995	dlNt sgtcaHV5ndDdO	21-463-889-1360	985657.3975
9869	Supplier#000009869	ucLqxzrpBTRMewGSM29t0rNTM30g1Tu3Xgg3mKag	13-712-726-2032	985513.6107000001
875	Supplier#000000875	pBjvc 55kMxfQ3gtYUiuy5TNRyd	23-165-986-6088	985434.3062999999
2936	Supplier#000002936	,Sa69LgNhOajcB3bGTCyspgkoFR6uKpFTpb	20-247-703-2293	985361.5533000001
4440	Supplier#000004440	k7bBHpIHLsEP0ITJDYNPLIdoO4WBU	10-513-706-3130	985164.2886000001
5610	Supplier#000005610	0hB1oH1SCbnuqzgH8pY3lsPjK HVLY3qa6UGWY	32-442-482-1719	984962.0334
2279	Supplier#000002279	itcDcATrvf2p	20-504-534-1040	984929.8992000001
9674	Supplier#000009674	ByUyEOSDPbK3hpH80EevmJsMYzbcJ	14-474-925-8015	984888.5264
7754	Supplier#000007754	5B,Btw C6Gl	26-941-591-5320	984797.9190999998
2406	Supplier#000002406	iaNlOIvCCtBoOPeZVWxcc6UZzR,64pKF 96F	34-491-823-5980	984774.2798
383	Supplier#000000383	pGEPbc70IKUZuTiTaigKuizjt7Y5oUoDL3Bq1	32-792-648-3774	984717.5245
9688	Supplier#000009688	ohakN polcEftV2GqPl	27-810-975-4861	984549.1492999999
4867	Supplier#000004867	fCUYoM0G Ctejr	12-621-495-5938	984453.7245
9728	Supplier#000009728	3KEvcbj09c10CIgjyMsURqzkOBYrxqiUaR2dA4	11-408-583-6730	984393.9740000003
882	Supplier#000000882	5op1w94,JerNmOkyPfAVkZEtb7	24-437-170-2579	984362.5107999999
6492	Supplier#000006492	H,X6eulSW3LVy0uxdM	13-423-274-6179	984347.4623999998
6516	Supplier#000006516	89XwFOC,hLRxGq5rL0txv0EM9F	31-220-151-6412	984296.2221000001
2319	Supplier#000002319	3z3bTulBgv8Re30oDzKgGlZQT	16-531-572-9386	984225.7433
2706	Supplier#000002706	Yio1FNwmjgD8UX9ce40marDkGoML3S,,OX	20-887-223-4341	984221.9426999998
2900	Supplier#000002900	G0 wchKDgWmciVdmWz,4nlOOfR FIHmUL7c,	24-231-768-4259	983702.2803
8831	Supplier#000008831	jvIXgLiNdSXAni5POCMq1dk	17-307-245-8592	983621.8368000002
4828	Supplier#000004828	kk06JaDjYFDGjI90Bzbp4ScLEwad1MuSYCOBaKC	24-983-382-3288	983506.1828999998
4786	Supplier#000004786	IUL1Wfe1hcInYn9nVpQNIfFCBnZ07UATQgx	30-425-720-9255	983488.4500000001
3883	Supplier#000003883	yLPQ474SMseqoOTY2ff5p5kTiwXjy4q0RzGm	26-268-102-8092	983395.2598000001
8842	Supplier#000008842	GY1,SMmFs9YIZR5BOhgEce1PMekPHjmaBuuEiA	17-915-259-5382	983181.6981
954	Supplier#000000954	P3O5p UFz1QsLmZX	16-537-341-8517	983098.3518000002
8000	Supplier#000008000	zYtb gUcE,2oeUsUE5JSLBWeDwmX	19-875-478-4736	983044.8581999999
8936	Supplier#000008936	OkNmkz3NUGOKZ7j1uTJkR,	10-121-799-8759	982807.1375999999
751	Supplier#000000751	20kEocUg39iam9T EzquK P7grgp,QD	15-773-726-6594	982726.7485999998
9407	Supplier#000009407	CHRCbkaWcf5B	33-903-970-9604	982575.1879999998
6434	Supplier#000006434	9sNRbxkVSwYyuP	26-265-927-1012	982344.929
6188	Supplier#000006188	g801,ssP8wpTk4Hm	33-583-607-1633	982174.9807999999
6227	Supplier#000006227	xS8yhvoC6sYCbg	17-905-469-8595	982071.5951
8285	Supplier#000008285	QUOVvvbmkdWhw	14-192-667-1976	982037.1606000002
9983	Supplier#000009983	CQ1QB8x QKJqR8txuxa,6Cit a	28-691-438-9663	981869.2674
1876	Supplier#000001876	lTZ6pI,RFTpOig,qA	28-885-858-3916	981790.2427000002
3366	Supplier#000003366	iev0jGXt7AL5A9cTl7GCeO0lG8S	23-320-193-4544	981466.7494000002
6985	Supplier#000006985	PrUUiboQpy,OtgJ01Z4BxJQUyrw9c3I	13-598-379-2237	981424.3336
3841	Supplier#000003841	gZRwdTLh4L9uSkOc	11-315-160-3060	981402.1312000001
7340	Supplier#000007340	9f,1UUNu5Ug54qe17YAuNfVi1yf2ZcJYTZRyDn	13-864-417-5265	981321.1716
3529	Supplier#000003529	OoHSlmvwEkuM	10-304-558-1313	981265.7145999998
8187	Supplier#000008187	hcgjLa 41gFrMl9t2kDPnRfB6Yo8cBW2e	28-281-514-1886	981235.5319000001
3758	Supplier#000003758	KRy66SUhGwhqLF5pGYevJGaCiCsrB	21-748-267-3043	981223.2060000002
3753	Supplier#000003753	26,OuQK5ZAVhinkxUo1KiBCMlmFPlp6DqTM	17-409-903-4484	981218.2995000001
3997	Supplier#000003997	GnRELJY15Z6SR6rZXXL	10-859-139-8958	981103.5757
1669	Supplier#000001669	9AWkRm7kFNL3i86eTiZDjQDf,K	26-762-352-2798	980955.5832000001
1461	Supplier#000001461	k88iU7GXk707r9eKF9Jc9LMHGyumYWsFGpH	22-519-392-1119	980883.5692
2308	Supplier#000002308	Jnv1IK2glrSU0DYu	27-384-167-1483	980714.2781
3304	Supplier#000003304	wLN88ULs9Y	13-918-136-8872	980659.2601000001
6456	Supplier#000006456	FgbEnwK,bZvQgg0	32-701-665-5100	980505.4452999999
6196	Supplier#000006196	x9AuOrvAIzrMtgoWnsVb6scMwBG	16-720-697-2784	980499.7118000002
2813	Supplier#000002813	9 FfkJtSNtSks3	24-407-542-6533	980466.7467
215	Supplier#000000215	YmZQvVCVanip2E	22-333-479-3656	980396.0482999998
603	Supplier#000000603	mECtpm1pmMnqK4K0DLZ5Gtkj 5bUydzBak6	22-807-182-2059	980392.3675999999
9905	Supplier#000009905	1cZJO9Z2dPjlc7eX6ES2RQocyMVyf	19-632-326-5760	980369.9882000001
4170	Supplier#000004170	Hy,jcuzFjmL57c	28-480-378-5074	980327.4153999999
7509	Supplier#000007509	q8,V6LJRoHJjHcOuSG7aLTMg	13-514-440-5268	980216.9135000001
2433	Supplier#000002433	t4zeqTazryuWWLLKwW93xmdG	32-399-660-9878	980195.6064999999
2288	Supplier#000002288	mR6FnETCHNIWau EF19Kqi kG8Xq5BqwwAp3	33-233-878-2521	980099.5336
9887	Supplier#000009887	G1CNHwoABuHO1zBjLEKTpW7ZE3QXjU	15-832-242-2522	980080.5953
2607	Supplier#000002607	SmzOOdE5aCFu4galUc82SVwNSGL0zNCgIs8O,yMF	23-660-465-4876	979870.0715000001
7776	Supplier#000007776	jIk7IyJ0futtV7Te	15-836-662-2866	979829.3509000001
4819	Supplier#000004819	wMttOuIKQZVud4keSILt,OXr R	26-138-600-1708	979730.2625000001
3741	Supplier#000003741	1Pjm9w2,H1puAucyde3Pd339VVZY,tBGhJ	14-585-376-5778	979601.9960000002
2528	Supplier#000002528	sCNrdl2h9YEfToc7JhqpOtwz3	22-426-661-4377	979581.9038999999
4231	Supplier#000004231	c,kTPderfPwsHQZQhJF6oX7vYbVYuT,	23-721-789-1977	979541.8696999999
6465	Supplier#000006465	R0ofppl4Gkm,b,U5uCA0YL9wm3el luro0T	33-155-333-2168	979470.8658000003
6882	Supplier#000006882	yXazSpOtfQSgwrLAWFQ6iX	32-628-473-1005	979382.4241999998
2499	Supplier#000002499	oSExya3cUOhugbKzsUiQ4iQGQi3qQ9RXhcD4o0	21-284-560-2540	979314.4451
8794	Supplier#000008794	5PTH0cbNWbwhmQ0VDb	22-187-231-7328	979310.7048999998
5848	Supplier#000005848	xxheHzTSroSqvL,Jt4bni7n1	30-144-868-2228	979274.6145000001
231	Supplier#000000231	uZfFnyAs9oFJ0No97rtQ OIV1AOYi	15-551-432-9958	979134.4891
3684	Supplier#000003684	wDE48tQ6hY5d,pnu50AE,npUOh5C	33-950-827-5956	979100.1536999998
7983	Supplier#000007983	7S1i4thGBqF6MIye	20-700-903-3227	979074.4257
6880	Supplier#000006880	s6Sen8cTC,P4Rk1PKA49	19-777-889-1296	978941.6853
592	Supplier#000000592	tdYqh7rm0Zc7E0etRqHakcg,m34gQX	19-220-707-3861	978775.4445
4843	Supplier#000004843	x,PnxiPitTdgtTkaF6aRVjD	27-509-992-9025	978765.0436
9880	Supplier#000009880	CQzqP0YiUFIvgwHsVPbbq	16-486-273-8984	978653.4233000001
8937	Supplier#000008937	3IBszYLXSHEToRon3,0OpNaJ7ucO	23-700-179-3836	978564.5329000001
1853	Supplier#000001853	,jm4zK6n,aUOCc565FFQulvgljuWk	12-746-491-1691	978182.9140999998
4720	Supplier#000004720	TzCxkEFVr8H,f	27-757-964-1364	978148.5015
9349	Supplier#000009349	oJIlkL3FqiKkYqmmIeu18HzDE0WnPpoG3R8bS	21-197-322-4895	978100.5279999999
2575	Supplier#000002575	LYl93qb9CakGgrI6GtThLi	31-192-614-9741	978070.7479999998
1100	Supplier#000001100	WXvtvdCRMWZVJXwNHX5Iokh7Q	23-993-221-6400	978014.8644999999
6379	Supplier#000006379	DuEaRd6EiB	30-343-403-9779	978002.5848
5931	Supplier#000005931	TC6RpSkg5fSfi2Ika06OqHhkIxUzNCtnkMeo	26-567-847-1082	977857.5304
3558	Supplier#000003558	CYnj79lLULxf,2fHZ1Jp,2N97uREQpHJr1	22-739-421-6188	977799.2077
4725	Supplier#000004725	qas7l mIPknKZ	31-654-353-2168	977723.4345000002
9365	Supplier#000009365	Ga98U7khv9saRWNZwHc	12-417-761-5258	977641.6736999998
6783	Supplier#000006783	pYZG29KCyH XbMS41dTlJCeyqbkvIiOSDV	11-879-159-6019	977615.1258000002
1336	Supplier#000001336	g8umUPg62XgXBVaRwm8ANdagPoIDF,E	30-604-756-5958	977545.2425999999
4532	Supplier#000004532	6wzQLgAZY,p9BY	29-474-615-8869	977522.9577000001
3524	Supplier#000003524	vHmrFEkW Qj2CmPHObAtd	15-814-332-4222	977512.4528000001
4493	Supplier#000004493	mYAVD3If6OnkZ5IfYjLW9yO8cN	34-843-652-9410	977476.4298000003
473	Supplier#000000473	x1skh3uebekXL4BIKGgIGDUfTk CDn5FIJGaq2	25-658-329-5141	977198.5622
7280	Supplier#000007280	c2bU0RrE0BBce1PiOaSHqhuQbQnGw7qGX	22-804-704-9601	977157.5363
6402	Supplier#000006402	GvjuIUGvhMyCZnE0wXXnRdRO5yDG	31-149-118-4122	977132.3675
3367	Supplier#000003367	P76gRphGSXxNx411Sm5cOU5Ris	27-129-619-8835	977077.6296999998
2929	Supplier#000002929	CaN0aIlXQjQ1BTVPVEa	23-811-269-5779	977033.3718999999
4477	Supplier#000004477	UCPt,EDnBLp7M	30-790-611-6861	976651.2160999998
7449	Supplier#000007449	aRS5s8KGcawKyM8dbBqa0l6ve8aMR8s6m	18-148-870-6544	976471.1360999999
9236	Supplier#000009236	GqhunMWKKexoPktGSe86v6XTrxE7K5i	23-889-411-2587	976346.5237999998
4470	Supplier#000004470	oWfjfJSKW71u	33-113-949-6850	976265.484
5806	Supplier#000005806	jUq5LXbXpvpOvclriKO	21-920-603-8709	976249.9519
5900	Supplier#000005900	bx3tHCCW62OOsiFfBzbjc	19-170-943-2800	975901.4961000001
508	Supplier#000000508	F9,suuHYbe6kCRCPZaeSHSPAFBk9vOcFX8TUx	24-179-400-2422	975759.8388999999
2908	Supplier#000002908	BTPIcYpTqm 9 iI	27-220-405-2567	975753.3449999997
767	Supplier#000000767	bHEuqKKdmCMEKOV	31-880-346-2583	975707.1322
6328	Supplier#000006328	10nuH u4FoWGNY	29-734-302-5442	975654.4400999999
6438	Supplier#000006438	m3UcjwFrquBPPmK15v9j	28-477-827-9412	975621.0552999998
8456	Supplier#000008456	pvf0FPIUzA9UF9Smo3vcrcFLJNvxoHfrw4s8Ocv	29-247-738-3245	975619.7185000001
9960	Supplier#000009960	pw2dYdX5dGYb2jWyRgz3IuuuxPXfmakaCRoTU	29-825-993-4837	975563.0493999999
1872	Supplier#000001872	sGWaZk2cZDYyNazJ	32-523-692-8212	975490.1182000001
7268	Supplier#000007268	ENw95gPg25Ns	12-354-583-7278	975445.7993999999
1311	Supplier#000001311	RkSRZhG0WUBIvJSU1X9js0hOmfx6SL6b1hmKW4bf	10-472-262-9154	975341.6032
1515	Supplier#000001515	Eg98ocIKS2VH1hYsFQl2 wp,PnSQ3Q	28-919-465-1784	975274.6096999998
9953	Supplier#000009953	ET85SH4iwBxacFCTFqwTt5KW8Ih,9	22-258-738-4585	975171.9133000001
4346	Supplier#000004346	S3076LEOwo	13-659-999-3852	975079.6338999998
4262	Supplier#000004262	W2rvSw2sSsrpj y55TxGLRVdd5fZq2q	26-271-701-3912	974995.1519999999
4494	Supplier#000004494	WCQNf4k5wKj1l	10-731-233-7409	974983.7727
2831	Supplier#000002831	8DGtt26QGtxI,3xEQ8gwSwY0JkzYpZWl4OjiunU	16-936-287-2633	974944.7332
193	Supplier#000000193	0HvoBt,qEF EaKzYNCl	15-872-804-8448	974928.4307999999
873	Supplier#000000873	jBfvdFseU7cz315kGbbocXnCwDKW,3iRlyaj3wn0	11-253-186-4222	974893.5291999999
6290	Supplier#000006290	UBy7c0lfhgNdggv,ZfiABr zr6a7Pp	31-212-467-6131	974800.5480000001
3174	Supplier#000003174	d,vGX8Det3nd7HLCO4pg	11-951-431-9601	974789.3257000002
5905	Supplier#000005905	JoY1zCsAvnnKT	27-566-885-3848	974778.6001
3357	Supplier#000003357	PcAiX5 7COE	27-156-818-6227	974760.3255999999
9883	Supplier#000009883	w8IytP4iV4uVGwAEy4HFZdysrv6,tykVZALiS0H	33-456-537-9468	974742.1779000002
9318	Supplier#000009318	NLlnTw7WjUNmJ9v5xvHNMcC82El5JzG	12-577-853-3354	974715.3047999999
3782	Supplier#000003782	iVsPZg7bk06TqNMwi0LKbLUrC1zmrg	13-877-526-7704	974617.1087000001
2192	Supplier#000002192	KWu5GK8oZHC7tP	34-619-665-9112	974608.7596
3244	Supplier#000003244	F83AVb,jqnseMRZrl4UwlyixFKcPac	18-830-871-9838	974601.4209999999
5471	Supplier#000005471	6q15XuKIPr7AgoDJX2F2q	29-637-173-8729	974502.1254
2842	Supplier#000002842	yi51SqL7kw7sX0	10-908-979-4738	974482.6287999998
4472	Supplier#000004472	IHs4IiOscGjhuviWOc67V	30-644-494-3536	974413.1882000001
102	Supplier#000000102	pDmsZ3V8W7NR1wW	18-884-693-5785	974235.6249999998
9607	Supplier#000009607	Y9jmgrgp0gHXzDn0PkTsYzy	26-250-610-6432	974233.1672000001
4792	Supplier#000004792	UUyeceVcL,KJaeb49OzQJwebcJA	15-286-331-7727	974203.1520999998
4106	Supplier#000004106	EJUpZra574iVKsvcaMER92FH	22-995-670-6182	973839.4846999999
4131	Supplier#000004131	hWsnfB9eInc4Ru SN48	21-606-922-9922	973765.2750999996
7832	Supplier#000007832	W0Pm,l1sQ,uMwhFqd	11-875-310-2765	973450.9616999999
5423	Supplier#000005423	eQ7MhHgC,Vg5dvnmmq 38Ht3fu	22-339-826-7897	973419.8265
4453	Supplier#000004453	Amr vJ83bnZgz	19-702-695-5818	973337.1962000002
9827	Supplier#000009827	Wly7WXJFbTyZb30yfgZ4kIqrTF	33-427-591-9490	973313.0417999999
5968	Supplier#000005968	7vKwZe im8	25-589-188-8236	973263.9198
288	Supplier#000000288	8fUJhFrKTMmi5L	20-850-734-7789	973217.6131000002
5311	Supplier#000005311	m2kwKAYNIe9n5ysrLXIVkPd	10-378-981-1830	973138.8581000002
8086	Supplier#000008086	FdwOQHWxgDPGZZcJTv,J9l	10-784-981-2463	973103.7392
8727	Supplier#000008727	bNQmfV296S5Wp	32-336-714-4000	973015.7834000001
6267	Supplier#000006267	UB0y3o3xdo02Xy55mK2qcIdv5ZJh88aE3EQRGHWL	16-460-193-2006	972996.1153999999
4398	Supplier#000004398	khZZ0CmLip49Zncec	31-691-972-3445	972955.1484000001
6306	Supplier#000006306	mSxhoCt9kzDJW00O3d5QHKvDEDqxD9RelvL	32-783-788-5511	972811.3424999999
7944	Supplier#000007944	2KBDUbE8kmUJLE1xSAXYVRlXNhr3g4v	27-917-699-8552	972789.3481
6129	Supplier#000006129	SeYweH 5LLy, 7 y0C	16-373-131-7534	972786.3245999998
1299	Supplier#000001299	3Le1h90D8qPIW0fUaT1ZpSM5vJ28FB3a	24-375-891-9460	972713.5794999999
5309	Supplier#000005309	kzmvKlSiri	13-475-801-8455	972706.2642000002
3847	Supplier#000003847	fZI7MkOKUxtbb	15-797-203-6297	972607.2206
690	Supplier#000000690	nK6Lv WWUh59jE525	29-330-952-4018	972567.3530999997
6978	Supplier#000006978	FS17zlWYWaXqA3aUj3oOR3sdMhTN3	12-218-384-6106	972551.4517000001
5948	Supplier#000005948	,AVsj0Dbver	10-595-981-6728	972541.6926
1584	Supplier#000001584	gJbTkijteJxSMLmdzBSzeMAH	31-213-675-8655	972477.2679000002
6487	Supplier#000006487	G0UqR 8vMfI,YBcHlwydjJtqwvW	22-230-835-2325	972416.2231000002
3158	Supplier#000003158	TZHzRtdMUpxH2Fh2KRE	29-586-416-4420	972292.8877
2386	Supplier#000002386	8H,aRrhqr1N5hg5Yk3TNY0MMt	32-503-951-5981	972249.1744
7387	Supplier#000007387	TTTg9Q9ubNYwBrydOkvZQnifkx5JxVUhFdIUAY	30-563-477-1315	972164.5254999998
5338	Supplier#000005338	I4Gs7qhuOV	32-634-381-9233	972025.4457999998
138	Supplier#000000138	utbplAm g7RmxVfYoNdhcrQGWuzRqPe0qHSwbKw	29-533-434-6776	971964.5934
8007	Supplier#000008007	Myg1TwxpviQUDCOVOEBJntWIDYfo	14-503-620-1300	971725.6665999999
8907	Supplier#000008907	ddhvFO xvUs	11-665-786-1699	971696.5253000001
6896	Supplier#000006896	ZoVm4r7M,s	20-249-701-1620	971659.3253
9654	Supplier#000009654	5MNils0QhV2F3Sv,IfxOvuNBvssyh3	34-841-834-4591	971617.9054
1491	Supplier#000001491	6m1IpNKdXYgKZYfeLDBtGybod3vVZ8ZrIL1OO7H	31-795-458-3281	971600.0063000001
2965	Supplier#000002965	MmAjwypVRRZs6y	29-966-692-5169	971427.4652
3476	Supplier#000003476	KIhrrC609o0q6	23-224-944-3864	971358.9231000001
9496	Supplier#000009496	IkZImKwI93PpIeGNTiQzplVN0hj3QUq5RQqkv	27-668-429-5083	971123.0440999999
7587	Supplier#000007587	bjs0ZkBH7B6p0	14-637-776-3429	970969.6947
4715	Supplier#000004715	gk,J1INqQqcWSe2jak0gPtoJ2,4Wq	10-766-176-3953	970906.2358000003
1688	Supplier#000001688	WpC9wCj7bYZwJGMrs	19-389-800-2516	970886.1868999999
9211	Supplier#000009211	Jq9wxuC691	31-248-228-7667	970879.5617
9626	Supplier#000009626	Nm1FnIh4asUR3EnXv2Pvy3gXqI9es	31-795-720-8984	970719.1396000003
4942	Supplier#000004942	Q0Ao5KyTvUknEUzf8BtSD9X7Yvx35LWKbw,XIl	12-618-495-1420	970659.4079000001
304	Supplier#000000304	b4rSMq4y hBDMJgcNp	21-261-644-8980	970542.2069
1001	Supplier#000001001	3 r5bhzl9,C3wVHCfjTR4TC5W4lMF1 dg071	19-393-671-5272	970504.0065
1389	Supplier#000001389	,46GsCL39UI3iVUDe8sTTqTPy	34-273-968-9545	970447.9281
1684	Supplier#000001684	wHKQO Je0CnUyrIDt2EsyCJ5	22-161-480-3715	970320.8061
3381	Supplier#000003381	LjhuSMgpjJgc,eCYaEPg5QSCLwkj	21-488-211-3732	970294.2619
3472	Supplier#000003472	k5ubBei49egPa4KIKsPKfMNDRE3tHiK	15-479-819-6508	970154.3346
2619	Supplier#000002619	5VZUuaO4Sccukdj820WeUqF5Do	14-369-772-3067	970121.2616999998
2188	Supplier#000002188	K2mhHbsCOZY6lV C5kYh0z9	27-122-809-9121	970102.0765999999
5200	Supplier#000005200	ZfiCku6sEozvAiFOOZOR	14-673-857-2664	970017.9285
5661	Supplier#000005661	pq5wuxmkIW0DyWU	31-833-844-2740	969935.0700999999
29	Supplier#000000029	658tEqXLPvRd6xpFdqC2	11-555-705-5922	969918.8864999998
1207	Supplier#000001207	FpOgzEElFhWJDr5OfTAsshWlv	27-833-133-3956	969887.5863999999
328	Supplier#000000328	SMm24d WG62	17-231-513-5721	969847.4547000002
5879	Supplier#000005879	rtkHSrcVLnC	28-167-409-9977	969738.6803
2044	Supplier#000002044	L8FEgPgsTG7r06OOLepJFUIOzMa,qyT9x2tq9Cg0	22-222-115-3803	969731.9222000001
8	Supplier#000000008	9Sq4bBH2FQEmaFOocY45sRTxo6yuoG	27-498-742-3860	969625.2662999998
1018	Supplier#000001018	8ii8OvolU4lTcuHKFr8K3VNpfQ2B7,	26-575-376-6277	969550.519
8251	Supplier#000008251	2cXnsQkTZiX	18-536-106-2778	969215.9581000002
8224	Supplier#000008224	TWxt9f,LVER	13-845-388-7056	969101.3209999998
6217	Supplier#000006217	RVN23SYT9jenUeaWGXUd	13-309-288-5638	969067.6282999999
9417	Supplier#000009417	Ebq36O1zgEr9HuT22ur3YuAGy2Ey0 wf29aIFLGa	26-108-259-3708	969042.7490999998
6898	Supplier#000006898	XTzSOHWXM3ZwqTN r5WXE49f0T tn8HT	19-386-937-9547	968849.8309999999
8708	Supplier#000008708	Ot1ZKUnQN8v8jutLVlN,PiSpYogI	27-142-158-2848	968789.3629999999
8041	Supplier#000008041	U4KCK9OHWG1kCMarASaGrC1	19-620-898-7831	968763.4355999999
5652	Supplier#000005652	fkt9h2fGMaJAPgWk9tyZdwTjau4drG	21-257-902-2890	968645.4100999999
9359	Supplier#000009359	3C6cbvoRrnGxmBi46zAlrIbzS8	13-576-481-4137	968641.9088
5955	Supplier#000005955	cOXdOORzpk	19-647-712-9789	968627.3585
9554	Supplier#000009554	e8De3zk2cRdvxQihN7IArownHTJFTgujVthQbd	27-190-154-5202	968486.1456
2731	Supplier#000002731	nluXJCuY1tu	29-805-463-2030	968480.8444000001
2408	Supplier#000002408	7EkHfS6Pw0hjOjEPB75flYvg9wAwTbi8k	25-832-499-5996	968475.0492999998
1550	Supplier#000001550	WbdqrA NXZqJz4e74	15-207-965-2975	968460.3774000001
3275	Supplier#000003275	9xO4nyJ2QJcX6vGf	13-124-425-5571	968458.7226
7416	Supplier#000007416	U7P6,C42ymp	27-612-915-9794	968430.6567000002
957	Supplier#000000957	mSpFa,4jJ5R40k10YOvGEtl4KYjo	33-616-674-6155	968418.8554
151	Supplier#000000151	2hd,3OAKPb39IY7 XuptY	32-960-568-5148	968391.5799000002
187	Supplier#000000187	oMtyTl6hTyLQhiBwrUaa42zKOjfNobEq	28-127-320-9230	968389.6553
1544	Supplier#000001544	Z3riyyeH0kbAou1sG79iH s	11-583-499-2115	968321.5912000001
1411	Supplier#000001411	6rVS6actf5ztxVtq	24-192-595-8487	968317.3952999999
5625	Supplier#000005625	azSX77 Kv1	24-977-560-7143	968211.4404000001
1938	Supplier#000001938	aFMa1UzMRPAO5hsX	16-783-625-5753	967992.1508
4748	Supplier#000004748	sDkHLGM6u7Wrq5Ou8qxiHtyl34euddXgWVcNj	17-837-145-2048	967745.5216999999
5276	Supplier#000005276	inh0KOhRfLM7WRhdRNvJJDQx	21-834-496-7360	967612.1047
6483	Supplier#000006483	4t53VXQgd0pp02	22-822-534-6790	967570.0228000003
6520	Supplier#000006520	Xo9 7N0NtA2kFTKbT	31-548-301-3239	967547.9787999998
8699	Supplier#000008699	gjx8vlb5xR3xvmE4EsJhwVxzXsy9vmVhM1ex	14-955-698-5817	967542.6337
4840	Supplier#000004840	VF,9SdjsKxRXQLMIGXC	30-743-742-4951	967086.3612
6067	Supplier#000006067	HCuEY0f8DnTNnaG5yJJLr	18-172-522-2460	967077.0862999997
4512	Supplier#000004512	ueJ8icaozLDQqtqneSNza0r42334fnUM	21-744-220-9792	966947.0072999998
9308	Supplier#000009308	yV4zFJaBvx9P5wLH7,	28-854-703-2869	966881.6613
4899	Supplier#000004899	D4b3yDzDgK2WyaUdXWo0r	26-897-272-3576	966825.4417999999
2370	Supplier#000002370	xGQB9xSPqRtCuMZaJavOrFuTY7km	30-373-388-2352	966758.1688999999
2849	Supplier#000002849	9RiwUS 5QfH4hbZ5WAL0ksWRoBP4P0eybuGrw6C	27-507-769-5407	966675.5473000001
507	Supplier#000000507	aF2w4JF8qV aaqApYqzTFtIXtKV57Na	19-981-569-8699	966636.0941
2143	Supplier#000002143	Zcaa9iYhYaRhLR	11-501-507-4162	966524.0599
680	Supplier#000000680	UhvDfdEfJh,Qbe7VZb8uSGO2TU 0jEa6nXZXE	32-522-382-1620	966378.6196999999
2489	Supplier#000002489	kT1LxQaDYbzUM,	17-968-207-1176	966363.6827
9918	Supplier#000009918	CIoHYKkKdjMBH6	34-348-290-6027	966336.1643999999
5113	Supplier#000005113	8Oa4 hYPK2IY2XtgGmJ3OSO42KKYhYMm0JT	10-257-814-5680	966330.113
2763	Supplier#000002763	yhMKsqKMP49okN,Lvd5SFwarU	23-410-220-4620	966236.1579
7911	Supplier#000007911	ifcV,O,0 a9UI1T	20-966-522-4066	966024.1705000001
7714	Supplier#000007714	KsKIPwzy7oojl3 jaifCvdbFuc0,AlkT84Fcv	18-793-375-2899	965945.1744000003
5945	Supplier#000005945	GgfC6umxoFXOiudVE	17-737-931-2581	965934.0064000001
6721	Supplier#000006721	06QvzeHSKW	10-758-994-2567	965908.6351999999
3813	Supplier#000003813	YMAdHiuuX bevB5	11-184-678-5219	965887.7064
437	Supplier#000000437	HuqIk0sK4yC6x5be,cTlPrFqqBCHYf	17-652-134-3031	965626.5835
3253	Supplier#000003253	hTuJ0zR7KJWY4SonYtUChJpF iV39W	12-874-818-9325	965608.9124999997
5515	Supplier#000005515	hwKbFCz1DM,QGL5CTE9PaJemjvDUONR9RzrR	14-708-611-4097	965505.9927
4656	Supplier#000004656	O5EOVs9MGfEMxSJyvL6Ty9DDRdEs7CTx7Okwwf	13-245-567-7166	965479.4021999999
6585	Supplier#000006585	MlKhzETUB7,v5GUr	25-903-191-8689	965413.1980000001
9155	Supplier#000009155	JfDOolAPducAOG,oJ	27-826-780-5017	965405.0004
2206	Supplier#000002206	e3Lcyqksu2lRJu8BfUwZPYGo	26-433-565-1419	965260.6793
4766	Supplier#000004766	CDZkZ2jocSawI0kS7mI6G3BcJHHduIw	21-921-709-8155	965156.3625999999
4877	Supplier#000004877	9dhCRXvfn2P38CAgjuQ5rnfDtXHer	18-778-813-5892	965145.8753
9979	Supplier#000009979	Ote0EB9LmVAeCZHyK K	10-250-898-7175	965110.9967
6773	Supplier#000006773	LkkyhDBh7bTAPvzFq5HUmWo2	34-196-486-9760	964995.4430000001
7642	Supplier#000007642	eg,Zn9STku6kl	23-978-491-9976	964891.9543000002
764	Supplier#000000764	2qcwW0V7q3Ipei1tPW3	10-917-495-8225	964655.4096999997
5893	Supplier#000005893	e,hz2aPH8,lHPL5l7ztoo7mLSJ	34-871-533-8502	964630.6375999999
8850	Supplier#000008850	eY7expDsb4x2Mbqfn8W7OI9hUZqne7krEDd	14-977-291-9923	964614.6234000002
3616	Supplier#000003616	2hodFxSvvvrTFE8V	17-632-210-1401	964594.2166999999
5819	Supplier#000005819	qk3VnjywYdD1bGj9hksJbGueeiHn	27-569-186-5183	964525.4516
9538	Supplier#000009538	Ayts8hIvhFOuCtoGe5G9tbcFg	20-950-276-6612	964500.7068999999
365	Supplier#000000365	SZaykm40Np0vOKp	33-253-791-9564	964296.6996
8057	Supplier#000008057	nELhdFGUYN 4QRtB0ZFE3ab2jAYU,vVYoe	34-974-613-2392	964246.4792000001
2599	Supplier#000002599	JiOiuAAQrryculGlaHHjVQa1Yfci	24-146-433-8368	964178.2200000001
4148	Supplier#000004148	ycg9af69X3Wh2UBtEK5cTgGzT fqRwKOEALJoe	27-397-456-2436	964168.7437
8975	Supplier#000008975	HhUfGgfjarTz62JZuP	34-457-581-5461	964012.4095000001
3316	Supplier#000003316	MAiM69JS8VuMQw	10-601-853-6400	963986.8323
9893	Supplier#000009893	b85XhVuxBTTZTychS	10-364-259-8492	963963.3164999997
3952	Supplier#000003952	4gMQ45hKo4sVE X28MV	21-380-318-2207	963817.3776
325	Supplier#000000325	bQgx8ABSanNFNfCHY,2 uPvGfafaMC5	18-671-443-5744	963647.9705999999
1882	Supplier#000001882	ptM8Xk8tPzo2	31-755-111-7289	963250.3381
7829	Supplier#000007829	8cnmZw5MzyOmoKuRB9AH57SYf	20-303-785-6251	963107.286
1892	Supplier#000001892	Ax1g787n01E4eQ5FOy2rubD2UIxp	14-581-872-9823	963059.2549999999
1126	Supplier#000001126	LnUIRVC9QeubdNCC1ZyMP7mem,isjhBZWG8HW	22-523-951-5183	962995.0745
4597	Supplier#000004597	gKuHIUE7XWqK9ZDCA,Kp0jFza4PvTq,RtFF	16-130-150-6625	962965.6145
7251	Supplier#000007251	WJ3 AJhmgwV56aAibT5ZLsozU	32-623-165-6389	962762.5283000001
774	Supplier#000000774	XVYeiG4,BopCyYAQwld4l0scarsoe8J0cQ	10-311-896-5917	962617.5780000001
2509	Supplier#000002509	TV cQFJuOUUaJaZGSG	15-163-414-7176	962609.0269999999
7887	Supplier#000007887	Ee40AjRtmPosrTS,hTJ3tTRYbDpvnxfl	29-222-572-2267	962575.2901
5822	Supplier#000005822	haVfNaqtNKyjY8H,sjr xDthZAJVXrjE	32-666-835-3072	962520.2599999999
3028	Supplier#000003028	jouzgX0WZjhNMWLaH4fy	13-671-694-4022	962472.9428000002
2748	Supplier#000002748	67Y1bH8enJlO81k QtJRWIst	24-325-183-6599	962428.2902
5759	Supplier#000005759	reK0xUkOM89gKteS5RzzbPWhqlC0OreJkBL	11-746-668-5794	962385.8350000001
4938	Supplier#000004938	PAj7WnIHEW7FWr3	16-970-279-6216	962364.5469
3548	Supplier#000003548	Gj4v6V76 8Cu44,Sh2P5R7s2 f	30-381-458-3286	962262.4737000001
5246	Supplier#000005246	K8sHgjaRg6Q96,MgtXDLXMysg0yBMS9tFY2ZA6o	20-336-563-3852	962040.4812999999
7314	Supplier#000007314	Qwq4e kveE	26-891-235-5057	961932.2773999999
9862	Supplier#000009862	rJzweWeN58	13-653-546-4486	961779.7636999999
4675	Supplier#000004675	x,G9aE4O,Qbj5Y4hMEV4aJ6K6kb,dX8BM9Y3U	18-159-932-5118	961746.3831
3939	Supplier#000003939	NFxpr5yBocaAYJg84CIsv8GIdKt	15-634-278-8420	961552.7031999999
8988	Supplier#000008988	nwJvetiNIIbobMiCgQy	18-783-456-5180	961544.5183999998
8226	Supplier#000008226	cIoqqdt1e7scqwO9LQZ33dMlGt oHx	15-173-793-7725	961254.5176000001
9747	Supplier#000009747	jdub6FZMEJIwV3uO	29-910-833-4121	961081.1965999999
4524	Supplier#000004524	IyJvzEpoSw7uPDKIueG8W9	19-259-768-7485	961020.951
6445	Supplier#000006445	RKWTc3AfiWaI9UOh4MzAPikF	18-661-694-3094	961020.5585999999
8864	Supplier#000008864	vnRhuJ8gsx3Bu	26-440-604-6656	960942.1834000001
4383	Supplier#000004383	4N74qkCDnLQhEFeNc5ZwPuu7fq5HlPDjYGGq0	33-319-882-5183	960846.6349999998
9817	Supplier#000009817	MwQo7JKIcbIHc1T4dKI2qkb7UrBpIbTd	13-165-187-9639	960819.4777
381	Supplier#000000381	NfyIKLJrXusWgmgkkCS6Gn3RRra	16-117-297-1825	960795.2581000002
8232	Supplier#000008232	TcdVP5HIwxdjfZlqxTzbY39gXv0IWN6Np	27-214-561-8532	960504.7490000002
6504	Supplier#000006504	9 4mu9KG8RYcBl	19-674-607-2603	960413.0976
4668	Supplier#000004668	iI7gF3y1oKKvjVdA5Klau9w0iD	21-896-223-4586	960395.8352
9119	Supplier#000009119	2qGs90gYaaA1Oq3YrvdNUjAV	32-290-856-6148	960345.1847
1963	Supplier#000001963	8Uwi,ryUWmecY2cE2gjsLj p3WAXdKy6azS5RRMM	26-220-467-6960	960336.3268999998
4865	Supplier#000004865	VL4FFhw49fQDMYmPulRTJ	24-622-987-3854	960335.9539999999
6485	Supplier#000006485	1h3ozUyD11zAw	20-350-853-9284	960262.7431999999
8732	Supplier#000008732	se9LZxoJ6lPB Zole9,nJqgf7iJkwS	34-112-335-1831	960244.9819999998
7752	Supplier#000007752	Rz1JMCsGrIGvAJ,FkwTy ydL KwH	12-936-258-6650	960237.1540999998
2777	Supplier#000002777	DC 0LAoxgBs VJX4	23-800-817-4822	960043.7804999998
7229	Supplier#000007229	iwNoWdaURFzLAsQHxK,BeOPpI5TOTo	31-503-440-8378	960024.4932000001
9834	Supplier#000009834	PG,sk387oaQtgS1x655m7JLZfLdrH	25-258-791-7631	959968.9375999998
8315	Supplier#000008315	oLcTtlALth2bn1udMeHSUWqq0,Kx	26-812-558-9274	959809.8022999999
7475	Supplier#000007475	6u91e8jXtf1OZ50d53Jyzp8GFAaHF v2dP6hy3c	15-819-523-4605	959753.2806
7659	Supplier#000007659	tD9jb Gs6iupLlr5aKoJC,X7yvtzymyvg	19-107-670-3911	959714.3023999999
6941	Supplier#000006941	829 63db0Yo5dZTejZtn5GAj0oGhaoUpkDN	28-113-649-4031	959656.6295000002
9341	Supplier#000009341	l5tM XlxcSwI78UqwYw3M	31-368-204-4869	959654.4297999998
1340	Supplier#000001340	5FNwQfJ5nR4eJvEieJy9XA oY	18-205-441-7392	959155.0777
2460	Supplier#000002460	wu8B2e YWGoKM fi e23UQn,YD79edUIIXX	13-420-979-3295	959105.1531
1297	Supplier#000001297	khvyfuPS1FV1MEhh7FaKyrnUn9D	24-442-929-6552	959079.9032000001
4510	Supplier#000004510	dCqHQvJF0z8gik48C45GZVYY0bG	22-118-265-6408	959058.6135999999
3211	Supplier#000003211	4TnN3VB1sxFafF6FyOPYQWfbRa7D54Tk	34-152-188-4052	958937.3805000002
7867	Supplier#000007867	2He6FjkcW9mnyvn0XsUqUnfuA108nDPiUQg	11-506-283-2588	958885.0027000001
4437	Supplier#000004437	wuRnnRe0zTDSUhLQ5XOIHTrEyjG0qK	21-886-119-7265	958789.3656000001
7859	Supplier#000007859	vNCd3TFRbJAOP1Gyeki	26-652-585-4258	958682.1626
4259	Supplier#000004259	GozazL5xiDkcFKmg04MYTxri	10-174-516-3980	958508.8025999999
6770	Supplier#000006770	wWzv6yqskaiASMZunvWpcUaFl	27-839-943-6295	958504.8986999999
3305	Supplier#000003305	GLZJimfuzKoQcqcv4	31-676-713-8551	958472.5237
7381	Supplier#000007381	zHlai,Ux7pD,0p8jK2kx	30-938-562-9811	958408.3095
928	Supplier#000000928	VL,J8Fq0GI0BnVTaTU9Dcp9Z	28-382-849-1505	958265.6985
9708	Supplier#000009708	dSIM1ZOS2CiDIezYjHL	22-911-312-8577	958027.0098000001
9405	Supplier#000009405	IY1x8B2MaqzWuk1KzA6FJua	21-778-728-5704	957999.8277
1326	Supplier#000001326	bRQddxqzSIWF7QnfmlMZDV1tdHR	10-828-513-1019	957820.4522999999
1861	Supplier#000001861	LRsUq9GH8A5e	15-867-623-9256	957818.5610999997
4104	Supplier#000004104	GeXZl1DKV33wMLSDvknEXiX6GIvg4	31-582-440-5170	957705.3105000001
7826	Supplier#000007826	fibA02vvRyrad6kpuFFE86gT2cuPa2avvpCD8Jrn	19-450-310-4326	957559.0826999999
495	Supplier#000000495	p086j79twIlC25BD6A	22-881-968-9019	957535.2499
9636	Supplier#000009636	sNhSZshiwBtouuDrS	17-781-374-3572	957366.5660999999
5675	Supplier#000005675	p6M0KpH4uNbVyySndqYgdKBIJurQnaYMXfUlXxy	15-997-627-7932	957240.6965000001
3518	Supplier#000003518	Vmz9fkGm rRd9,IFekdsCJnWAwRikASxDykp9	27-302-463-9407	957208.3335999999
9998	Supplier#000009998	1RTcQaCJzbx7GAjIc,tajct,8K	11-122-533-7674	957196.8350999999
297	Supplier#000000297	gfVOI9aT2roNGEgc	11-562-493-7660	957176.8167000003
871	Supplier#000000871	gTuPG353pz9sxS6iazJuqQtji6xN,Q9qgG2	18-566-173-8686	957174.1823
8566	Supplier#000008566	CJJ vg1hGBwps2HgREKQqbzmQ038LPXtbha26vqA	16-158-515-4201	956960.2132000001
2469	Supplier#000002469	5D30kvreTqsqgl	23-871-633-5677	956956.8043
1968	Supplier#000001968	EpUTyZuUEb6YKRCQYhGqrp0WrsSiA	16-140-133-7640	956947.2257000001
3329	Supplier#000003329	a91m3F 96b	17-835-211-3138	956942.6318000001
9364	Supplier#000009364	SlkOn3cSyA MWaBFHhn1O5yD	20-416-330-7740	956918.5776999999
3307	Supplier#000003307	ij6rKFRJjQGU	23-603-344-3362	956812.0120999999
2257	Supplier#000002257	vbr6RiyybhW4nqIxTayAPGZnLE4zeE	33-304-497-5207	956795.1396000002
3702	Supplier#000003702	HzPbcxd6nPXU4wtvM7DiPBihBCEbI6	29-419-845-6897	956789.699
8028	Supplier#000008028	sxe trUIxkh81syJGwHG5gRVQ	20-996-515-7969	956754.7622000001
6202	Supplier#000006202	Itv vUhL2DBuEkGs	23-344-205-4504	956748.1248999999
1193	Supplier#000001193	Er,GdM4NurXk0L	21-374-321-5484	956728.1328
8123	Supplier#000008123	RVD,e4jMiFVi4gCAa0oH,enjjIBuV1LL1Wzm	23-305-520-8530	956665.1699999998
4330	Supplier#000004330	ocO7oPwQkD87	28-504-820-5660	956644.2536999999
6268	Supplier#000006268	0YmsNcKHfQgyrIIfNZpQ7D	12-940-640-2003	956579.2108
4771	Supplier#000004771	iprePPIbXTe	28-994-196-7394	956483.6526
9208	Supplier#000009208	B0ae7o3uBmpW4ugK07waA5eh	11-634-874-6154	956377.1262999999
2626	Supplier#000002626	GY8qLW3UCwiSMUb6IFlNlzA1oOdvH8knsUq5	21-367-503-5748	956315.0138
2419	Supplier#000002419	qydBQd14I5l5mVXa4fYY	13-362-261-8296	956260.1911999999
942	Supplier#000000942	VkukmyN0Dq3NkC1RMw2ZBk,I5icQfLFFG	34-943-753-9952	956192.3821
5033	Supplier#000005033	X0TPY78Zx8uP12hWhTGGiOE8gN	32-513-404-7169	955964.0379999998
770	Supplier#000000770	KNKouHfOJPphqjJXncoGYvv	19-372-844-8190	955956.5822000001
8249	Supplier#000008249	PwUjvlMk y72zaMRtZQ8trbCmu4j	31-104-853-7722	955938.8285000002
9933	Supplier#000009933	NoqVo,uuCj2k	24-748-539-4361	955752.6346999999
9982	Supplier#000009982	t8wsPc8eVysqbkQaUd1cw6wC4YIbvPuWgZ	25-263-817-4575	955525.994
5605	Supplier#000005605	7Vj6Eil0mThqkM	13-624-871-8135	955376.9291000001
1444	Supplier#000001444	fQ3e8q0dg	22-785-978-9406	955341.3322999999
3945	Supplier#000003945	ySKYJurtApuknjXIa0h	14-858-866-6572	955332.6292
2456	Supplier#000002456	di5JVO5IIrl6as	25-580-375-8992	955265.2634
2443	Supplier#000002443	Lin y WUwWKx8dZZUiVFeqNVNpP0cHBDYF	26-957-263-5938	955212.5876999998
732	Supplier#000000732	3Q117DJd7vC3cBv,L4DAiVqWZNa,nBBoA	27-230-428-3838	954843.2124999999
7371	Supplier#000007371	ouhoak,WkHQPJl	30-909-527-3553	954840.4434999999
5666	Supplier#000005666	PimDDsyzRW uDJOuzK7rlc	22-602-344-5759	954793.4957
5706	Supplier#000005706	OERtvmdpWoYTWolt0Bn7wb,	27-462-905-4781	954753.4564000001
5319	Supplier#000005319	6BU3YEG2abhHe6VgoaXUl5B9BulZKxWSPqY	30-658-404-7761	954596.4487000001
5682	Supplier#000005682	pGw5Y44A8bVHhYPluDOlMMS9tfdKmJLhZ	19-549-369-2500	954522.9738999999
2933	Supplier#000002933	McM32vlbIGYiPW FpsyolgigYbQYE,	12-428-138-4594	954225.7189999998
2887	Supplier#000002887	murbc6UWrdWJc	24-336-728-7434	954165.553
8805	Supplier#000008805	8KMSEbIbBRrg3cA9DaG,Q	20-803-123-4206	954073.7172
8931	Supplier#000008931	xKyDI8qEWM1ebSB3Q	33-790-149-3116	954063.7411
2358	Supplier#000002358	4ucUvhCCU MESh	32-973-594-8385	953977.6854000001
1423	Supplier#000001423	NMfB5m6mUZaUrq5BQVixbffpKmHmLcZo	12-727-158-9103	953886.4269000001
5802	Supplier#000005802	1oI3h0bV0AEQtHh,2LfPimvikjSiB3FyQzYBZ	26-526-396-6060	953849.0572000002
5824	Supplier#000005824	Hbo853nz6rQ5RKlDaO	29-320-222-4934	953666.1588000002
6378	Supplier#000006378	lJ7TDntmPExlSQNPJLmvJmkniqH	30-223-339-7680	953220.0055999999
7002	Supplier#000007002	x tsVJawp8Z3texmcVMq3pZDD	30-191-749-1323	953200.2413999999
5922	Supplier#000005922	2c,Z49DJ3Ug5K92TI	15-440-529-2724	953146.9631000002
3144	Supplier#000003144	aFox92QyiuMnhTngKPpVZ3yDjMOZ8UvS9BA	10-552-712-2179	953011.0414999999
7471	Supplier#000007471	mpHjg ZMKz,AzIov	32-546-505-9261	952989.0079
2662	Supplier#000002662	bYPKwBjGWKUWzEwrQ3s2a70Om Zly	12-230-709-7086	952970.8838999999
2265	Supplier#000002265	sYKnh6xGOOFl,D8Jjch4vqcSZ 0,sgp	13-926-156-5479	952964.7535999999
7766	Supplier#000007766	yzh0KSi92Mx7QmFq	34-815-966-8428	952943.5838
2038	Supplier#000002038	kpVo,EebfCUVJd2GcC	24-869-278-2651	952802.7939999999
9239	Supplier#000009239	qcH0lm FlDTsIthnjRa	34-383-332-8531	952799.7026
2883	Supplier#000002883	UjClh1Zm63nTOUV llCzIBgkJafzkaGptMqyrY	11-895-494-6558	952732.7020000002
5339	Supplier#000005339	HZ3RBdx2f,nrtu60,	20-249-930-6214	952622.2536999999
168	Supplier#000000168	NNvNhn6dWzr80Igr	19-985-776-2090	952585.0687
867	Supplier#000000867	WTM7RpRoZPk5MKGEtE2dsh	21-221-554-8461	952555.2128999999
2556	Supplier#000002556	285GS9P,eiB9kowjpyjhvEtIxtaR4FplLGuUj0y	31-134-422-5382	952410.2137000001
7472	Supplier#000007472	Qe0h2mZMj,HZDDzDqAx5q6MDRE29Rb,M	20-506-646-1828	952272.1308999999
2617	Supplier#000002617	rgdjJRVgZQ2zadNW5QcvG5AayIuMh8	21-947-364-5238	952246.4993
51	Supplier#000000051	rDkBXb01POIKjOwrij62uM8O4	19-475-537-1368	952239.8063
6850	Supplier#000006850	0J4csyTaGBM	25-786-893-6950	952233.3644999997
289	Supplier#000000289	6Tua0IHqN0sod1Tpdax5hD0	26-396-901-4544	952192.1952000001
1782	Supplier#000001782	LQqd5Enn37ar,I4vANF98Yda475ImnUtnobvPBV	24-892-845-3113	952124.9977000002
9838	Supplier#000009838	PhI5kjhtQBYwDpwmN	28-748-919-5438	951944.1289
5771	Supplier#000005771	wqPmXKZoucEWZM0,6s56AjHoZXi7r6skXoV U	32-436-418-7659	951868.2386999999
9191	Supplier#000009191	WsRGPLN DCZA8mgJnCF FQ29OWam8c	23-389-796-8960	951820.9404999999
7377	Supplier#000007377	PI3niLhLgAqt4RiVR2dQUvuEPtq	15-567-196-2012	951788.4155999998
310	Supplier#000000310	I5Mw,rGgWQOFVotMHUmVjH	10-119-372-1062	951738.3573
2326	Supplier#000002326	wTAOL2UlxXNMMWniK6djM0C mT	15-143-424-9736	951737.1575999999
7436	Supplier#000007436	HVuRAb35M6j82A2hPcibeLKzo	32-791-422-6015	951547.2958999999
5451	Supplier#000005451	JECYQtqXS8i13qrBf2flrHbmvuzYoVucGcMWW	33-215-882-1837	951474.444
2567	Supplier#000002567	HOXMdN0DnTQV c4kRgO2lYyd OsmnxW	12-783-245-5346	951399.1213
771	Supplier#000000771	lwZ I15rq9kmZXUNhl	29-986-304-9006	951375.9375999998
9394	Supplier#000009394	ZZcjdMzFRIEOlyJSH	19-537-469-8663	951288.0306999998
8442	Supplier#000008442	So5,Vf93wcvoHpP7thm7KxK1F g3DKmXMKZR	12-926-257-2326	951250.2061999999
1487	Supplier#000001487	0ISabDJ8Fj7H8qu3qPvx	28-878-390-8065	950974.386
9457	Supplier#000009457	7trQrMbRXGK7bUSJOpn7zYoViyi7Mzwx	32-502-244-5147	950969.3968999999
2765	Supplier#000002765	7bX3YXh7KlScRw7EbEU2lW	10-265-692-9778	950833.9087999999
3889	Supplier#000003889	xEsTSa5oG8BjL0SJdEdCcTg2LhOguyvQ	24-804-460-5552	950794.8938
3435	Supplier#000003435	2CyGFviSdgSDlNDUjsgW1kGVqf3i4CHxcwl	23-184-962-1323	950668.0530000001
6460	Supplier#000006460	6rNdnHIAPAP4Zrl4pua lL6OV9gYN2DFlOjqgEZe	25-632-577-5023	950493.6005000001
9047	Supplier#000009047	DbN8Q6vaNl3aFvDCEOSh9yN	24-999-545-7944	950479.9286999999
6392	Supplier#000006392	,E8AY8n74zxV8	17-524-150-7447	950405.9981
9418	Supplier#000009418	chJOHEWwW2Iec5roXAeLiyhe8fKYus	10-160-293-8608	950400.5338
6875	Supplier#000006875	UERFmEvKRfeAsNL2tKKfWhIm2	16-439-339-6116	950252.0220000001
8690	Supplier#000008690	ejGqlTB0xgqntBcq3HE7XEJKkQN5	29-211-818-8088	950172.9246
2020	Supplier#000002020	jB6r1d7MxP6co	13-808-671-7904	950148.89
6384	Supplier#000006384	1IwNn8fcFhwrkOupH0VRA69	30-562-636-1925	950131.9143
8745	Supplier#000008745	Ru150MO88CRlh1aSAWLjMOhMmiPK	15-816-554-6784	950131.6288999999
8400	Supplier#000008400	y0rF4,BBqwBE6hFAdkEMOeSVoVydZ	28-215-743-8600	949958.4743000001
7204	Supplier#000007204	oYlakHfCcD,V7m8e4hVEW7Dn4kpPEou2yZdFIP	11-479-802-6397	949950.6619999997
7965	Supplier#000007965	F7Un5lJ7p5hhj	13-484-222-4032	949864.2874000001
9624	Supplier#000009624	yZMNk5VqyzFX88 r0LAl9oWx	16-341-828-5113	949820.9265999999
4223	Supplier#000004223	1IMT,5uy4n5v7TDCFMQDhTG523R06zffJ7	29-930-356-9108	949779.3089000001
253	Supplier#000000253	DbryhLi6gCv8A P9FkjNp56mLP4KnV9Do	31-811-659-6792	949770.8072000002
7910	Supplier#000007910	nGpgFqT87UJ	17-867-434-9210	949752.6863999998
1742	Supplier#000001742	sbLubkV9ZTNbLsak6yM4oMz	31-253-408-5060	949698.3457999999
5190	Supplier#000005190	Ho GIXxcwcCBwVqH,U7W	20-266-562-4864	949539.9783999999
3792	Supplier#000003792	wQn56oHuRHmGmRm,9fYrtQ5nJcG	22-448-515-7638	949461.1366000001
5633	Supplier#000005633	orUBy2X0OkilhW	12-784-316-3712	949402.5746
9358	Supplier#000009358	Ds5FfdEuXPXVjjRGeq	10-374-899-2706	949335.4599000001
5920	Supplier#000005920	hMa0,1UhcitRnJP	30-644-157-6326	949272.2393
1220	Supplier#000001220	ZTb9JaYshJrAYaEDBINYzaTAg5co0b258ggYF	26-680-291-1875	949180.6652
9808	Supplier#000009808	XuqqRVaNwiJ anv5EKpXolaJc8AKrJyL	28-676-614-4258	949162.5832999999
1436	Supplier#000001436	iDMEIlE8DQxPsRZM3zadhdJXcD2sauZgP97S	17-138-841-4100	949153.5064999999
8386	Supplier#000008386	r1wxuuhiwKtWDu7q5he,	31-893-272-5894	949028.7792999998
3428	Supplier#000003428	gV3bZITOKab4Jyhp58KP9h,O3IjFG9,	12-685-903-6415	948925.5967000001
3477	Supplier#000003477	t467MQUTaZg6oAtR9er2A5U	15-826-822-3562	948899.0882000001
4019	Supplier#000004019	MdV7gEsO8dEF Z2OSSeZaGrNOLNv11Lm4	24-363-949-7620	948870.0556999999
9805	Supplier#000009805	dTTmLRYJNat,JbhlQlxwWp HjMR	21-838-243-3925	948719.4140999999
5947	Supplier#000005947	LBwj sevn,um69MwZOycXrw,9MV6	23-173-428-8983	948643.3293
5418	Supplier#000005418	eLGAV8u15ZX2e5pJa GEg8VBKQX9Gi1	20-897-164-8136	948558.8245999999
2820	Supplier#000002820	Fmb9hufE41cerFFf2DiGF6yfDSe157Koz6S	17-358-908-6872	948397.6747000001
4310	Supplier#000004310	cROEuV4qJQZ2X	15-207-372-9865	948274.6526000001
7807	Supplier#000007807	oGYMPCk9XHGB2PBfKRnHA	32-673-872-5854	948237.0356999999
9770	Supplier#000009770	Ag, SZfowit580QPDdbP8kmFHdpZ9ASI	31-571-664-8294	948075.3278000001
9997	Supplier#000009997	Wc0lgaT,CWQYMS	25-177-334-7328	948030.4947
6665	Supplier#000006665	v dnTfUCHnaXzw7dN8ZSawQPuKqce54	13-219-224-5237	947984.0312
4807	Supplier#000004807	hag2uHLRxx0MDO1qSpmvS9 yP1Oo	25-429-747-5617	947932.2426999998
5137	Supplier#000005137	pUbK,Ijct04c8bNNelj8VRoHcNcSOsimX S	17-568-560-4547	947814.0205999999
7942	Supplier#000007942	vgBd9c9KUhLfkbhU	28-874-122-3833	947703.7093
868	Supplier#000000868	dFPwNYsP 9xC	11-255-295-8702	947668.0571999999
4151	Supplier#000004151	ZnDgZenJq19th5hf	24-355-135-8448	947633.9356
905	Supplier#000000905	WAGJHr1OUm95U5	27-266-689-2728	947622.5384
3854	Supplier#000003854	thO,6KxFMs5NYmRZCC	21-697-869-9271	947534.9805000001
6948	Supplier#000006948	JmtU7EjQb2	19-166-824-6916	947482.8986
3892	Supplier#000003892	7upn3 0JxQtolUElV7uffY	16-356-490-9592	947479.9942999998
319	Supplier#000000319	tcES8Ay3zcHQER9K6gAKFWlDvcg nrbPl	28-288-466-7847	947433.5706
7496	Supplier#000007496	mMAkGHqZaHQHfdReZ4m	25-161-303-6074	947407.0042000001
1056	Supplier#000001056	BC9t,3GX80PtaQIrtqf dxxIbFMk	31-814-871-6323	947375.8694999999
5383	Supplier#000005383	CMDEPvxWiyYmldpBtYzXPr x7yY,B0oBOB1kAuT	30-817-692-6622	947321.5022999999
9136	Supplier#000009136	sBMP5q8xdBXJASC4t8mSpL56lVpzhNcNCDvWFGC	18-788-825-9180	947284.6270999998
661	Supplier#000000661	lZGFurTW1snIqk0oLWMMaeq3L	23-401-253-9405	947259.8470999999
6239	Supplier#000006239	Odl ASlp,CYETnUA4hvKGJ	33-972-802-7976	947225.1721
8054	Supplier#000008054	lmPKW5sjsabSLPeQ4Cb2bTw2S1WX7QjIIfWQe	31-953-691-8310	947191.9476000001
4409	Supplier#000004409	MujJ3UmLYP7XaB59nG2	34-668-906-3232	947172.6918
1027	Supplier#000001027	z7udzhYewB47VSqZrhYfek6Jz	28-200-973-3276	947165.0081999999
9920	Supplier#000009920	INb4BeiKPkY1oI	10-214-567-7809	947041.7794
5216	Supplier#000005216	H39m5bsz Ux,VmJ	27-838-914-7588	947029.8900999998
384	Supplier#000000384	zMr51gtJ0Vu83Dk	17-554-428-8511	947003.1387
5860	Supplier#000005860	6zEByn0ZDjIUcOG,J41j76d2,,iYXrsk35ARd	11-241-464-1923	946895.1166999999
412	Supplier#000000412	S2onAA,jGtQ3qfpN	22-351-499-2131	946872.9214999999
2177	Supplier#000002177	6O,8q,u1FLWiKGGZmfhGg9ooXl1AHARWZIti	10-750-359-7898	946843.6287
9428	Supplier#000009428	R5CHcFZIdnWOvAjRKV4sV0CvfQrtZQKBRzAqaQ	11-896-966-5146	946564.7105
6076	Supplier#000006076	EFMuwlPO4NXmL3dLVjgl WCuJH3	15-665-754-7994	946349.6351000001
6637	Supplier#000006637	JPXJMMZSBwuQ2S0skz9SVNbqIdS fSZ	33-711-641-8750	946334.0837999998
9291	Supplier#000009291	mjhaYBLJ5kMInVHISNEkwM0JGBt4d0	12-415-763-6304	946293.9644000002
4168	Supplier#000004168	s,vfse eqAdabCk	26-443-304-5059	946250.6252000001
3227	Supplier#000003227	hipxZ2D9SO1	25-454-472-2507	946186.7438000002
6444	Supplier#000006444	eu Ou8CTJTZmFkwON	27-721-454-1887	946179.7768000003
1173	Supplier#000001173	kkpX42nzsgFHO9VCYjCA	26-105-912-4569	946119.9586
1350	Supplier#000001350	JeFDZXbYECk	23-431-834-8413	946005.6629000001
4728	Supplier#000004728	kbpbCZVB0xVH4IBaXEI6h	19-625-844-5219	945993.6228000001
6765	Supplier#000006765	q3Y7IQR6N3tp Br04nwI4Rq	12-265-854-7709	945731.8338000003
7947	Supplier#000007947	zWZTLm57m4Jm8uaes4	24-825-721-2993	945435.6921000001
2161	Supplier#000002161	4bt4kkI29uKp8BowMqD5LiWeUoIT	17-321-495-2086	945130.0066999999
349	Supplier#000000349	21Sp51XIZ9vTChQBWv0CA1o1P,26clhjR	23-532-708-7267	945122.8464
5268	Supplier#000005268	thwtEsD6637kzSSBEQqtVKVZN	28-317-293-2835	945066.3414
5347	Supplier#000005347	R UJfAVRhAKjgH	30-213-668-2389	945065.3774999998
8514	Supplier#000008514	0cnuMdRfrsX6yuS5AbfOTEQEn3	20-995-676-9196	944991.5650999998
4884	Supplier#000004884	42Z1uLye9nsn6aTGBNd dI8 x	13-314-750-4670	944760.2223
3002	Supplier#000003002	c0hweuB4hWi3gf0SA90AQjNmaglOQANz	33-348-775-8804	944589.2368999999
5304	Supplier#000005304	N r0cPrm95ETtyq9a4mh	30-863-116-4144	944544.3990999998
9508	Supplier#000009508	NVr1A8EDasnF6SHLmtRVHc1nOUsFW	27-937-803-8397	944543.0802999999
1951	Supplier#000001951	b2sJa7BV3EV5Gg3K5q fimm,xq	30-486-690-8063	944401.7956
1798	Supplier#000001798	uO6lXM3RIag8jfdkRnDHajQe	25-172-838-1197	944253.0745999999
4892	Supplier#000004892	QSwl0pUwGhVMWbV8CH,jj8jsX,FAzGapT	11-130-125-8633	944147.7783000001
4549	Supplier#000004549	el1dFQyFo1y8scPw04LJ8LuHfuuH,E9GPTl6NGg	22-238-393-7881	944075.4110999999
4607	Supplier#000004607	1,JCa7N z8envgRg68s VnuimNFmBdM5UajUFn	33-119-146-5411	943993.8793999999
7978	Supplier#000007978	oIS8K3nHt2ijkH3gwh7	24-353-613-1723	943959.3696999998
7421	Supplier#000007421	FSYmohAxhSu11arpuAizmXeK	29-644-291-7830	943917.9452000001
4401	Supplier#000004401	YK6jsDKnht8FqNXjkHRr8X2LSF4U	21-116-879-6982	943902.3023000001
9400	Supplier#000009400	XkWV8h OMFxYQsYUvIuxQKeZ73hJiC9	31-540-923-5238	943851.8267
1800	Supplier#000001800	nP5LrFUS7NQ 3EMzUUEk	10-216-488-1532	943846.7341
5094	Supplier#000005094	35COOPYtrR4fjqCH	10-663-141-3435	943801.2583999998
480	Supplier#000000480	q8,LH5UQiP3Tv60slOsFzX,HM0JPcwM0rD7eg d	24-645-644-2970	943790.1397999998
3921	Supplier#000003921	0Tb66Vdro2XWujs2Ya	25-489-165-2757	943780.0377
956	Supplier#000000956	dmmnYeCuIZB7b2pWTOQ9zrAdi6zxwIrj4aT446L	28-741-846-4826	943692.9836000002
5428	Supplier#000005428	A 9bt7EzZq1uY1yQniQLTXHGUb9BE3	34-187-702-1052	943606.5337
6992	Supplier#000006992	Wrosic29lr6isSctUf OShRaPgFbPcLB	28-147-515-6998	943606.4706
8750	Supplier#000008750	1SrKDBP9Y0PAguWqMUm7EJrtfqIOsVaTmfz6fP0	13-215-930-1101	943440.1918
4900	Supplier#000004900	CSG,mmblpJ,mj8Z	27-141-214-3558	943398.9930000001
6601	Supplier#000006601	eb66Yi0F,bZ8HKUY4CLqN	26-449-507-9529	943363.3524
3417	Supplier#000003417	tVqlkOTDe5dtnj7CcPPJfKoSKKCp1VprhK5q7	33-335-458-8687	943258.0432
5967	Supplier#000005967	bu6rE6Eq0cHTpk1eFOpl9GidHUvZ	31-470-623-2505	943242.8687000001
3232	Supplier#000003232	yw4Qp7KSN,zjNa8OpEw8XFMoQvp0sYE	32-582-798-7274	943195.4798
8824	Supplier#000008824	5swWGTWH3octudPQu0UZJFtIH	17-828-566-7930	943192.3332999998
5768	Supplier#000005768	zAAN4SgAH0EpHIWdl1Cs1YzebmAF3tJHOzIdZ	26-194-928-3568	943188.2554999999
2843	Supplier#000002843	FPBWGrodgNgZ7FZ0pHjDquoJbjflt1h6yP	11-544-776-8269	943179.8676999998
98	Supplier#000000098	ogHn8dpXB5Q	31-914-775-1978	943142.2463
4817	Supplier#000004817	UL ZJxywDNpE5UGHSQUsxTKMppg	34-537-776-9476	943103.9509
5805	Supplier#000005805	UELBada7O8oC4tBWnYBs3Wh,Vg3CW,kr4c,e	24-717-124-7710	943055.5686000001
6634	Supplier#000006634	IPNINbVIYnAc6zgUzdLLuJbU4JbkR4H	28-581-692-3079	943018.3434000001
2701	Supplier#000002701	ls4s5FmEieD9WE2eBoHf	14-423-824-9030	942973.4222
5475	Supplier#000005475	1Rgs1ZXkbAt3kG	23-596-337-2882	942786.8375
6459	Supplier#000006459	4 pm9lBbjp62WaXPIyko,tED	33-618-537-8210	942764.4768999999
9002	Supplier#000009002	8PAqvKqo00	20-360-566-1480	942636.4681
4960	Supplier#000004960	4 965jqpUhHh5	32-162-425-4817	942615.9479000001
1500	Supplier#000001500	wDmF5xLxtQch9ctVu,	13-685-210-1639	942556.9596000001
4459	Supplier#000004459	YAfq3TUQPwTtJSkm1 bRZwqwmnx4	23-964-432-2851	942546.0441
1017	Supplier#000001017	MohDjydWIPi1so8	12-476-223-5170	942404.6813
3990	Supplier#000003990	wehBBp1RQbfxAYDASS75MsywmsKHRVdkrvNe6m	32-839-509-9301	942389.6394
2475	Supplier#000002475	TNYNqO3V1Z32WQBWFjxqMrEPwBtSHx0DWodbL3	17-811-939-7444	942222.5596
4451	Supplier#000004451	0seuMdBqxTid ffYdqI02920lIgeNWv	16-209-671-8260	942109.3242000001
2538	Supplier#000002538	fz2MZDQNk0sls	31-155-875-3030	941979.8744
3221	Supplier#000003221	GihgWugZHILgmhYn 6Im0XNnuIr	15-847-639-4403	941924.9198999997
9336	Supplier#000009336	E fTygfu1wRIOGyM3bquYO8eGgF0HdfAjxwh2k	18-577-510-3914	941752.9517
7278	Supplier#000007278	I2ae3rS7KVF8GVHtB	13-459-259-9441	941744.0411999999
1453	Supplier#000001453	e1XQux,y BE	18-402-504-6984	941664.1375999998
5010	Supplier#000005010	cmYBD2RaTe9vKC0uNoC4aCEu3DOA1B	32-840-426-3024	941635.7974
5169	Supplier#000005169	oO6GZCtr7F	16-492-650-1709	941576.7021999998
850	Supplier#000000850	l6KnHycBhdFcz58UReuEe1Jf2R40ZICoQ5Qpjh6f	14-161-130-9091	941575.0622
4917	Supplier#000004917	Rhe84NYGtbpBE4xv	27-143-767-1631	941559.0597999999
374	Supplier#000000374	svrrNWiqg1f3tEXZdVbFK CAtLDsW1CidtyS	12-699-158-6062	941537.5684999998
7636	Supplier#000007636	AAFlIZIKyklodxLKfI0x50ZE0O	17-630-607-9411	941518.5620999999
2893	Supplier#000002893	zfqhXpAB20J1xyGLE7fQbB y	17-104-541-9859	941492.9057
7402	Supplier#000007402	4UVv58ery1rjmqSR5	13-625-537-8029	941464.8363000001
3338	Supplier#000003338	bQBVFaIiG46wcY4ebXtyYcAA EGEc	22-544-418-6592	941442.7895000001
3467	Supplier#000003467	p6DZOiOzk3cXG5cx57mElGRuIPMGD1Le 0zuwqF	17-726-314-1724	941435.1076000001
9535	Supplier#000009535	NF2jFE0JxJ9GEUoiTZJb	31-233-536-6891	941433.8861
5403	Supplier#000005403	ofvHBqLW,HTk	19-375-600-5747	941353.7424999999
3278	Supplier#000003278	e2IO3KGtSZl18kn2rh6BNMe9U7LL7CW7CjCj	10-260-130-9749	941287.5003999999
7718	Supplier#000007718	3tad1IVdPCxaLN1ctl6SL xHw2UT cJi7o	26-612-724-1360	941245.4467999999
7511	Supplier#000007511	W4OiKH,gzMTq24 xGsnwVy	30-770-235-3547	941131.5114999999
7971	Supplier#000007971	BqsyRLtbkfo4LeXBKaM5HHmXN2	19-430-737-2328	941125.3315
2205	Supplier#000002205	lk288b BoRGIySRu 7YOAEUeSh	20-499-510-7961	941083.3587
8112	Supplier#000008112	27EyHjRPpYhNu59pqunZUn O6q4XkgKyAF	32-152-656-5692	941010.5651999997
7919	Supplier#000007919	D,yno5gMBfuFMfeV24WgMHlz602tnFDx	25-160-798-4025	940989.1847000001
3802	Supplier#000003802	PjcKEJb 9DODZXC	21-686-265-6697	940898.3332
4806	Supplier#000004806	Wa7ADCo2ZEhU9	23-314-796-1693	940864.8073999996
5018	Supplier#000005018	VF3jw0xQDHivHYnRt9JajvTSsxJxjnD8YY8	16-544-227-4448	940586.8696000001
6983	Supplier#000006983	Zlxf ygdYCpvK V7jsO	24-726-665-9001	940467.8417999997
2171	Supplier#000002171	zk,g3KRF yZL8NbFZMrrAXWxsNfw5koUenMC	28-725-347-5772	940421.8988000001
8179	Supplier#000008179	R3uzpK70GMYBHHj,ZA	15-787-639-6185	940252.776
7132	Supplier#000007132	xonvn0KAQIL3p8kYk HC1FSSDSUSTC	13-378-981-2173	940116.1583999998
367	Supplier#000000367	E Sv9brQVf43Mzz	32-458-198-9557	940054.206
8445	Supplier#000008445	MaGM3kem,EKQ5AVeWvwy2tSv4aZBrc079nB7pap	25-782-373-2941	939947.023
4003	Supplier#000004003	7w3Uyzi 6Q,e2 fJrE60Y9HFhPfBM	31-655-482-7421	939944.6035
8517	Supplier#000008517	us1ou02ozRlSNW3hIrFb,vaiPn1l3e	24-774-997-2846	939933.6623
1425	Supplier#000001425	bN7yR,f6FV9rdf5Ds	12-710-340-6871	939927.8251
1329	Supplier#000001329	1DD sDixDoCQwZTn	34-807-184-1989	939925.9730999998
2106	Supplier#000002106	ADXiG5y3MX75DmRvtlSKvjK	16-609-473-8406	939919.1373999997
3918	Supplier#000003918	meRvRCsJoAbfqd0Re4	13-786-859-6355	939914.7462999999
6886	Supplier#000006886	sN0BeIMWowAvTUOshFyAvm6bMb5TLphY	21-395-309-3477	939832.1943999998
2320	Supplier#000002320	ruej4G6jZkXIWaP0c	11-550-946-1118	939783.8439999998
1838	Supplier#000001838	FFUsR1DLGv1pp	34-331-990-8521	939581.1050999999
6093	Supplier#000006093	KJNUg1odUT2wtCS2s6PrH3D6fd	13-989-796-2627	939560.7564
2062	Supplier#000002062	FlxpSFOW1fQNR05i3sQzcNwpBOTqLQM0S ZEYC	22-757-732-7348	939355.1129
2479	Supplier#000002479	ljPjzEMXbEUjd51mpuFZGthk4Mc5RC	18-133-194-6180	939217.2022
9687	Supplier#000009687	Ik4 Ef8rGuF0ixhIfH0v9RgzEI	34-131-855-8498	939213.4323999999
4507	Supplier#000004507	BCEriobperTXRQwdmGMvPIiJJgfXPZ3I6S0	18-157-881-5343	939085.7062
2268	Supplier#000002268	1So0dHWj0xfwuNopKvDKFHlCOcL1OvgtkhhUPb	16-321-990-6525	939001.0543999998
9054	Supplier#000009054	TN0Arq5KOkfmOhuZSi3lov hkDV	18-130-136-9982	938950.4668
948	Supplier#000000948	LvcPHBbzYZKySxlda,0McYfaV2bb poGXMF	31-562-389-2753	938873.3345
5485	Supplier#000005485	lPUyDH6sYA6ktvEc25b4hvYmUKrtIXVcuc6t	13-407-685-3623	938845.7241
9163	Supplier#000009163	E0XNTVX9I8VMnga68MkhBX0M jC	13-503-944-6248	938797.2100999999
950	Supplier#000000950	MukfcGGpbbRXp5v52Rx43QpPjU8RFB	11-888-171-3390	938747.6411000002
363	Supplier#000000363	sYpqZxYin8GKkPtNWKOnJMTLm9f5e0lZ61N8wp	11-220-343-2951	938735.4328000001
7256	Supplier#000007256	ZZZwPfP9X1xcLQ	14-341-828-6369	938723.6543
7683	Supplier#000007683	sAVwu4kVTl3gEpkpFOvq0WYSmlAdB3TM3U	17-808-119-1143	938690.6804
8121	Supplier#000008121	00X,v3WwAfxILD41	12-115-265-5557	938681.2139
944	Supplier#000000944	tUVVFs351nHm	23-452-536-7876	938623.2162999999
3768	Supplier#000003768	CZi0Iw9QSDL,eBtGf6Hz8GXrhnyvq2n4P	29-996-504-5066	938615.4694
7246	Supplier#000007246	x16yQEGSrcdNzWFp5iNZLA5G6EFV8t	25-155-999-9378	938601.9723000001
4805	Supplier#000004805	2gKQFPhqb64TUxuNtLApozpqap2lHqpzz8KEny	34-670-308-2884	938573.0148
3176	Supplier#000003176	YUCh3B5y69ydExisZud1X	19-755-792-6352	938476.4553999999
8370	Supplier#000008370	S72tfWosohkej7FjUi9z5J11ultFFv	20-182-281-2705	938441.5373999998
8424	Supplier#000008424	m7,zJlWujHpvIuLqZdXg0VWUQ0ZUy1 J4AQ	19-886-503-6563	938402.0711000001
6303	Supplier#000006303	9JV2LMsFaelu hiHWk	31-840-149-1133	938358.0025000001
1396	Supplier#000001396	G,oUQvwTiNudoQX	23-927-155-8644	938346.4469
9453	Supplier#000009453	rdngVAY7,	19-403-545-2290	938320.3869000002
2187	Supplier#000002187	5SmzRnGn8,fzW1KllxYzi4CXLNLiSX3k8wsIj	34-134-791-1048	938292.8151
3121	Supplier#000003121	wNqTogx238ZYCamFb,50v,bj 4IbNFW9Bvw1xP	29-707-291-5144	938099.9397999998
925	Supplier#000000925	x3n4pg,q28EckYO,613G7seoAmTPSX0jTvDvM2U	29-398-723-8226	938077.2225000001
6089	Supplier#000006089	ckjiKJQneKDwr	27-787-635-6738	938059.2102000001
203	Supplier#000000203	wvdhblw9JkIe52z0gnGSDrDBsMsI3Aidqk	11-257-649-3327	937868.7925
4275	Supplier#000004275	Z3aD DmnFIMXQqgX2	17-994-960-5487	937625.0327999999
5297	Supplier#000005297	nkq6 NFnEfhdy6	19-119-739-1447	937551.9136999999
9836	Supplier#000009836	vKVMlivaUCeWpMkzYafVd	32-457-649-5465	937543.8238999998
9526	Supplier#000009526	oVTCHA9Civ9d1CghlwI	20-788-250-8252	937482.5388
9401	Supplier#000009401	VfE1W9ZfSHf673xmaOXSB3vv,PGBkAZIVV	18-117-294-2978	937436.6102000001
2089	Supplier#000002089	n9HUt4McToc1CwevdABlCIPQ6wCOAw4	12-510-621-8936	937332.9629
5119	Supplier#000005119	D8MbUqNfk1X5VYGuB	19-735-738-7984	937151.5974000001
8401	Supplier#000008401	UQEIjAI37Vb0Pvj	18-283-493-8785	937105.4464000001
9541	Supplier#000009541	H3LJDN led0rF3L0UlU	29-222-311-4609	937081.5527000002
1846	Supplier#000001846	WkFUL,NrqRrCCUnchwis3t0o,zYbvUZ	14-323-286-1452	937060.0659000002
6962	Supplier#000006962	rYBTZbWb,3Bauk6x7HYEVYDc7Plnq8FovC3qZ,yS	12-147-994-9913	937046.9223
6904	Supplier#000006904	EKpE28VGC6ShEWvrYdlDVcX4sm6utl9 ibJDf	27-999-609-8430	936980.4351000002
4961	Supplier#000004961	HTHQsovnuqEaKFswci8rS	13-441-823-4698	936967.4238
7242	Supplier#000007242	WQMe6sy53jRalzf	10-888-866-9595	936886.0903
8888	Supplier#000008888	sJHYd7hjH5EdLSPaOdm	24-834-151-1500	936834.407
7252	Supplier#000007252	ykFg2LFMpAHHg2kDX5KtNyL2VYDWpF WXX,RFY	19-496-247-9423	936790.8294
2215	Supplier#000002215	CI8gUDb,vXUF39Pq6Py	31-535-737-6571	936655.9109
6295	Supplier#000006295	,kIChX9uLiLe2,Rt9Iyzj cZJ	29-927-347-5184	936247.2111000001
4399	Supplier#000004399	NF1ju2D6rmDc	15-279-100-3454	936239.5200000001
1212	Supplier#000001212	SNWZ4sgC8Gh	34-917-244-7693	936222.5074
4789	Supplier#000004789	yeZD2R4oIl	25-631-785-2788	936214.3399999999
7300	Supplier#000007300	YfbUYzk8UMpmbThCwzHSKg8xlvfx0K2ODpMiPLD	29-192-770-8538	936205.3079999998
6547	Supplier#000006547	MM3qyaZ0mEk20pkJTtoM3qpggUC5	30-768-643-9197	936020.1637
9622	Supplier#000009622	nEfWHUKQ9VsiM1JdiwRi0P8oCcR	15-676-570-3786	935815.4380999999
6477	Supplier#000006477	duOYjBd,nbU67p	12-120-666-4532	935796.7321
9491	Supplier#000009491	M3m6oIzOaFleyE	19-202-382-3047	935786.1007000001
8568	Supplier#000008568	snNJuxNAHgMjMSIo0WQgAVrq068	16-247-780-8680	935671.9326000001
4823	Supplier#000004823	cOflLbPaDr6F9LhuG9TWQaRQmSfk mx	10-102-116-6785	935653.6207
6723	Supplier#000006723	zPUrD,ylISpYlQy6MEpB9FqCqOkK9AI	21-568-966-5500	935612.3618000001
7414	Supplier#000007414	IRowsjn2vYrUOAx5z	17-492-201-2393	935546.1849999999
5396	Supplier#000005396	Mq3JuBQD3gwDepGWYFhJ	15-910-110-8993	935311.0395999998
8709	Supplier#000008709	adZ18haKRYZMLqM Kf0GTGiBdrk	17-890-361-5346	935275.7125999999
3785	Supplier#000003785	8S59M6PcyaZA2jrvM,dAYcr	24-486-584-6949	935155.3471
7982	Supplier#000007982	vP5Pn9zm LQLAtqjxTCg5w	25-955-823-5832	935108.5881
9199	Supplier#000009199	jU0Xnpq5fhjWjmgQoS	19-885-935-6951	935073.7119
8637	Supplier#000008637	OBDD5mzy,Mo6IaAiey9ueghVppZT8lk,6F	17-830-250-4442	935051.6826000001
6831	Supplier#000006831	30WWc5G73cb0Zj77hr,ckpBh kq0V9ebX1wE4z	25-284-452-1411	935030.6852000001
3923	Supplier#000003923	,2BXRxonGyY5B9	25-212-319-9550	935019.7954999998
9345	Supplier#000009345	v1Cjg3iQHdEFksTcy7Sl zvrYnVMWZRGkL4	14-810-955-9497	934934.5317000003
9436	Supplier#000009436	RQ20, N7F zgHzM	30-533-831-9235	934926.9619999998
6842	Supplier#000006842	oR7e8UykKPlckXRecMqppxZG	12-399-336-9424	934857.0225
9810	Supplier#000009810	vF,AdvbHMP vU8ARKeN34fNZWdrhV 3TWQ2n	11-888-435-7298	934845.6870999999
9262	Supplier#000009262	MsbjKCAJzlpajvpfscxFMS7aOxa5pCDIbr	26-486-646-7733	934807.5615999999
2453	Supplier#000002453	hANwgEJk3juMwTdumtBOz	19-426-129-7300	934784.4802
8419	Supplier#000008419	yLcbiqfp3WpCqpTE6usqXGwAFEIMFwqB5A1NQBxN	25-719-776-7477	934699.2378999997
2269	Supplier#000002269	ZD1x6SWGQaaTL oVQCvuCd	30-969-611-8031	934527.9720999998
4560	Supplier#000004560	W4YY84MlN5Im3NBHfZeyLJ8X9mgGof	29-175-506-8008	934310.9487000001
2802	Supplier#000002802	ioeBm2a9ag5MCFn026MUWYP	20-649-761-9820	934251.8317
2342	Supplier#000002342	xw3qJ1mffXVou66hIqmedyx,	18-450-851-7270	934225.4481999998
3592	Supplier#000003592	,38WkJUa2O81UXZKpmxDbiY1ecwI4 2Ru9hOzW2h	19-819-117-4065	934162.7923000001
4745	Supplier#000004745	b71xxSn,FAwRhDXB6,	11-842-819-5519	934030.0295000002
5697	Supplier#000005697	0WIsnPEvvRU,qM88	30-314-194-4168	934014.8164999998
2534	Supplier#000002534	s94jok37BRByP5iZaCDRAcM6zZ	12-316-675-2618	933991.5463000002
8155	Supplier#000008155	igMmKy1Dw4oaBJjw6GCMIsQCEeX15syOE	21-974-552-4133	933916.7656000002
5773	Supplier#000005773	M7gZOUT WwHYkkYkDjdAfAZt9Ziw	24-433-658-6533	933813.7092
207	Supplier#000000207	0QmBvfdQPh7Xy09txlnJcv	12-245-833-1389	933778.1879999998
8973	Supplier#000008973	t5L67YdBYYH6o,Vz24jpDyQ9	32-188-594-7038	933768.8215999998
792	Supplier#000000792	vsmDNbNfu2bAX2lAj4OTNaMKF x3pBq0yHYPzmm	11-678-517-4073	933705.7219000001
3604	Supplier#000003604	Wh54BLC 6VSu0WjNv WHnslIfEQ6qa3PJUdLlyP	21-762-284-6273	933684.126
409	Supplier#000000409	LyXUYFz7aXrvy65kKAbTatGzGS,NDBcdtD	17-719-517-9836	933529.8520999998
5799	Supplier#000005799	j  uJliQkuJ3vQL	30-658-513-7780	933462.0515000001
3407	Supplier#000003407	iBXKCWbBiwBJ1FORzNGxqTvFNvolqRexgAYA	14-504-247-1795	933459.1839000001
3740	Supplier#000003740	5DXIVeJ0cTdbChqyQI670,2KP	17-979-910-3262	933424.8303
3268	Supplier#000003268	wcRKYUyc1wQxr5q	28-271-882-9544	933328.2213000001
4956	Supplier#000004956	ibDuLQ0D8W1hK3m 7sMKFt5fw8XGzp1aU	34-954-986-5576	933207.7004999999
5832	Supplier#000005832	zd9aAhG3UaqglPdUP5VErS3gmwVbCjseJEnj8g	28-335-357-6777	933163.9556999999
9157	Supplier#000009157	IbIHN9WrdVkE5wuaWwFXhTeH0bOlSvNbLYY0LzT	32-630-198-1339	933153.7074999998
5591	Supplier#000005591	A39jVPWcKU82OI68FRPv5MLYkbnFhQeoH	34-727-116-4039	933100.1639999998
5257	Supplier#000005257	f9g8SEHB7obMj3QXAjXS2vfYY22	13-848-650-6906	933089.6355
2750	Supplier#000002750	m0rNQaUPhc,6cptq3YV1cu5	26-780-842-9248	933081.4435999999
9037	Supplier#000009037	TN4MfTE8ywhIE	29-665-258-1017	932998.7464
3287	Supplier#000003287	zTGbtB bMCt5Rl D6fJ rVj0F2ogI	19-416-117-4411	932927.0328999999
9251	Supplier#000009251	2e20CXWM6VbVLza4MV0RYXE8Goc51Js	27-582-604-7096	932873.1200999998
3877	Supplier#000003877	5GY4QEnWvFTzXvBPiLofYMqNIP Omj7T62ag4Qr	19-132-153-1633	932868.1457999999
5976	Supplier#000005976	GPvme3vYZQ,Px4E3quf Ug9VrprK	32-285-350-7599	932819.1609
2352	Supplier#000002352	4LfoHUZjgjEbAKw TgdKcgOc4D4uCYw	32-551-831-1437	932770.7789000002
1870	Supplier#000001870	laa9 Fntbx4kHd	22-681-122-2311	932671.3583
713	Supplier#000000713	DBMIf1HiYY8OyRFcbtHpKIz	31-890-482-5331	932644.7128999998
3259	Supplier#000003259	AIEQ9swZsDtAQyho3YAjeQY3kplxytz	15-416-906-4462	932489.0273999999
9588	Supplier#000009588	TQdnmIKYOFYBUrPt5 QaCli	29-438-189-2062	932455.2401
3743	Supplier#000003743	VCEZjKiG El32A	11-124-390-7542	932344.4465
5285	Supplier#000005285	Tt3MXwmq5RSl8b7	23-795-465-1559	932147.2402
7255	Supplier#000007255	oOIF4BBayIivseCR	30-466-154-3995	932063.5847
4643	Supplier#000004643	bYPG1 gDvsOhi5RsgY2BxL  iWc,L22pmAe	15-157-725-3051	932043.8242
4205	Supplier#000004205	S2OR,fUOmf3GSlKnW6	21-538-923-6240	932030.4489999999
2415	Supplier#000002415	njNGJcmSBHy1zgiTEA	24-178-426-6863	932008.1855
454	Supplier#000000454	K8p1uXD3L,L	10-453-843-1585	931981.2376000001
3313	Supplier#000003313	El2I7we,049SPrvomUm4hZwJoOhZkvLxLJXgVH	13-684-979-2091	931896.7532999999
6101	Supplier#000006101	, qQhoVymyPSeFeagvCPLqb0J2brRLRnGp ,E,c	11-262-814-1479	931841.7092999999
4417	Supplier#000004417	ULVd9moW2Bb4QSaqPmgbEGqoPR0T6TJkA	10-266-394-6216	931737.2822
5404	Supplier#000005404	UTlIlGBbfRTemLc0GquHExfJCc aKwT7y,	10-232-201-7028	931668.7075000001
1402	Supplier#000001402	v1m55JSrqZva3dgy	11-772-363-1023	931548.519
986	Supplier#000000986	tKoJtnykz0R39BWTgglt0rZxT	32-342-471-2481	931546.3565999997
3484	Supplier#000003484	3GWJxKy TGoWs4l 3G84Q Ly1	27-174-208-9441	931517.5096
6140	Supplier#000006140	93EycC3P9tiKu5XEkgb3duqG0	10-779-683-2433	931309.7640999999
4890	Supplier#000004890	RctxkJvmWtQvwgddK46	12-408-322-9002	931292.1042
6754	Supplier#000006754	kMUCGph4PWmLLdBxHBZCypMzEoZ 1MVMSkl	24-579-493-7622	931271.6276
9371	Supplier#000009371	Pg7NzwadhYBgZnMadSuex	26-296-281-5239	931209.1707999998
5413	Supplier#000005413	Hh5byDXBmcr	30-736-594-6426	931147.0377
4325	Supplier#000004325	TaJqWrGCiBJaWMzRTT	22-851-405-3707	931116.3833000002
8844	Supplier#000008844	Bl7,DYZRvmKHaw8v	21-640-498-1362	931060.0922999999
637	Supplier#000000637	V6AMGzXQ7Eqs	15-832-253-5581	931007.6725000002
9876	Supplier#000009876	PFk3OQvPDIlJfNVOZc,	11-126-845-5361	930996.2204000002
6391	Supplier#000006391	lIWTJp,U7E	22-173-912-2217	930927.0288
6422	Supplier#000006422	ZB4jC7Mkv12AF69jXunQu8FZEPdjF5Incs	33-182-240-4174	930896.7557999999
4189	Supplier#000004189	NZ8VSADsc5C	11-516-663-3922	930875.5821999998
7326	Supplier#000007326	1,TZ6EFFBIYbxe5j46ICs fkOLnC49ha	14-865-827-1371	930779.3089000002
291	Supplier#000000291	0qDDQst1b1bznHQh5jsmOq8nxf8Pz1Kn	10-404-519-2270	930724.5618000001
2183	Supplier#000002183	5nu7FaQYQgnPg0c3my0pyq	20-571-687-3289	930700.324
3972	Supplier#000003972	KQu4 mgLZkaEiNGlkOYz,p	14-901-775-3308	930686.3021999999
2199	Supplier#000002199	kWfU i6u5Rl91zmMkS16Dl	11-949-843-4841	930676.5909000001
4644	Supplier#000004644	kcQP0AmNXMKM6bilcGwy0vKJNvqOSgVuH	12-644-122-5089	930570.1130000001
4099	Supplier#000004099	i8bJfWbFHB3,vVpIu AhVoSexW FO6Dc4NEwG	31-359-746-4332	930547.0266999999
5224	Supplier#000005224	aqnQ6P2kmDbQIEWvf 286zsWpgG06aa8srLaqx	27-233-923-2924	930530.8376000001
2523	Supplier#000002523	enQWFlNzV6oLMbXOBmSTt	14-690-302-5291	930504.9685
3832	Supplier#000003832	JXlbKeJULboOm6nrcae6Cc0nLHQJPDZ2iTKq	24-658-312-4516	930293.3774000001
1450	Supplier#000001450	nUHaPsG8kBoh6	15-869-845-5599	930267.8193
6251	Supplier#000006251	INCJEsmMji2NS465MKkEyE0c7bGoZyS	15-470-707-9609	930248.5539
7330	Supplier#000007330	8sLxWqHCStxmWoU Bla1JOYJ1jQmEklP	27-689-370-8022	930235.2989
9754	Supplier#000009754	EeJyCPZ5qf0BLodby91xROEJPvfGA7ayI	10-841-520-6539	930215.1368
2258	Supplier#000002258	bXE2ygKSjCOsmijmUy5TbL	10-205-637-5432	930081.1202
1483	Supplier#000001483	P23Nxp kYtqrv imDiUHVZtbUnz	18-701-650-4334	930028.6998000001
6858	Supplier#000006858	fnlINT885vBBhsWwTGiZ0o22thwGY16h GHJj21	13-654-336-4681	930028.1802
1096	Supplier#000001096	Nf4FN7Tb15YUSlV	19-682-493-2497	929932.272
7629	Supplier#000007629	Gxgg8RLTzAnWvf	34-500-770-6458	929915.1955999996
845	Supplier#000000845	tgajQJpBFV6PGa9bzWSkW1eSGE3q5NsCMYE	33-350-532-8789	929876.8713
607	Supplier#000000607	vgEaPkxAonSSdAUn,7usQ c4G3Ho2r0	25-370-994-3762	929861.4834
5868	Supplier#000005868	8LvN8CjlL4eIeGL6o4zDzvi	26-184-738-3178	929860.4710000001
4154	Supplier#000004154	et0DhpDSfxa	28-337-814-5666	929645.8662
8204	Supplier#000008204	bxXHyCjF89VN,t14tfsH1q	31-504-959-7868	929550.9458
919	Supplier#000000919	xg60CQmqGaVavmevvCjOSGXC 3YuMRVb	26-379-721-3359	929459.3213000001
5458	Supplier#000005458	d39AbpvBG6mAU8	34-955-330-4162	929452.1902999999
7835	Supplier#000007835	3MFYBunQEcXt YYp	12-713-543-2873	929404.8491
8203	Supplier#000008203	nXB7udOM3wq	29-780-346-3309	929362.0463999998
5866	Supplier#000005866	BdqfBk1CHo q8WFqQPueYlM4155VUbb	34-582-696-4179	929241.4104999999
1736	Supplier#000001736	cbzU5P1b4c9k7Hr0YTPt	19-566-122-9621	929126.1236999998
120	Supplier#000000120	TNxoTw0SiMmQzGfZY9fTSkL2kmtPwvtR2L	17-645-761-5674	929112.1729
3853	Supplier#000003853	,XhDB3dz2sL1PFx2BR4NnSVsoA sBiqj8pJKHvj9	10-974-583-4268	929058.4573
8412	Supplier#000008412	gOBtQQlqTMmPpdlkyYRNfnYp,Dvu	24-192-482-7068	929017.8985999998
9973	Supplier#000009973	8Tza,SSAjJe	15-416-747-5079	928956.2404
5510	Supplier#000005510	f 0PMKZD0h	34-332-810-7526	928861.1124000001
3000	Supplier#000003000	JtDvRf4iWHJkj54PYxl	31-910-209-2002	928860.1417999999
2277	Supplier#000002277	uxpnnDRwK1m,	17-762-810-4943	928775.6937000001
1831	Supplier#000001831	,556nufAzYia19	24-711-550-9642	928595.1836000001
8317	Supplier#000008317	9p CRgS56heCHIm	20-487-380-7004	928440.4114000001
1380	Supplier#000001380	ROSZK39fNCa1	27-767-854-8761	928349.2637
9530	Supplier#000009530	eFhnjFzyu5yN,4nMFIbxEFT5bs84 RIt3	15-563-724-4838	928187.279
3312	Supplier#000003312	EJLnCuuCYgvPJ9AxZlBui4hlCowVP1M	23-218-781-4515	928175.7708000002
5009	Supplier#000005009	rfogc0eRdxzvjpWAj,dNi	29-469-419-9952	928129.7814
1449	Supplier#000001449	NFQzLwdOyj0LqRnlVKF	21-744-540-9302	927954.6333999999
3871	Supplier#000003871	0l9vr6DDagytSNo,SD2mkG4XezH8L1loBW7uXV	10-678-935-9330	927808.3319999998
234	Supplier#000000234	iMrk7HUD87at3IIh4rBi	34-187-193-2209	927637.3345999997
9957	Supplier#000009957	QHkY,ei871xpBgSTjPjDyBee	33-206-683-9213	927531.1345999999
8260	Supplier#000008260	kGCbbbxxw9QWe2ucX1wplGB	19-225-631-5870	927400.0950000001
3348	Supplier#000003348	ngwfUSRAvm4dBe2JmJi7picb6CHK7	25-267-444-9017	927384.5875
9273	Supplier#000009273	TZ4k9XOpDS6YjijWmfRI	14-656-188-3805	927360.9025000001
1917	Supplier#000001917	XUTxl8xOBRCD,y	26-610-148-7736	927335.9886999999
5685	Supplier#000005685	3Jp7d9F7Oit18wJu,	30-277-816-6210	927296.1516999999
3681	Supplier#000003681	spxhsMZtpYyLdgGS21dKMjjd3RDC9qYGj8kb	15-879-583-1708	927281.4561000001
5489	Supplier#000005489	XSNO3NJWPmIPRMBou7PJodUmTF6	10-770-629-7558	927195.3230999999
1940	Supplier#000001940	eBYt LFXqTqgXMH7MQ6KC2OhIn	31-293-442-3659	927153.9748999999
4455	Supplier#000004455	eGuuA8OB9CB3UG	18-472-798-8615	927091.9955999998
3306	Supplier#000003306	Vr,BC0CRsL7hW8E4j74Cicu	19-270-601-1021	926963.9129999998
3633	Supplier#000003633	1Md2Gjf0IiFEKpDUwxL0Hj0M6piL7KC	34-692-340-8808	926781.8147000001
8476	Supplier#000008476	a,cswFIvmn NgyIjCfCErBrQ0jy9zPEFdt	10-981-618-7449	926780.8787
5936	Supplier#000005936	jXaNZ6vwnEWJ2ksLZJpjtgt0bY2a3AU	32-644-251-7916	926770.2165999998
7852	Supplier#000007852	8kw8Ns 4unCuU1qT5kt	12-843-592-3862	926697.1682999999
1164	Supplier#000001164	4zRI bPJf5ST2fBFZw,	15-830-566-1096	926681.7494000001
8928	Supplier#000008928	8j1TeOM1tpIQTYlUyrpKo1A	25-632-171-3756	926506.1162
9235	Supplier#000009235	wRqFBemrMdvfB4KbOGmwv988A	26-909-993-1152	926501.8057000001
3478	Supplier#000003478	mRuc7TmfUuV4YK93HhggTA4lyhoQDbEEO	32-511-233-7238	926457.2529999998
9315	Supplier#000009315	bCKGRBBn p	16-538-336-9026	926361.9382999999
4593	Supplier#000004593	yvhjhCRGmsENgm9SXwjQAUdNn3	11-519-428-6393	926293.4426999999
9886	Supplier#000009886	0pbnsB2fLaDoJY0LG0whSFvjISCI	26-528-380-8286	926212.8445
3277	Supplier#000003277	zW97hQ0M0JqUf7b3GDvsHkYMS	31-894-441-8862	926211.7398999999
2952	Supplier#000002952	dIKGgSf6YfEeGOQ5shtlMdzeV2O	19-961-224-9429	926059.7219000001
284	Supplier#000000284	7NF0OkJazPIJ7l,LBSw3abv	25-955-684-2997	926044.3593
2958	Supplier#000002958	XNcxw,EjCJrTOqk3	15-451-727-3089	926037.6654999999
5266	Supplier#000005266	02jBX27NfItPhLbcYxnO6Y8mD92z9eVv3fIShKvc	25-412-718-8944	925980.9961999999
5845	Supplier#000005845	3DQwBzSByUNS	25-957-432-1491	925933.9223999999
976	Supplier#000000976	MVpCgFTl7sGge4cFxVXD	34-998-900-4911	925865.0981
1656	Supplier#000001656	HPkORETlxwqmcVjpGe1nbuzQ3Zr4R 5,b7Oks	16-238-996-5507	925838.8090000001
8528	Supplier#000008528	O,BS rNVx7CsdlsjUgZ5fNN6yx0z2Bz	21-265-460-1770	925660.0395000002
853	Supplier#000000853	hQuhL6zQSZmVifUzpnKvRLNEfJhShDomdbGC	18-286-624-2526	925643.1154
2447	Supplier#000002447	GTnNYGvzuSr0gWTE	10-865-807-3083	925637.1630999999
8627	Supplier#000008627	RqW2ksY22ddo	30-470-519-9322	925425.1882999998
7696	Supplier#000007696	GprwYOyLWe7nZ8KHcBLthIa,4jiOk	14-474-176-5939	925375.1096000001
5745	Supplier#000005745	wUXBzY4t2au0ZxaBoGyuer4K jZ4O48R1v1DJFtW	16-123-748-1248	925295.8508000001
5294	Supplier#000005294	cs2BWiaTa28ZhyRagft BUqgV5r88J5m	20-355-767-9259	925253.4581999999
8758	Supplier#000008758	iRK6pTtk,Vzf	34-437-869-6103	925183.5593999999
585	Supplier#000000585	DQZTWEfNYL9UDlMqcQAEThcPdbyD45PYzL	33-357-931-8857	925132.5310000001
769	Supplier#000000769	ak2320fUkG	16-655-591-2134	925081.2897000001
3571	Supplier#000003571	hYkqn6DzQ2b2PuZBjBNdaUxEyAMA	34-246-744-6090	924968.3667
2311	Supplier#000002311	poad6Gm9xFQ6uvBZjiriixTAWXPGtpdBnw2MxKk	22-866-688-9874	924906.5000000001
5735	Supplier#000005735	espkK1WZ liET7zrStHGOE4	15-759-700-1576	924880.7922
3790	Supplier#000003790	vKEajCmMniaZBxwyOb1qwk63IlQJL8bENqQIJn	11-386-956-2273	924769.5190000001
8093	Supplier#000008093	NSXCBrSry5eoO3mcGpE0mqqlT	29-470-701-4141	924761.5672
9378	Supplier#000009378	uuYVQC3cBerh6	10-277-616-7697	924673.8269000001
5004	Supplier#000005004	qqvcCZJed1FncoUJ5mo0dIOgU7zzVHP	30-428-595-9706	924524.5053000001
3339	Supplier#000003339	LF3PWGqfKzWkyUa1AyAb5Z rK4ME9ONOgSGSy	10-892-842-9387	924515.3019000001
9773	Supplier#000009773	KvqGUov1WSL3k4Ir	15-563-235-4911	924399.5368
9449	Supplier#000009449	3kGy7IDpszy3dgSN	14-608-640-9937	924371.2743
9058	Supplier#000009058	JDi9yv70YQ,5GEB6	10-169-896-9715	924280.6207999999
1254	Supplier#000001254	NHNCT2HbOpSNm2gPz2Lqh	26-486-845-9440	924267.5719999999
8522	Supplier#000008522	5IBcn2A48KCdoFL0q	32-950-249-7921	924225.9289
659	Supplier#000000659	jjVP5XCtV9jbvUnkoeFUTrgB,ke	30-917-437-7814	924089.1371999999
1217	Supplier#000001217	iwoHJbL2n9kAPj2lAJlzIK9Xujbbz6JP1c	23-603-542-8035	924088.1781
3195	Supplier#000003195	y4TyUvKINQFteapCIasc	18-418-715-2116	924087.5533
3896	Supplier#000003896	mWr2VTZVOlAdk6RXnSAPSNHL3Xdu3FfnrPQh	29-261-495-9146	924013.4481
5557	Supplier#000005557	3ShyjCpd0fgHZZ,rqk1PAc n6kixym9Iej3FmHV	18-228-535-3302	923887.6249999999
5556	Supplier#000005556	LaxP c8bNr1Yh8lFUHyMXBoYf1Pn91nJoc4	23-206-751-9818	923879.5638999998
1690	Supplier#000001690	Pi5u7Jxd0IMcfwieStSf	12-596-971-7617	923743.6612
4067	Supplier#000004067	ip9T3DacGd9CT79BTFzQKIOiF7AJaM	10-448-907-7028	923707.7350999999
3843	Supplier#000003843	y 5Wl63UOfOUpa4l5no8poPlQ4PJJPlKE7s	10-431-239-1380	923679.3028999999
6761	Supplier#000006761	n4jhxGMqB5prD1HhpLvwrWStOLlla	13-806-833-5081	923509.0843999998
5772	Supplier#000005772	yJVMEQMeQOmXZWvlLle	28-536-856-1875	923454.8892999999
6148	Supplier#000006148	IHxniP,wiwlHinuOUQIRKEqB0AO3xD56rJ1,	17-170-603-1321	923415.1057000001
693	Supplier#000000693	S,mnHfsroFOVieQGdcaY5eod,8Zmji8	18-231-996-9225	923380.5337000001
718	Supplier#000000718	W9byXRtqvNdPivnxG76r6	30-551-841-7946	923258.5628
4551	Supplier#000004551	ePu,AbqAQT8kZNqfBqaW6m	25-210-326-9058	923190.7264000002
402	Supplier#000000402	i9Sw4DoyMhzhKXCH9By,AYSgmD	13-109-731-3195	923151.8988
6554	Supplier#000006554	ZN,HiSqwAB5F	32-694-886-4964	922969.1645
4072	Supplier#000004072	lAYDI98l4wGJ98	16-170-193-6812	922951.4684
1090	Supplier#000001090	zmTmXSUDDsZhMdPklz8cv9JRplqUgMA	31-523-106-8117	922710.8743
5898	Supplier#000005898	guNPgZq NmfW VUGj,R5D63GGo5ZWQH9OHnQGMH	25-952-897-6515	922699.5119000003
5299	Supplier#000005299	m7Y2G8Pg,kl5AoMPK	17-904-495-9057	922682.5027999997
3084	Supplier#000003084	i4UjQ3YiKVKgrqqyp6IhLgpGqotVRU2Y	21-899-139-1798	922645.3919
3370	Supplier#000003370	I7agPlyHh,1PD60y	19-659-143-7063	922645.2973000001
9461	Supplier#000009461	Eweba 0sfaF,l4sAxXGTgEjzsJsNWWIGjYhFkRWV	14-983-137-4957	922493.8387999999
3910	Supplier#000003910	KDNx2edzTSU6 Az9A	27-166-548-4497	922441.8557000001
5654	Supplier#000005654	FZU0UZQNUsvxSmdHDReLuqRIc5jvHsk	25-283-748-1118	922362.2603999998
1857	Supplier#000001857	DNyis8trJ9eIUG,URh,xbQ FLXT4JXR	22-268-590-9345	922156.7954999998
2644	Supplier#000002644	aOrGHuvmh2mYtEquclV,7qYjKK	28-289-594-6509	921951.4951
3572	Supplier#000003572	Jl4sqGiwS0	23-514-712-7839	921898.1144999999
1378	Supplier#000001378	cyTlnVEoMOYxy1JjQ1jm2Wh6vr3ycFrSI21jiO	28-787-963-1462	921889.3688999998
8064	Supplier#000008064	v2BgGmLlQiL49 Q	31-502-367-9169	921857.0475000002
8177	Supplier#000008177	4QfZyUMRJ8nZAO8vlnU ,48vk8z	33-490-646-7141	921841.8654
1445	Supplier#000001445	DhcB aCCxE,4rEWuOU5WWYTebpx9	20-769-712-3738	921833.1192999999
6124	Supplier#000006124	KsV6PYudv3JASdU85i	18-876-513-4459	921809.6751
499	Supplier#000000499	NbcQeBiDiN2tFiVxHIaWU03BVFIuxt	28-243-638-7646	921804.2909
8927	Supplier#000008927	LgwVct4dJnK59FBF50U4lvb6lNGeO9iD9lHkz	10-485-509-9864	921788.7493
2339	Supplier#000002339	npAyRCjBaPweChb26dkZuLDVGNEdAOHHk MdUy	18-919-726-3263	921786.9232999999
8841	Supplier#000008841	I 85Lu1sekbg2xrSIzm0	13-996-181-3415	921660.9481
8036	Supplier#000008036	Jqrts8t4bPk4VZ6eG03NC9jBP56ZJQHNGP1	11-461-650-4235	921551.8880000002
5747	Supplier#000005747	D0gyiOCgqwi123gjTq7cQnNzLD,e16rF 8JPO	29-938-591-4953	921442.7571999999
3867	Supplier#000003867	Vl0it8GSnzR3rthsVcI5bk2qxEi	10-523-466-5029	921441.1624000001
5302	Supplier#000005302	7zSymWFxEuf b9G3MlXSkV2T6Hxr4	10-723-651-2820	921354.2413
5386	Supplier#000005386	Ub6AAfHpWLWP	13-234-615-4933	921291.556
7450	Supplier#000007450	G ykHRKb36JjY1JTH2b45DiNKNnqU,hbrXY	29-890-926-9833	921171.8675999999
6184	Supplier#000006184	mMV6154LO,nUXiKtxTQp6QlelBvB	25-958-711-1385	921167.788
5287	Supplier#000005287	xuHdQHi,qvGq1zD6y295Vs5T8hiDv0MDgcNy,0AM	23-596-742-7614	921157.7555
3058	Supplier#000003058	Aw XxUmBnEk	15-915-896-1162	921125.2178
796	Supplier#000000796	xre srJq9Ivai94OkW0yhsfrx	21-322-901-8359	921022.4642
4180	Supplier#000004180	g4DgkJDL9q5Sh3UOOm7cEGVRvLmnH	24-834-640-7047	920998.411
259	Supplier#000000259	2zzYBzG12K	20-901-530-6532	920985.3962
2766	Supplier#000002766	CPJjKybUHBxm0snUwnwWxfZZLk4sbE4JISVWhr	16-684-563-6309	920979.5314999999
3951	Supplier#000003951	qajkuLHgP cRkdooPutjgKa8zxnYW	18-718-405-7747	920591.5114000001
8768	Supplier#000008768	TbRn9LG mlMNrWqwiI,I HkeQRb2t4skLD Xc6E	21-662-883-4523	920544.7949999998
7938	Supplier#000007938	D1wWVGx8nvgw	17-983-979-8240	920539.5047999998
140	Supplier#000000140	mdfYYe8U sSb	26-379-377-5829	920509.6376999998
7730	Supplier#000007730	Wfzhuu6C,iEggQZBX11jT	29-385-237-4982	920427.0327000002
4703	Supplier#000004703	jOSVRYK,ju4S8alzzNsp	18-912-354-6265	920346.7869999999
9618	Supplier#000009618	5WQK0isGUjwwe,f0hSV tvg7uSKLW3,	19-592-948-7307	920345.8923
3837	Supplier#000003837	SYXpXaKop3	31-780-420-4359	920320.7925
2768	Supplier#000002768	Z5XIwCs200u2A2aA	25-753-877-2336	920280.1973999998
26	Supplier#000000026	iV,MHzAx6Z939uzFNkq09M0a1 MBfH7	31-758-894-4436	920130.4399999998
3193	Supplier#000003193	XCBIUnI,URnww9TWChS8y27QGm5Eb8UxT	16-105-465-1817	920087.4558
3609	Supplier#000003609	kVw7JwQLjSGkM	22-417-679-1450	920078.8047999999
2267	Supplier#000002267	CKPRzKI,kiEL,C7l	17-409-103-9718	919899.6194999999
1766	Supplier#000001766	RWyGiX4gzEdSYiDj6GOc	14-880-253-3174	919841.8783
2331	Supplier#000002331	WRh2w5WFvRg7Z0S1AvSvHCL	13-753-341-2617	919778.0062999999
509	Supplier#000000509	SF7dR8V5pK	16-298-154-3365	919709.2880000002
8878	Supplier#000008878	x2izxmBfmTq8sqpHkyhJ97 c,Rafv	29-352-765-3956	919708.4898999999
7277	Supplier#000007277	bV0Y3ewDUbmexWbA8XhWTyL6 BzjRF	27-280-749-3078	919646.6771
8391	Supplier#000008391	yORrAeKllRIMy,tFqE5qQYl,0J rxVOw7g	12-815-751-3929	919634.2103
7960	Supplier#000007960	aCBNGE9PUQZldJxGe3N	27-531-635-1898	919554.0802999999
2379	Supplier#000002379	i6Tq1AwS1Ug6copx4X	27-473-939-8868	919531.6606999998
2728	Supplier#000002728	mI3cc72SxNEwaWpAtZ407p5KqxI1	34-856-434-7213	919510.5717000001
2202	Supplier#000002202	l3CTXqUqnR67po0RNhF5	16-619-459-2620	919211.0813000001
4416	Supplier#000004416	EfIt1pkykwXHl0MPxb3g1Uo8	17-838-557-7867	919106.7393999998
447	Supplier#000000447	UHeJiRfImFw1r4MTrBk0vcwUx9	15-104-804-3139	919099.4236
8851	Supplier#000008851	nWxi7GwEbjhw1	16-796-240-2472	918951.5691999999
1285	Supplier#000001285	6GzzLGh7I9P3LhBWnTz,L2gECjp1P1I9mq4TaaK	16-140-738-6321	918937.6106
3414	Supplier#000003414	loSCvoLk0uUDFaCvql3yt5tHp6P1a	30-252-605-4415	918917.7405000001
1717	Supplier#000001717	iLO76fgaDH6DFsBfb6ZMnOK7F9LnqoZRvjQzVpj	10-501-359-4359	918890.9891
5731	Supplier#000005731	tb 0w3GVsPR5XOl	34-140-915-5889	918862.4200000002
6793	Supplier#000006793	mJ4F2 l ZR8boTDtN	28-489-867-4830	918846.6835000002
1966	Supplier#000001966	liovqzTMyBOSQpStwfizuxgBbuu1YGaKCeBfRfA	16-661-169-1959	918670.1262999999
5850	Supplier#000005850	cn4kJKDy5otUOanVqO2ooztd8b1Ob	34-933-393-1499	918626.8845000002
8997	Supplier#000008997	KY MmMEcyQ6FEDCooFj xa uCwF2GbaeA8	31-775-577-6003	918576.9886
3621	Supplier#000003621	fW1IcCOBk55bSqBA	15-803-438-4439	918514.5762999998
332	Supplier#000000332	OpvOrxiHWJ6QM	19-777-809-6033	918461.297
4739	Supplier#000004739	uHhDoxEOZTq7pIQKCCuz8INR	21-299-917-1370	918443.8255999997
2017	Supplier#000002017	5X3irJUk8 SA0E6RokqWc06wX9	11-940-342-7501	918422.2807000001
7663	Supplier#000007663	LVDAB8vrsB9R7RO sq6a40,aqy9BBVm	33-823-738-5604	918347.3975999999
8765	Supplier#000008765	h3oWHXVZDsJm zeB 8wusN0G8 AWr	19-284-572-4702	917897.3786999998
9889	Supplier#000009889	tpaG8SpuSZdTohqedcscLIx	25-396-991-3423	917833.7683
8264	Supplier#000008264	12qflBU3Y0xA5bzGZWCP O	16-668-511-6480	917781.3559000001
8436	Supplier#000008436	W4FsPY6LIheuLP5cSdAxCJkrPJD	17-622-453-3539	917678.0387000002
8353	Supplier#000008353	EEFOe4Er5y5sWt0qv	33-218-570-1543	917677.5320000001
658	Supplier#000000658	kw9Ts9s38tEPf,IKi6kXNEv02	32-991-641-3699	917622.2063999999
737	Supplier#000000737	5fna7sQRrNfLatMkl0Oy,Sps0IWTez	12-503-512-3693	917457.0243999999
7684	Supplier#000007684	jr7FgaRd4 v,5gfU1xlbpLOk,zLBzMIpmnYJK	10-821-183-1969	917361.8859
9914	Supplier#000009914	0SpbbEPTOvEQ4fO	11-822-973-1163	917355.3817
6533	Supplier#000006533	hjMcu1gUBGNcs4OE0u9jZNTCraIf	32-905-947-7274	917251.4024999997
8341	Supplier#000008341	pX4SIJwcOqJ3zqVimzHhGJHR	23-288-860-2159	917208.9932
4752	Supplier#000004752	r,radSvDXKi04KrAH 4 YGO0IWQo5KYNQ	18-700-890-4203	917070.1984999999
974	Supplier#000000974	xIscm3sM7v5hU7NioMfSJ9tLeIBvSm3vGc	26-370-235-3418	917068.2691
1301	Supplier#000001301	VxrmO6Eyn7uNjaSaiFiPN 3ugFx	31-187-331-8224	917047.9567
2773	Supplier#000002773	jaz81C2z9HKz,g,9a1z7Gdc5YWdoa	24-935-655-7184	917017.6373000003
6911	Supplier#000006911	hLcmxv1mKc	10-884-395-8359	916926.4776999998
6871	Supplier#000006871	uyE sjDnosxcmA3SJHC4IO3klzjWO60n8rJYsfLm	18-669-429-8562	916908.2492000001
2770	Supplier#000002770	Y4O7cs1mRjv5ih 0nt RFI2qwNK	15-931-941-9457	916731.0037999998
702	Supplier#000000702	1IfvvCrOk6tDle1AjJisjgmZTSrf6Y 2t,Mdv	19-354-412-3179	916643.3144
7771	Supplier#000007771	h6q24mvxjkMLH,iyST3mHGYanLooc0my9oOx	12-429-403-7801	916612.5409
2776	Supplier#000002776	sny7GWbRh8E0OH6spG7u	19-487-327-8393	916551.6257000001
9962	Supplier#000009962	YlK6u3oLVeIPXQWyeQSUvNZVsCk,Z0D0,Bo	28-672-705-3701	916519.3373
9386	Supplier#000009386	vyOL2YUwJuWYh39WsozXA,gFK2HCk4O6q23IVF	23-125-515-6745	916455.4169000001
423	Supplier#000000423	VCgMjClu4IDaVVMwMW0ARf1ho	34-577-174-3894	916434.1718
8023	Supplier#000008023	C3KhKukssqX10hzkQUu59vtARTtqyCECo	11-610-522-7569	916265.5524
811	Supplier#000000811	pLtLc7cdmb	30-734-469-7797	916226.9689999999
5363	Supplier#000005363	1gxHBI2PfQ	25-275-532-3176	916149.1536000001
7915	Supplier#000007915	I,nKaalo6vCMqv4oWlLm17qeM0RAFZZO5TyKvf	30-463-259-7096	916090.8129000001
5248	Supplier#000005248	1B7xzcmfhe,,7lhFp	12-222-714-7472	915995.3286
1807	Supplier#000001807	AHdxwZCPjNpG	21-351-617-4154	915957.6792000001
6493	Supplier#000006493	ojV f,sNaB6Hm7r,fknDVTL63raJgAjZK	13-420-373-9605	915836.1191000001
5290	Supplier#000005290	A4uwrH53UGhU7qiyZbfa8xeiqdGpyDvK	24-589-364-3552	915823.0685
4504	Supplier#000004504	KAFOGWHoQcHdUEnK7RKVTXDIFaC7tShuUU,SZTzY	33-187-929-3736	915817.0234
5825	Supplier#000005825	tekQ EBsiIjK l7lNZyNddim0me77svB4VfWLier	16-415-870-8333	915687.1150999999
686	Supplier#000000686	LxjyC4i3RxAqWnUF	19-818-456-6713	915686.5388000001
9936	Supplier#000009936	eNFpCM4CN5sDiOIKGTxT1	26-116-140-4412	915630.6015
9267	Supplier#000009267	00xBspS5 6	25-913-150-2428	915595.9141
1525	Supplier#000001525	yH9JvdfaPgPVqHMm	19-313-350-2767	915585.0075
6624	Supplier#000006624	rlxJuUtYOaDRNijnzzDH,1ogemxKmJVLqpm0Vv3	30-623-320-7853	915583.5164000001
206	Supplier#000000206	hva5xXEn5j7H27CdKcjFqi,QnunUZyt8,a	29-156-330-8311	915474.1516
809	Supplier#000000809	dPqPaxh,IbS	32-172-990-2830	915465.1995999999
9086	Supplier#000009086	nU6wxt80ORwxECbKGo9pX	34-265-660-6775	915392.0678000001
7977	Supplier#000007977	3aJgblFc9kQmZrWEGqkKuRSFqpLYLL,lJEaYAd9	20-124-657-6831	915336.1472999998
7839	Supplier#000007839	iprNV,S9Tgrt9EaHH9OWUaP	17-385-707-4568	915327.7210000001
5997	Supplier#000005997	x7icJA6OEr,j3GYkYNN	30-983-581-7749	915173.0649
7721	Supplier#000007721	TP8cl03NxBsYJtMg	32-257-333-8840	915137.6101999998
7633	Supplier#000007633	rsl6lh6tEzOKpo6r8ph3A1OuqK zEOBs5Y7l	21-473-187-3309	915109.4120000001
8276	Supplier#000008276	CE5qZdVK1Q7ircuWBKghM	29-330-707-1036	915092.3327999999
7756	Supplier#000007756	I1EnLnLYmgi6AOZerijr	29-860-205-8019	915053.7590999999
3864	Supplier#000003864	G4A7fDgFofmhL1lXcnG,Vv6qkWuzwil	32-230-963-7050	915026.9191
6407	Supplier#000006407	RS2MJ ymEhzUau2Oka01RrpnhXur	21-945-999-4100	914853.2037999999
6119	Supplier#000006119	ykqu5mM1iQrN4f	24-150-341-6915	914795.8864999999
9110	Supplier#000009110	XF7zJMesO8DPCVXLFFK6OI	26-849-550-2740	914610.0096
4221	Supplier#000004221	4xhxUak1,gmFgNlwt	17-682-721-5080	914592.4508999999
2683	Supplier#000002683	WMUccHizpga,Z2BSAV	17-754-432-1167	914578.0944000001
4841	Supplier#000004841	5fI2WUviQ30OLcvqZ	11-147-598-6829	914488.7826999999
1952	Supplier#000001952	lwuffu3TjEs9kAyqoSdQKY	23-495-879-9037	914466.4376000001
946	Supplier#000000946	RpFjkZmA ScvLe	25-522-937-5559	914454.1410999999
1349	Supplier#000001349	EGhB0CmnI35wLfZaVQ9	32-303-475-7333	914418.2280999998
1399	Supplier#000001399	LmrocnIMSyYOWuANx7	13-337-788-5605	914405.5085
4788	Supplier#000004788	rmYoEMq8npBFGz9uM	15-641-694-2010	914368.5035999999
1267	Supplier#000001267	LTW0fttLJZM 4TDrgiUssql	27-423-854-3318	914337.7376
3966	Supplier#000003966	TZo,pamBUlr2	29-705-909-9615	914290.0165000001
1406	Supplier#000001406	xvfVP4UqVFTqXGjedP7U86UuOU1QzQla3Wj4O	18-819-576-1262	914200.2923999999
5329	Supplier#000005329	YW3bDjvPRLek4ic8WlGsqE	24-208-769-6460	914065.9952999998
4531	Supplier#000004531	rA16jlU8ajPt5BbTjk	15-805-355-4079	914041.7926
9657	Supplier#000009657	FotUbqfNjurHDJtawD02Cvgc	28-660-581-1006	913958.3278000001
6336	Supplier#000006336	gA9KavvjYz49J9T3BbP0VoLg7EKoj1n	11-518-414-3019	913940.0409
1097	Supplier#000001097	1FeaDqTTemSqxWvrsh58K3YCwiG	10-636-809-3781	913891.0874999998
4736	Supplier#000004736	G7VqSCrPkWThXkoKSTxzft	22-451-229-6907	913830.1954000002
2669	Supplier#000002669	GG1GW2tM6wvOW iIPblxxmXj2g	13-960-967-7081	913803.0787000001
8674	Supplier#000008674	jbo9baZXGbu5zo3WcKAzGvEebXDVNO	12-736-989-3394	913662.5853000002
7232	Supplier#000007232	PwnbvnPDbyz3bcuGjdGeIoAOP	26-319-373-3131	913646.7318000001
6429	Supplier#000006429	25JSp02FAStUL02dHWDmMMhjnoCyx7toe9U	28-981-964-2827	913580.4250999999
8548	Supplier#000008548	6hA0SVDEVUTaQcpeASuT7LemNhyWWGVMwf7BZ	10-688-859-2844	913560.0612
7110	Supplier#000007110	Xjim0GGIysuwBawGxl607wWZ,XaGWBRr261zYp	32-115-349-8168	913554.0262
1915	Supplier#000001915	Ul4Ue,6fzHwyNkpSJZzyQI0Kmmx, jZU	23-119-101-1772	913540.5502
2353	Supplier#000002353	tJfE2O3Jwt	15-175-686-8133	913442.6408999999
1539	Supplier#000001539	taspo8MUN0dFhw	22-641-865-1602	913146.6696000001
7865	Supplier#000007865	5cDGCS,T6N	13-316-336-4749	913059.9900999999
2209	Supplier#000002209	aFowPed G cs8MH DvvqHQhH49XC08DHwTr,Jzil	12-524-356-3168	912952.1876999998
698	Supplier#000000698	ciim3Adyrh1gqQlOsw0YYeF9gIfUM	21-373-751-4459	912899.4741999999
2648	Supplier#000002648	JW2itPAf0JuigZ125wC3mk	14-997-274-9526	912890.2214000003
990	Supplier#000000990	DeOjGX,4Ns1	12-647-684-5389	912879.3164
8797	Supplier#000008797	dyz8WERDG3fdz	32-474-915-2675	912754.9580000002
5732	Supplier#000005732	,0tVFQMFpshc2MoTOxRPY	21-894-657-6530	912520.9090999998
684	Supplier#000000684	nqw,GGxCoNZ3UOuIa0edX3SdoYKER	29-345-334-1955	912304.1046000001
5797	Supplier#000005797	,o,OebwRbSDmVl9gN9fpWPCiqB UogvlSR	13-825-413-2694	912166.6015999999
2703	Supplier#000002703	IiqJmsfyVQo	16-340-123-9930	912104.9927000002
2982	Supplier#000002982	PzCwmAnHPfqfwKmdwHWkAtWz8xFgkj9x9 In	11-661-855-9797	912051.3879000001
5438	Supplier#000005438	MFpEZNzGjFZN0kmhy7txpsPAA4OaKJ	26-355-861-2379	911924.3389
6662	Supplier#000006662	qgDqnB8G1iyhqBQpyMYU 3XrdVS7TzmzCrC1PM	21-797-491-9676	911916.1064999998
782	Supplier#000000782	z5xIc71Rb5CsrmE0kO11P	21-940-365-9213	911906.5144999998
826	Supplier#000000826	n,hapmxkVq19Yy9UQ8BVF00sQD	25-731-100-2823	911778.3377999999
7140	Supplier#000007140	SBE7HKcr,c0yG,zgMF0DfHDv7ezRR4dToKwvqcJ	11-951-404-8797	911761.9198000003
8210	Supplier#000008210	R1fbPmLFnNt5YsAV8wImEy1j7F	30-112-400-5670	911576.0722999998
7115	Supplier#000007115	FuocRvjqLIb9Lb4HEPfFUM	32-536-466-3613	911490.8547000001
1999	Supplier#000001999	iMJGJ97d7uZ6d4R7HueaELdtwiuv8oTO	31-410-167-3442	911421.6396000001
8917	Supplier#000008917	pIcGMSyzm70yjgPCi3UAV69fEm	15-688-918-6080	911298.2401
2897	Supplier#000002897	qRXRzPDLAOXiG71h6RV6Yxzk7UACZ	21-735-665-4680	911294.3524999999
4667	Supplier#000004667	Um06UA4W7osWGE8x4	18-810-393-1517	911272.4016
7372	Supplier#000007372	7BY7Lpkw0W0CaC11M5jkFw7fxcOdY86wUN3R	33-661-701-2273	911219.9443000001
3662	Supplier#000003662	iXT9k11t8M7fQWyEWhpeeB3PgK5Dsm6xRz	27-338-707-1126	911146.1744000003
3297	Supplier#000003297	hVHrxF7TJM26wjdVbchXI an6TGDpIGlnbC,	27-763-965-5848	911103.8295999998
9892	Supplier#000009892	ZPxApGOpmemWejte71QARSdS	16-326-561-7103	910962.8548000001
1028	Supplier#000001028	nOkvPq5WfeN87ASUIgQNKT2U0TUX 4WzZQ3f	21-570-218-8213	910943.3582000001
6291	Supplier#000006291	IOfsCKTfWFqjW8IaF d3pGTlx	16-409-523-5659	910929.2978
320	Supplier#000000320	v2FlHgKKiGiDwR7uoJNWF	31-984-744-5308	910769.8732000001
9316	Supplier#000009316	O681SFDLS8wX25Gi9r8VD6wgVCBGu3jc cJ4IoP	19-366-587-7535	910698.5780999999
108	Supplier#000000108	eL47lfhfMP7zRw	34-341-415-7878	910509.7580999997
4251	Supplier#000004251	bvEX6FcSNwAErYcRa2DoQmFhUdCeadDun	26-728-297-8399	910428.5745000001
6461	Supplier#000006461	yCnkZZac6nTbjBq6	10-338-418-5503	910372.1130999998
7571	Supplier#000007571	KaJ0IHl4soF4qSNmjVvPPuI7DITQT	27-285-338-2698	910180.7623999999
3245	Supplier#000003245	Dh8Ikg39onrbOL4DyTfGw8a9oKUX3d9Y	32-836-132-8872	909976.5038999999
71	Supplier#000000071	YFo8an7P6wi Q	11-743-919-7272	909966.4462000001
3492	Supplier#000003492	,dMQCQEegpPd9TPAT7X32ZmVxcZTA	20-472-137-1934	909888.7220999999
2226	Supplier#000002226	rkAwkWxiDTRY9qsBzcKokXjaiR60WhoL3ptD	23-592-231-1431	909874.2333
985	Supplier#000000985	kzI8mk3jN9F67EStJ 8dlpx 6GwZYwzXPFOKJ5R	11-131-656-2612	909859.8992999999
1040	Supplier#000001040	R0BOFsUB3j 8NrouhzaD5EYPFCP	18-799-389-4112	909825.5904
2999	Supplier#000002999	Gr5PrGGyZa8U	19-105-965-8570	909694.4238
8452	Supplier#000008452	lTrl0TcxcYo0Xyydy5X4Lan	12-686-389-2091	909590.6050000001
6671	Supplier#000006671	TP0Qu5qXGOvVx4p2j4BPxnvNTlcobjz,9Z	11-876-975-7891	909564.5543000001
8868	Supplier#000008868	Fmk O6m9t6Cb71g29R4kPeVA4wX3v,tR	34-506-324-8506	909523.1270999999
9434	Supplier#000009434	zBhG4DSvr0YB6eQ47vEa,YQDks	28-960-513-5579	909438.1947999999
2207	Supplier#000002207	7UFNOe4Wt,tSg2bILer,gTn18VZNAwVL KAv	27-214-879-1650	909371.7276999998
4457	Supplier#000004457	U0Fik4venKkMZsXCL	11-528-153-5161	909213.1466999998
3263	Supplier#000003263	K,WJzmirdWB5JT2uYVeYCb tpIvz8zdCpx	24-174-166-6188	909196.0981
2658	Supplier#000002658	zr3IT4NPv,7P4uZQje2cHoSWrQ0Od6LC	12-362-581-3985	909149.1708000001
7759	Supplier#000007759	QN KKYqvCRDNsHXjsLXX1TklSRX1t1i5dGJsmAT	15-656-197-6064	909113.065
1957	Supplier#000001957	Dyia9 2,aIklULv4QawxAGMW6	11-515-919-7083	908882.183
7207	Supplier#000007207	kIx1ELH,VfDe,I	33-667-355-7772	908838.4607999999
1012	Supplier#000001012	WSwwbhWWo7eU6xAdlrppKUro HEj7d7R UULrYVZ	12-916-437-1781	908830.3211
9462	Supplier#000009462	ocOJDB,O5q5	14-649-880-9503	908767.1795
9031	Supplier#000009031	FhUkpgtadZ5h7QNKpj7qCP7TOVk8enoPBH,1a46	15-429-301-9156	908717.2374
9379	Supplier#000009379	WXbsxhGF6Mwr5Mdt9S8ls3gaaC,	32-808-320-2496	908566.9291000001
2774	Supplier#000002774	Fcc4cLWbvwjRPRtyMtLD3DU	20-223-712-8809	908554.1715999999
9222	Supplier#000009222	v9IhjRciCeigCsJZ2 8sV	28-676-230-6030	908546.2381000002
5913	Supplier#000005913	1zXV2kudN5trfL48z	23-529-455-7751	908399.8617000001
2967	Supplier#000002967	lIgtycEJeN4N1WUZG1hX8v1irzyj4qx7kCwrCZj	28-248-238-8501	908363.799
7917	Supplier#000007917	,mWX0LQc80V9OzEk	22-255-581-2696	908346.3562
8834	Supplier#000008834	RLwqg,fShy8E341tKwog,6cZk8NXtnrXb5V	29-519-155-7628	908331.3032999999
5278	Supplier#000005278	EniIvKdYNIjcxEwhhzbSZM8rV	29-936-727-8831	908327.6546
7065	Supplier#000007065	JgQakP2RDDtNp8ZRpgHgSiM7mjgcyikga0hug	25-436-118-7920	908300.6670000001
4974	Supplier#000004974	u9v3n,dHDk8,8P9JuSzrZOwZCwIJqhXeIw	25-290-158-5290	908064.5394000001
5785	Supplier#000005785	X7hkrkiVsCycsepTxrevBNpv6TvMIwECB	24-663-783-1699	908058.0127
3152	Supplier#000003152	d9ZAEF3wyNHGtg2RISyMYuA	12-108-684-2764	907995.4986999999
8817	Supplier#000008817	Qw,zeAl2XdzYH9hWejZaSSKHJ2EQfEfqCfZz	26-613-991-8861	907980.4900000001
2718	Supplier#000002718	qAIEvc9S13WI9TtYqU,48gj0	23-700-162-8801	907907.5873
6367	Supplier#000006367	DmcL2rx5XYWM9eJvokF6h,CejdFjCAO5K	12-114-763-7346	907883.9735
8066	Supplier#000008066	OBZime2WRhTb29JcSUs6gV9vgiu	18-444-669-6796	907796.8667
5552	Supplier#000005552	RhZfPwwYGelewAVIxi	21-107-686-9785	907707.4344000001
119	Supplier#000000119	4CxBrM0o4yt6LYFxZIyZ89Xnf8LZNn6KcYc	28-558-264-1202	907627.6775
8296	Supplier#000008296	R5ks4rF6wCUyGQvM mZ9JddqlFjc4	10-810-470-9957	907602.0964999999
2063	Supplier#000002063	vwGXWA v5XyDZA6E,1zvqAJwDFuwEFOWh	12-108-888-3121	907510.1628
5253	Supplier#000005253	Y3BLwN4lrUHloWSY1APa5dyDQv3mJCNcFxWj	12-404-400-3299	907432.5595999999
3620	Supplier#000003620	H0WF1XyKJJ	24-273-204-9382	907404.7047999998
9217	Supplier#000009217	0eisHARnPSuqWzqbHw7hysJpbxQ2	30-822-179-5158	907322.0981999999
3155	Supplier#000003155	7PMPnR7F5AIZLTL8Uv6b3PexnNH4UncHa1dJ	15-598-914-5008	907276.3879
869	Supplier#000000869	xi6g0llBz3O1ECUHCk7p341ThVdavdqf6PM	23-269-725-9523	907165.5081999998
1303	Supplier#000001303	7Kij80Aft2L WAdyeH,zh9rSF1 tU0RYo2Nh	22-688-457-2776	907163.2644999999
4366	Supplier#000004366	tsMIjxAzjpKIfBuP9LDdofvY8qOVmbR4gHKtv	20-946-920-5427	907118.7491
9647	Supplier#000009647	b7w2eVKSZNma3ysmbeHMLt2,jYdhwfHFA9zlaF	30-635-807-4009	907051.8025999999
895	Supplier#000000895	Tm5QKYFUhtY	12-826-730-8247	906872.0408
6304	Supplier#000006304	vd9L5pgN2B,vIrAUyE9gA48Yl,RBiCICLq7mB8m4	10-891-954-8640	906779.1854
3559	Supplier#000003559	tc0tqE65uRsAielk4 NrBiAtWSK	11-331-124-2627	906774.1684000002
3404	Supplier#000003404	4kPSfI3,ab3NzQMuhE7D	11-874-231-3852	906743.1376999998
8070	Supplier#000008070	XpcN4NuGnpW9trpxil5UW9MpC	32-916-779-3048	906705.26
7254	Supplier#000007254	dNHRuDHLFJxlkqvgatiTXvJCR1K2 Vu	11-458-333-5500	906500.7019999999
1174	Supplier#000001174	TPHtSDcMBog8C1IQVBa2s	14-123-849-3557	906472.7157999998
3438	Supplier#000003438	Gw ag5qZU7GwJO9J92WJ0	21-839-918-4310	906435.4174000002
1169	Supplier#000001169	bYC92PkKrICY1EfgBm2wcNlX	27-259-701-4743	906429.9394000001
6228	Supplier#000006228	F2AkwjvpbXLJEil	21-114-548-5385	906355.7975999999
4208	Supplier#000004208	x3jZYF7ZYN 8a4LY1c1kEsh	21-468-998-1571	906248.6294
4876	Supplier#000004876	LiNuGSdnExX QfQxNRZhqm8BhmzLqPmbf4vRVFI	12-492-478-1774	906215.1214
1812	Supplier#000001812	GJEF5fzrP3oUYJYG5 0UTgd53Rx6uc	12-711-700-2101	906083.8008
2328	Supplier#000002328	DT vaCygfFQ,I0dpbhKS,Y38uVA9angbZsFzF	16-820-102-4881	906083.0411
7401	Supplier#000007401	0bGoBtTkMpgUOyDlAXEdx6I 26	28-719-774-9928	906045.5432000001
8998	Supplier#000008998	cTCn79ziEcQz66KkdD Gil,VvaDHdXli	27-988-387-1160	905968.1090999999
1554	Supplier#000001554	EbPwlxxpCsxoKvJduekha8s mOxumWg	22-764-566-1120	905913.2614
9874	Supplier#000009874	RdRSenOKZFnkp	21-169-160-7132	905873.0259999997
9702	Supplier#000009702	NGe7jpW9xfuW7RbiogsNa3ohqIEz29nPow	27-868-756-3613	905785.0501999999
1921	Supplier#000001921	pT5jR2mpIfa4CqqHdM82Vu,Oc2A9 EUZof	32-658-250-1634	905736.235
1339	Supplier#000001339	5c4jzbVZLzvxrok	34-581-968-4641	905682.5632000001
9965	Supplier#000009965	fV2VHGe8i,sU2KMw7SxUWjghGs0vi	19-509-772-1312	905604.5175999999
4217	Supplier#000004217	ydoKPl17,5vSEc0HCA	26-866-290-6557	905492.3638
453	Supplier#000000453	bpt98PxU5HSQt61bVB695JPjBmJKUv hNzQeHvC	31-882-179-6015	905449.5479999998
9744	Supplier#000009744	JwOGS,Zk gNI 2PE9LSfX7L	34-670-721-1147	905328.5537999999
6348	Supplier#000006348	f2KDn2rLnadX8I DZR	31-428-570-8960	905267.8813999998
4266	Supplier#000004266	gN,uZm1z0Z2MOH171deuGcrXzmOp	20-791-144-4523	905239.9043
4959	Supplier#000004959	GcAqEAZvu35CBvZFbukttW52	19-768-728-3181	905212.272
4232	Supplier#000004232	20Le8PqmvpoWnTSZaEjQR9,wUCRMD524VW	12-827-734-8007	905200.3863000001
4575	Supplier#000004575	ye i142yCN,cbqGaaZOB	25-627-847-2252	905083.7959
8621	Supplier#000008621	tmEg6ez5rYYDxek4e6 NTwmtAGri3,	11-797-806-5347	905057.7649999998
3703	Supplier#000003703	AQbAWvZy7yB16NGoQ9cLdhvF73RqUB2n	25-357-935-7420	904955.3862000001
3318	Supplier#000003318	bwDVcV,myUN7B5JJR4u,YDYc	27-986-768-6648	904948.1116999999
8138	Supplier#000008138	Fae9ymufCzbEDgm5NixFHfqbdg0apKo45i	19-981-528-7386	904566.488
3669	Supplier#000003669	yxO31BBDfe5vIKGwLWhZGsWzngdAgs8oSq6L	33-852-933-2119	904564.2926999999
8934	Supplier#000008934	x0EtN3W3X5qm3Fvw3Lls3XzZjeqFfinM7afPFM	27-501-548-3135	904552.2015000001
7262	Supplier#000007262	RwDXVgS6O8dmjfAJQDxlU	24-169-985-1533	904525.2539000001
4260	Supplier#000004260	2VLKh21kkmqrnkLoArkPnBMnxczfyF,Pux6bjDB	12-473-120-3120	904517.6035
2299	Supplier#000002299	8GBH1425wDXP	24-705-547-4556	904482.3915
5881	Supplier#000005881	nzSpOTf beWk3s,wdEIvhcnxbIokhBmpw0e	24-679-231-1719	904299.7536000002
1901	Supplier#000001901	kCKOBx1Xsu,TJm1TCPOT5hh0M,lpR	34-949-909-8639	904110.6643000001
6828	Supplier#000006828	JQdz6T9i7ahvrLZPBK2w8wTzLd	29-609-373-3716	904043.2158000001
756	Supplier#000000756	ySXGqbQpYbXLoaFMKqIdH5Pai	17-726-757-7711	904034.1062
281	Supplier#000000281	A2sesSQAAj6wvPPKL X4caRp,O	10-553-675-3578	904020.3603000003
1724	Supplier#000001724	U 4H6a,MAvCo,EVwrl4Et1D	30-408-880-1688	904001.4563
8501	Supplier#000008501	Wkegg0LmykRRl4aYHM7V8	11-167-579-7313	903926.2258
9833	Supplier#000009833	6ZxOK9QRt56jUE	23-840-522-2306	903843.2233
4878	Supplier#000004878	FXT54HZZIBYw,QQ2r VQylR	12-520-306-8674	903797.2283999999
7494	Supplier#000007494	vmCUgh60da0HG	30-946-217-5679	903763.2721999998
3916	Supplier#000003916	80e d7a,oyePPMfCAW AhGe	11-405-825-7031	903729.7775999999
7869	Supplier#000007869	fc,7Qytzz4MhuQkk2ayBEqyUjxF0YF	24-441-351-6208	903632.4933
4258	Supplier#000004258	oXKtTTKlpcYIbuiMgfnP0sWD2P2Ngas	33-173-309-5477	903442.0769000001
2620	Supplier#000002620	CLsgGeCwLHLyo4SXod9wVKcr	14-270-393-5410	903400.8971000001
5142	Supplier#000005142	7fUvp, GK6DzUsj,1Uea6pRycO9PUjkiQJO	34-335-112-8603	903332.9726999999
9593	Supplier#000009593	214GzPRCG1yeCKBVe	27-374-794-4187	903312.1955
8365	Supplier#000008365	X7Y78XFI4x	32-249-537-7838	903307.3944999999
1259	Supplier#000001259	32cJBGFFpGEkEjx1sF8JZAy0A72uXL5qU	21-427-422-4993	903255.7856
2002	Supplier#000002002	muqP1ywikGjms8t	32-880-712-2281	903231.3141999998
4093	Supplier#000004093	NqmTeIrh7Lyy,N5kn3cid	19-195-597-5704	903087.2038
4568	Supplier#000004568	BtrYY,xTReh,wSJe	33-744-982-9995	903075.3859000002
6970	Supplier#000006970	kjSuwyDKc9j8WLM5lYSBdtCaMcvz,	11-276-801-2193	902888.076
2446	Supplier#000002446	ZGcshZ3G74DgrYV3JF	20-465-546-1417	902887.7791999999
828	Supplier#000000828	0B2aPqJ6KTEr2fqxuC7z	31-911-715-8972	902815.2699000001
4419	Supplier#000004419	caf77jtTtYpzllNVqZe1	15-152-489-3407	902764.8001000001
9095	Supplier#000009095	oDzJLjn,eiHwYxuaZhwDB0	33-694-615-5432	902735.8034
1232	Supplier#000001232	pjlAf6tpYw4eDCwY	20-443-322-1450	902676.4168999998
1518	Supplier#000001518	ONda3YJiHKJOC	33-730-383-3892	902652.8720999998
9927	Supplier#000009927	LMkskBnhkqzG7t11PVb60XK1 DF	18-723-814-4702	902617.9543999999
9926	Supplier#000009926	iZRB7iQrJIbx2fY2aluTN3Y5Ah8	25-384-564-1345	902575.8168999999
2281	Supplier#000002281	u3YBtrMmGwdEbEp	14-474-797-8225	902571.8973999998
5440	Supplier#000005440	hJm0W8Dffq7XJgpv,CmUhog	21-818-160-7547	902528.0997000001
8129	Supplier#000008129	,CvEmgUUKFaIDcaJJDlXeC2W	14-890-181-8886	902527.5011
3973	Supplier#000003973	d18GiDsL6Wm2IsGXM,RZf1jCsgZAOjNYVThTRP4	16-722-866-1658	902403.5340000001
4128	Supplier#000004128	BnmCG2fbzFeFnrWSQdygRpSw9Q0wQlw	12-551-740-8419	902331.2049000001
6241	Supplier#000006241	gpFQ9E9bgG80ew bU,X8u3WJa0e	30-754-238-1118	902262.4332999999
1827	Supplier#000001827	Lfnit3,Cm10Epus8RsvOWh7	19-477-545-3938	902244.5623
9264	Supplier#000009264	d7GINn8JkTi0lu9O3UtW	21-835-998-8764	902213.8205
4897	Supplier#000004897	h,nzVUV Lvj9yKdb	17-738-542-1481	902185.3024
1221	Supplier#000001221	QXZgKZvn3lGVagCs,Py7guY9b2cfJ hEvmFE,a	28-332-756-9313	902147.1391
2168	Supplier#000002168	e7yPs4yiFCdjHDiStA9Xkb2eUiz	22-144-605-9504	902130.134
9939	Supplier#000009939	wFs,fIjp0vKa4	28-941-409-4935	902073.4802000001
7856	Supplier#000007856	HQF50pKPPgtI76wepLiCRT	22-865-714-4687	901992.0258999999
6706	Supplier#000006706	Ak4ga,ePu1QZ6C3qkrqjosaX0gxvqS9vkbe	13-412-723-3327	901877.7411000001
8373	Supplier#000008373	fKWgRbTLSos	23-453-151-3284	901794.1261000001
8440	Supplier#000008440	hLodfZoCv4q4axaQm7r925TDKn	18-495-197-2800	901759.8546000001
5375	Supplier#000005375	t1HqO 9KuAfjQKFfpbmSpwfaxZ52J8oGGCLN89	12-821-881-7903	901708.9783000002
5043	Supplier#000005043	159m5Zd0FUN7kv58w3tyhoD2	14-895-422-1473	901658.7148000002
6498	Supplier#000006498	QgR rA3XAEiTcZEv	16-802-671-1709	901579.1218
4566	Supplier#000004566	mAKi0qJOdVHuta0zJx3WUr4er,6QJbSrUXRFN0fN	16-328-958-2628	901566.8055999998
4970	Supplier#000004970	wytxC,bck4YitciVKox5	10-368-762-7098	901559.0201
3293	Supplier#000003293	filufiVzCBVot7vAwPRvCimnQ	10-984-560-5066	901456.2443000003
4290	Supplier#000004290	B9mCZlnMEegzxyWCQKoCZu Vjmh,2VUoxQB7I	31-372-730-8796	901405.4287999999
4866	Supplier#000004866	zxT7Ij4KcMeWgs7wAIwf2jhznXrpj	33-598-423-9515	901232.5945000001
5221	Supplier#000005221	,nGY52Cz98m8rB5jeDuIiR,k6FV5bP2gH	15-985-107-7643	901062.7223000001
9143	Supplier#000009143	PQbnctYsBsLZa,Qqnysw7HK4B5IC7D4bJbEllo	10-114-718-8156	901013.6263
2519	Supplier#000002519	SkmiSEA, OwoQRSOF	11-817-659-6741	900999.1543999999
2155	Supplier#000002155	caUd3klutQhu	21-880-146-1088	900930.4263999999
7283	Supplier#000007283	qSEuR1Ri4Hrk LrOLGh	28-567-310-8067	900759.3091000002
6399	Supplier#000006399	eC4XbrvjvcN1v	21-476-663-5034	900710.0656
5648	Supplier#000005648	1l5fUKGh0DriO	15-771-332-4497	900685.1641999999
7646	Supplier#000007646	hcI56 dJu4yGCUv DlzkPHd6cVtK	12-321-253-3386	900674.7298000001
1208	Supplier#000001208	bdkG0vZa7Kgsuj4iOavmPBvdjw26CXgnTyZu	16-739-665-8270	900511.8667999998
2163	Supplier#000002163	7,2jkkF7Ql	23-700-903-4782	900465.3167000001
8926	Supplier#000008926	wR2CPQNOtUVJDc3j1NsGrVMjjMHz	34-685-727-6892	900453.7006000001
7334	Supplier#000007334	NPXYWdJ8L9EDr20tw9CZQsEMqXlgXzI2JC Y	31-803-710-3346	900113.8178000001
5041	Supplier#000005041	mIu4vSDkshIwNK eeC	25-539-875-6090	900058.0111999998
3522	Supplier#000003522	ODcWij9FOSN	18-750-795-2411	899764.7019999999
2482	Supplier#000002482	VgZca,08Okt4SYYxnN80OkUy3Lt0X0TB2ue	28-698-684-4533	899707.4223
3487	Supplier#000003487	y3sR8ixv1gf	21-292-258-4757	899683.6181
9577	Supplier#000009577	u83dA14yM5SC8D	12-492-697-9085	899607.0080000001
6333	Supplier#000006333	FSfiGO8u55egm	20-326-566-4368	899582.1836999999
7800	Supplier#000007800	G7YB8hTAXI2go,2LXlUhG23OEnUKzs0WX	22-872-305-1125	899548.3025
8778	Supplier#000008778	NAhah5alhxI 6bed,eG5hSQH	28-704-955-1461	899438.1738999999
2292	Supplier#000002292	4UFDTmVJn0 xnwoWzI1sSdMz5kGFhP9	20-419-398-4304	899416.7726
9930	Supplier#000009930	2 NaW1Xh eU1 ypRgGz3	22-376-168-3177	899285.7299000003
2804	Supplier#000002804	H44ZbMgCvnMwy,JGY70L53iGLCRAg	26-504-934-9733	899231.9765999999
2859	Supplier#000002859	McqoKuNb8OA6LfFDJcxe x lLw	19-741-641-8464	899139.1181999999
2783	Supplier#000002783	rc rAYfUYEGG95YWvE	21-174-613-1836	899027.4662000001
5941	Supplier#000005941	gZ6ZVsh5pccB SexPBGz1cDvgaUENxPKtnYjW	27-339-679-1019	898911.5129999999
1067	Supplier#000001067	2VAvD0OEr0B2eYt108NStNUicBOJ5TXKJ6Ej3Hu	23-594-463-4398	898841.2464
1934	Supplier#000001934	qa227GUR5COkw	33-351-424-1808	898777.5763
3413	Supplier#000003413	TC36OF8sxW71zzaDCR0	27-431-356-5598	898739.4852999998
2133	Supplier#000002133	7jVZkJSH,kwQow 6	33-166-898-3786	898717.5124
9010	Supplier#000009010	Ft95sVR9Tbr	32-690-758-7248	898651.4728
4821	Supplier#000004821	2JiH5BnPCNJwvERzU6ia8DLhp	16-809-287-1131	898517.9051999999
2369	Supplier#000002369	oV0yc2bwtTMFLG	32-254-496-8786	898460.0276999997
9877	Supplier#000009877	vo5NU9Dwzf6LbdRAz290f39Z56xJ	12-133-847-2414	898452.1131999998
3887	Supplier#000003887	zufaFycuBCn,E3DV,X7	19-897-428-7137	898418.0164
2043	Supplier#000002043	mtL9onCBkFgpCD8	29-623-177-4329	898259.1246999999
6591	Supplier#000006591	ui4bWpVdjn	10-969-505-4306	898230.1579
7647	Supplier#000007647	QLqxLzecWn7SZ7Ub1Vcv7E6oRypl	29-696-857-6510	898205.9811999999
4886	Supplier#000004886	2H7d0mZUtQwFwz0	14-234-740-4050	897882.3175
7702	Supplier#000007702	mzgoSrhKy3rd	19-394-466-7780	897857.5535999996
6351	Supplier#000006351	Oa9MQNZKuXgQfaKdq	17-884-320-1089	897818.0018999999
1395	Supplier#000001395	,ost3cczaEuPkvhSitkUPr3pGraXk0xNg3WZ	18-631-127-1559	897789.5846999999
7431	Supplier#000007431	HPr3oyuG,ZblwN7GUr8Z5 6nT8qL	23-946-608-3412	897763.1784000001
9435	Supplier#000009435	qFOrLCJ2smwJsguigRCMb6Go	30-570-980-9428	897750.0120999999
9451	Supplier#000009451	cgBcBoa hRGgwKZD9V0Is0Q	27-895-943-7799	897697.1583000001
8388	Supplier#000008388	ftgPAroHdZOm12ZLz7	15-628-465-7589	897595.7227999999
838	Supplier#000000838	Zsa9XTlYna7SUIpK0RQAGYSVum	21-409-796-7661	897574.2202999998
9480	Supplier#000009480	7X9XBzr5m,035H0PKixS0H728TYKL g5	24-941-288-8716	897562.2572999999
6122	Supplier#000006122	ZNTXj7qdCq n2NJD	20-246-708-8603	897537.5592
7468	Supplier#000007468	E9dKc7,wBKDQtwEapLWicUwxs	28-262-785-5924	897476.8674999999
8845	Supplier#000008845	qA5PS4ZxBfRAIyfw GN okWf	17-626-359-3682	897444.6209999999
2066	Supplier#000002066	,XyIxY2VQ,ztru	12-958-782-2048	897388.6827000001
8266	Supplier#000008266	xiw0dcHqv,i2aqjcBp1VL9UD5x ITQo1	22-815-711-3857	897366.1806000001
6872	Supplier#000006872	XIDPiA7PLXCWK6SeEcld	13-858-328-4826	897338.8364
5345	Supplier#000005345	TFPYpO6 iV4HN7x6fgg59TEnK	26-628-127-6169	897258.8277000001
7990	Supplier#000007990	wyikYITvgrLywA9kT15pmXELS	19-382-228-4053	897245.381
1291	Supplier#000001291	fUt0REYwFPK2rR8wjESb dZ,1sBn	12-277-232-4134	897242.9868000001
4536	Supplier#000004536	YksS84J0LnT9,c1,cR	15-543-666-1460	897223.4951000001
1503	Supplier#000001503	bmkFWwm85BlTbkdPFOWKKs	34-300-112-6485	897187.3856999999
2395	Supplier#000002395	2hSfzXAmVqbw13isaB,nHEWZYo	21-976-541-1583	897078.467
7987	Supplier#000007987	NZXfuWO7nKQDj4xyO31N29	13-178-212-4133	896996.3694
6869	Supplier#000006869	w1jwpeDGzLSkemFO75cNt20l2Rb	22-997-249-8024	896899.2480999999
1473	Supplier#000001473	o9392JZgpmHc5V4iV2GLeFk9TrNqgoWZIF,ZO h	14-377-224-1276	896806.4679
2943	Supplier#000002943	WjiPe46HP4K7DC	23-357-202-6680	896793.9968999998
6535	Supplier#000006535	4pI9S,jeKmLLwnbZtusbZoe5za3X5Meluse Bixn	18-222-598-5337	896782.7219999998
1358	Supplier#000001358	MI,jpwfa1iSVDDJUtThNB7M3RuPZnnE	26-489-989-1065	896766.5689000002
3341	Supplier#000003341	3mAXsWA,NE7TXpeedK11mmRjKT5zA5,Uny	27-840-479-7868	896727.8267999998
5672	Supplier#000005672	LBqiISwQ8,L98tE0JS7wC0gUNAzdro	27-285-965-5704	896727.6411
1186	Supplier#000001186	Tm4Tcgzh0opEX0	11-965-958-9493	896652.1259999999
3727	Supplier#000003727	dIE91,KrCd2y	30-262-738-9329	896640.5436
1628	Supplier#000001628	GRsapf3mv7Vw	24-736-353-7342	896634.3986999999
4659	Supplier#000004659	YHCE9GncUg Xqvr37ltoqgFiZ3lTm	29-183-219-6641	896581.7561000001
1597	Supplier#000001597	WdfeZ1VeZcDLxXFTEA5YaGn	10-575-361-2743	896525.0139
1375	Supplier#000001375	Y3olicCNxG1jeNRqlx	28-156-731-1843	896475.3621999999
3599	Supplier#000003599	fhO2UADLAeTzH6uB10wL4,vBzTQBpj	26-980-403-2965	896400.5823
9532	Supplier#000009532	2BGSfbMcpCfd4Dam	27-477-596-8795	896396.5451
7258	Supplier#000007258	8uT WwVHEiucQh5PxrDdnSalPNtdoz	20-302-348-4764	896246.1601999998
2127	Supplier#000002127	bfBD88wohtla	18-992-731-7412	896229.7190999999
5007	Supplier#000005007	x5WnKISytOqIfLjMDpIyNvvC09	22-587-787-1054	896208.4904999998
2757	Supplier#000002757	CaERkgKvPpr4LVD7voAskre1t8mzOHd 47mHT	19-959-961-5223	896167.0451
3658	Supplier#000003658	hMMvNn8Z6SvV2B	25-674-521-2213	896166.7520000001
6942	Supplier#000006942	MSHsXiqBblQhXjp	12-666-478-1768	896138.4757000001
7870	Supplier#000007870	Yg9njBC12zKL3SDTjLXiqSKNgHDWSZxTUd	13-201-636-9672	896096.4171999999
8011	Supplier#000008011	HqvL3WplaOkS	33-542-262-8612	896086.5814999999
5372	Supplier#000005372	FRt4 jmWWg2SquEIXBvOMOeIMzGWbt	15-326-890-9087	896066.1172
1722	Supplier#000001722	h3CJRmiahabx	13-756-728-4652	895974.6973000001
8565	Supplier#000008565	fZrp4 nL0P3jU	17-671-732-8056	895934.8409000002
1488	Supplier#000001488	qBIS15OXCdIZ7fR64xTY1XSN4aM	33-581-958-4335	895783.6895
5990	Supplier#000005990	HuBcD,34d5MsLAEUphmVRTzPJn6yXHXqOuc lzhI	33-511-757-5149	895712.5791999999
1634	Supplier#000001634	4B4 Q2fCNjyWqt	20-955-177-6323	895663.1849999998
2833	Supplier#000002833	TaAJUhGazS	25-391-375-6124	895661.2035000001
2310	Supplier#000002310	E FGFgvWTLL3beRdu5V3mEVNaYvW61	23-736-684-2154	895651.5810999997
1830	Supplier#000001830	WkyC5TmwChZHlyt	22-710-425-7131	895594.149
1327	Supplier#000001327	muW6V1krHMhQ T9mkugDpE	17-564-249-1981	895546.0895000001
3087	Supplier#000003087	ANwe8QsZ4rgj1HSqVz991eWQ	13-939-850-7799	895541.5497
9463	Supplier#000009463	63XSrzifVZOvd5L8BmrDebOaCjj455pBzHQ7qRT	25-233-652-9638	895501.4175000001
7270	Supplier#000007270	TksERECGdYZRPUjkUdDRZv5pW26cOTaA1	31-292-136-6841	895468.9468
3140	Supplier#000003140	ZUyGRGQ rApQ7CHuglVlEsk 91w	31-146-104-9066	895447.5756000002
1260	Supplier#000001260	D9vpfn0l3JdOg1HD	19-431-553-8802	895395.5681
5598	Supplier#000005598	7dokuSwnwUdZQZy69vfAucaW5QvcNNcXUKrYD	12-473-143-3335	895347.2529
3638	Supplier#000003638	IuI1SJAneyEiKkGAy7fjq365CJICTFJvm5WErx	27-506-576-5802	895267.1506000003
3509	Supplier#000003509	bfcnS,,zeGNeSfYyz8M	34-326-804-4747	895191.7213999999
7388	Supplier#000007388	0pZLY87lg8dg	11-603-534-9813	895113.7587
3546	Supplier#000003546	luZmPW4eLY3qH02F	16-956-719-5117	895113.6387999998
5149	Supplier#000005149	qWunGeW,VzDslEqL,e,s8b4WxTw25uf94nYrUi1P	14-548-585-5934	894983.0017000001
3811	Supplier#000003811	XJ7JXy4QLODzT0sggg4H Io8hvAxhM	23-539-304-4494	894963.853
3215	Supplier#000003215	pQWi1BS,ujQ0vmMg0iF7bRYtLzvqsdkQ	12-165-251-2610	894758.2522000001
5956	Supplier#000005956	iFVGvHqPU5lu8PiOXgtTky	31-490-709-5774	894752.1691
1227	Supplier#000001227	cXdKu5KSQ1yaF,EiRLpcP	33-515-927-3294	894559.6294999999
286	Supplier#000000286	o80iAPvmwqM3WOA93pqBHT4Dsgy1rwG	20-459-893-8984	894455.9987
3687	Supplier#000003687	,vh2KiOz1ZWSKwbi	17-589-469-6235	894401.2473999999
3458	Supplier#000003458	AIawyKf4tIjmY5HsGCMgcAZFmeqkoL	25-645-475-6688	894388.2035000001
3828	Supplier#000003828	fiYZWClYfiCjNPsjrT6FGI7cQKtDY14vkdweiDZ9	19-603-288-3421	894387.1266999999
557	Supplier#000000557	jj0wUYh9K3fG5Jhdhrkuy ,4	13-704-788-7706	894337.7080999998
4547	Supplier#000004547	,eGSwy2GVX6A	28-885-221-4058	894243.9345999999
9775	Supplier#000009775	30kUV46mOw91fKbZOLgxrss2UT E	28-925-275-7718	894198.9137
758	Supplier#000000758	Dko8jlTeGYKaDg s0o a9	27-130-847-7866	893993.7415999998
6174	Supplier#000006174	ZzeGcc24YGULnJL6BA	25-788-377-6501	893824.8230000001
8454	Supplier#000008454	eMlEBxvKjN2SXsu6BkN4bTtZVq6aoFcBl4JeMs3	32-658-462-8813	893799.0290999998
5496	Supplier#000005496	ZBA2jz7rycLep,	21-547-660-9780	893778.2736000001
4963	Supplier#000004963	F5naCEAdQhhjm3IwJsla7 OF6mMbbjtH90	24-756-311-4817	893673.273
2955	Supplier#000002955	0QYFiINAihBC 2E4	29-411-552-9157	893428.0052
5673	Supplier#000005673	2DaN5NIk4Ugn2suV	26-539-840-3727	893402.4805000001
7914	Supplier#000007914	0vDzSHC sJwHKkhLCdUu2	14-669-382-9669	893328.6205999999
2753	Supplier#000002753	Q6D89sklsThNCyo7VY	23-732-338-4999	893058.0650999998
3262	Supplier#000003262	qsGKC6ZKUpd8o c7xeX tVl84RqC	30-578-993-5633	893001.0607999999
4699	Supplier#000004699	kJWvyn6XXK6xEaHZ5Msw4slwyDuUtplboxV	29-893-559-5094	892962.2742
4077	Supplier#000004077	q15WSZZMzWG2	28-174-389-5502	892960.207
7788	Supplier#000007788	Edo,P6LzKKkmFlNSZ6 mx8 A Am	32-700-969-1048	892950.7611
406	Supplier#000000406	zMhU58CDF4aHTeodxg9IgRZgq	31-926-216-4352	892929.6591
9038	Supplier#000009038	Ij8T0D9Fdkga2TeG7e,s5yYkuG6YF	29-665-277-1087	892878.091
2891	Supplier#000002891	w9uvS3xgBETHlWYAuU,E7mafb1sNAVx,qwp9 s	30-211-619-5853	892819.4383000002
7104	Supplier#000007104	w63Qzq0t10	27-114-456-1570	892795.1627000002
7611	Supplier#000007611	YPNYx 1KJF0B0,mSQUPXIPH1EjB3yYe,	29-260-804-8693	892730.1357999998
214	Supplier#000000214	B3uLKyb, xkfHbTSUBe6HwwaBPdCvhiOqO4y	24-114-624-8961	892547.1153000001
5144	Supplier#000005144	8p56d9o5NToh4y	19-616-280-8575	892510.1184999999
9077	Supplier#000009077	TSKc 6qUKfGVMcGf	34-178-864-4858	892397.0088
3064	Supplier#000003064	ilyfT4q21TMX7vowjzwl2uinnz	32-591-459-2474	892395.3873000001
9310	Supplier#000009310	mgxAqmM70OLIJT ltIOIb	32-954-202-4231	892343.4354
849	Supplier#000000849	uy a2rQl1Bag,cFo5GRTZigHtqh Gguuj2xtlz	11-608-566-4693	892278.9569
2937	Supplier#000002937	U0aanY JbHezCPWFAfZR5BEKjhgdk6JBB  uZ	17-997-911-6062	892184.6081000002
3166	Supplier#000003166	xdb6MfO7FcPZtB9	20-417-589-8306	892140.4276
6760	Supplier#000006760	UGCtNGBPw0Fwj	28-180-247-9445	892133.5171
1845	Supplier#000001845	Qxx8BfLUs8c1D2umIcr	16-457-798-7038	892109.0116
4556	Supplier#000004556	8P9TFgNkp0Y1kxVXJcj2,fTP,KAGvnz	29-157-838-9149	891866.6026999997
9509	Supplier#000009509	D6z9W8Aux84BAAf81IOn86,Na	31-755-704-8601	891769.7621999998
7607	Supplier#000007607	7bILPe40CyXTg2LxLlxylFP	10-814-344-9836	891737.5817999999
6326	Supplier#000006326	LHy0dm5io93xQP7BCS	30-187-796-8720	891732.5063000001
9488	Supplier#000009488	Sh0ia0he7Z9jiOqTgtaiN0Sa	22-813-963-1426	891690.4453
9444	Supplier#000009444	K7CLkDGsMENC3	27-680-497-6795	891647.1841000001
8617	Supplier#000008617	PQqLpfsDoVloc qIy5Kmu,ooCuE0bR8M9n5AO16	34-223-417-5965	891623.1222000001
5699	Supplier#000005699	a1VSYsx3A w4,	23-451-776-3365	891518.2970999999
9075	Supplier#000009075	JDXUmrLAybQmdEDp8ANtLjWPdl	10-626-369-1805	891482.2111999998
2492	Supplier#000002492	lIrbzGFrpfwuxLv3wdC,3Oq	16-435-517-6389	891406.2917999999
20	Supplier#000000020	iybAE,RmTymrZVYaFZva2SH,j	13-715-945-6730	891388.4789999999
1602	Supplier#000001602	uKNWIeafaM644	13-598-526-1114	891355.2441
6043	Supplier#000006043	KtgDpDfIWq22vBQB2cv	12-838-305-3827	891335.6731
7530	Supplier#000007530	ZkAmi98  D80jbq,z2GcN8	21-911-231-5040	891323.6201999999
7205	Supplier#000007205	OUp5iAull9qmfW1c31XGarGSt5pCH	14-170-569-1698	891266.9833000001
2244	Supplier#000002244	oQI S3tp0bPensl5vKob7J8ueFa34c3Mxr	25-613-324-4089	891226.7644999998
9656	Supplier#000009656	vKPPjhrw6lnQmIvuAj70e	19-362-745-1503	891214.4168000001
3907	Supplier#000003907	cN6jbd1 q6v3PDE	29-335-916-5312	891167.9077999999
6563	Supplier#000006563	mIpIpSthVxvlQ0emprRXEmqkUirKkvXg N,QT	26-698-773-1700	891139.3341
269	Supplier#000000269	LxOgEClzbXDEYHYG2ZMFoWHrD,C	12-988-623-6829	891111.3726
2104	Supplier#000002104	4Ebf2rn8VwG	26-273-834-7525	891099.0142000002
3165	Supplier#000003165	9yUOZLzN9KpH7XOcYn8MPW4beuJQXZQ2X0rrw9oj	16-489-897-9202	891062.1709
400	Supplier#000000400	QACx8vfYzPsZHCet2Yjst4e2XzjOXF	31-514-285-7013	891055.6580999999
2141	Supplier#000002141	Bi0LDu9ismJcMx	23-109-935-2681	891015.4981999999
1641	Supplier#000001641	gzc7jnvUL6Bro9j9XPJ4UArgAT VYYFBCxe6V	27-855-991-9814	891012.7477000001
4351	Supplier#000004351	OrsC4YL3siq2Ew6B0OTAB5wrBq6q70vf4npk3W	10-677-444-3939	890995.7818
8948	Supplier#000008948	wdFaYH8,iV8f22gboep6eSEeae	14-719-754-7660	890877.2973999998
9206	Supplier#000009206	2VR3kN5Z71b9s2kxdGHcSGD7Dy7ldIT7F	24-288-618-1976	890811.6716
6619	Supplier#000006619	3iqawedRWdxI5ovcNN3Kh7nd	19-138-384-2442	890805.1086
779	Supplier#000000779	iAtd5nxCjii	27-104-960-9666	890804.0108999999
9061	Supplier#000009061	DXyzBcTtJ0diaDFN K oiNw9ph5O0hZiF	16-875-881-3134	890723.1430999999
9948	Supplier#000009948	w1PNn1DPWwTuSTYO,cNw3	11-573-223-6885	890700.6992000001
4818	Supplier#000004818	pq 8W7GgiPQEHo4qMvREULChRuKqxSP9GQm2ox	14-584-467-9693	890660.5987
5857	Supplier#000005857	OzpOLV67Y9uV lftTPgGQpiKfjaW9bSj9fr65Y	34-480-939-4166	890596.5356000002
3286	Supplier#000003286	9buhio7XaFz,MLuRTzosywx	24-567-682-2692	890558.3930000002
7601	Supplier#000007601	RTiDfo6aTuo1d IwsxnZak3gjjNwms9fQWr	30-600-354-6597	890469.7912999998
6796	Supplier#000006796	LP,d1tDOO29q2XNpjssPfKAcpfUjaUP0	19-568-927-8554	890453.4704000001
8539	Supplier#000008539	mtOsFdgudNlBJ3L6Pi2zfoIqK8ER2fsfDrRsJI h	29-492-791-9837	890451.4745999998
2613	Supplier#000002613	pwXlcYnq4nd07F	25-972-254-3158	890439.5602
7355	Supplier#000007355	bH1s5 4Q,2Oc,98dKQOR5HZ	28-392-158-7069	890432.4664999999
6432	Supplier#000006432	HEGX9DKcGuIEGvyUGj0JQ	21-743-129-5051	890429.6599999999
4522	Supplier#000004522	xXtCKwsZDArxIBGDfzX2PgobGZsBg	13-691-847-9748	890411.7012999998
9803	Supplier#000009803	GKARmvI6Npvph0Qm5WoqY3Q373gtzZT0xmh8fES	12-960-282-3252	890274.7701999999
4735	Supplier#000004735	Jjjlw4ku1VcqB,o,M	18-889-669-5620	890192.1305999999
6284	Supplier#000006284	gK3spm0FpnPVXAiygSwHLDl	24-552-425-2693	890188.9613000001
7051	Supplier#000007051	i3DDzvJNI1P	22-921-202-4919	889913.4459
2204	Supplier#000002204	uYmlr46C06udCqanj0KiRsoTQakZsEyssL	13-529-779-6608	889898.0022999997
3301	Supplier#000003301	avceT9G9MnYQuzH,VCT	14-412-668-5330	889884.0062999999
5597	Supplier#000005597	KKWKwyvONbDJrLaRpI1Q6qrVje3wOkCQEAw	11-119-455-3973	889863.2968
9724	Supplier#000009724	ICG8T,65SKiEHuEM7cuXDdb1s UACT	10-375-108-2181	889861.5256000002
445	Supplier#000000445	WqzJKhnLnF05It4 5TDkGkUwVYszIko	30-686-270-2150	889765.0060999998
5011	Supplier#000005011	Ma4xYu1AdRVlyQCuYzdsS7yuIxmYiILdzId	11-737-696-2345	889763.2191
1055	Supplier#000001055	euFgXSBA1XoI,V48YwL	25-369-552-4996	889660.7372
4637	Supplier#000004637	CLqkPPUi,tCY8YoGXEXv9WTGM8rNMXZ7KLRykj	10-250-119-3609	889566.1491
185	Supplier#000000185	F4C0AWRPk3	27-586-282-7422	889404.9323000001
5545	Supplier#000005545	a9vTkE8sVY	10-406-267-1449	889392.2909000003
4666	Supplier#000004666	WYWOwZg19CNmeGM6707e0	28-816-809-6362	889347.7021
6999	Supplier#000006999	B5AxXKOtimMyUhbI5nu9 Xo14Um6Z	30-784-764-5379	889065.9912
4968	Supplier#000004968	lAr865SA3gHvxbvvo	16-140-143-3739	888997.7880999999
7171	Supplier#000007171	DXerxFIhNRpqF9dWNRw hDOlLX gEJFxh0	31-311-575-9302	888967.5856
4200	Supplier#000004200	tCZuhXdCdu	17-277-324-6951	888964.1066999998
8124	Supplier#000008124	d hPR6,ULpVJ bVqQprQ	18-610-876-7103	888864.0876
3650	Supplier#000003650	WM38VVLFoqc2g648vFs5tNfpF3J71ccG	15-534-720-9698	888755.3818000001
5964	Supplier#000005964	lo8SzMQEUybrAqiU4,p	34-686-209-9654	888745.9456999999
2568	Supplier#000002568	SDcPOeCWygcHRk5E7aBCDFpGlgk5xT6	18-578-440-4077	888722.3999
7758	Supplier#000007758	Tp78 E4pgf,6gDpGWoupbatAWm2oc	17-640-600-3116	888717.4623000001
3895	Supplier#000003895	VtxUIe5P3tzk3ykaq7mVdEzO5fqllBcxpEHkG	34-712-627-7168	888691.4753
9698	Supplier#000009698	vAXg7cTjmOnY7Z	28-314-282-5827	888674.2738000001
6685	Supplier#000006685	E4KuBERFrh9BKiU	10-131-953-5444	888653.0168
2424	Supplier#000002424	XlAu,cWxwTYXYHBZ,e1GL70ahRFKAp7Xq97Dtt1W	14-653-437-1244	888584.5094999999
5273	Supplier#000005273	jGX4x9bdqqor	21-345-660-7816	888543.7864000001
6623	Supplier#000006623	TPCL9zGFF,mLfJt6rvGrRR09VBf0	20-315-283-3886	888473.6243000001
6236	Supplier#000006236	ceR7WkC7L9U5zvWwNvTp0	25-140-722-6454	888450.1562
5445	Supplier#000005445	1mlE0Eu6 BwElxidQ3XLJ66iHBMd14OOm	19-641-543-4373	888414.6223999998
8358	Supplier#000008358	CmnoVXcLske7k	29-983-473-3523	888399.399
9395	Supplier#000009395	DAT9T,nuGGqPEQ	26-812-893-7269	888333.3757000001
7988	Supplier#000007988	J83phr8A69yR21vLjWjbaRYWteRnJJOKsTj	20-855-585-8262	888276.0346000001
6221	Supplier#000006221	OH0ZgB NEcPdBvN,RPH7UBhIc	19-117-358-8828	887989.3896
77	Supplier#000000077	wVtcr0uH3CyrSiWMLsqnB09Syo,UuZxPMeBghlY	17-281-345-4863	887935.7273999997
9148	Supplier#000009148	5m5950, qkiXoBfGSXvF6h,EH,mxA6j1nr	11-849-244-8989	887924.0114000001
7822	Supplier#000007822	2Hm6mYC1LuZ	20-647-729-8545	887916.3898999998
2399	Supplier#000002399	SrJEPXIjxUZm21	25-717-506-8761	887727.7241999999
5624	Supplier#000005624	g3iLj,3ikH	11-833-440-6623	887725.0550000002
834	Supplier#000000834	fwX0Z5,PgFaauaEXlVQX6UmHM0RDKS4EXe,Tn3nJ	19-419-490-3356	887683.9153000002
1333	Supplier#000001333	gKunwze79R7QX8j	17-962-950-1375	887676.0319
3459	Supplier#000003459	nt3w6L9fHbXL7,dYQ2gWssBqN	34-455-818-9309	887592.0826
2151	Supplier#000002151	pwgaF8lCPGvZr4638PeSz	21-107-968-9595	887515.4951000001
4229	Supplier#000004229	Nt,JGB8zs1QNzeLEoRp,uNZot,pPgbU,fNIoHi7	14-171-536-4910	887350.1406999998
9397	Supplier#000009397	V4vl6KxYjPGAA2BE65tMariCbkL	14-789-559-9865	887252.9566999999
7135	Supplier#000007135	ls DoKV7V5ulfQy9V	13-367-994-6705	887219.1974999998
978	Supplier#000000978	XzhDlm7Mr3RyWZL7PV6ush	26-135-110-8202	887165.6910999999
8625	Supplier#000008625	Nvi5vjlqXyFKg	20-223-114-1661	887122.295
8334	Supplier#000008334	0DfcA0xgrNaG9ekiQyegZCk	32-322-805-8991	887104.4269000002
3890	Supplier#000003890	ypnljNgJOfCnSUndIlWsZ	24-737-836-4540	886910.2266999999
8536	Supplier#000008536	78WMZMzeuD	11-262-452-2654	886857.0539999998
9746	Supplier#000009746	bnw7Yv0z3ZV8ku	25-701-923-3340	886758.5114
1253	Supplier#000001253	SvNEki89cFf2tMquxN,LdGLH,1vvy3h06	10-918-255-4434	886658.7921999999
1	Supplier#000000001	N kD4on9OM Ipw3,gf0JBoQDd7tgrzrddZ	27-918-335-1736	886654.7473
7711	Supplier#000007711	ywvKl2FmWFH4QV8Pdw7hxN9t9V4IQ65Bxg1lFkB	18-432-745-4227	886629.4850999999
7508	Supplier#000007508	YnSNa1CMGO	25-545-852-1929	886591.7318000001
9195	Supplier#000009195	sWocDf5wBdsWVNUmEehGAy8tUQhJIh2j8kZMJ	29-492-828-2973	886586.4554000002
5724	Supplier#000005724	G4EV9Y56T6Gt18QVL	24-125-255-7661	886584.7594000001
7474	Supplier#000007474	3DmFgq7Gryc	29-953-127-5706	886476.8152
7221	Supplier#000007221	kS94WMnqV,	12-213-618-9500	886427.5550999999
3020	Supplier#000003020	wAwQ5b,l0CsJ,dbv	29-163-423-9151	886360.1773000002
8247	Supplier#000008247	BzpxpWYeZheKz	12-903-951-6466	886241.1097999999
9816	Supplier#000009816	OnrqELz5arn3HUQkTAv0B6zkDAPneH,S	29-661-606-7455	886230.1957999999
404	Supplier#000000404	RQwxP4tpScystYCqOJ,XpCWr4Kox4	17-943-161-3434	886077.5534
132	Supplier#000000132	sU92Jd3aQSbV	15-776-909-1326	886054.6377
4169	Supplier#000004169	,YM5rGvb5bEDDdY	30-542-513-7503	886022.9004999999
4663	Supplier#000004663	xCapkFMdOs51DBdFwMmqoDQzi7mVo	25-122-559-3456	885947.7938
9995	Supplier#000009995	Jooxc8G,ai win5mixYBKolLAODh0T	19-685-242-4442	885812.5667000001
112	Supplier#000000112	vdWe5lfgvisRCxdd85DTOZHqAzcuq7f7KKThA	22-617-876-1402	885747.9082
4580	Supplier#000004580	uxQUct BmDbbJF7QZO3 ,mS7AY	10-765-827-9785	885697.6946
9934	Supplier#000009934	1Uc6NNlezVjNUaTe85dSc,JYb YhZ0ESW	17-163-337-5853	885594.858
3537	Supplier#000003537	upAlzbn0gUSW4fq3r2pIn7abaiSedT,7nVqkA	29-525-534-3904	885437.6451000001
162	Supplier#000000162	hf2fnryOkI9VjFN8R8i5rRWguXzdlMu3o	19-905-888-6020	885295.2920000001
8755	Supplier#000008755	ep9O7fTWC8yUFtKOIEHotrTZQQ4Kkkptpmhy	21-902-419-3429	885269.9745
3597	Supplier#000003597	4S5g1qSVNDXpE0kk1pU	14-866-468-7679	885234.668
5714	Supplier#000005714	DZKWwEVAPFzU9hp 3 ZCFMyJ	29-467-443-6477	885217.5706999999
6700	Supplier#000006700	BWjerJH5kbEPu 8h9	31-280-796-8202	885189.6739999999
6713	Supplier#000006713	JjmCvBijjmCzRJBXy0Up5EjZ9eM6o9bw	17-366-234-7745	885188.404
1559	Supplier#000001559	cTgcN,Vi N	17-553-423-6440	885181.5880000001
5341	Supplier#000005341	wdlEEEwb1AESCQoms1UEL SEY9Mh1Z8G	11-322-276-9107	885122.3561
8586	Supplier#000008586	DEFRVxUmVEOrpjsR hXEFOxGjG	22-832-217-9564	885121.9933
6053	Supplier#000006053	yT8f1YCOAJuw0o	12-374-539-8688	885111.7154000002
2222	Supplier#000002222	vNEn6nM4vI	24-452-943-1627	884997.0111
3010	Supplier#000003010	vOeYAusMVN9HDeDJZuvr9nC0E1a	11-900-702-4200	884973.4227
3208	Supplier#000003208	tgLoFm3LDaDlVyjbw36QmiQ19lrwg02ABOJE	18-530-199-2138	884893.8347000001
7743	Supplier#000007743	u1cZhSek7yVc7iKLIbxYSfpb	25-918-418-1752	884701.5949999999
153	Supplier#000000153	qkCHAU1v9CtEBOGXhdFXJsx5L5gViVm5k,	19-346-843-5260	884543.4284
5342	Supplier#000005342	0S0xlR9FDgKyYlA	11-646-881-6213	884523.9877
813	Supplier#000000813	6EfZUjqLY8G28PhtbPGfz9FjWIXLx	32-887-679-3561	884519.7537
2747	Supplier#000002747	Tg3 99K0lqdnqP3tr	18-107-661-2022	884406.0539
7827	Supplier#000007827	xVuJR6toTDWvYtJ,q91ZlidhvF57T	22-847-639-9409	884405.9987
8550	Supplier#000008550	yooUNyFfNV2XEKwOI	11-816-674-5599	884319.3969999998
5390	Supplier#000005390	OUz8UHJscSLiDcBk6jEZrGum	30-215-904-9953	884248.7606
5141	Supplier#000005141	IkbWxJSDqWE70	23-774-675-2750	884194.3045
3728	Supplier#000003728	l2Q01AnPC0yOpEoHhDSwERUMLMEWf182j	28-365-225-2206	884185.0143
8710	Supplier#000008710	zA012bb21nlu0yg7ToFigpQF	29-453-928-9502	884130.4045000002
1875	Supplier#000001875	Tle 4UCeN4gL	22-550-981-2256	884121.0700000002
3270	Supplier#000003270	7j4n5FnNEHVJxFhiyz	20-450-599-9591	884027.4506999999
1351	Supplier#000001351	zXdoBMmmRx1wOD7GKoHHBtemXGuYKLDb,U2KP	31-971-224-5549	884014.1203
1682	Supplier#000001682	pXTkGxrTQVyH1Rr	13-856-656-2476	883864.392
3469	Supplier#000003469	Paa wUpqFS	13-316-406-9378	883775.4682999998
9450	Supplier#000009450	0d zNrvhTpg	20-729-897-5564	883631.7341000001
7857	Supplier#000007857	rZBpZTtgaSH7	24-950-862-7706	883598.8356000001
4458	Supplier#000004458	qX7nx,g7C,BfY TXP9fM,mFt2RTQuWmww	16-139-758-9332	883428.0093
5058	Supplier#000005058	LodnUlksXYBiuLbGaxyBZITONKpKOnUKb	27-397-133-8257	883392.1148000002
7660	Supplier#000007660	q0w4EwU7MseVbhDR1A	22-819-312-9279	883335.6849000002
3327	Supplier#000003327	rSmUgQNNz6a3ZK	12-823-554-6874	883307.0996000001
121	Supplier#000000121	CWGri,tKI 7gDcDsI	16-275-849-2485	883187.1282999999
5816	Supplier#000005816	HEDkA6Gq,dMaCQ8plT0Sw2S98XJKklIOb3	25-945-284-2532	883140.9554
2023	Supplier#000002023	qofT29jef,Wu4PR75k5 0T8sKKyCu6	15-826-899-7652	883075.8763
7121	Supplier#000007121	TWJo7,VGdLIic9qMp2WzYlUO peOnTBS7dN Xld	16-881-623-7753	883019.5548999999
10	Supplier#000000010	Saygah3gYWMp72i PY	34-852-489-8585	883017.7710999999
5912	Supplier#000005912	lIIdxmznuo	14-122-400-7610	882994.7767999999
7722	Supplier#000007722	6YZe90,pRYjhIxqq4mS9vlr4Am5 BInGPdF	20-165-286-1721	882937.4029999999
4432	Supplier#000004432	IGGsVKCvj25EUkdNPe	21-706-977-4611	882875.7079
7269	Supplier#000007269	ZwhJSwABUoiB04,3	16-267-277-4365	882807.4190999999
3786	Supplier#000003786	71J09axxPr W6eZ	10-721-299-8611	882716.1788999998
2880	Supplier#000002880	rq8DvKyfUz,FEwdPulv	11-518-907-4132	882649.1462000001
113	Supplier#000000113	5 YOpqbaHs7dR gG4EmXrI7XtA7DcnRMsWPU1z2D	21-211-117-1937	882572.3128999999
8217	Supplier#000008217	,XXvKzyN,KdMbMo9Uy9sEt8Fethskq	15-856-254-3708	882519.3745
2507	Supplier#000002507	6E0NMc6A64sZUSrEtTp	20-205-336-3196	882435.1441
9176	Supplier#000009176	duvdRRjP3hCE5u1v0Lt	14-362-553-8088	882416.8647
4299	Supplier#000004299	Zts8TmM,GMLCPSoGqKrG1D412tvBACj3bv38OafK	21-259-114-8940	882386.4097999999
9529	Supplier#000009529	e44R8o7JAIS9iMcr	32-565-297-8775	882349.9049000001
2969	Supplier#000002969	fP16EawW6J6VROtePeotd	33-548-309-7067	882316.9954999998
1363	Supplier#000001363	gn CXPzlZVpy	10-409-763-8909	882203.0571000001
6325	Supplier#000006325	VEAbBo9vdI5nmJLJ26NrsLLg003XOMBkQtZJ0Mtc	21-665-388-7326	882146.6749999999
9823	Supplier#000009823	DrAMnSiTsupxt3NlcEYFmLxcyZwrP7e3GApK2p	23-771-449-9542	882046.1560999999
5641	Supplier#000005641	9Ow1wAWicIZar,S3crTLP8TGMlNhzUh	15-999-988-8566	882037.2130000001
9690	Supplier#000009690	CB BnUTlmi5zdeEl7R7	33-121-267-9529	881962.1154999998
1416	Supplier#000001416	PYA5L32bQcST4 vGIH,VEEbSIuAxk	23-420-251-7666	881954.6007000002
398	Supplier#000000398	WTV,rO0S1KZFKlhLsUpAH	20-536-426-8920	881878.4972
407	Supplier#000000407	WliGC47Vto2nh7mj	21-112-803-6707	881841.0082999999
5895	Supplier#000005895	03OgeZendt7MogwRw5oKwvMfuh76e0dWpCQDY9	28-778-306-3099	881737.8343999999
421	Supplier#000000421	tXZPR dOYjjbGjarXxKPn,1	18-360-757-8604	881700.2570999999
4360	Supplier#000004360	w 7kM5J,fqjiqBu4SU0UPEDqspaUEm	31-529-726-8170	881642.8507
6798	Supplier#000006798	1qkM6d7VA1UBS,9Yj4 zyVgDkLtUMpymLEZZS	26-322-315-1118	881497.2035999999
5711	Supplier#000005711	75R9OWmSouInxMjpckNMNo,kkAl1i	24-138-157-1385	881494.0186
3415	Supplier#000003415	raBmriIU,aXxubjkPuZFL1UeZDwVxT4pdcia	27-687-629-3383	881485.9277
7350	Supplier#000007350	Sn4p2QFhb5k82dkmyjFFlgtLbDf	24-688-354-2976	881471.6529999998
3235	Supplier#000003235	j,YQNiTREV1PQa6GTFU8SK4IwkkOUsc8qj	27-106-868-3294	881286.2309
2707	Supplier#000002707	xMXO5KpIsdXt,mJ5	30-127-723-4248	881053.1529
2992	Supplier#000002992	3KA5HGgzTK9GJOG4v2BtScFmL8sk e	33-297-879-8463	881016.9246000001
8431	Supplier#000008431	V5udjaztpR60UuoBm6boa0kMaBhMWrS4	32-515-509-9935	881016.0041000003
9512	Supplier#000009512	DiSWvB4WPxhpN4hOr5e0WC2Q	24-168-367-6579	880961.4262
7130	Supplier#000007130	MC0t1fM6eEqGFjS1CH	34-695-712-1177	880959.7366000001
2069	Supplier#000002069	PAVLHfjvFxC6M1tJwW5WG2bfi19Cs	31-674-833-1391	880943.1224000001
6998	Supplier#000006998	r2i3HfkSQh9dvho, NpoabdMsPBG	31-950-540-3460	880938.3489000002
232	Supplier#000000232	90YJjotHlfwyieaTfuBJ8kohU5Oc83bESout,p	17-478-427-3811	880882.9728999999
6801	Supplier#000006801	XVh,3tCaWuxEWw31t	25-698-334-6000	880870.7546000001
4808	Supplier#000004808	Y4dpiCheUoz8MjrLgTb cPQzGphr9hPoLo2i12	24-647-745-8200	880586.4086000001
6935	Supplier#000006935	gjSB5Ymu4x	20-529-389-8747	880423.1322999999
7613	Supplier#000007613	FQPIblYPeKqOkQuwE4F5PqHFGGwNRoVGwasy,Bdc	34-305-830-8861	880417.249
9590	Supplier#000009590	yV1diMoLMrzxRpCTW	25-127-666-3481	880371.5958
2363	Supplier#000002363	Ei9HRUUYW2uFGY	28-513-439-4183	880362.0051
7940	Supplier#000007940	t15LYMuZRsuaZhEoqHrJiI,GFgBbC750Dm2ivDy3	19-609-664-5458	880297.0928
3725	Supplier#000003725	Mjn3EvR4uNQ	22-909-405-1726	880288.3817999999
8433	Supplier#000008433	xSo5D3aq5vkm3o5CyknKEdc	16-736-465-1902	880256.4495
5462	Supplier#000005462	l1pDn,uF2LneHyb6bGb3UnH	16-803-926-9943	880252.7459
9937	Supplier#000009937	edZ9HQJ0KJAU6EWknTiDghKfRLHq6vtFqdey,0l	31-531-982-7104	880224.7332000002
1496	Supplier#000001496	E4P0XwvHFUx,3aWTAqufAMepX	10-918-381-1812	880217.0350999999
115	Supplier#000000115	nJ 2t0f7Ve,wL1,6WzGBJLNBUCKlsV	33-597-248-1220	880096.3283000002
9912	Supplier#000009912	pls50PhMjlOjUMVoGY05D	24-720-153-3561	879834.6182
4242	Supplier#000004242	SalyknolA3M0Hh1c3WXbfmZ	28-928-132-6073	879735.3820999999
8599	Supplier#000008599	4shU12vuiCeg	12-804-637-9812	879733.9821000001
7465	Supplier#000007465	xwiFNsrmy,8l,KlUd1wINdB	19-651-621-8978	879657.8335
9014	Supplier#000009014	VESdCwbtiG1mRHWvkdOZsmZJU	10-628-325-8932	879461.1738999999
5435	Supplier#000005435	jO8nrrSl8pq0aBthAKdfiK	30-424-971-5752	879460.6290000002
2888	Supplier#000002888	3AtRoxBFh6HIBa9kdBX,6,Ml2SZGUA	31-571-702-9106	879379.5268999999
9270	Supplier#000009270	OVPczHDUsYBQGzLbG4dG3G 6Re9y8TqGyZ8F4	10-282-239-9138	879286.171
9994	Supplier#000009994	jx0yUkSCRhx6Iuvp19mTyXbrZw15ul	26-377-491-1391	879268.6333
3958	Supplier#000003958	imTYciDxoeTAlCaCCbnw JbHCMVIW3Duxn	12-707-932-2924	879122.4591
544	Supplier#000000544	pUS3drDXbPeNqvI kUNlnz5GDSU5,aLI	11-471-707-9878	879115.8387000001
4705	Supplier#000004705	4wKYfBk95vl0Xi0O4RbIv6AA	33-191-790-9624	879061.5754
8291	Supplier#000008291	LWwetCKCFe 56Gq4xrbGrO4C6J1qu,FiS4	15-297-514-2676	879027.7521999999
7848	Supplier#000007848	3xG5VqbMBECCCX3hPe8 TvXF	19-347-560-9526	878770.4638999999
1206	Supplier#000001206	pFMSZD5MiEv	10-518-682-4417	878692.4869
8994	Supplier#000008994	,vztuBkzlz39NJLxjAMd	24-241-249-8119	878643.7037000001
2778	Supplier#000002778	hvxx8zSnxrwYV2pibE9eIYfs6mZ	24-704-773-8124	878607.2009
1099	Supplier#000001099	Ttj  R 9PUekFZI 3zq	32-784-328-6730	878582.6319000002
4358	Supplier#000004358	nWiNPJVv84V7MQjLQhScmCTI80h	17-778-639-4159	878555.896
6082	Supplier#000006082	ziRmQdcZa3QENhR364dVXMfJXRX2Nk	33-685-737-1893	878537.9298999999
9090	Supplier#000009090	XC9q8e8jlbcAfi6CTFUwG6Q	29-294-757-5959	878505.7478000001
9896	Supplier#000009896	Y q8F1vrW7i9FJ7evCYIyLRcgFe10wYQJ2	30-209-710-1983	878404.5007999999
4111	Supplier#000004111	fEPasEoS6uaJ VsPTh1qNht0	13-304-658-1811	878250.3923999999
2160	Supplier#000002160	eh 5WtEASNKzD	30-413-142-9482	878153.8678000001
8643	Supplier#000008643	gkAf5dYBg,qviByyDP1QVuY MMOZdxq69EurhLk	17-172-931-9649	878124.396
4191	Supplier#000004191	8DVAQePX6TmTP	31-750-984-5481	878105.5885
7382	Supplier#000007382	p9BaidBFCsmn	30-115-989-9371	878084.6292
7185	Supplier#000007185	3VUn39FRCVtmP2Tn9P1HLa3AgFu	26-715-768-3697	878042.0510000001
9945	Supplier#000009945	iq0VGL3Q1eKbFk27A	21-193-447-6870	877970.8662999999
7163	Supplier#000007163	9jzdDoHPLZ6gMt7GzSLqP Sdn10zYViXoNTT8XO	32-457-558-8569	877844.1265000001
5981	Supplier#000005981	HSzmPWGPAgHMTJX7j00Y8dqe	12-984-985-6346	877843.2412
879	Supplier#000000879	6DGZ6o7FNRspPhM B1nZiMOAgq9fZT8UHW	27-204-329-1068	877589.9886
475	Supplier#000000475	xw4V6,4QQW LI5Qg EOKy4JD B4Cq1tjzaOma9Y	13-397-755-1516	877557.8149000001
3281	Supplier#000003281	2TIoq48kSgsJd6J2jrZx	23-724-623-9673	877555.0901
122	Supplier#000000122	2RUSHHspScCVTWC6z vw2XVR	26-432-258-4986	877404.9233
3666	Supplier#000003666	ENS fE9iSrSzw,iTwA,zGorkflw	31-974-495-7616	877402.4858999997
5823	Supplier#000005823	DKXNhifWIqvODviyPBkNGLHu1EDtX	19-711-553-3710	877373.3422000001
6474	Supplier#000006474	ahwuZZlUGX,5TvGmUF30WUPQ	14-201-182-3108	877364.5208
7880	Supplier#000007880	sKOPFlOG,h7JL7Gs5sb3i,lXL5	30-205-213-2655	877276.5742999999
6454	Supplier#000006454	komDCUR7dlXquaEJj	25-948-574-9647	877107.579
5566	Supplier#000005566	4cY11YEBGD2vgPiyE3lp5dcMDpHYWdy	19-523-885-6705	877077.4609999999
1788	Supplier#000001788	Wy6v5VWVKFLg9u	10-741-929-4244	877067.7297999999
3799	Supplier#000003799	fFNV7NiIdwh7uMK	17-660-903-4812	877066.3402
3168	Supplier#000003168	SG04rsEVfVZ	30-164-190-7475	877015.6666
1977	Supplier#000001977	U2su,G5WmihZ	33-800-614-4695	877015.6652
6655	Supplier#000006655	ncrPA0O7hFroxmRn3io	21-353-986-2625	876984.2469
4021	Supplier#000004021	Q5OtYOoYjsSKUtYlf7DSl,757	17-355-893-5738	876977.7800000001
9601	Supplier#000009601	51m637bO,Rw5DnHWFUvLacRx9	13-173-966-5906	876962.2279999999
4973	Supplier#000004973	9oN52bxtLYP7Ln1V fu4W	23-801-973-1550	876907.1316000001
5194	Supplier#000005194	Lb2k94Vp9Hq4sNptU7Eck5,o3RaaumJl 0aZL,6r	30-914-830-3171	876825.2364999999
2234	Supplier#000002234	,Cb2T41MV4W4au vEhDGOuyNtVs4Y2O2	21-741-771-8869	876723.4754999998
699	Supplier#000000699	CplgysgQzKm7KRFKOJe	14-247-404-4838	876592.2013
7976	Supplier#000007976	OnVlYEc,j5iCcU3FHtvx1b	26-885-884-9454	876459.2826
5994	Supplier#000005994	d9VW,OP6ydzlhJS36Kao7HrlGTSrq99zHd	24-519-922-3883	876347.2220000001
6856	Supplier#000006856	P0TMrpdsH6oCXz0ba43wadaU4Q33CZtgyk	28-105-165-7642	876344.0182999999
5076	Supplier#000005076	Xl7h9ifgvIHmqxFLgWfHK4Gjav BkP	13-309-160-9273	876314.3104999999
4683	Supplier#000004683	tpUsZwbbAmyGSqX5z6	18-108-593-7507	876240.8290999999
4447	Supplier#000004447	PogpwSZyu8k	10-338-947-9580	876209.7050999999
2216	Supplier#000002216	8 AciCfJsC6l2PC3ELfiFMCJDSswf	22-260-421-5259	876180.8755999997
1476	Supplier#000001476	6MLxydyGdgAuvzTiSmvLRPcIV3693PkAi9A6L3	31-854-366-8239	876163.6819000001
5738	Supplier#000005738	lnG P4MTSbdzos1iC0O4xJ9BKaSj4czTSW,dK	11-245-699-6773	876134.8365
4183	Supplier#000004183	OD7fNRcFuwgThsj2j7rC	20-206-616-7911	876132.3662999999
1732	Supplier#000001732	GbsJPNJVFf1BfA	28-899-515-5026	876061.6959999999
7813	Supplier#000007813	W2fHvGh7zpl	34-507-168-8411	876051.2536000003
2585	Supplier#000002585	CsPoKpw2QuTY4AV1NkWuttneIa4SN	13-500-958-8671	876025.4321000001
4983	Supplier#000004983	Q1D7GuqSwvlR4TKJzm1KdyYacBpvAi,HToOyVHic	22-819-215-5459	876005.5436999998
3247	Supplier#000003247	3,W9b7YACuNPhwKEkWD5Yv	14-946-768-1500	875943.5486999999
7235	Supplier#000007235	sjG F7NXC5wk9bZMrBXwSt2	34-432-304-5232	875932.5377
8427	Supplier#000008427	J1Vd3lqn1UvN2	14-632-452-6847	875896.8981999999
7267	Supplier#000007267	wkE,TQd4XhOV9SPfgKd0igePnykkbjM	16-866-660-5960	875883.4314
1813	Supplier#000001813	gwAsLzBQXy	16-552-716-4806	875818.2083
5833	Supplier#000005833	fgLq3zjOQBJohPV6aL1Q	19-529-689-9783	875724.1159999999
7128	Supplier#000007128	WM478,6eTURY	20-994-910-9631	875715.2984999998
8694	Supplier#000008694	Kyg3DxOgIKpV5onB ATSdzFiIz42 0c1RrR	27-721-319-4631	875705.4345000001
1006	Supplier#000001006	d0DSDuBcFCmu9jVJn,sVnyG	28-404-261-2246	875675.7883
13	Supplier#000000013	HK71HQyWoqRWOX8GI FpgAifW,2PoH	13-727-620-7813	875637.9485
8171	Supplier#000008171	3 QuVd1b4T	18-220-139-2382	875632.6811
6845	Supplier#000006845	FXxR9d7XcfP26Ze71bAk	26-655-526-4256	875631.4124999999
2994	Supplier#000002994	gMO5J1X9uSPlI3glDUSYsud,yzfOG5HTQ	28-200-203-6249	875614.1684000001
3342	Supplier#000003342	qraFBSkyoax9iuMkr0L7OI20gj659WD	21-726-487-1916	875598.2207
4431	Supplier#000004431	c7LwaiKGVuOoaP4F,OjuvEgW	28-975-622-6049	875502.4320000001
2474	Supplier#000002474	JnSkZjFOopokCB1kCjv33URnieAYfSBITP	10-508-846-5031	875458.7047000002
4606	Supplier#000004606	LYP75ac0BayDRW1pUb8dTGaHwBW4FJihWPGix	17-938-710-2625	875405.0265999999
9427	Supplier#000009427	clo4KAvzhCQVT,N	10-645-328-5829	875376.9333999999
3510	Supplier#000003510	pR63bCNOWsykHtuD 0y7ede4P4,LJ0lJX1UwZEMJ	11-925-703-8843	875376.0932000001
3449	Supplier#000003449	3hzACsQegR5TNCwoAxxNHyrV19eJmn	27-578-751-3895	875374.4755999999
9277	Supplier#000009277	H1SGoSQo,AS5AkEHXyorIWI1	19-237-233-4477	875359.7694999999
9521	Supplier#000009521	HBTeAVQRNCpt3ws	12-890-995-1809	875295.7939
6552	Supplier#000006552	zA5d8 k3R WZ9yJ8kFGbzl9QRe4SBZoNN6fl	18-628-594-1404	875288.1656000001
8815	Supplier#000008815	b43x,qwVG,dbkhA6c	16-138-616-8806	875202.5467
4438	Supplier#000004438	X3YNSKLk1Bmh9OAFND7qUAdEb1I	29-834-445-2433	875140.4798000001
938	Supplier#000000938	3xcs3BuTqx8b	14-704-203-8596	875070.7302000001
1022	Supplier#000001022	ERUtHzpZ3GXDESNGi0o72 FP1AAslki	24-859-889-7512	875067.8087999999
3879	Supplier#000003879	vm0IFVSdSgmXgskLojAanP46aslgr1pDEus	28-440-312-1631	875024.1834000001
930	Supplier#000000930	jYRHnCNnk55 CODbFLqby,ewwOQa1M	20-435-373-1909	874939.7890999999
7031	Supplier#000007031	zTr3Hq6ufV2a EPXW	11-494-218-8250	874934.4525000002
4010	Supplier#000004010	hzXpAwbeH0D	22-191-309-4339	874849.4257
8308	Supplier#000008308	hC2HedXjyfcjz	17-396-297-8631	874817.6117000001
2874	Supplier#000002874	LqNZRLweFy4xU8,osnTUNiqk1	33-345-155-4868	874654.3035
8393	Supplier#000008393	wbPjQhCQGBsIpc2ZhCO69TrgsaVN8wKm5MAx	15-830-175-5274	874569.694
9329	Supplier#000009329	lBFsuZfRRUTipwNtkG	12-966-117-5624	874520.8428999999
4293	Supplier#000004293	FCJJkQIJkWqH2T0m	27-692-233-6595	874514.9621999997
1302	Supplier#000001302	CnA5dkqpoQq cUp	23-807-890-6717	874495.3588999999
6309	Supplier#000006309	dwPuozxMI5LRuDS6BWZC5Ydk,	28-567-726-8258	874432.5221000001
934	Supplier#000000934	2o3Fav4osE	19-497-408-2402	874341.2413000002
7113	Supplier#000007113	a25fAfyWNsvBtLUe7CIIMksV2l8k 848nyMgL6C	25-731-762-6294	874338.0548
7473	Supplier#000007473	figThe,wXbLaTV	33-411-872-9153	874326.9391
3975	Supplier#000003975	CT9,kyMKXk6XPAs13gMhMs6Ist,FT7zA	20-270-703-9793	874287.2082000001
4045	Supplier#000004045	kmduAMCt3w	14-155-920-1150	874184.2715999999
5267	Supplier#000005267	CuVb30nVEIorIspfE	24-301-579-8706	874177.8697
4864	Supplier#000004864	gef98SlzXMpZZ k	34-559-157-7730	874118.6470000001
8084	Supplier#000008084	9Xof4U nuA1Wl	23-184-394-9728	874023.7161000001
7949	Supplier#000007949	b86VKFmew29PylyHMFY9DBwMM	32-962-789-2975	873934.2487
7224	Supplier#000007224	dHIhpbSKQV8v1HTAriVLjK5Z	17-400-369-6821	873866.0269
1125	Supplier#000001125	P1KNMzx4s22L3D	26-691-670-8697	873852.5689999999
529	Supplier#000000529	Fj4vm8y2 Tlgd	20-521-276-3787	873765.258
6731	Supplier#000006731	qw1GNdIyo0qJa2IX6w	21-226-983-4516	873709.4278999999
6686	Supplier#000006686	Yac23OocaPvt1W	26-698-751-9073	873682.9298999998
752	Supplier#000000752	l cHMtEnodxj3FV	13-854-821-4478	873669.2724999998
5502	Supplier#000005502	X6eGK5l,5,	27-973-499-7535	873555.8409000001
4625	Supplier#000004625	rqOLaXSrdmykWiyvH9oojHYpJvdWn	30-801-894-8169	873553.481
7923	Supplier#000007923	JnxkRctr77k2aWKVIy8o 84l	26-862-106-3554	873518.3015000001
2254	Supplier#000002254	LN4oMYUDiEig8PtRwFz	18-622-291-6863	873509.9689000002
2384	Supplier#000002384	LvwNYrJKOqS 4VajSC7ot9CQU2izWIa	15-204-993-2671	873452.3693999999
3639	Supplier#000003639	WD22esS63VSd806yKIIbtur7izOo0	29-131-308-1571	873404.1648999999
4145	Supplier#000004145	BIKx3OmFTieb5WtD34c6N6iY9j2K	21-111-429-3324	873374.8654
8259	Supplier#000008259	f8Absnei3As,QB1LeyH,Eufh8mGO	15-505-907-7716	873331.6779000001
5917	Supplier#000005917	Em39ZTxHfW5HMRmmYFNaYGfK05rr0SC	20-534-254-1886	873289.4442000001
2502	Supplier#000002502	WwZj0jzQ5Znb6NJIxgPAqS,vZu6IX	11-806-724-3037	873235.2010000001
474	Supplier#000000474	USHBMdX8iFodU	10-327-319-7717	873194.9495000001
356	Supplier#000000356	Lefi6RDDtvaVXqvhlbMuUrVm45oJbtkZM,Mup	21-198-523-7929	872992.3376999999
9706	Supplier#000009706	VHshTcwi8JFa2O2	24-269-405-2326	872969.4218999998
7926	Supplier#000007926	ErzCF80K9Uy	13-829-609-6904	872889.1025
9250	Supplier#000009250	9Zdg4CKQ4,AACYfH	10-185-698-6987	872745.6662
8361	Supplier#000008361	5uk8Oml Sd tvBWCcagUX7QA2isOxsU	12-123-133-7850	872685.2758000001
5870	Supplier#000005870	woKRQpz8lVkG3U	15-286-734-3144	872560.1321
5336	Supplier#000005336	fATFQFISLgpcORhhnSYdJa	27-275-808-8090	872552.2301
6945	Supplier#000006945	iri0I0IUBBVBnWMvHEPtuStMIU	25-239-550-2712	872403.2668000001
4587	Supplier#000004587	VwFxI9R zz9W4xjWp3kjiUaaSyg6OfQ	16-747-482-7688	872385.0212000001
665	Supplier#000000665	n4JVAxZUnvT5dVZBK,3CIIDoa	22-273-991-9361	872372.0373
5005	Supplier#000005005	K6 GI4WzmbsGEOh	31-985-368-1464	872290.0642999999
7024	Supplier#000007024	hJD8qoxaZhd71Y	19-661-850-9608	872280.9741999999
2449	Supplier#000002449	HYuJQsln523IXNeA6mzAjDo	23-638-196-3565	872249.1708999999
2881	Supplier#000002881	G4SolNwFBO3h6BJQ3 SmCWAup	25-744-839-5916	872228.8680000001
3209	Supplier#000003209	qQYwsLNgelc0XrkX	11-553-898-5474	872213.8135999998
9377	Supplier#000009377	A ihYYF3 7p530eF1WEJ1pKb3Roga0X	23-627-251-8226	872182.3802999998
8808	Supplier#000008808	7Iafu04b4xzs6Qea3KKqnCyHIuzdRbjLrx9xq ,F	17-977-811-4180	871975.4224999998
2130	Supplier#000002130	wt8iKVoTG2 EiAhqat4oWvm6VSNoZp	23-963-494-9186	871880.8889
7208	Supplier#000007208	jW6h9jaXMGOmMI7CSnX	25-465-535-3420	871855.5813
8683	Supplier#000008683	gLuGcugfpJSeGQARnaHNCaWnGaqsNnjyl20	13-477-822-5129	871823.3098
8662	Supplier#000008662	9AzWzV IXHY	19-382-865-3056	871815.2111000001
9576	Supplier#000009576	uNdNymD,2MKa	22-213-509-3533	871763.8458000001
4318	Supplier#000004318	TnLaWeEdA5Hz1yKKi07g6fPtvCF 0fh3Lsvi	18-448-117-5693	871696.9162999997
8196	Supplier#000008196	yghzflIa9Slg3r8N8OOSoJ4V	25-322-540-7522	871672.4146999998
8030	Supplier#000008030	ASJVWT93FXZ6ky6UdLetqHeod0TI	30-523-787-4255	871659.1511000001
2172	Supplier#000002172	OEtLtQ9aWxB,pCRV0brBTaqEEhatnULDNFZyiGnn	23-765-954-6822	871591.956
843	Supplier#000000843	iguHIr15YUL9RMmH7U3XsDfdyEg1441	28-503-987-8146	871474.2912000001
3395	Supplier#000003395	r2jNecotAVVDT53pqXsZMkPXyZgRghBBuqvk	33-715-222-1590	871316.1811
7958	Supplier#000007958	pe3M4qaP5I4bo5iXAYe2RLOgCa2v9KyIJPzCZ	23-210-451-1058	871287.5863999999
6039	Supplier#000006039	qKmsFDDVnXEl0CHV	11-694-980-5971	871248.2971999998
6684	Supplier#000006684	0vCaC46Y6l9E,ll,ybX2QdcX96C,Gt	30-566-475-2493	871237.1350999998
8091	Supplier#000008091	QqiLAtu2QGjDatQEXpiZvK3sjbnCqI	18-820-880-7277	871233.6577000002
3913	Supplier#000003913	LdloqMCaGGbbgNkLpyQoCTktj5GqnVwyBt	33-945-264-1748	871224.2002999999
6514	Supplier#000006514	5yIp smf4s36	22-113-782-5493	871192.3831000002
4245	Supplier#000004245	1oTU7eTB3MT5QmFK8pghsb1UC	10-245-577-9925	871108.647
5436	Supplier#000005436	3HiusYZGYmHItExgX5VfNCdJwkW8W7R	30-453-280-6340	870945.1529999998
6020	Supplier#000006020	U9O4ceIDl0DMRPM0vvsKKj3gzGwNkcUeusC	20-817-604-6561	870879.412
7890	Supplier#000007890	qOLT eUaoROSSk5IUrsHkLdzvke7M	12-395-871-7093	870849.6059000001
4185	Supplier#000004185	Q1,8W2TRvPlVM3qFf9	17-429-604-6315	870830.5923000001
4382	Supplier#000004382	oB1Kdw13dTxFZkFmg	24-355-250-2623	870827.0925
1791	Supplier#000001791	UxRinfHXInd11tz4,vRoQvB9gQMHs9pAfOf3yw1	33-257-612-7366	870742.0059000001
134	Supplier#000000134	Nv7dxj4FGWrdcP56RmNci	16-184-952-7778	870702.3519
4546	Supplier#000004546	PAatX8Ld8fktljR0o2Dft1	17-567-331-1194	870527.2214999998
5798	Supplier#000005798	N7bzE7FAYjWUjHi0oevNic0TAoloVli	23-559-868-4931	870496.1715999998
6345	Supplier#000006345	VSt3rzk3qG698u6ld8HhOByvrTcSTSvQlDQDag	16-886-766-7945	870415.9377999998
1719	Supplier#000001719	5YnBSxnBsZDkCv8wynfBFc Jdt2Rz,NcZ3uzlb3	17-891-726-9678	870308.6523
6719	Supplier#000006719	LXrBw9PLQdqDeB	19-288-721-4630	870244.0214999999
9943	Supplier#000009943	kthH3uOBsvd5jihNQSgsakbTiyMozuOfPZummva	20-405-661-5377	870242.1989000002
1353	Supplier#000001353	5o3mbJp gcUks7jnAJv7O3h2t3WTdZT9ovM4L6	30-139-819-1786	870179.3294999999
3089	Supplier#000003089	s5b VCIZqMSZVa r g7LTdcg29GbTE7rI1x	13-279-334-8025	870157.8916
5282	Supplier#000005282	NQI2D1E3kxF678qVMz18d03rhoRDMlI	19-544-884-7288	870051.0126
5649	Supplier#000005649	mUZyczj1OR	30-249-449-5666	869942.3951999999
9325	Supplier#000009325	kk,8WW2IGQvWn2DKo5q7zFwXiBI1BgVPFb	11-412-424-5957	869914.3953999999
7306	Supplier#000007306	oE9FeqTebvdIWLZ6G	17-341-733-5105	869894.8039999999
5578	Supplier#000005578	y1UTYp317CbCwAzr,dnfo	30-178-841-4985	869894.0530000001
725	Supplier#000000725	fFk BGhsIcG6	11-382-323-5460	869858.8519
6741	Supplier#000006741	v,63qKk6xB4bH3Za0b5	26-128-837-5709	869828.8030000001
3190	Supplier#000003190	uKuj uR2JS0HGJsmDHiCrOj6vFLxVMq	15-538-280-5008	869825.978
675	Supplier#000000675	pbDwRMZ6nNUpcFirCvv	25-499-280-9384	869817.7793
3677	Supplier#000003677	vylQOXxiGWp7cfAl,CRS6jC,Ees4E0gradxi	22-405-990-5050	869777.9926
6390	Supplier#000006390	SFEZ0fgPL4kmfFKnUE Y32mR QBLjWo	23-748-886-1807	869753.0585
3439	Supplier#000003439	qYPDgoiBGhCYxjgC	17-128-996-4650	869622.2079999999
9911	Supplier#000009911	6SK4QgNHPMoCYs6hmGTvb5x,sU3k8HG17cW2R5	10-522-664-2103	869595.4086000001
4716	Supplier#000004716	bwnBuTwZAIoHF3gZHC0OQKfVCTloYLi6o37	32-991-620-8920	869593.8812000001
8587	Supplier#000008587	eQOgec6prwzTBrU u901pWPT	15-803-611-2450	869436.3287999999
7907	Supplier#000007907	OCwT5z7KZVKF 7MPVfJWCxrm	25-194-672-8309	869432.9197999999
2775	Supplier#000002775	yDclaDaBD4ihH	13-580-308-4425	869379.6377000001
2194	Supplier#000002194	HlAexHmxKXQNawzR1EN	17-821-907-5084	869357.7463000001
5189	Supplier#000005189	WMElza2PebRzw2v,NxPbmjinfDik7HAtBxQ4axWa	11-624-175-7408	869301.7046
2916	Supplier#000002916	9kNV5lg5OgZp1EmDg7LJ0lu2tZCpFPyOeKFO	32-673-876-3048	869279.1560999999
5427	Supplier#000005427	Wrx4glYCDjvSmlh	28-477-481-3380	869202.9983
8150	Supplier#000008150	dfFFxptWU9	13-815-421-9289	869156.8472999997
2852	Supplier#000002852	SimT75OJBu	29-847-935-4880	869150.0583
7493	Supplier#000007493	w DN7Uo5X17u7G9PgNRpsUr92bE6Y	12-364-475-9599	869071.1206999999
3838	Supplier#000003838	a1xM3fFNl0z6KFqs1tScaSyBRQf2d4kE	26-371-108-3599	868959.6281999999
3857	Supplier#000003857	4BbobbQPcWShS5AkbNSBEYSp3GtqS,	27-472-324-5460	868942.5191999997
7946	Supplier#000007946	FUd4 jbvufK3cdff4ApgvtUkIBhIYa3y	18-662-165-9885	868818.0508000002
586	Supplier#000000586	9tfHwYyFe2t2,6pAVpkURXAxtc2cQw4qfGKYJ	12-747-610-3099	868779.8154
5712	Supplier#000005712	RKoQ5ijTQ6q	34-335-812-7636	868732.4064000001
1371	Supplier#000001371	rcGLCrh8vvL6mQCGQ50F52hYY CR3 kycXKgh60	27-738-276-9354	868685.4054
4815	Supplier#000004815	10APqmVAwAMIU3ikYtEZ79eVWT4VnRpVl	27-524-912-1189	868610.7923
6356	Supplier#000006356	bz0XdIOgP9YWQEWh7jjEwfm0	11-670-108-2673	868545.9243
4449	Supplier#000004449	8hAeDPnMsdGI	13-711-559-2059	868528.4356999999
7912	Supplier#000007912	zlg9yNp7xHdJ0vHBHyR3t	26-367-444-5750	868507.328
2239	Supplier#000002239	NL9w9GFCzq6N	10-191-563-6127	868409.5098000001
9891	Supplier#000009891	I1olHN  oxn4PHWUCytQ8kpKwsYLwZ11mpeR7	30-292-954-7155	868383.0778999999
1706	Supplier#000001706	rLkt6qcRQZbVMFJRSwo	26-523-228-5007	868382.4822999999
2035	Supplier#000002035	ONhbdP6MIcvoNV6vXS4TmtF,7d6XBvuY,KF	23-636-350-9994	868379.5016999999
3117	Supplier#000003117	awKOkc6y,vmP3jAD6BfL4i	18-191-586-4745	868330.0522999999
577	Supplier#000000577	kn5oGAnFD1CQjet8awWorC,UMf37MP71yNcVD	23-973-363-7797	868295.4945
8018	Supplier#000008018	CMJxs0L 2u27R0Rs6J1oLdpMGL	31-191-993-9051	868292.8205999999
1587	Supplier#000001587	mJGiVq4lo012P4Qd	34-523-646-3372	868228.1484
3963	Supplier#000003963	r8VL5GKQMJTx	17-350-945-1631	868194.0106
4233	Supplier#000004233	NSgt4kMBUwpWuPSaeXASzfCE	34-928-485-9615	868125.2700999998
2740	Supplier#000002740	DkfOP6VJXWnQp2a0U7eYkE9V7PcXVSPn6n	14-728-555-1976	868102.5633999999
1864	Supplier#000001864	ExiJvugY2QxsI r5goq5So mi NTI Zj	28-506-589-3599	868093.0699
5213	Supplier#000005213	3MTMXf4oNg,qXdtKbfRTGhgdGg	21-760-229-1261	868091.9221
6505	Supplier#000006505	UO8JYMQLbvfgP6aA h44B	30-863-795-9838	868021.1717999999
3517	Supplier#000003517	t7bFb,xedL07Zyxeft BnM6VK	30-200-501-6000	867967.5723000001
8890	Supplier#000008890	6lmM3OrUukwhKXY0zqypO2qEsgj	29-208-398-4306	867721.8226000002
4250	Supplier#000004250	QGRJ1zGIqSKy6i82K7P947ermR	16-206-461-6505	867597.2522999998
6180	Supplier#000006180	xc1TzrPX1cyLBakOmh8I41S5	24-572-821-1898	867569.2662999999
1615	Supplier#000001615	8xlm4dZEH51da2i0ws5QC9n,D Mr	30-882-687-4686	867518.6564000001
5015	Supplier#000005015	HOXohc8D8KJ Yx2WIOL 5EvtdnTqwXSo	13-358-401-5005	867451.0654999999
8261	Supplier#000008261	OE8VCFunRj1dNf	23-540-992-1108	867417.5777000001
7570	Supplier#000007570	TINQf1CEpSZA4ZLYteDXYOpKCqBpzh mO	29-399-692-5807	867401.8292999999
6625	Supplier#000006625	4e8W9wdzG6VoH	34-711-680-8478	867277.8489999999
3762	Supplier#000003762	WSG6rYnCGTb53M5Xg,vjZtQuQVGeGPPMEt4z	14-265-178-5568	867240.665
2435	Supplier#000002435	2Wg6s 0Y5Mnfuois3iIoaq1wrVETh	31-379-702-6071	867199.0947999998
1553	Supplier#000001553	GmS1yJTxKntAPG	24-430-927-3515	867182.5678000002
9885	Supplier#000009885	FKyOc lfEOB7CViGKURtSWiR	20-121-198-8026	866964.1228
4762	Supplier#000004762	FOYH3Br4rlwYBDSmdwf95sej6oGGPyuH8VTsDj1	11-235-666-1986	866883.3197
9767	Supplier#000009767	mpESLo1ZnAIbowUO5C	11-892-524-8624	866809.7826000002
9655	Supplier#000009655	,ZpiRbWDArIS7	28-199-383-8258	866567.9502000001
7592	Supplier#000007592	yXDhufXHnFunWqRlLd	16-716-881-4288	866534.4196999997
5066	Supplier#000005066	ru iPsHLDTFqzboVUG12dKML8Cdxl1VTT	20-482-807-4156	866530.2080999998
7598	Supplier#000007598	YclVmTiWlL1gp6eXcUgM2,MtbsVtMUj2t	11-858-435-3889	866522.8943000002
2346	Supplier#000002346	tzwxlyYXGiMe1mk099ty6vn	15-308-126-9449	866450.7114
5107	Supplier#000005107	ym1,PQw1XhwsgMEBBEl6SekwvSa9xvAG,JTmKalY	15-924-840-5789	866438.9493
9121	Supplier#000009121	RTS0DIWKkYEtASj9s7fFRiJFCHIjz4S3	34-140-751-5846	866384.09
6199	Supplier#000006199	U0o8Rw hqhDH4XaecvQA S	25-281-792-2764	866359.3019999997
2376	Supplier#000002376	dKY1qJIOWUBZF99EXp	14-803-406-2891	866246.5450999999
5923	Supplier#000005923	gYhnZqMGHjF4TqWV cWenjHzrgNe	15-151-950-6154	866107.6772
6670	Supplier#000006670	rItTxnc02OrhI0jSERLu2z	17-741-390-4794	866080.8085999999
8441	Supplier#000008441	huSfIBoFLxPxtaNk2qgpq,hAzg7vn	28-532-202-4077	865911.1096
4222	Supplier#000004222	y9KrpjIHV2hrEN4UjQsgcXT	19-316-548-3899	865895.6957999999
1663	Supplier#000001663	DNIbw7A8B Ll6nq	23-466-505-1744	865765.1222999999
8404	Supplier#000008404	JmmQpsT 19ZctXXxCToDGqgXupeb	24-906-890-4936	865751.6476
3426	Supplier#000003426	vPImX7JKqMniQEBJuAD	11-479-973-3507	865567.7716
224	Supplier#000000224	iD7eF,uwQxxPCAFTmdXYV7N	15-446-447-2944	865546.1593999999
3938	Supplier#000003938	lVx0lB8r9ZnKIPsSTJnnSsiqpnwnz6S	28-643-172-2015	865480.7822
8366	Supplier#000008366	h778cEj14BuW9OEKlvPTWq4iwASR6EBBXN7zeS8	13-926-224-4770	865463.5167999998
2601	Supplier#000002601	O,xUQnlTenpSKG4f9SBXcWpr1Yb	10-898-717-9719	865354.6999
6711	Supplier#000006711	i jqPUnq8DM8S5UHIuiNHxK,iv	22-657-264-2458	865294.0072
9954	Supplier#000009954	VzElx9ihlXFJLIQw2Hn4bC2	31-657-448-4812	865209.037
2374	Supplier#000002374	nJ9MEqHHLFiP0Eq2jul8JXj7,WeH7pUk,LN	20-878-577-1706	865187.9967999998
4677	Supplier#000004677	s,bn 4mYd5RWFDkY88z4VdzJ	33-455-575-6387	865180.5796000003
4050	Supplier#000004050	MKXNIx7zJuSB98i7kTiqCEA2k	11-991-167-1187	865179.3116000001
8294	Supplier#000008294	mcspZQuGVa60ELStjl	15-390-728-6058	865122.5465999999
2372	Supplier#000002372	BwftakIRj5NBO3x0lcAJZbs8E k8yCL7f	18-542-265-3537	865061.3754
674	Supplier#000000674	jMxLRDxoP1Pf kzzyMVIfLB	16-128-338-8014	865033.1367
3377	Supplier#000003377	3Pf5  6HWtLeHVAsBiQnFLFCGNWe	14-377-875-3954	864877.5025000001
4388	Supplier#000004388	VfZ l1J,mwp4aS	13-309-620-1306	864772.1244
6827	Supplier#000006827	,kaE2xJan7WCW	24-464-693-6384	864727.311
2325	Supplier#000002325	oTwOY8yP,yoCHXAcqnDBZdrrNEQJ80Zu	28-167-932-2440	864702.0734
1184	Supplier#000001184	gKEtnB,QWGHCcwL2P9i	21-880-957-2610	864698.6720000001
3127	Supplier#000003127	e5zpOo2IbVIwawn2OeD,uhW5urkAgBm6jTcyiA	34-358-351-8680	864672.4137
2373	Supplier#000002373	RzHSxOTQmElCjxIBiVA52Z JB58rJhPRylR	13-845-687-2699	864610.1724999999
9875	Supplier#000009875	9mlAzUnB8x7S8lpX,	11-948-749-5177	864523.5471
9564	Supplier#000009564	K ezA5Ud86lp6Tnc4ynd90RNu4	30-395-764-3694	864401.6093
6677	Supplier#000006677	sB1ICehk,w	23-675-601-6718	864397.2173
1362	Supplier#000001362	3l5jqvUos9Zbu	10-584-690-8765	864321.6550999999
9837	Supplier#000009837	hQIOd6pW88L0S wNX FKZcldmLkYV6	26-259-904-4342	864302.3897
2972	Supplier#000002972	UV6ajsKfv3WALu2LFPFrrl3IaPPF6YtVgoyClz1i	16-493-546-8467	864298.3447999998
8760	Supplier#000008760	86y6w9qOzj1jihvaAXrPod12	29-415-515-1353	864282.4037
2518	Supplier#000002518	aYEA SkVHs7KV8m5ZAT,PihWBgyyVmu3f3CO4lB	20-679-460-8455	864181.9103000001
8293	Supplier#000008293	8oP8yCvFNU2JiQCEtQ6snLU17RK6B4KgVQNm8Zm	16-455-849-5265	864001.0800000002
6752	Supplier#000006752	i8fWpSw62jh	28-968-869-9241	863942.0816
1201	Supplier#000001201	Seh4D7pi9UdK,XQkF46A0O2N	31-700-109-8793	863909.5423999998
3042	Supplier#000003042	vpaZSrbFsA,Ds89Q7	31-607-632-6095	863793.2827999999
5505	Supplier#000005505	d2sbjG43KwMPX	13-531-190-6523	863743.8486999999
3230	Supplier#000003230	2KpgVsFdmEBL2u8fpAB9z24BOAoRJgAWJb,AHth	19-472-365-6787	863591.0972000001
5051	Supplier#000005051	Puejq3pV,JFX4,hUnhHbr	32-592-547-7141	863590.8302999998
708	Supplier#000000708	qGdOm1xZczyifQ ,Ba2ptq2L7i2K9oWKXu dO9z	30-101-252-7593	863579.306
599	Supplier#000000599	R u1wkvs4 B0wlbPbT8WrSzqoXZG0CjbsuAbPpUs	14-208-385-3654	863497.6533
3124	Supplier#000003124	YYHQhbXYOI642fFIjZBhgKBPh1P0Edj	25-992-468-6188	863462.9559000002
6249	Supplier#000006249	r6YQbtMv06I,MnHSmdapyNFU7DbV	28-847-854-2171	863447.8870999999
9959	Supplier#000009959	HUAzfsJeRbMc1leYMY	33-638-887-9523	863389.5978999999
7354	Supplier#000007354	aeK 25BHHY2z1O 7CjrjQ32WCBuTp,XbFZAc4 TE	24-296-134-6462	863288.0736000001
9342	Supplier#000009342	y99pwTZ MFBTVB1S,vMjvBS9HTFoDj	14-785-529-3630	863232.4458000001
3049	Supplier#000003049	l,TKJ7YWuyqUEiFkJxT87l7wPH9T tUSPl,	18-532-916-5559	863214.2355000001
5916	Supplier#000005916	eTiCaIOAelGmGFFsaevI6pm	10-514-995-4456	862943.9728
6212	Supplier#000006212	FPwDtwiB3Lz66Xgam BiTqSi5vJOnj	32-668-988-5030	862932.4513
5402	Supplier#000005402	OUbmvNUOfWJKa7QI2UmITdNtmWn	21-647-272-3176	862874.2398
1070	Supplier#000001070	K pkDMZV75MUPhz	28-178-598-4130	862830.3613999998
7059	Supplier#000007059	W9K7t6qjLqghDT2o	32-898-594-1732	862806.5486999999
2679	Supplier#000002679	MaiB0O77I5cCcE9w	14-228-859-6923	862727.3147
2545	Supplier#000002545	9pb B0jPGB4MDNXSaHKlQqmTung	20-490-946-1389	862588.5065000001
7539	Supplier#000007539	LkQVe  q9XKuQwc1voX2m2	28-364-651-7211	862446.3119999999
1896	Supplier#000001896	HtLWILD3PCEz1CnQdO99uALDH 1,J3jpMDCCqE3	30-169-906-5613	862420.5561
9212	Supplier#000009212	zmYL6C8D,yYVE4	34-424-428-7412	862347.2779000001
9303	Supplier#000009303	XMkX2032QKygvHfkFF4Hk1dvYKyhk	26-106-907-2281	862285.1172000001
5777	Supplier#000005777	sqRdutBlc78lzXTqp0yAz4fm50bMfi9fZUF	16-259-814-4607	862277.3889999999
2530	Supplier#000002530	3OKbiyS2QaEk34L,Ru4T8aU3xqWgn5zLuuwFR	12-634-424-9935	862241.2331999998
798	Supplier#000000798	Q4atQnxS0XRmpP	28-182-490-3136	862190.8407000001
5411	Supplier#000005411	f6zhj5JRnAr	11-541-551-7273	862181.9590000001
3797	Supplier#000003797	UuWXXv4ID LLOj	13-501-217-9665	862133.7681
8807	Supplier#000008807	,ee56Ab,s58BQj,uYJvNiN	15-401-653-1126	862104.9508999999
1627	Supplier#000001627	74kMjyK1cWzXBtjZK u4n5I4UP	15-112-462-8537	862037.4469
3649	Supplier#000003649	3VYKcpYiF8	34-765-925-1924	862037.0251000001
4027	Supplier#000004027	RmLtqBJW5X9Q88Vs2W6	22-932-823-5365	861968.4563
6573	Supplier#000006573	v6RXFq8uzgx2LYir8	31-341-125-4738	861966.4802000001
3120	Supplier#000003120	DBhl1PhP1V9vK7OMmo7Ri60dcI	19-634-281-8564	861964.0402000002
1935	Supplier#000001935	lxfvnpWQ dvSWd6mSA Q1tDjspDq CP7y	15-134-339-9047	861953.5603
263	Supplier#000000263	7Vdou,WjHE	24-203-272-3139	861913.4148
8876	Supplier#000008876	vM,byK6roXWl3R	30-331-943-1386	861832.0507
5146	Supplier#000005146	91UwVfnqtjM8aRg8	33-134-543-8120	861808.3497
3726	Supplier#000003726	mgbHN7BL,J5iANEvMIsyh7tTyD5uAnuTl0MeHt	23-266-101-7338	861705.7564
9307	Supplier#000009307	AXTjtRFJfmjZRDD37zXjR8iDW6FhOSl,8yYt	17-529-917-1541	861684.8105
8198	Supplier#000008198	xQS Ge363wHc	21-186-724-1911	861595.6564999999
6207	Supplier#000006207	lc7ok02O88prghZHZ8MA0v5IbJdeWHB0NhP7z	34-439-812-9056	861486.4122
2736	Supplier#000002736	bSUiiXb6pyQXCCHf	28-961-417-2503	861462.1110999999
6165	Supplier#000006165	L7SKNMKhPRJmk	21-680-493-7835	861376.9300000002
4085	Supplier#000004085	0yclYyDPd9l8ZTc	14-901-186-4338	861314.6778999999
8402	Supplier#000008402	Hg606yo4H3H92OEZgWUoiRxVjejN	29-548-285-9275	861284.1724
6127	Supplier#000006127	nnt,r9fwTQK	11-630-893-3735	861273.2352
7742	Supplier#000007742	LUJhL0c,O0oiBmkN,vwVVk NHEwGxjsg5EM	33-854-351-4834	861232.3466000003
8339	Supplier#000008339	uWw8 P6u,S	31-668-583-9968	861163.8199999998
3494	Supplier#000003494	mRZ3NxGJIO	22-131-263-8086	861137.6951
1039	Supplier#000001039	GXFzvmVvzg56hhqmVfwH7XvN80xwx5	16-217-795-1403	861051.8796
4590	Supplier#000004590	fFt6dJwXmsW6OHdt5rxKTwPfNCNyCoZ	32-451-236-6213	861033.6752
8889	Supplier#000008889	csxAmnZKLnbPt63uPG,mSqsc	34-461-662-9392	860922.1607
8212	Supplier#000008212	5,7CjHr2y7F8MHWN4orESPcfkKYbMzK70Y9	34-168-546-8403	860885.3165000001
2889	Supplier#000002889	wq2VxMbXfgVeP5asKNnYGs7eO06V50BzUqfc	18-708-785-8483	860874.4565999999
7174	Supplier#000007174	4PP0sCXiIsntEaW7UsdEeGmubuVGkguV5oDQGX	34-494-520-4425	860745.8015000001
2903	Supplier#000002903	KDCfcaxRMpHV	28-339-904-2431	860701.7345
4273	Supplier#000004273	oI4ZKslA6m7mvRq4X	25-438-360-4251	860572.918
4352	Supplier#000004352	Yo FjewjVfTpLnoQ	15-522-365-6958	860560.2952
2947	Supplier#000002947	d,WhU9xiwlkGWuiwLC9UtlMCdlbSc7Z,WI24	10-779-667-8328	860531.6461
5044	Supplier#000005044	QQBecN3ZUfPsho0Slx	24-495-986-2266	860447.8140000001
8663	Supplier#000008663	XYM5S,1Z4f2zUYxkxrj6xh5wo5w	22-572-622-3785	860442.1852
7021	Supplier#000007021	Zp,ttXxWQJoLc ke	30-382-376-7650	860435.6078999998
8234	Supplier#000008234	IbPDbICEvbqGQF	30-881-743-9719	860433.402
5902	Supplier#000005902	rb4HvSpgYH	14-930-257-5773	860359.8220999999
5534	Supplier#000005534	zFQ1nZQPOzYN7VZEGjlhXTAzN,TaOwpDU	29-221-648-7213	860326.48
6717	Supplier#000006717	VmfuQL38joPwfE6	20-573-215-2745	860300.6365999997
8932	Supplier#000008932	kfP7XX1vCDj0O5ptFfl17Aj4NpMOM8ECGi	32-414-595-9654	860220.4136
8705	Supplier#000008705	aE,trRNdPx,4yinTD9O3DebDIp	13-886-987-7629	860204.5755
3955	Supplier#000003955	piECPB8qbn7s3XP	31-861-222-6689	860182.9377000001
8924	Supplier#000008924	htQDIHQnJZdOjR3xvE9GmDiKNVau5xD2,Qzk	24-398-268-1019	860087.3448000001
9139	Supplier#000009139	6,JXHimTm1advCvnSPOV4GO,,sCMqd	26-471-399-8038	860061.1694
8902	Supplier#000008902	0gpMGc1WtjF	33-399-835-7462	860033.5915999998
7273	Supplier#000007273	jpW05hgHIR1ax0pkU93nbvDrYsXhA	11-151-346-1839	860032.0671999998
8641	Supplier#000008641	oniPdoQP2uFDE0T	34-864-285-5244	860007.9194
3707	Supplier#000003707	E y,Bok1gTKqdaSdnA9	31-834-669-3387	859995.1039999998
3744	Supplier#000003744	0v5NnczcZxJBGhk2t1iKDiHWABdcHuQM4WBz	23-208-541-5988	859928.6341999999
6561	Supplier#000006561	phvrwuWeMivBx7,6l19	30-884-693-4702	859925.666
3225	Supplier#000003225	WgQVQZtHUHCtMcz	33-734-505-3559	859881.5085
3812	Supplier#000003812	Vq0LLMinZe,pYmrW	18-393-997-2833	859850.0049000002
1582	Supplier#000001582	QctT8WYfXx,fb5lmhhd2EEvNFbvIlNoyisz3i08	12-782-597-9543	859826.6118999999
6060	Supplier#000006060	eEEAT295rCwR3zTVVq8,	14-337-767-7616	859817.5343999999
3508	Supplier#000003508	1fKd2SgeKAmy	34-675-589-4443	859780.204
1695	Supplier#000001695	SWxXwwAGOSIA4W Ah6	23-471-557-4483	859697.5995
4753	Supplier#000004753	jHk1YuGXwB0vVum	32-214-561-8802	859653.159
1937	Supplier#000001937	eJ1eYyleBJJHQZ	19-574-809-7821	859643.2642999999
6849	Supplier#000006849	Eo77Qmtl vTUb,ZLr9f3	10-944-712-6413	859620.3355
9543	Supplier#000009543	VYKinyOBNXRr Hdqn8kOxfTw	30-785-782-6088	859618.3261000002
8417	Supplier#000008417	KMstl4j5LDLfg,FRnl39cQBxajMls	23-833-184-9498	859616.7076000002
6478	Supplier#000006478	bQYPnj9lpmW3U	13-688-485-6277	859510.8864000002
7084	Supplier#000007084	XbDmiCojjPMhz7ULce1J4EOS22syqdsEI9P	31-129-979-8004	859454.5162999999
5424	Supplier#000005424	eJ44,Ds5P6Ljs2ohg5oEYMMbOAHN	28-249-524-3207	859366.0441999997
3222	Supplier#000003222	MdTV1w, 0dU3uNi,geP3Wkce7ut87wSKMZLIQeVQ	22-574-453-1097	859319.3707
2653	Supplier#000002653	QhF5puAJxt yLg4px2	33-387-651-1873	859214.4157999998
7257	Supplier#000007257	ag76lMmwqT	33-820-388-8545	859178.0793999999
2107	Supplier#000002107	Yyk00UY jkOBQgxJosIcP	11-908-103-6980	859162.5817999999
7391	Supplier#000007391	iX14MlXXppDv5jJMpM7mE	16-840-162-1413	859152.4878
6916	Supplier#000006916	bu9b0Mng KRve7qcgbLvSU4r EuO 2ZyMafCz	34-710-909-1278	859130.0489999999
3052	Supplier#000003052	gDTZv40h9WvgCfZ,QneRmvxnTtSG	27-214-211-8159	859086.3305999999
9179	Supplier#000009179	vQLUCaGF7NkKDnWHzwbX,KWiN	30-747-814-7106	859013.9772999999
2392	Supplier#000002392	xsd6wFsVPZcnWwU1365R	32-766-757-1420	858997.1778000001
890	Supplier#000000890	yY7XhfdJe4ewh8R, xHR06QABT	21-196-765-4250	858995.1052999998
5827	Supplier#000005827	O,abBOMPP,r4	32-146-400-6420	858984.1366999998
327	Supplier#000000327	MoC7Jc7oThpZ34HmJPKuUbOZwOyPOb1ksGlvT8o	10-519-344-7532	858973.1593
1420	Supplier#000001420	v7306BzuNRhYkR1SWyUxuCi5	26-377-840-4186	858953.093
4936	Supplier#000004936	CXvDlzbytZTd4WY Algy	19-801-580-8992	858929.0046000001
395	Supplier#000000395	vYD9APwEz6R1BFWJ,GDJ7yCUZJm	28-723-165-7801	858780.3321
2295	Supplier#000002295	kxrtG3x8BYVlu6E408azhv7WSOozG5s	25-726-503-4865	858775.0358999999
4463	Supplier#000004463	zOQtDLTLsPgF4FI8FNI3dviiJiC	24-425-595-4546	858733.0139000001
3734	Supplier#000003734	gGFEu2K06gXjYFq, Ya7PCULfry2HNa	19-487-478-5574	858635.8596
992	Supplier#000000992	iZPAlGecV0uUsxMikQG7s	12-663-356-1288	858577.2466999999
5503	Supplier#000005503	cLr3quhaIWbhK	26-687-835-3855	858539.8777999999
504	Supplier#000000504	P8k2mjRiRUFCJfxw7KrEdRpNNQPDxiI	20-322-544-5770	858377.0443999998
7181	Supplier#000007181	aIdiAjBcdilBpC78xuOWZKajbG	14-762-119-7999	858226.9282000003
5512	Supplier#000005512	jbQhb7WAzSYp5XzjAvKSEfW	14-324-488-5899	858204.7481
285	Supplier#000000285	Br7e1nnt1yxrw6ImgpJ7YdhFDjuBf	13-907-873-9658	858190.837
8095	Supplier#000008095	aOhWtUYd,U7PQH8xA3DSDDJ5Tag	19-977-950-8899	858171.5778999999
3183	Supplier#000003183	2b9GLvnIQhUGJsKvw5DxiGiZAibxq9H	32-959-611-8531	858108.0406999999
6955	Supplier#000006955	A4APIhGkOaWcFVGtI wU4aq8ppd	22-255-353-1311	858077.2440000003
7040	Supplier#000007040	8yV6xwzmQuu 3Rc2mqz7rOdr AW	26-499-346-4011	857992.9136000001
4926	Supplier#000004926	wxNks1eTvneiA PN,gWNF8	27-641-856-4007	857917.0922999999
6421	Supplier#000006421	AwhpC5y15ua6plU8rtMwx	14-514-734-7640	857901.11
3279	Supplier#000003279	ewVQdElxm9	28-760-651-8330	857864.9294
8283	Supplier#000008283	PZyV6hhpTTMT4PxDakKN	30-982-995-2862	857837.2654000001
9672	Supplier#000009672	fupxQmsgDlv	28-641-826-1304	857824.2774000003
3513	Supplier#000003513	Rj i6dgjYQlM3bQiDcbGg Ax90RggjVqhSjwnI,n	32-912-584-5642	857770.5610000002
4991	Supplier#000004991	9YbG9KjxgHRK2rB9mvJ7KuGE1K8ipDWVL	26-968-389-7594	857697.2455
8460	Supplier#000008460	oKkRuk0y0cypZxvPEv9joSpnyy,p9LU	18-262-610-3962	857685.6892000001
6639	Supplier#000006639	a2jKQLSoKnn8lHtl63x rXMPyjn	27-511-417-8478	857606.9010999999
2873	Supplier#000002873	QB784uIz5Lm	14-863-282-3688	857520.9289
7823	Supplier#000007823	i2 gFooiCz69Xb	32-905-204-8095	857498.8276999999
844	Supplier#000000844	COb5r2WsvJ0zf 58tJJLgYvEZHJb74EBdp	34-454-417-4967	857383.8692000002
8268	Supplier#000008268	R49VIOrmA,W	29-294-542-5908	857301.1257
8482	Supplier#000008482	DsdkDvolnjlpfLkNY0r89wsqJq	22-612-911-3916	857277.9225
9733	Supplier#000009733	XIkUGlZFKq4IiZsAIRxFwzVBw7D	17-789-292-3060	857156.1096000001
5862	Supplier#000005862	iN7KKjLyA,KcU9s7	24-893-868-7265	857092.5807999999
1972	Supplier#000001972	1ufqdQLhkBkRF4nWBpgbLzVP,Be0ZwwtSIVnLx	17-581-211-6866	857082.0187000001
2512	Supplier#000002512	Tl8qaTO 4k0tMuYRARcsaW8kO5ABOIrrgoatxf2D	16-137-555-4045	857069.6848999999
6582	Supplier#000006582	OK0BWKI5eWR7IZLOj	22-269-943-1304	857010.3691
1734	Supplier#000001734	ggP 9OBjmz0tJRRXk,wtQhim2xO3qFxKatx9	11-870-214-4915	856990.3639
4314	Supplier#000004314	a8oKtPO4E4Vy0JZJFeh 9tOyD	29-878-156-8500	856987.4415000001
3400	Supplier#000003400	IZSzKpRL1RNar39LvF	29-295-531-2833	856985.7965
5899	Supplier#000005899	SyLaUd8giTOVn919BfD4o8An	18-391-485-7499	856960.3160999999
913	Supplier#000000913	c78mMYZkHE7ktVSoB9D	34-601-419-1634	856871.4953000001
9546	Supplier#000009546	2eylkElhdzW694N4gROtj4OGq2dHKzY	23-909-997-5890	856606.8406000001
8175	Supplier#000008175	oQI,qqyotirXMmymmKlc8Zg5x9 CGIVh3zp	15-135-641-1169	856566.9102999998
5820	Supplier#000005820	xKuv0Q0e2blJSIOCOB4	18-608-713-5736	856479.3377
7726	Supplier#000007726	y4EoxCVx9ewM EDjn0TYWRzCZQUEU6SkdGe1ftT	23-759-433-2430	856327.6381000001
6359	Supplier#000006359	QyUuVHYBp8sTd7Y9WveNfsz	31-165-643-7917	856266.4486
4466	Supplier#000004466	hs6l3USBeqgcu2NPt	11-575-885-9085	856145.5338000001
5185	Supplier#000005185	GoSFICuKRjVQbJcRAQCPhIyF9Ur	29-952-175-5400	856053.4759
6466	Supplier#000006466	Tq2 yKGuSA2eJq	24-889-470-6280	855988.4358000001
1801	Supplier#000001801	vpfEiRZGacAH2 aCS40,JwCZH1E0	23-788-391-8151	855881.6911999999
6297	Supplier#000006297	73VRDOO56GUCyvc40oYJ	13-829-103-1930	855787.0865
2746	Supplier#000002746	XUG IMlW5YBIeyv jB5mFUneoHKy	19-294-716-7685	855780.7588000002
8384	Supplier#000008384	,fHBV2rnJ6qMS8VQmfJKCjM2o	25-508-924-3702	855736.4241999999
459	Supplier#000000459	w12ixcTkh6AtG1LvWxX8El8Nf4vEGQiZrrpy	28-295-883-6516	855725.5185000004
4178	Supplier#000004178	fDxQjzwbid,rccxUV5m9krDH8sHoH	32-538-388-4683	855629.2505
7378	Supplier#000007378	GnTGpCefwi832,fo71OMc	26-355-284-9378	855594.3062000001
9215	Supplier#000009215	g5zNuDDRqHVPz106DoCpVL7PQtVWya1DMzsBi0	18-151-724-1447	855421.1864000001
3473	Supplier#000003473	NCy OGuV,0YHamgqAxkIyDA,De6P	12-495-553-2521	855417.3115000003
6810	Supplier#000006810	fiDYW lauQ38y	24-126-432-6057	855373.359
4283	Supplier#000004283	rRw1tpxLpTFsglPnZiiV0WOPqsI7KyKk	18-474-720-7902	855074.7458000001
9545	Supplier#000009545	8uE8ivAy2tT u867PxlsOdTypcYIomX4ucQqi	33-727-629-8262	854917.5565000001
745	Supplier#000000745	KBaVOy ,RKCWhLiYxW	31-469-792-6546	854808.5131999998
4743	Supplier#000004743	MRK0lGAlnScFlB	18-467-675-5127	854743.3282999999
1685	Supplier#000001685	YZZuwx45JDn6 QsARZq	26-877-710-5379	854729.6659000001
97	Supplier#000000097	MrCQha2G6ndX1fp6CA	14-618-678-1789	854724.0412
516	Supplier#000000516	z5Mm65PAP4m	15-165-647-2301	854720.7374999998
1352	Supplier#000001352	7JO8jWge6JfhYb NYQ60piM	18-242-440-5683	854666.2952999999
9641	Supplier#000009641	iycAANJYZaqs45tV XhuSNXVV7,fOe2v2GPH	34-829-846-8966	854642.1721999999
3515	Supplier#000003515	LViFC1u,dkOZ	20-159-105-7351	854636.4407
1513	Supplier#000001513	AUhtpbh 7oUdo5Gy5AqhR0c1r3p	14-417-652-3628	854603.0935
5961	Supplier#000005961	IWgRlEcGotZr3TViHAe	21-440-415-7794	854544.8677000001
723	Supplier#000000723	ZFI9Pb HTy,8e,mY0mqP6ThbN	15-714-811-1747	854470.0798000001
7085	Supplier#000007085	eIgturKfems2G7	20-901-744-6553	854413.2845
7984	Supplier#000007984	hIrcB8j90bREU	24-825-384-5312	854362.1258999999
6286	Supplier#000006286	BqBfmh1kM,6Kp0C4fyByE2	32-848-783-5771	854337.5228
2468	Supplier#000002468	ppFYJjhM83qk	32-382-806-3956	854252.1008
9807	Supplier#000009807	FwJP993ZxQ	25-585-756-5943	854235.2260000001
5493	Supplier#000005493	mXdoSJzxQTmRF,KhCydUsjQXiE12iAb,W	29-168-352-1249	854203.2764
1765	Supplier#000001765	6GWz5uUIbv	29-692-694-5175	854091.9284999997
4206	Supplier#000004206	MuQVGGHxNCfrnK5D8KLpDJZEd6z4obIgq	23-215-218-6180	853891.9731
5095	Supplier#000005095	dHS8NcFRoSmwZ	27-538-769-9170	853891.0155999998
442	Supplier#000000442	PJSCHXMAsqyRr5aPD9lp4tUl1B1WytbosVY8EdNZ	21-463-951-7051	853847.1932999997
3100	Supplier#000003100	F6e6Cd9OxiEnPYEvvE3Exj85Y8UX7e YW7a	24-282-786-1518	853824.6732
5710	Supplier#000005710	, XxpudjGx53Q1N5RThZyn1CbXN6oPrfDwBS	12-427-727-2339	853793.0821
8310	Supplier#000008310	zBVFtBCt3Mwd	30-527-792-4296	853720.6077999999
6884	Supplier#000006884	LKEdePXRdzmYopcfKhEvM9aMgZ19xtKRwaFR35	34-671-991-3914	853597.2479
7290	Supplier#000007290	afT1C khnuXPI5MGmB5k8saraF7sizHGtm,vJWc	30-548-854-3310	853557.5765999999
254	Supplier#000000254	c6h4mizJAVT0Oz	17-100-212-8737	853556.6940999998
1324	Supplier#000001324	DZCfy2VGbQK9iSfAK	12-786-643-1313	853534.6116000001
7286	Supplier#000007286	gLuNuDQfFqub8AcO9V6FS,vhXTXVE	15-280-171-3074	853418.0478000001
5178	Supplier#000005178	1mMfgEZaCtsV6PpK0r33jRpF	30-345-637-2822	853227.389
2573	Supplier#000002573	9fNFFKoAJ90HZrDn0iGbGHq5j4P7BOHER	23-558-420-3222	853206.3857999998
5778	Supplier#000005778	n3v,v38DOorWnJt9EP	31-432-364-5573	853170.4545999999
8312	Supplier#000008312	eWIaaOCmy4	17-608-504-1498	853167.1172999999
2760	Supplier#000002760	JwaOuD8jdeWmVr6SEnVbF,KpdO6	15-554-965-5719	853109.7797000001
9704	Supplier#000009704	LoEsylAvTgQ90Jzi3kF5iPCSFDShUPjf 3Juu	29-281-504-6257	853093.7958
3521	Supplier#000003521	Jq04JXYA9uPeEhE5bLyo	30-940-946-7423	853083.6447999999
5029	Supplier#000005029	,LffUev6QiSTJVRUwlKUB8JVYBGgE7fh	18-314-822-7673	853036.9261999999
7484	Supplier#000007484	mOM9ggPwQSI1SX5lpumMLWc85u	31-500-504-7115	852936.2313999999
11	Supplier#000000011	JfwTs,LZrV, M,9C	28-613-996-1505	852835.6209999999
249	Supplier#000000249	ktpns6Bvu4fP8Wzzlc8	20-241-221-7700	852745.6135000001
5939	Supplier#000005939	wV1CDeRBCxVkAaD9nigOmyV5V,	28-527-599-7883	852715.683
7036	Supplier#000007036	scrn1 ctBJgudYPOx0tRc1EQWNIRB3A	15-399-535-2559	852687.2667
4922	Supplier#000004922	mX0vXdJBLP	28-795-815-4757	852682.7146000001
7753	Supplier#000007753	x5  roiz0vYoIN9F8LIzAjLW31	22-394-329-1153	852634.2357999999
1007	Supplier#000001007	d9CnB3YuD2DtIolYrYacR5RbiW9	30-148-837-8918	852617.1994
7892	Supplier#000007892	OmsJ,xFBoYLVBh8Xwc38uRpb,CZJMbl5TCM0	21-987-659-7099	852608.1425
3178	Supplier#000003178	Ts7owgQJctnQwuVpsq0ztFiw1uA	25-491-424-2023	852547.8081
2618	Supplier#000002618	3UtbE1kKm29kKyx09hSEBMhRLM	31-842-369-2440	852435.0919000001
6010	Supplier#000006010	TYCRe0lBUFq4i0XF,29JF6oM9mgVL5X9o	29-735-426-5698	852330.512
3214	Supplier#000003214	WuxgYli,8Z,4BzFqgB EyFrV9MnX	34-702-523-7567	852294.4042999999
4727	Supplier#000004727	Y96a46PrmSW1dy kMLbiUpyPeR	26-940-708-5574	852249.0638
2516	Supplier#000002516	4m wG67rDQpzzCaJcxEpnQhdBONg6E60b GKY	14-642-300-7682	851947.6049999999
6230	Supplier#000006230	RqvzNl,1g6lIrVruop2ev4AnnfiU7Ml,wkgGZiz	21-719-169-9893	851888.0828
2580	Supplier#000002580	qrs2ub3wSjbzv1kc0a4k	15-284-495-3109	851851.5137
9233	Supplier#000009233	mNdPed7sgNr7A6WqU,XXBkXKRcP3aD67WKE1b	15-374-186-6259	851823.1516999999
1159	Supplier#000001159	xe9u2TY09V7MTsl,dC,kS,5kdys3Ongi	19-658-920-5724	851816.8034999999
333	Supplier#000000333	MaVf XgwPdkiX4nfJGOis8Uu2zKiIZH	32-508-202-6136	851781.5258999999
3512	Supplier#000003512	SmHR5WazVt	11-623-505-6498	851774.834
3162	Supplier#000003162	ELupM21SsqcCJOgwvOl0V9j5uulbE13R	10-309-213-4474	851767.3414999999
6245	Supplier#000006245	KkROogNYZnnNjjohxaMRr A1	24-185-415-5376	851600.5877
1893	Supplier#000001893	dNN p6AskdHyftPQQrsG87kjT6Rq6owcLOYIvw	24-992-104-6804	851594.0364000001
1408	Supplier#000001408	JI9kGjt23U1npVcOuEpWFpm	26-919-551-9560	851545.1438
9363	Supplier#000009363	KXKoZ2kPnlM1	16-570-225-1500	851544.5350999999
9309	Supplier#000009309	ImYmBxbianlOcHdBDUl	16-560-442-4703	851498.7871000001
3935	Supplier#000003935	rDYYLkD,3wGqNVTo0TdmV8EJlDwwQbnYlHgZ1zVH	18-547-201-3057	851455.6916
6746	Supplier#000006746	kbVg2yNJtBmanF9D pDjnEvj	14-798-330-5013	851452.3784
6549	Supplier#000006549	IaBh,XI4ZAbNV8ge1a5mfF2a	26-859-202-3582	851410.0307000002
4682	Supplier#000004682	VtLISnpYihV3	29-319-528-9629	851332.5227
5996	Supplier#000005996	tfOVqjUrB7TTxCZ,OsPZZynV,C7wYT21HYu9I,Mp	24-604-411-5147	851314.8758000003
6926	Supplier#000006926	axXBFVp upk,dFFqMH	17-781-309-7819	851222.5285
7812	Supplier#000007812	Q1MxuD0miQqNYh	21-937-225-8778	851168.3114
2816	Supplier#000002816	YUghXeSwJp1K3T5oTIs4aEGkh2u1hecU	26-892-838-6204	851153.3484999998
7086	Supplier#000007086	N 9vyD6nbyUM9wlz	12-243-123-2380	851032.2474999999
2122	Supplier#000002122	14qlDMJhKdsrcpV aU	11-783-408-5959	851003.8315999999
2863	Supplier#000002863	CKTfjYetZLnm1KxDLjb3Br4Nec	18-744-168-9042	850988.2501999999
3944	Supplier#000003944	lNZ3SumitRq98Z4Lhsd	14-872-560-1945	850863.7302999999
5387	Supplier#000005387	Wr8XJY,rbMMdS	18-679-129-8879	850781.6805
7437	Supplier#000007437	OAXmJUfE1c7naS	12-742-862-9372	850736.0737
9389	Supplier#000009389	D8QYyP4Gcr	32-582-109-6408	850650.3629000001
7487	Supplier#000007487	,J6ak95pJEOgkXlwC3Iih RgRpoIE3rhucZL5M	15-183-399-5255	850618.4126000002
1526	Supplier#000001526	bkKFtZanK27y,IzY	32-122-337-4827	850608.1725999998
1859	Supplier#000001859	9XjnGaQlQR,Z	10-150-792-8913	850579.7707
9952	Supplier#000009952	NB6L,FgLmM CAreXQPOJjX,UGnTN6c QHrcRjy	32-898-398-3819	850575.8263000001
8767	Supplier#000008767	YwJ mUqcO65RA2JdRrwF	18-720-149-3929	850569.2198000001
5752	Supplier#000005752	qKui69rK6v0l,fz1T	34-134-879-4176	850540.8839999998
1309	Supplier#000001309	72RNUzKzbniUnnsSs24ZzGDvmcv2Pd	31-910-723-6054	850513.9278999999
3795	Supplier#000003795	Q6DPJ4AogZ RFB0TAs,F2FtIW8C67wax9pE	13-171-831-3034	850460.3067000001
1860	Supplier#000001860	tw9w5n AwYCbIETps1ogy75zkAoWk8l	28-223-486-6014	850435.4225999999
6973	Supplier#000006973	bbFI923ouQl	29-495-862-4590	850337.7348000001
7825	Supplier#000007825	kc8mL5To13YGHGxGu7 qqx6D2X	34-231-129-4654	850302.2750000003
7328	Supplier#000007328	pX2LnnOYkaVJTM70e EYctoBJkjmwxDFD0	20-668-147-4629	850255.3589999998
2646	Supplier#000002646	ZGaGVMSy31SeBVfpf8ey8D2mm,kUbdX2SWsM	29-314-944-1425	850097.1451
392	Supplier#000000392	5YSB73Q4LMC9648IF1GGJAP	27-961-813-1153	850060.4315
1735	Supplier#000001735	4fWMQbbJV9L6ROr1tA5cP3zJej VTxPWg	22-513-837-7699	850040.4364
6895	Supplier#000006895	hIHfCilwAb	28-398-229-8466	850031.2323999999
2661	Supplier#000002661	vSX6VPxeqSM9ft8VLbRQxVn	14-798-808-1495	850001.6714
730	Supplier#000000730	GQ8t3HK2XoGWSP,Sonc	11-468-792-6804	849945.4601
7581	Supplier#000007581	v1X2SeuCw 9RKtM	18-564-519-1085	849927.0924000001
9540	Supplier#000009540	iIq4Ut0C1SZEAF7	13-735-588-3785	849793.9268999998
5270	Supplier#000005270	hLnk3T32Fqen43k40FJMSUOnjZZt,h6F,qNwJ43	15-821-957-1766	849732.2546
8580	Supplier#000008580	t5ri71bM6Sox3riP4JUZsMMNC	31-557-162-9191	849728.7222
9227	Supplier#000009227	dvYajYNbpz	13-271-712-5917	849657.8465000001
7515	Supplier#000007515	c2ILRnap2LiYJt4y4rmsiL,u4Tcu	25-697-670-1343	849603.1113999999
7288	Supplier#000007288	SBPQKok8avYzretytWCTiU5LYnx5swhu	22-540-960-5607	849475.0303999999
9649	Supplier#000009649	1dx4XgRuG6aJRM4Cahp0Z1QFG5n	25-223-711-4173	849421.8454999998
802	Supplier#000000802	,6HYXb4uaHITmtMBj4Ak57Pd	29-342-882-6463	849323.502
701	Supplier#000000701	ijyXEKJPjoVzpXY9g	10-713-854-3832	849318.3623
4181	Supplier#000004181	whr6sztd rB	29-130-131-7296	849316.5044
8537	Supplier#000008537	rHWLILYbcdIs1qW	17-396-624-4223	849308.8071000001
5187	Supplier#000005187	rgV zR GZMR0mA3ZDQS	22-559-252-9408	849262.2975999998
5176	Supplier#000005176	FSLVwQRBSCOB7YWvfroKwLXp	21-324-709-3029	849186.0007
1577	Supplier#000001577	gVkhzP4car7D2Eg7AML90y6	20-430-554-8789	849166.4874999999
7337	Supplier#000007337	nz05XGx3k7VJYEzd7Dix	15-236-375-7373	849152.2652
3765	Supplier#000003765	y18N,,38p4OnakyclJKsHRVKTEaI8	19-954-496-5991	849117.6579999999
3282	Supplier#000003282	ZYRZsEp8l,kp3h6LsFiDk	22-476-692-7508	849100.4536999998
5158	Supplier#000005158	opkloZ,lvEdkjaxo6	13-268-293-4359	849048.5102999998
8813	Supplier#000008813	jAzP xAkHA977iq7,	29-782-498-8163	848987.7433999999
6343	Supplier#000006343	UIRkduD9Iv2sxX9ly6MPt	14-617-999-2300	848946.2751000002
1591	Supplier#000001591	CJejUJNK0ET	32-781-225-2968	848790.1940000001
5310	Supplier#000005310	C,z5yqtkKyx	26-876-755-4457	848714.0013
719	Supplier#000000719	nQoXFQ,ztoTyboWFmO,a	28-664-720-1497	848656.2355000001
817	Supplier#000000817	0GTKh7JybR8sVahPoJT8kbNtDV0TzA79Q	10-282-124-6047	848640.7941999999
2656	Supplier#000002656	bBENRxX 9Kfod5X73nXWEnK8D2vDffdyGgiNy	21-659-641-9807	848633.1490999998
315	Supplier#000000315	HRLhxvqBP,f,NjeUiT	12-574-691-2832	848532.1895
7755	Supplier#000007755	uS2xiG6MSzd9c0aR21QSRufA3YVF4E9	32-138-467-4225	848493.6012999999
1085	Supplier#000001085	BVrNbKyP0FyScBYOXaYVsCx6mPgT	12-989-354-6526	848472.9970000001
373	Supplier#000000373	oQAQ3UNvyJW	26-656-301-9303	848461.8750000001
6079	Supplier#000006079	7Zz2wqr8P0V3hh	18-230-751-4134	848307.8856000002
4861	Supplier#000004861	antr,DZEW3	32-742-227-5393	848196.6614
8762	Supplier#000008762	WiHo5Ibron	18-931-496-6922	848123.2403000001
2920	Supplier#000002920	Je2a8bszf3L	32-122-621-7549	848120.8439999999
9413	Supplier#000009413	JFTZ2SoojgnJ EhWV8GX9lEO	21-233-261-7626	848082.8685999999
522	Supplier#000000522	joLGRuiXIsVWk	18-355-956-2843	848038.5106000003
889	Supplier#000000889	saKBdGnsGS9ccCMGJ5NFoKwZ7HkS7	30-566-872-3482	848009.2405
5079	Supplier#000005079	Oj0dmlwdcMrc JYwZSyfOuVpf5XEcuI,updCq	18-276-626-7832	848001.6623
274	Supplier#000000274	usxbl9KSW41DTE6FAglxHU	31-571-345-4549	847990.7959
7655	Supplier#000007655	puv4FgaAA1IK 1PSUFo9uF	12-864-706-9176	847915.0246
9671	Supplier#000009671	BAKZ32zS2iE0d9K7EwS	15-683-792-3902	847866.9434
3403	Supplier#000003403	e3X2o ,KCG9tsHji8A XXCxiF2hZWBw	13-557-725-6973	847841.8302
4751	Supplier#000004751	QdrAF4F9ea7i3aaPY6 ll8f	25-656-710-3897	847795.4444
3835	Supplier#000003835	5q2U5RvcC5	19-120-380-2806	847769.7
1430	Supplier#000001430	H7JZy,Px156gtqkfZGSK4PzX8ciU	22-190-359-2449	847752.9528999999
4199	Supplier#000004199	zM5Kiu1llc	30-674-871-2102	847731.0146000001
8554	Supplier#000008554	UVtVFbwh7wjCm	10-158-340-9799	847679.3905
3885	Supplier#000003885	M i ERhP9U FS,0Hi8O4	32-209-102-6679	847669.9022000001
8470	Supplier#000008470	wURUeuqN,W5P4gHfx5wM69o9xn7Wy	33-630-311-3942	847602.5146
606	Supplier#000000606	n,iOFy5X,4GFeXNrCCKBmHucz1	29-856-255-1441	847558.6514000002
1551	Supplier#000001551	eUU5Yh2vBpBKaw93MkAui6rLrkjbs9	32-712-140-2807	847507.127
2221	Supplier#000002221	2VMpv3tW0Gvg6Y0gTeRHa7jYlRXVA	21-889-413-9663	847505.1719
7650	Supplier#000007650	9D 0JiGBiod	28-266-641-8300	847461.4684999998
7195	Supplier#000007195	8hiDLmHelzB	33-557-791-5721	847425.0250999997
8695	Supplier#000008695	ayqRnrqXMiHbYKUH,5HwAWmqrvBRW	30-139-982-3270	847423.8903
660	Supplier#000000660	AmvX 3nxd9r EOYZErE6PvBtFx	30-126-295-9200	847402.5383
4506	Supplier#000004506	Md8nFbfkJvccp4XYndOA8raYFqzmXz,3	12-178-894-3167	847352.3641
4114	Supplier#000004114	eOk2ClJl jmJQ4HfCqTFxANk5K4oLm2	18-649-284-8146	847350.2821999999
9438	Supplier#000009438	A8udVGwu C6al8s	10-348-722-4688	847305.1280000001
4804	Supplier#000004804	NdUhkuDe8ChG VxmXqQsZ	18-835-693-6240	847285.2296000001
247	Supplier#000000247	0bkES oiL2joJGmxdGwPfVCOL,pIQ4JNZBPnOR	33-695-935-2388	847243.0469000002
8506	Supplier#000008506	VDxpPz,XgrZPi11A4iSVJ2JFbnf8x,2w	20-119-781-6781	847237.5042999998
2345	Supplier#000002345	WoJC49Pg7s qEgSIeXGPePT	32-788-147-6555	847138.6691999999
7517	Supplier#000007517	A0jDz3SUnGe7 riLcwD4akLvDAqV8GtXm MM2r53	30-548-567-4623	847115.6244999998
6300	Supplier#000006300	uiFP3Q8mdV	10-134-364-3373	847103.2741999999
5995	Supplier#000005995	rXSzCk rTYRWsfJ	28-637-534-9421	847002.2542
1146	Supplier#000001146	UKWRbMRr47499Kta	10-208-700-8880	846970.9054999998
8160	Supplier#000008160	741VGNtwIZgzKDMmVlvSqKfOn7RIF3V3uIP	12-957-291-3005	846933.0480000002
2093	Supplier#000002093	6vmM10xY771fxGWt3H xYNWHE80,an8xTB5N	29-273-500-9147	846914.3199000002
12	Supplier#000000012	aLIW  q0HYd	18-179-925-7181	846891.8473
2503	Supplier#000002503	DN in fCWeZe Z8ValtBEdwywt9tU48yplcAQc 7	12-403-106-5364	846868.7512000002
250	Supplier#000000250	JkzOvHRi1rEdkZ	19-347-403-1571	846668.9141
799	Supplier#000000799	jwFN7ZB3T9sMF	32-579-339-1495	846656.1768
2416	Supplier#000002416	,M sqna1,5Hz3	23-111-711-7500	846601.8117
8194	Supplier#000008194	kZzNz1UY4OOn5pt5bGhBipEwG	32-566-988-9483	846582.7605999999
7367	Supplier#000007367	bTP8DLvaRAB0n	14-234-934-5255	846463.8247
1545	Supplier#000001545	MNmemS8F3k46UJchrAjJMAo9pRjyoKQC8qk Nfer	23-323-451-6760	846447.1981999998
8201	Supplier#000008201	F6SAIQpPEMTfF0t3	16-757-981-2245	846292.4572999999
5245	Supplier#000005245	M0Bxbdoh5zB2FmYK3fV8DVr8QN4ZqVKn	19-499-819-2771	846233.7638999999
7909	Supplier#000007909	kcbOiaTa0YE0vDSQYwCD2R92xp	30-668-590-3883	846167.0837000001
3320	Supplier#000003320	0uizitM07M8oV	24-479-278-4263	846126.4219999999
6381	Supplier#000006381	3 ADNrPsw0Uo6L9sMLtRxs	30-174-486-7624	846080.2753
7790	Supplier#000007790	O,TZYEySEeLn	32-973-981-1466	845967.5390999998
5811	Supplier#000005811	YclYVRsXa0FyR8VhP4GFCLTYlyWz	29-286-414-2279	845942.0427000001
9602	Supplier#000009602	JljsuUqEqqluhObJMMM5iHO6jTeLLwKgfa	26-137-116-6920	845898.9055
851	Supplier#000000851	fhhjsCI1s8uC	25-692-383-2877	845860.1092999998
188	Supplier#000000188	boP,dP6PjNCADoMv3FaXKRREikgs4J7cYng	30-573-811-4001	845820.074
3461	Supplier#000003461	M9lhQScS9qAJe,jYoBP	32-923-877-7912	845808.1712
2959	Supplier#000002959	0doqdWfV9actCvLdnvNZ9h4aYn9KBud	12-522-834-3875	845661.3315999999
5459	Supplier#000005459	xaHsWujWhGN	21-642-305-7144	845430.9744000002
8410	Supplier#000008410	9riCCazinZsgc8mbjKa1wEfbGv oVlgKhanGW	13-188-800-4871	845334.9783
9824	Supplier#000009824	bOyLQpQE2vDP2TM6k7IPvsIrO7SiWMqN	29-600-465-5561	845218.9737
7361	Supplier#000007361	msFsvlfRdwjfLuk0FYdo5htVVDIKrdlTNeMwP	34-962-658-2126	845196.9012
2185	Supplier#000002185	ir25hJO802yN19NjyXPwlDf5	29-142-107-3683	845184.2455999999
9294	Supplier#000009294	o6G5Zq1lU3zny,	12-785-941-4731	845156.2225999999
6107	Supplier#000006107	TLGzIjsKUQ EIpec7Xy2f	12-396-588-6095	845154.002
4117	Supplier#000004117	7,iPNWDTA32y0Yhtp	19-869-181-5251	845116.1750000002
8911	Supplier#000008911	CGtLI3B 2ifX,nx	12-373-160-1950	845050.2080000001
2785	Supplier#000002785	ud,J9YhDpiDc1x8zF	24-251-430-2783	844890.1709000001
6012	Supplier#000006012	vef8Lme m3HOJ2rHo4iFhuJYJ7sbSjJn1t,CH	22-907-548-8362	844768.6632
430	Supplier#000000430	SMdrDaNv,2XyFOL6oVEfvH	11-541-204-3496	844736.0238999998
2201	Supplier#000002201	qijUKP86TLnIMjrL	32-191-109-6823	844704.9909000002
2788	Supplier#000002788	r6oyjf1YBDaqeyd gQQmw	27-994-918-7883	844698.5394000001
7428	Supplier#000007428	70mTTnsPpkA22r8ygMPNpNEO,z,IylWA7s	12-796-136-4924	844626.9914
142	Supplier#000000142	HvfHnP57pz0w6l	26-302-532-7958	844507.3319999999
963	Supplier#000000963	s3WbU6w31FgnuZVtwGnH6PkyZFg	21-395-611-8793	844485.4227000001
1213	Supplier#000001213	e,v9Ub gKIgvaC	11-983-419-9576	844420.5587999999
1924	Supplier#000001924	eiXNykrhQK20rOe, xSxAuRiXEWlw	14-648-546-9457	844417.7276
4365	Supplier#000004365	s3ZEDTVQBAGeQpWNPvEXjHr QTob	28-139-830-2195	844416.2211
3525	Supplier#000003525	o7P4WyAXhI1qxY3s1Qfha0bIjWzi W el	28-266-188-7528	844389.0891
6777	Supplier#000006777	Fk4ar1mbQLcZ,QscUyNDIenEMGFjjAsbFhM 4vrk	27-303-982-8941	844356.4890999999
4626	Supplier#000004626	hJNB,gJhi UN7HWUd5O,lO2v,sbOoM6	15-350-407-4023	844332.6256
2263	Supplier#000002263	eowPbcmPy9jRFwmavlktYOCm7FwTL58Z58DBN	28-438-817-3756	844246.6207
5097	Supplier#000005097	zs0ORto8VcSZbKQa5BOVtVjl3VlnwhZiThahBUm	17-122-172-6610	844234.9885
7541	Supplier#000007541	dVh8pcsand	32-245-142-6812	844124.0327
1740	Supplier#000001740	Lhf8YneZzZ5SHEo1JL3KSA3K4X	17-187-935-1871	844101.2784000002
5359	Supplier#000005359	QKuHYh,vZGiwu2FWEJoLDx04	33-429-790-6131	844093.3529
8274	Supplier#000008274	Cp,iOqOr70NImmwz fCeIV	28-311-312-6708	844013.6524
1205	Supplier#000001205	Y9,0L5ec9j2C3DiQ	21-322-258-8638	843995.9537000001
8606	Supplier#000008606	jfDNiQE7AIxSTXJQkTUSIpAR0 O	26-761-422-4132	843922.2701
1071	Supplier#000001071	1n,xZC4Q5gbT	25-400-481-5359	843848.3476999998
8004	Supplier#000008004	aEzP7RdbXVfiuAg X2PwZhIM	23-297-541-1438	843745.0957999999
1828	Supplier#000001828	mUsKWGSmdFwgQLp4Q	25-884-510-9495	843704.9680999999
49	Supplier#000000049	Nvq 6macF4GtJvz	34-211-567-6800	843696.2480999999
4037	Supplier#000004037	V9JQR bGGlQ0Bo0vovBVxBkWhB5dvM5tQAUVZBTZ	21-720-641-9335	843650.3512000002
6470	Supplier#000006470	QVFuSQyZonHQDgwpMCkM8ZqouVxKivg3L,NN0z	17-615-255-5151	843632.1521999999
5546	Supplier#000005546	Jcu IfutR4vTFQUg8ngY8sSEjVtUtnUj	19-922-350-7889	843605.1016000002
1366	Supplier#000001366	t0m50fUcmWC8ak3ZUmM	33-398-860-6097	843532.7785
7672	Supplier#000007672	GBNVlTf8,1VWZeEmazMtU	25-242-730-5044	843521.3512999997
9287	Supplier#000009287	GyjYxh9OmFZy5h9cku7BeB6FPZbsFs,V7gd	17-951-355-9834	843495.1890999998
2434	Supplier#000002434	XIZDz5FeJuN	25-103-521-5496	843460.8722
3560	Supplier#000003560	g0cYh,7irrnBIPpIjONxadT,z	18-535-386-5741	843431.4037999999
1316	Supplier#000001316	aQM,o55YRkzb	19-604-439-2043	843397.8058
2427	Supplier#000002427	THyH3qFPcBWsGpMID	14-421-805-1874	843383.2323
8190	Supplier#000008190	6TOnkameTTcaq	12-996-476-1238	843350.8116
9178	Supplier#000009178	zafaXayok 0PJR kPo,wALge	33-556-558-5902	843345.8304
9439	Supplier#000009439	8WNOOTo42CCztegtMJ	20-433-939-8255	843284.1147
7974	Supplier#000007974	KGJzSlNuT7GQLs1TJstDR3p d9	14-510-748-8398	843253.6131999999
6126	Supplier#000006126	YzSYcbXZ9bj0FKFGeM,8nd2py	29-917-807-3166	843237.3017999998
4247	Supplier#000004247	lCntS,Bm 10CjIMHjBTLwAUjvsO	10-680-931-1664	842962.9034000001
1971	Supplier#000001971	MCV9Y2Kw1SwwsWIseqWl	24-124-678-3750	842950.8821
8938	Supplier#000008938	AymnssphwTHTJTy	17-363-294-6578	842781.7644000001
8311	Supplier#000008311	TwY,cwE2OL1LtXGbFEDjpgZjox0	11-549-774-3596	842683.5523999999
8612	Supplier#000008612	jQEKalzEiDSGUtUPCFnrzYWUzpQsM3GX	34-465-293-8301	842644.9613999997
9092	Supplier#000009092	xrTbMrl,fCoK	11-390-819-7605	842639.3883
2438	Supplier#000002438	vVqUc3VNaWWvEZfs	26-280-148-5426	842612.9652999999
2546	Supplier#000002546	8MmTUlvZyZxYi8j49nGCf4aaHsmt	30-726-657-3533	842584.3946
3576	Supplier#000003576	RyjBp84ymqE3Dbj3Di4ijafS C8mJA 0HRIq55vP	26-106-371-3903	842519.9898999999
9282	Supplier#000009282	NlGTGdk YL53Qb	24-255-571-4829	842501.7074000001
2101	Supplier#000002101	WPQIxQOridhW55 NLbnQm	28-766-434-2379	842484.9707000001
61	Supplier#000000061	Oz0M1qBR9I	18-396-489-9719	842475.4201000001
4515	Supplier#000004515	IKvEnE,Bfi8ah91DRQTDFfp6CxGtf0k c	24-845-552-3746	842459.4775
1687	Supplier#000001687	8NXUtXce9tLl LwaLanN8RG8ykJf	21-653-389-4620	842337.9236
1014	Supplier#000001014	8o3SbVMNnBM1foNWeoiVXoPpLhhZcc6tB	12-528-127-4486	842334.9425999998
1088	Supplier#000001088	4GAszSHeEDCKAjzBHRsI79Tv	15-493-974-1062	842141.4539
1202	Supplier#000001202	oH24kcQfvMg1mR46kugriDI837	12-542-821-5279	842074.7840999999
3141	Supplier#000003141	NY9pUW7,7YLdShXDLWVRt2sz	25-619-837-1643	842071.8721
865	Supplier#000000865	zYVm4GPPlvV1MysjqDUItehzU9hD0tIaHeg	27-993-155-8321	841939.7136999998
927	Supplier#000000927	Ype0QDb17eJbg7l35PFzJso	19-185-526-3201	841809.3757
3829	Supplier#000003829	RLYte,by6vV9TWHXOJ	15-644-782-9969	841797.7256
1842	Supplier#000001842	hu3DplLYCAH t	26-104-841-3792	841772.153
3505	Supplier#000003505	,YQvvqAAlz3k11VggQ,xdsYU1yqSQ	34-210-263-5006	841761.3075
5465	Supplier#000005465	63cYZenZBRZ613Q1FaoG0,smnC5zl9	13-279-696-9803	841674.8317
3129	Supplier#000003129	KUMv eIKElFwaK54Z3M Aku9g	14-479-809-1267	841498.1204
6346	Supplier#000006346	1UMASn Ogy1ngmGXp9yx4tU	13-287-735-3672	841345.0167999999
2973	Supplier#000002973	x95AAV25GHIAYU yhQsM	15-295-459-7347	841260.7749999999
8246	Supplier#000008246	9kUVMjClxx3L1OU7nLg7TV2c1Z3Ki2U	10-841-520-6240	841161.4231
8056	Supplier#000008056	d9x0700R,o,KTYA,j02vM1,v7E	21-584-491-3991	841089.1371
9730	Supplier#000009730	8DQwd0yTyFHZAGJ,IJ2V	15-834-304-3803	841012.2984
1485	Supplier#000001485	L8P733QxcUToM79zEUVnOgaU	14-394-892-9890	840980.0406999999
1361	Supplier#000001361	ir3ySC2MMfyEw5mK9U01r	25-805-202-6041	840890.2641
443	Supplier#000000443	nbs9cmnC63bi	20-238-345-8589	840882.1736999999
3303	Supplier#000003303	0E3ihSr0VseYg85LJVsY2Va3Qt9bAjz3ui7,C	21-713-480-9747	840847.5476
8676	Supplier#000008676	,Ch0bG pkQ0,F70Ei2Euz8HoF,NSIUwMInY	33-230-218-4163	840844.7251999999
3630	Supplier#000003630	x YhwKhY,c1A	16-376-892-5137	840740.9932000001
710	Supplier#000000710	f19YPvOyb QoYwjKC,oPycpGfieBAcwKJo	13-147-519-9896	840673.6715999999
3201	Supplier#000003201	E87yws6I,t0qNs4QW7UzExKiJnJDZWue	13-600-413-7165	840636.2984
6018	Supplier#000006018	kZ1m1FQgw02zR	15-400-598-7522	840574.2656999998
312	Supplier#000000312	8XYqBq S,OWbSp9Y2qGBWEV4hH l7ywxk	23-829-479-5202	840553.3924000002
1524	Supplier#000001524	aqGwAL1xCDiPhixZzS47IR2rfuXCa7o	22-928-971-3778	840526.1133
2663	Supplier#000002663	eVFAioltCy3il8D tOc Cslu	27-626-994-4952	840522.9069000002
550	Supplier#000000550	QQavssDXnYHbvOrg	22-648-743-9295	840520.5393000001
4002	Supplier#000004002	MbWjR,serF9TsLjrAnK	10-570-768-8782	840457.6449999999
235	Supplier#000000235	W89jjgy458	18-835-352-6531	840396.5207000001
6324	Supplier#000006324	oTr6OS8K3vXvZ	26-396-854-9732	840383.8150999998
2174	Supplier#000002174	xzOhWsAOU0knDpclr0SuPz7h,UCboDZ	11-235-588-6823	840226.0031
282	Supplier#000000282	Gh,k4vQQPzOyIA9ac9re5IjaV5LyXDtZX9O1kNG	18-420-459-8366	840127.4203999998
9700	Supplier#000009700	UTdFgLjpAb3	11-622-840-3751	840108.9689000001
8321	Supplier#000008321	MxbBDSqft2YviX	21-888-240-9800	840014.2418999998
9986	Supplier#000009986	miUqD2v,UJazIe	18-816-555-5359	839953.8037999999
4043	Supplier#000004043	0BryrUWkXJLiWt u,QYJ2UGINZwd	23-938-285-5439	839947.7873999998
3486	Supplier#000003486	DgPB,ASUAF	15-316-749-3098	839900.9221
7369	Supplier#000007369	scvOOLLT4mXO6mtuaLmoYVb2,Uz 8nVUbUb90g	19-532-859-9127	839796.3768999998
8118	Supplier#000008118	6Z5HvonPjPm4 s02GJ3dqJyleY77iWwqUchwEsUh	32-442-636-9572	839772.5907
9928	Supplier#000009928	cwQWbd1kve3	24-802-656-6504	839653.2868000001
9173	Supplier#000009173	vQCb4bAca89UOII,4ympOE7fHyCLyRl	26-637-798-3487	839612.8451
8474	Supplier#000008474	6PP Vy8sEsdg3r6wcgOEFR,xikND7uHsOCCwMKS5	29-167-952-8672	839601.7412
7096	Supplier#000007096	ZRjdMsQ7qua7x,t2argj	17-682-424-6014	839584.5845
6015	Supplier#000006015	gD r5B94LbZJMhWOezrUjy01NUeJOB4C7NoHSvHh	28-913-465-6684	839583.9889
5544	Supplier#000005544	nGkP19y2yjhei7gPHs2EBsWZ1DXdIPVhE	17-790-588-3436	839579.6576000002
1564	Supplier#000001564	4w6z11S90E8QbtCylGdxhh	19-656-743-1239	839543.4194
8520	Supplier#000008520	RqRVDgD0ER J9 b41vR2,3	17-728-804-1793	839415.3896
6836	Supplier#000006836	fs,fRRfdtxXGT1Yujqd	34-471-400-9992	839405.2348
1737	Supplier#000001737	PYmhWHl0BbjFYyExQIJsL ,6LFobxXaOQPH	15-199-724-3432	839322.2868000001
157	Supplier#000000157	,mEGorBfVIm	13-776-259-5994	839242.4494
7478	Supplier#000007478	g2NN3fXFMc4uJ	33-864-385-2033	839188.2278999999
5693	Supplier#000005693	TB8s6K2lo6se,Yu0kABDIo gHDAg3Oxd6UsN94	11-716-502-9928	839054.6867999999
1143	Supplier#000001143	Lm h,MliyudNgZYMKKEE1,CUh21kOOdrqdDPZqm	10-761-431-1486	839027.9832
9241	Supplier#000009241	8nrvAcXiaw0NVOKvUthGohy2T0yZQx	32-250-945-2444	839023.5766000001
6915	Supplier#000006915	rKeFMKV459Zrqek,sA0lU	14-224-353-9827	838963.8232
1211	Supplier#000001211	g lldwVuium jP79qGZT6ztUjTuCZmZKrNlcHglK	25-752-441-6583	838883.7353000001
7192	Supplier#000007192	VYQVSMUjNYlJB8CvmdM4oI9EmN	18-678-210-4987	838817.6218000001
9260	Supplier#000009260	JRyiZezd,S6xr,TiwfjpA7AcchrCCWo4Eyw6VVe	33-206-487-3186	838811.2359000002
4623	Supplier#000004623	1 GzDefX4NG5ZBKiV0Wy1e6HShk8ltXMZVn3JDX1	29-696-973-3625	838612.5504
6471	Supplier#000006471	363dE4fDCx7AaS	19-226-259-4310	838458.8701999999
654	Supplier#000000654	T96kVu5bsOeH6	17-361-437-5840	838382.1569000002
6417	Supplier#000006417	JQv0FIkmE82xpAkcPMfYM91zJesK3qmruv83	10-592-410-7303	838345.0354999999
9252	Supplier#000009252	F7cZaPUHwh1 ZKyj3xmAVWC1XdP ue1p5m,i	13-980-495-4398	838341.9032
4124	Supplier#000004124	V7eiEsuWVK5FQos,YWNZW	22-903-472-5647	838286.4090999998
3041	Supplier#000003041	V0H ouJwyajn70	14-437-897-9946	838244.3200999999
3170	Supplier#000003170	JmDdE,nzwVQiIEV2eEQuUCwrpkn8k	26-316-403-9859	838109.5383
4503	Supplier#000004503	XEsadZv5GN9PbM	11-689-225-1159	837802.0402
742	Supplier#000000742	yaX50kwIVnFeY3	10-673-629-5928	837781.7290999999
7177	Supplier#000007177	YnfYb6Bng,9Lk zSdG5olh1oVhmIQUrV	16-465-628-3315	837758.8201000001
6364	Supplier#000006364	myJZlVAUJbPOdm9 Hv4EVNJvrafSUEu	24-839-889-8482	837669.6393
2695	Supplier#000002695	ildy7QNbrDD8eRVPQVUPD	18-490-712-8829	837645.7853000002
6807	Supplier#000006807	4rZ7qKEOp 2YjbQJZY IXTug7a	26-955-524-6808	837607.8974
5924	Supplier#000005924	EsAX2Kl2ePben8iCc9airPaQAuA9HIr0c9A4T,K	28-596-222-5796	837527.4334999998
7894	Supplier#000007894	YA0K2vTH477wz	16-825-146-7043	837525.2068999999
2616	Supplier#000002616	f3Q7DaCzXvmMZGnqNcMuo26laeWl	20-145-750-2687	837361.9482999999
8279	Supplier#000008279	s8Cpz6OlOq3tpxwYV	18-408-246-8407	837324.7742
3833	Supplier#000003833	8A473YqK3RNPeqgRk5GoWsx	27-405-586-3570	837260.4396
7455	Supplier#000007455	yj0sy598kDac5BYSdUsrzrAQ0s,wTS	23-891-692-3507	837230.8456
547	Supplier#000000547	MaV373lvwj	18-600-279-8954	837204.1677
243	Supplier#000000243	8aQ3HGeOXxgYeMAXZQe B5y2RKEF5jdmN3Qb	16-554-376-5494	837126.4770999999
7454	Supplier#000007454	gybI3LobLdbZeZ	19-315-642-4922	837112.1348999998
3280	Supplier#000003280	TtNwejP, 4GKXNfky9Jc,8gaGEI	16-794-822-3737	837064.1997999997
6131	Supplier#000006131	00JMmsG0Cq	20-579-721-3330	837059.8807
5914	Supplier#000005914	SAAh9XqQBEDkP	34-768-936-4723	837021.9701
8647	Supplier#000008647	yxVUE6STSCSj9	18-450-355-8251	836880.8387
2686	Supplier#000002686	HjZjaomwf3GTfTsasFjSZL5J	11-817-316-3479	836868.0909999997
1780	Supplier#000001780	5VXXjHsRuGrU HNS2xdoUCPw5LMlrJVcUOd5ED	15-148-378-4534	836864.1255999999
3503	Supplier#000003503	8cklTaUWDAJSr8xqe	24-389-158-9471	836773.0277999999
6201	Supplier#000006201	VB8PhjCt0iWcSwSg5w0nnl,D4XdZfD	24-713-373-9372	836724.8083999999
4490	Supplier#000004490	yV,6nQyyVJgEC5fq40JcEu3k4yBxtJL	25-506-743-6374	836711.8345
2957	Supplier#000002957	9LSKFBs0q1sWgGk	11-471-704-2831	836632.8594999999
197	Supplier#000000197	YC2Acon6kjY3zj3Fbxs2k4Vdf7X0cd2F	13-999-250-8664	836582.7005
1816	Supplier#000001816	e7vab91vLJPWxxZnewmnDBpDmxYHrb	16-392-237-6726	836576.9188000002
8534	Supplier#000008534	Lejalo7504fMf,L3	31-549-453-6110	836529.4527999999
5849	Supplier#000005849	rCK3WlppdkFX68a5bxonrSwKCp	15-582-489-3907	836344.2259000001
4993	Supplier#000004993	cOg,bCELki4zYO9h01DHD8Hv0OV8,1z 4,	20-685-878-9636	836328.6076999998
4113	Supplier#000004113	35Re27oAr8h sP3V	29-821-992-6070	836245.1826000001
3943	Supplier#000003943	k,5rvnqP14,iPFU7ezbrr1beRq5	16-898-613-3470	836128.3509999999
4631	Supplier#000004631	,Se21e0egM,Vodq ABbNjMf25kTmWgkDqQjA1f	27-251-691-3991	836099.6606999999
324	Supplier#000000324	QDsgOSozg jniYR2HzxofLZyk0qGdJe	28-637-452-5085	835957.7926000002
4862	Supplier#000004862	Jw2TyiktrFJmTKg6EkTdR,MP13W	15-985-709-5896	835855.7287999999
9859	Supplier#000009859	QR0E5htVvlb4qLK50	34-678-888-8655	835847.1554
6509	Supplier#000006509	acnx8i SgMshmL4xmWDPPslVCZ	19-863-711-6784	835780.47
1768	Supplier#000001768	Ug4jMAaK46J31Z5GFO7x	32-197-236-9784	835727.8187999999
3709	Supplier#000003709	sKb0zizjb5,fiWrpvyQIGQu	16-992-515-9915	835725.3008000002
634	Supplier#000000634	hS62vraooyHWnMKyZV3f1GSPeKJ,7uRK6M5	33-105-608-2902	835649.0628000002
8516	Supplier#000008516	UaL9jrvT8BqR2GB	21-185-933-8590	835648.7518999999
7512	Supplier#000007512	pXSnLcEj dzzxyUNG	21-146-481-5250	835629.2516999998
7090	Supplier#000007090	ja16GplPqUs7rAMcEWOq12XOW2cQp4FzBurosq	16-663-439-9561	835597.4715000001
7866	Supplier#000007866	7DFuXLW8cplC,Y2BZJcBWPP4qa PcE1	29-922-399-1133	835592.4966
3060	Supplier#000003060	IkfB9x222pSkvA i,t5M	12-218-639-2134	835583.4295
4295	Supplier#000004295	8NaPns0LW4U,0XB1r7Fq0n	31-599-168-3458	835578.1505999998
4134	Supplier#000004134	mtcNe9kFAvH1cbrhZd3nnepaeug6BbNadQ1Dd6l	34-211-814-6217	835574.6505
7028	Supplier#000007028	L1cJBpLuoGXaQPE5AaSLHxcWBoRxm3dscjh8V	17-894-762-4422	835565.8805
6657	Supplier#000006657	9a0mbaiz3,SVNBYkUX5nZrG	18-420-339-5474	835518.0742000001
7469	Supplier#000007469	KKE9Mc1RMtPHJwcLuR7Ces4PZOqcVr	15-769-400-5716	835517.8667999998
493	Supplier#000000493	7tdI3AtlDll57sj5K48WLX j5RDbc	21-252-702-2543	835510.0294000002
4476	Supplier#000004476	QYhizpJ2Hlsgz,waBJ3hvDy1FP	29-423-720-3024	835495.3881000001
7424	Supplier#000007424	LkmE8pkvAyBMw3zuOXjK3EK4wlh3WYz	14-771-660-5924	835275.1331999998
397	Supplier#000000397	kFrhzYG1SR8aWrHsftcptN,im88pImSkxxFu	34-880-360-3462	835264.37
4184	Supplier#000004184	KgIknUf2VZcXo VbD	18-442-744-5424	835225.7803999999
4984	Supplier#000004984	wLesh,3xCc,GrrtbzT3f0RoS4H0btIuUuR7624HP	15-773-360-6268	835199.7529
4143	Supplier#000004143	0wxhz5ApPeRrkEyH5rQg35MsYCh	29-195-404-4570	835185.7985999999
7033	Supplier#000007033	ZgjvkxLbXCLTLOIXv6GP2GFSyar7C8u	25-242-847-3215	835183.9505
4022	Supplier#000004022	hBM8bCaPoIiubGfQAWhkCC9TLsgZAE6Wd0O0ap	34-922-888-1759	835127.1975
4209	Supplier#000004209	HlxV6Iw49NHEA,GNT	18-848-514-9363	835017.2525000001
1422	Supplier#000001422	J48g9qobTEuBQPvZa6DH3TEHlL1VD11xtutv36pF	10-968-396-2949	834811.6575
2735	Supplier#000002735	mnAZDTvi6bBZJzwFHR58Um7vUo5c5qRjm	26-217-989-9553	834703.2391
5569	Supplier#000005569	Uxf0yd2cJI8WjqXeC9	28-541-359-5857	834640.2432
1601	Supplier#000001601	6tH4HvB9R4fqljDeAprIspXqR7MUFtRueDIWd	30-869-889-7813	834545.4352000001
5148	Supplier#000005148	kT4ciVFslx9z4s79p Js825	29-252-617-4850	834432.4712999999
3057	Supplier#000003057	nI,owTJt24PQXdzm	20-976-269-2335	834379.8398999999
2581	Supplier#000002581	JNhWdkCsY913kACx9zOSkDnj2kqnyH	24-129-434-1961	834369.084
7219	Supplier#000007219	p5Ui3IGPcmotYu	31-888-210-9936	834362.0099000001
5677	Supplier#000005677	hBD9UkHo4hVnrLmKGx	31-198-589-9459	834357.2943000002
3769	Supplier#000003769	lYOcs39GwDE2kxsdk0mLwZRHyp9m	19-719-440-9567	834352.3875
7651	Supplier#000007651	HHs2bSBnZKmhrEzXF Tj4o6B	33-761-193-8351	834319.8161000002
3308	Supplier#000003308	VVFuoh4ipur7tn1Y2	21-291-881-1400	834239.8901999998
5364	Supplier#000005364	JQv2kRDiSrNNy,kXc2aWl	11-883-386-6571	834151.2726
6406	Supplier#000006406	6poMVDDzXYbs1NEQraofgkesi,k OM	16-865-709-3599	834117.3190000001
7596	Supplier#000007596	hH6,rbnfRopUcXb8BKuJXq4Ab1nXGOnJ	12-281-883-7492	834103.5708999999
1076	Supplier#000001076	JAOvjKSP 5NvmT9skNrI,ukWr5Ah0SBMv8Eg3ogR	11-392-708-2761	834051.1589
6908	Supplier#000006908	DJMzK8rdo1thhIU7oZ	32-720-524-3933	834047.1042
9780	Supplier#000009780	uukEUY7b0iw	23-963-126-8388	834001.9766
8144	Supplier#000008144	Ps5Xk30eWJwIGp15JSA,VuzbN0Q8j	16-687-949-3464	833967.7111999999
671	Supplier#000000671	VlDv51ScrQCe1eVVnz S4Kq5wFZUKJd PyBI	18-730-953-4689	833914.8372
4719	Supplier#000004719	yR99LcVeVOxcix1XIiMb7UpFYblyQaEe aMg	27-773-971-6110	833805.8343999999
1932	Supplier#000001932	YxTEoa6pXu,	25-765-538-7915	833791.2303
5657	Supplier#000005657	lRNgdIsnpQGn	33-492-144-7673	833786.6228
1256	Supplier#000001256	CledM8jaL7bzwwTmeP3xDLv7MRUpACQx Qf	14-524-830-5425	833702.4827999999
7937	Supplier#000007937	sXQr5CxeOi3HqGa9nxIf7m0kWFZI	17-586-381-1686	833683.5536000001
3352	Supplier#000003352	KiW9uVGMM0Ea,JfZM1eXK5CQ783fH	29-521-116-9767	833672.8576
3334	Supplier#000003334	zigrt6rOiwC3fZEA9XzmyZQ8TB2TmqXWKm	14-175-251-6018	833647.1610999999
7573	Supplier#000007573	C2xSsp4M5SFGQo	26-754-576-8528	833604.4526000001
1839	Supplier#000001839	qx3yuUFRa1yqQq9LB81BEeQVOdonLuJUjbKyXpn	16-360-113-7327	833600.0113999997
3134	Supplier#000003134	Tf2g02QiZNw5 25ztui bmuYKO1gHT	27-331-187-8404	833486.0001000001
2697	Supplier#000002697	qiE2VlquDc7kgapBF	28-183-549-4660	833464.3191999999
9370	Supplier#000009370	EaNQ6rs49m	12-103-823-8017	833452.1811
198	Supplier#000000198	ncWe9nTBqJETno	16-355-298-7120	833433.9909999999
8038	Supplier#000008038	YkkdqEh9lvZyRRE4nmJ3vsZM0	34-568-253-8725	833420.2207
3145	Supplier#000003145	UzjUeHAN,FKq6Zl7jj7CewZsJflXxWG9F	12-143-538-1885	833337.8435999999
2584	Supplier#000002584	,tsRk K2JA2xniuLbwtE1XHJ	29-531-347-2796	833284.8753
9587	Supplier#000009587	tWLWLuqaJuIPELHYIeSs6B4VG95IcvUSti15	17-306-558-6416	833261.3507999999
1223	Supplier#000001223	3OAireaY3KvX	16-769-448-3298	833260.5922000001
1659	Supplier#000001659	Y,MPrFueR16	21-972-375-2358	833252.6586
2819	Supplier#000002819	bx78XM7oJSA0t0PYr22zsMSdHv7	23-526-415-7857	833127.8994999998
2067	Supplier#000002067	9dO68x0XLMCUDuFk1J6k9hpvLoKx 4qasok4lIb	14-252-246-5791	833116.6973999998
6974	Supplier#000006974	dFI1WJMAYZV zbw4VKGVyATMRPL73B9KwGYKv	12-709-586-8799	832963.0900000001
2997	Supplier#000002997	79e1hAERDnLwvCE2H	25-888-696-8121	832931.024
6541	Supplier#000006541	gNLBAjeplBWFTiX	25-145-275-5921	832811.5230000002
9839	Supplier#000009839	pyjNb8DFD7Xl	28-153-513-1311	832800.7069999999
9861	Supplier#000009861	eGGB4oHunaB lYreIWG846uc9I	30-306-312-6601	832665.4286000002
35	Supplier#000000035	QymmGXxjVVQ5OuABCXVVsu,4eF gU0Qc6	31-720-790-5245	832655.4903
3223	Supplier#000003223	j07Sdrjrg3yn5NeLX v24zbwNLj TwryY6C6F	12-573-248-8700	832458.137
2638	Supplier#000002638	AVxWH8wr755sf7ys jCr7C24KyXG9earxO	21-265-852-9504	832449.1103000002
8303	Supplier#000008303	nulXQplnGSS3LXsCo4Ml8jpR8KDGI41lku	21-980-501-3504	832444.7288
3932	Supplier#000003932	NNsx7jMngxxQhii1cU9ZQm	33-396-117-5168	832411.5269
6695	Supplier#000006695	8PQEZ8ubOtqYg9G4cI4e18URQwBAj	17-237-232-1067	832185.5211999998
6125	Supplier#000006125	qss,ZNIC67LLACrk,xIU,	18-410-972-6157	832137.3452000001
3862	Supplier#000003862	0XXFhF1IDBh	31-641-472-3724	832114.0586999999
4509	Supplier#000004509	j1WZbSUfYT5czrsNDQQ6	19-937-913-1699	831960.8618000001
1210	Supplier#000001210	vt9s6P1sT9ncs84dMKz4Gful7YLzU	19-547-533-3573	831952.6829000001
9648	Supplier#000009648	1dverSNf UlXPKteAbTV2Qq	30-861-462-1621	831928.9819
3798	Supplier#000003798	F5g3WteYQiK1rxnj7x0aPv1TdSE7hO6d,LkZ96B	15-508-254-5516	831828.9118999998
9229	Supplier#000009229	A 0alml2sSRNNDzJ85OII2P91	11-538-888-5944	831823.906
6479	Supplier#000006479	MmGZ6AAzGQ5,ue1hU4G2zxoiZxCfBdIz	22-234-775-8368	831811.3004000001
4377	Supplier#000004377	FI7 VtABAz5ANSCziB3HrXfX Er1,9bY,g5drnb	32-457-129-5517	831625.0486000001
1523	Supplier#000001523	vqDQGhm58v0	20-315-869-6648	831525.1946
9433	Supplier#000009433	Dq3tVIK2Hz3lV43y6EMZe8	28-587-206-9649	831402.7420999999
7747	Supplier#000007747	2monYxu,U6,R cCd wz	24-911-546-3505	831339.2659999997
3611	Supplier#000003611	FSPfboa25EjNKVDf	22-344-349-2209	831313.0473
4063	Supplier#000004063	FN6Cy0PtDb 01IKxcVzmO	27-145-373-3507	831248.9568999998
2217	Supplier#000002217	OKKxE,bL1tm2olSlad	15-801-159-5004	831236.7695999999
5927	Supplier#000005927	wnr9EDASMFzXRXdmxi1EhEMBhcgaSt,QtA0,I7	32-621-372-9004	831232.0705999999
4708	Supplier#000004708	gvwZrzlG5X0fA	34-982-296-4584	831174.9349999998
4525	Supplier#000004525	xQNjiof2bcjYhUA2jSqApTzKMHcGS	28-145-832-7821	831156.7687
5880	Supplier#000005880	,kWeCiR0Z0FKHgtlSl	21-288-277-3094	831048.6502000003
9811	Supplier#000009811	E3iuyq7UnZxU7oPZIe2Gu6	13-468-254-3805	831043.2372
2721	Supplier#000002721	HVdFAN2JHMQSpKm	13-957-330-7254	831029.6579
5103	Supplier#000005103	DfoIXDaKULqKehaCB1RNNL1v9DFK7OYj	31-651-628-8911	831017.4548999999
1620	Supplier#000001620	yD0MbgagtO2	34-133-815-7983	831014.0443999999
1171	Supplier#000001171	lIEeTSlZFfoWspupjEWITxwraW7sWYqfy	20-726-223-9192	831001.6273999999
1394	Supplier#000001394	T4czIZ hTOWX2g,8AaSeMKn	33-490-926-5968	830989.0260000001
3635	Supplier#000003635	iZVQF YThR0AJ5kW8QaHZh	16-285-983-2036	830987.8966999999
5780	Supplier#000005780	H1BVHnv2ofhISQM1GdTUL	34-276-680-3520	830876.8746999998
2885	Supplier#000002885	7wgc,Ccw1HNHeJZSWhmubwW,HK1Yy8ADe	22-492-408-3593	830784.1792
2487	Supplier#000002487	ubg4I99MPSr6ll2Eq5oKAvkRtvCK,zs4EM	29-188-309-9763	830754.5033
6536	Supplier#000006536	n24 pSj4wdWDUbw	32-639-527-9813	830748.323
8598	Supplier#000008598	i1Z531x0yksPsQJzZbz	24-482-107-8932	830725.3465999997
3365	Supplier#000003365	s81WO,kcBf69	12-257-308-3743	830695.3208000001
446	Supplier#000000446	na LX4kqDQbh	18-902-583-3116	830679.9270000001
791	Supplier#000000791	2dFfV7U1kBADWXl,NpgP0	32-320-959-1370	830673.5755999999
1298	Supplier#000001298	4imjXzdv0Ydsu4b2FXl4QT,Gv	26-903-838-5675	830644.3895
9916	Supplier#000009916	Q2iGrNxzf3Q	23-476-236-9601	830484.6581
4075	Supplier#000004075	hK6J7VA GsAmrmRLV5EWka7h jh	32-699-618-1932	830441.9709000001
9753	Supplier#000009753	wLhVEcRmd7PkJF4FBnGK7Z	13-724-256-7877	830250.6425
6163	Supplier#000006163	2szRCosjkC0L,	22-978-145-4086	830240.2169
7872	Supplier#000007872	wNlvR0u0jwFd3wvWdRGpnN0G9g3ArZyrTuX	16-117-200-6865	830201.074
5946	Supplier#000005946	l jKrqXCWzhmCRZI46nTLQX	17-363-366-2693	830167.3617999998
8838	Supplier#000008838	RWv,lKbrrm3bz,WCTEIIg giLx5vXahLv7ifyVzJ	23-384-338-6850	830131.6084000001
144	Supplier#000000144	f8tddEKps816HHqNwsKdn3	30-726-423-7363	830081.6722000001
8277	Supplier#000008277	m2M7W6isuP1ejlBYO	28-112-434-6207	830064.7564
8489	Supplier#000008489	9POyLv4,k5eIJ	18-475-311-8785	830064.0468
4944	Supplier#000004944	,eN75B9Wo,VoklFVVnt4	21-660-312-1204	829957.2274999999
7504	Supplier#000007504	Jd0UZtAgCGSTqPiyj614n	21-608-908-9154	829916.8994999999
964	Supplier#000000964	JpH9YUQjGXD1GChWcPj9LEGMN8xwZkCzpdG8HlNb	17-693-102-9498	829596.9176
2100	Supplier#000002100	oBp4v4AGuXeRh6tXeP	14-765-745-4694	829483.9668000002
170	Supplier#000000170	RtsXQ,SunkA XHy9	33-803-340-5398	829476.9813999998
8169	Supplier#000008169	Bob,3K z64MS1DlDao33mhc,G3XrKvFQPhykDOa	12-939-306-9972	829460.1572000001
4006	Supplier#000004006	eialYLhP,,gkxUf5jbsaSk	19-305-605-6821	829427.1408999999
343	Supplier#000000343	LTRj tcLNq34je60R7LkZtNrEwmry00DIXguSxMS	14-617-526-7362	829414.8455999999
7891	Supplier#000007891	TNRiO4REOsgcOM0LThVlBGaKWr	14-337-166-5000	829359.0961000001
9764	Supplier#000009764	pcQj5Q07Rq5iEGSHa8BBpMGFB	27-202-590-1209	829303.6183000001
5236	Supplier#000005236	J1CVBhwMuEbyfqgMhjAragtEwu	30-794-178-5398	829298.676
4135	Supplier#000004135	dbHS8xeJMoEG yEVI,eRk6LZrj 89XoJ	17-244-262-1877	829289.9717000001
6132	Supplier#000006132	lOZaYI6nNeaGthbWyJ	11-732-590-2065	829244.8508
1675	Supplier#000001675	ivZoa,172A5gp4dgA93YI6l96Ksh5XkKeEcy0C	33-133-387-6972	829240.3929000002
1469	Supplier#000001469	MYQJxMgJtkzqOv9xIZRZuKweoHtgTaQwyG	26-598-883-9977	829080.1576000002
4442	Supplier#000004442	mn6Q7Troq9QrX6KFoKD8J8LO2	22-458-787-5062	828951.6595
5218	Supplier#000005218	LeY2,jtHtxXE06Yj23mQJQfSL,zzwXXFXq9j	28-727-621-9068	828933.7749
4915	Supplier#000004915	3HwKwI7eMsaN7O1ct01o, IuLgU8jh	12-708-598-9707	828893.1481000001
2249	Supplier#000002249	lR3,fjyJbUjqJER7tUq7Ux7BDrci3NyBUuXx	32-295-610-8194	828833.1272
4632	Supplier#000004632	pESjh91jVTYjgolst zkE7GW8I	21-501-383-8312	828830.9748999998
6839	Supplier#000006839	ylo, 1pWf0xfyQmGenO4t1apcOX1	16-622-617-7760	828764.5994
5202	Supplier#000005202	C2PMMjKmpgC1ryNad3CI4kMVE9UaH81Uxw7J12 K	11-526-435-3834	828710.8332999999
9799	Supplier#000009799	4wNjXGa4OKWl	13-717-932-6533	828687.7570999998
9238	Supplier#000009238	uRuktQQJMIWbU3v5HBuSh0,16sUs8OnaI	28-830-306-5949	828606.4885
5316	Supplier#000005316	9oik,Nu,ADtHG1hkjAUgh5KN1sLbFNpFqQzthMH	30-773-378-9147	828585.6504
3462	Supplier#000003462	se8groc4wD7	13-423-684-7692	828515.9710000003
837	Supplier#000000837	717LGrDM2ChnIS91,PE4 ycp4mu4HPdcX	22-626-153-5392	828486.0103999999
8894	Supplier#000008894	,FCImpJ5dB1KmqSHqi8FYGtsBsDZSXFaIwgbV	23-598-737-5141	828437.6354
5085	Supplier#000005085	PTibly42d9jcNqYjcWN	21-713-600-7449	828432.9826000001
6676	Supplier#000006676	pIyeSgJYXbGYTPR5h	16-637-528-1730	828280.0824999998
2961	Supplier#000002961	WiNswf36sCtyTT2jLt7DBsQm0iUzIHqZmIL	27-242-303-7314	828232.8598
189	Supplier#000000189	SlPFDFJnn4gtrol	19-482-239-6669	828222.8507000001
5696	Supplier#000005696	a8mRYpNQHaBi0x5TYejuHPn,cb	12-622-757-1711	828211.5607000001
1144	Supplier#000001144	6cmLWYN1jl pFXSrHuyrFryFWqB	16-730-992-3332	828150.6612999998
6030	Supplier#000006030	FZwls8Wy7mYrj netgHZS4E	11-166-588-6851	828089.8860999999
7621	Supplier#000007621	MAqy4THMPElQ	31-227-850-3395	828076.0678999999
4980	Supplier#000004980	02Q4zPvy2fluiMZSpr	22-144-143-7299	828069.0395999999
4653	Supplier#000004653	VLrYp0Z46kXnP28unR7soV9mhWk,4hpJb	25-257-432-3531	828035.0858000001
2515	Supplier#000002515	pFcun6TefWByFbtruvgys7IUoSUV	11-930-354-3487	828009.4054999998
5260	Supplier#000005260	oIi3inr8BuvL	21-757-882-4929	827989.5208999999
6590	Supplier#000006590	eXjko8KE0ZwmkgtWytg	11-817-638-9323	827968.7191
6787	Supplier#000006787	uc7YzttoH5LKqbaQSKsX	17-353-912-8165	827661.6854
4676	Supplier#000004676	Y5knpC3 tU4BIC2ezyRac1bGTjC qhIb85pA6TC	24-571-838-3209	827654.5208999999
7728	Supplier#000007728	TXH8rd7zkawQPgqNlazTUFrLpZcpNYgEsTX4viFb	11-478-665-9769	827647.5388999997
8379	Supplier#000008379	GeHYbtj,EQacbKAWsyz7SilH5BJ7cY6Pq	10-247-201-5353	827350.7865
6264	Supplier#000006264	hsAqFN4vuG4UtNiHHN73WpOiOBSpUe8P	23-149-361-2166	827253.9283999996
8559	Supplier#000008559	IvHvgZ0TtOMX3xFOW9kgYDNXsZv	13-857-535-4259	827024.9641999999
1903	Supplier#000001903	2nXFdZB2h8sM54OylU7SdZ2yVJXsV2qj9841m	27-149-331-4571	827002.0236
9153	Supplier#000009153	HO1p,hzFE5FdhA0ven	15-363-777-8969	826861.2231000001
5239	Supplier#000005239	zMh6trjCArLcsPNeRnpE	29-911-233-9405	826699.9415000002
7842	Supplier#000007842	F1MV32ZAwYPR2jVH26jvKIFnfAFcignQ	10-578-478-9082	826649.0053000001
6075	Supplier#000006075	SaqEkAoon6kBs4BHleNpr7wjkxBUmdVTIL	34-974-382-9192	826642.1336999998
5776	Supplier#000005776	5tlx5Mg39QBtCSrKo9sF7KW 5q	16-713-108-8117	826638.5113000001
2660	Supplier#000002660	yqHOcpFCkr00HW3u1LvK88fXVdvsDwh	21-841-314-3330	826595.8942
8140	Supplier#000008140	X2m71gmpJK4vv21hikqQE	25-198-149-1934	826578.1116000002
1565	Supplier#000001565	bOwKHdBteMkZoZcxdigk4Tnu07w1gDztmV7hvCw	21-791-273-8592	826547.2204999999
9128	Supplier#000009128	LrpEZbk4mEfBc7yyH9YfSJ9Y32KH	12-394-187-2267	826494.1536
3678	Supplier#000003678	LN9MXDkJ2g,MDiWKdujrnBCzm0d9PzTYMsi	24-116-658-8539	826478.2481999999
1833	Supplier#000001833	5Jw0JRVxg8g5wWHl20BY gxj6AC23Lx	26-441-871-5201	826298.0734999999
563	Supplier#000000563	Rc7U1cRUhYs03JD	17-108-537-2691	826295.6224000001
9497	Supplier#000009497	xR5T0kfG8aorZiHdj68G7gsJrzg7Y0,l8YLyP4q	20-952-509-8484	826271.0366
5630	Supplier#000005630	s,XoCisPT9F8GjDHpG 60X 1ahQ6b	28-766-701-3392	826207.3485
7215	Supplier#000007215	56XDMiFtYQo8aT	20-316-167-9209	826027.2749
2073	Supplier#000002073	t1cHUsmf93	12-738-301-8859	825825.1793999997
4585	Supplier#000004585	G7bSRD0e9e9y9ZsPwAUCkDdFMtUnx2LR	29-735-172-5379	825808.5221999999
9337	Supplier#000009337	W1ELyZLRBjJePS0ed1Q1,nPfa8O430oO9xC	30-789-515-6554	825770.513
9842	Supplier#000009842	SFSzJsFlLd,SU8hgxrm	18-593-121-4233	825764.9031
273	Supplier#000000273	O0TyoQXlzJx	25-247-243-3871	825738.8121000001
857	Supplier#000000857	srpKWldPZrVWm0dKjc7p 8fMKm1fYF	12-715-212-6604	825738.2282000001
3774	Supplier#000003774	dT7fNpZQtxjlg9 8P5wV	12-564-472-1411	825637.8839
5022	Supplier#000005022	LtH4qtqST6dY,v,Bs	10-234-680-5990	825531.3899999999
4599	Supplier#000004599	2l OlFEd9pU4Qv2gjjGPySzp	31-847-997-6293	825530.192
4448	Supplier#000004448	B,,tc9ChgqLrV0DLAaM7BEWj0cPzlNivt	28-528-132-9840	825520.8515999999
5272	Supplier#000005272	Quvb9Q,mTDT7jvDBfRmOWBRZP3R RAcoH5	17-831-726-6269	825507.0403
663	Supplier#000000663	tPtpVTsSAQNw,4GgXR2Hxx5FyCxxgqmW,jE sRT	28-798-122-1574	825490.8662
9634	Supplier#000009634	4sY25wAikcb9Ns UG3	24-110-493-3099	825424.8392999999
3551	Supplier#000003551	bumlGkLc0PiTwlwIVoIM7yvF6EBPZ0	28-242-414-9331	825317.4125
2280	Supplier#000002280	iaCJZ4e,IydT9Qb	19-219-933-8214	825308.1009000001
5215	Supplier#000005215	IFKN5IkO3h	16-921-861-7733	825251.0523000002
283	Supplier#000000283	MWLpGjjs1WoofKSoN7Lm0DXcSY5H4E9CeneF67ZQ	27-409-203-4267	824956.7527000001
309	Supplier#000000309	gT84r,AFSrZQpiSCnE02B3QK	12-950-744-5100	824803.6543999999
6972	Supplier#000006972	t Cj14WjX65vSj8OC0g	28-271-809-1877	824784.2593
9356	Supplier#000009356	mp4A S oA2eBOo	17-494-308-9212	824782.1032
743	Supplier#000000743	ccFQShf qHch yPwbryx12DfnIYAp83,F	12-841-918-5889	824696.0834999997
716	Supplier#000000716	OJtq1HiFQczPdQvmhx0gE2exTEdnJr	26-413-887-2014	824606.6405000002
2285	Supplier#000002285	o2HCnNpytSY7wQIVZ77YrG	14-380-268-2685	824532.6882000001
1024	Supplier#000001024	w924TeycgGZvIbF2BApEzAzvZg7pVgRmWomz	20-360-741-6895	824517.4572999999
2554	Supplier#000002554	tFdJFJR46eF3X tG0xnfsTQ	15-739-167-4541	824327.2398
5635	Supplier#000005635	LXsy9xMjwREYKD	26-993-908-6978	824327.0088000002
2824	Supplier#000002824	thiY8LAz9mpadxC1Uy71CPDr VMcYl6w4CVjU5fF	24-489-868-4574	824266.0299000001
8387	Supplier#000008387	QdajYtgOvNZjAdY4Uu1VcYqnrSbSCz0r8	32-535-328-6371	824225.4808999998
6095	Supplier#000006095	dj8mhVnCtaxiQeC0yecDS	27-134-165-2408	824204.5600999999
4907	Supplier#000004907	77LkGSkqBmivob16KXbkuOKVdy	32-328-528-6335	824169.0788999998
8684	Supplier#000008684	68Mbg Y2i2lVN7hlYKamGXeTwn0utfsPJN	12-456-342-5923	823990.0767000001
8659	Supplier#000008659	ZydN4jeo3uXphe9cGLX24	25-293-120-7470	823932.8544000001
609	Supplier#000000609	n9 nkdqilT	22-852-519-5068	823770.1641999999
7740	Supplier#000007740	pRf1UWgkERuvA8sqNCIiEEyGajtxo	18-282-428-3507	823766.3846999999
8915	Supplier#000008915	5,6vc4drzY8d1YxXJq7	29-754-306-3305	823728.8550999999
9458	Supplier#000009458	SEPWjPcp03 JMpsCzShQuYAkCFuLXg	22-198-686-8871	823702.2147999997
4871	Supplier#000004871	,phpt6AWEnUS8t4Avb50rFfdg7O9c6nU8xxv8eC5	13-651-605-4159	823683.074
8248	Supplier#000008248	RV Kle n81znB XjxMnKuyu	20-799-147-5925	823679.6001999996
4212	Supplier#000004212	9yBvOycd0LCgj96MSFwPj	27-121-443-6101	823653.406
4853	Supplier#000004853	2xAslDU1065Y,NMWe0U7zMaHaFI	18-794-159-5400	823607.9037
3300	Supplier#000003300	ZbcbYHYoI5fRIRieYU1vUzVq	23-941-280-4033	823326.4467
741	Supplier#000000741	BLP6zAc29lDLOvSE3 h2	17-292-821-2297	823184.9070000002
3985	Supplier#000003985	iq8EWKwGvJsKur1puSAnm cbptVohbwE	12-723-867-5722	823164.5592
7662	Supplier#000007662	VGk9AgllnOQ2,yPPk,pfHXJ4NgF2	30-162-843-3198	823029.2110999998
9924	Supplier#000009924	M0WQBYc3sqPmWcXBBxSBBhtp,WgSmRbyX	33-315-586-5453	823029.0143
1873	Supplier#000001873	Tdzlitffjp,Qv7bB3mWthF8	13-110-428-1300	823011.3206999998
2034	Supplier#000002034	deKZihoSypb62Yi,ivMpZf	22-763-404-5757	823002.3228
7408	Supplier#000007408	fEZ1,SsXEwVGW1C8p6xHCoIlDWQm1tdhE	21-517-911-8957	822985.5256999999
7403	Supplier#000007403	bgyKgLn3cOZzh9yyMWy	29-416-279-4283	822962.3762999999
393	Supplier#000000393	hxGMP2tFry WHEeI5cmEFVF027E	15-120-912-1594	822885.9389
8623	Supplier#000008623	F8LwoBXK01DqdKGPkaHVwltbz58R	29-265-595-4732	822850.9865000001
1276	Supplier#000001276	R5qlyLCMRzeMVw5gofE7QqA5vNgCAOItAEqO7qIu	17-879-359-9140	822849.7977999998
931	Supplier#000000931	CqslHrffpOBxqMDxiGH8nz7scX,i3HmUhNlwBBU6	18-174-741-5563	822793.5222
2276	Supplier#000002276	t99Wna9evHMQ3WV99qIGSLlHxmYg73wvrRDIpF	14-467-324-5053	822784.652
4473	Supplier#000004473	NlIlhLtMQr	18-319-538-9607	822755.9907000001
3659	Supplier#000003659	G,6IKNjV7Kz9ux6	24-855-440-7662	822743.2245000001
735	Supplier#000000735	7FqUrdaC732vBX3J7ruv0W4 Jfpx84	27-984-128-6691	822699.5768999999
262	Supplier#000000262	3kCm2eN3Jra2UzvWWBm,P04b	30-952-865-8647	822651.0530000002
5209	Supplier#000005209	ARRBCxXQedFizTPvUQWJUoa7AhB	29-615-534-8854	822642.5965
8921	Supplier#000008921	87BMUPQmff	18-524-643-3312	822634.5902
3271	Supplier#000003271	Is8nCASBGG DaH8ukws6dstGC2Do06gJR2	24-212-898-2608	822362.0131000001
7461	Supplier#000007461	iXVtUhaFxwOQH6CIIwEgiz0e5ojKNxF58 j	16-615-287-1465	822355.2204
6889	Supplier#000006889	ppbqrbESBScOqu0,hRfPivHSINaa4Ya7	12-931-753-4177	822344.5369
1384	Supplier#000001384	fjgJwG4DViJrxMxJbO2kS2	16-195-562-6135	822302.1224
5312	Supplier#000005312	M7fSgSLXzpnE,EKcN39Ya	21-991-747-7312	822284.1698999999
1139	Supplier#000001139	ig1S4mFmFcNa6A6GqSRSdZViE3myXCcU8vaeduoS	22-286-747-9130	822241.5239
5212	Supplier#000005212	M3rXkftRA77nO, TST8KfImf7I9,jhmA9InsuF	10-773-259-3830	822238.5586
6525	Supplier#000006525	,Yrjv1AKlEQSu1drjji0shdb6spsaEV	33-603-123-5888	822213.3495999997
8789	Supplier#000008789	szBHT6,z09ycaFNnpwrt	22-232-450-7787	822068.3882000002
1426	Supplier#000001426	bPOCc086oFm8sLtS,fGrH	13-561-673-6974	822028.1121
854	Supplier#000000854	omM4Df4DWXSTKmenaUUSr	26-346-921-7567	821993.5878000001
4954	Supplier#000004954	qE1uqzqt23hw VVD2j8G Gl0gvoxY8G0x	14-288-546-6291	821979.4777999999
2009	Supplier#000002009	PgjqjeHyTvmb7uUJIMJiSFp1VY14X54	17-826-654-1306	821968.5010999999
8776	Supplier#000008776	ga2ujpkg9PWoqsFsZ3mbKWYIez	14-716-695-4701	821942.5384
68	Supplier#000000068	Ue6N50wH2CwE4PPgTGLmat,ibGYYlDoOb3xQwtgb	31-267-327-4328	821881.7572
5483	Supplier#000005483	bx5Qn,U6XQL	11-754-883-4135	821808.3613
7203	Supplier#000007203	E3GTv728OrIJu2fG3SjkASzvGbDl4ITUCbeDSbse	32-985-936-5669	821717.665
2829	Supplier#000002829	MpOduzdNQVLn3l2K,fDBjoC0	30-172-382-6256	821716.2900000002
2486	Supplier#000002486	5209RQqxCQIW9Utatqvc	20-300-215-6442	821691.9606000001
9781	Supplier#000009781	49NAd1iDiY4,	14-410-636-4312	821679.2548000001
9247	Supplier#000009247	IfJfNdmtUZGIM9zJTdusaKDg3cGOU5QxeM	31-934-273-7276	821661.0024
570	Supplier#000000570	8VkNpvXFgKgbKY2ypMKyIOBlK	27-658-225-4655	821590.1643
641	Supplier#000000641	0L8yoIwSCP4EJyESI 6bVH9k	27-393-904-4536	821132.1481000001
3875	Supplier#000003875	q3HGPD9NYXaxYX4Yfc, M	24-741-527-3990	821121.7755
8754	Supplier#000008754	BeUvgIWAICBPw4ROi	30-206-877-6439	821071.8587000001
4602	Supplier#000004602	ndt1H2FutNtnKtrrNP1v	12-977-596-1835	821030.0337
5532	Supplier#000005532	ENMzMnfEDFcQ,AnrfCtWRJ0	11-484-785-7262	820956.6074000001
8563	Supplier#000008563	VNgYAWCC5WAEyD0zMizmj9gneLRSgXiH8XNcg e	28-411-389-8774	820946.4306000001
5373	Supplier#000005373	7D2MEFoNDdimC7izK8JdTAVUeq	29-666-138-9831	820900.3071999999
8826	Supplier#000008826	0WNm3iYvmnAJkylsviMD7,VJCcig4j	25-737-561-2009	820892.5509000003
8319	Supplier#000008319	Kqb90EEnlFfuQQhtmlIgm	32-582-415-4055	820878.9368
7831	Supplier#000007831	cGB0mb6mHTrwHu56nNU,aAcowe LfN	14-393-422-1733	820859.8531999999
1730	Supplier#000001730	Rc8e,1Pybn r6zo0VJIEiD0UD vhk	13-788-703-6101	820780.192
8757	Supplier#000008757	Atg6GnM4dT2	33-821-407-2995	820764.0653999997
468	Supplier#000000468	T,pwE,skbYjr5DCAD2EfmEHNychqFKw1loF	16-494-568-3545	820686.3495000001
2665	Supplier#000002665	1syLhsDCzxCiGXgfvycJDSSPu1yIW	27-345-362-4570	820416.9002999999
2812	Supplier#000002812	Q9sO3wZkBU5QBe0VITRWShv	31-791-182-6447	820377.1061
9071	Supplier#000009071	Eo44RjvwrB82VL1d32	29-403-776-9625	820357.4682
8892	Supplier#000008892	wPqMedndVj	22-511-495-4839	820339.8439999998
3125	Supplier#000003125	0A 825 JYoZc3fVFu0i6cMLWyo724X Cu77XB	23-561-829-8025	820284.1068
1881	Supplier#000001881	Rr7T5n7tDj0eRQ ,	19-653-840-6903	820258.0549999999
9243	Supplier#000009243	4KCGoNNRfCpNeZPkEgt2X4fZ	17-433-311-8815	820171.0237000003
6281	Supplier#000006281	MR ,g8qBCC QjngVrjqpcd4Bat	30-822-450-3636	820072.3146
1900	Supplier#000001900	9ZjkyBLy84mg5wvsW34ymQFzovjt5,1LCiNvVM4T	33-454-146-4905	820063.3261
7214	Supplier#000007214	,p4JuPC07kEJlPXuabRktLBIu5	11-808-331-6755	819782.7224999999
2574	Supplier#000002574	HBrF59QaS97s5YRJvovz	27-303-560-2471	819758.5268
3735	Supplier#000003735	FJuiwzmI3lXATV0RFJzCMoPPnspiE	30-969-220-5677	819665.2909999999
6069	Supplier#000006069	v8dIXRVHj36WcUF4RKLjoRq Bt X6B 68cFU	22-946-698-4046	819611.1033
9882	Supplier#000009882	toBXAWJs3dsv J	25-427-215-4592	819389.5086
4406	Supplier#000004406	Ah0ZaLu6VwufPWUz,7kbXgYZhauEaHqGIg	13-445-131-7603	819289.2214999999
6096	Supplier#000006096	hcaZGirqBgrKJAnz8BlQt9ehVWikq	28-201-798-4437	819251.8694
5740	Supplier#000005740	a80WpBbwueCb6leN ja59XwqRKL	15-858-545-1925	819231.6106000001
246	Supplier#000000246	BatWQwH8DgkBs	14-278-988-3903	819201.4554000001
322	Supplier#000000322	lB2qcFCrwazl7Qa	16-803-605-4129	819114.8218000002
3361	Supplier#000003361	Pznn7dQUG9cRZvD7p7MBd6gcH,jan56d	19-468-820-7323	819098.3171
4652	Supplier#000004652	JBLbvJR699cR7CRLN Yrlha	25-839-866-7553	818960.6604000003
8258	Supplier#000008258	JaTsYwI4yFu283q83	18-239-643-9980	818921.6125
7142	Supplier#000007142	bU733FVPdESXm3JpC50PDYF23kmrwNx20JxHBh	30-817-222-1916	818917.6348000001
1671	Supplier#000001671	WoqU0wH41AR	33-932-795-4391	818666.4112999999
408	Supplier#000000408	qcor1u,vJXAokjnL5,dilyYNmh	32-858-724-2950	818650.2121000001
3272	Supplier#000003272	7umyW7SXVUO2H4D0JhaCKb4OW2rAfvJzqH	22-100-298-3405	818584.4151000001
2956	Supplier#000002956	fEm5FTMzYzCKYZVbtv8I0dAXguqSd	23-515-852-9931	818575.4047
8080	Supplier#000008080	1EvDBAhbdkqJMbgt8eK4O	20-784-526-3544	818511.5979000002
6586	Supplier#000006586	PW7VOUWGU RVU0Et89FHHc84	32-959-302-3652	818433.8139999999
7858	Supplier#000007858	cKtSTHEiyIETZf8kx8bts0xFm	16-838-419-9654	818431.5773
510	Supplier#000000510	VmXQl ,vY8JiEseo8Mv4zscvNCfsY	29-207-852-3454	818421.7525
1885	Supplier#000001885	fAa rpWRmRte	26-276-509-7880	818367.9357
9074	Supplier#000009074	RM4V5rxUXlczRAGtVhoxzja8KJEia8vX7D6USo	14-914-673-6699	818352.7666000001
4032	Supplier#000004032	qX8BzAlJRPpdy2	15-371-244-4107	818302.6273999999
9456	Supplier#000009456	7SBhZs8gP1cJjT0Qf433YBk	33-858-440-4349	818095.0826
4219	Supplier#000004219	rEkQNtm91h,QzZ3gTOR	29-828-181-6222	818089.1248999999
3824	Supplier#000003824	m7fIwVues7ktkv5aSrQz1BJCAcnZXzNm	10-997-713-3641	818077.0303999999
1140	Supplier#000001140	8y7JNE7iXHBQhVaXtdye5iKZUI	33-927-817-5355	818064.0960999997
5667	Supplier#000005667	Dzdfnt63Mr2sgAIsGL,iKE	27-735-665-8431	818033.0157000001
323	Supplier#000000323	0LEOmcTTomY1F0y	32-563-275-6438	818004.4602
696	Supplier#000000696	hWvK 9N1EQX0kjEI	10-745-572-7198	818002.2802999996
4239	Supplier#000004239	qLU92ZXkuRXBkgmW0	12-468-683-6101	817907.4698
223	Supplier#000000223	MCS3 zWF3Py8UZK PHdI6LsQD98phHJ7	12-790-796-4808	817865.7767000002
6404	Supplier#000006404	eUbXmjStnnebzzjnJlFseeZJN1w5mdHZoZyhp	20-354-610-6355	817862.3709000002
2734	Supplier#000002734	srX7fvJ5eKuHM1tyN	11-251-919-8885	817841.2700000001
7311	Supplier#000007311	UhT1waexydhU82 ,AQIIUt9lwuv5EhTs7xXHGI	23-173-743-1842	817807.3066
3642	Supplier#000003642	mI,vZ2Bqj4LsSH6IbtlL,NEyi9xaeaSg1Hd0	14-678-737-7593	817741.5068000001
6742	Supplier#000006742	Z5JdKmVw3X	21-591-253-3872	817548.7592000001
8784	Supplier#000008784	BZP73YHtEXj08SHlm5n0XuBYIhR35	10-969-638-1519	817290.8449
2566	Supplier#000002566	Tkmgiiw2n3 qEinrgYUxJ y5WFumVG5W9	20-612-454-8060	817239.2999000001
613	Supplier#000000613	DYwZjMQj26Es8D8pxn2zx	21-796-340-9401	817228.2221
6302	Supplier#000006302	siCR7A0n7no	22-954-431-6230	817210.5724000001
3636	Supplier#000003636	kznUP7,Sn50fsK0W3zvFyboL25gVtJNE	11-865-296-4467	817175.7322000001
2418	Supplier#000002418	v5lKj6QhaNZ	34-948-564-1781	817120.1821
7327	Supplier#000007327	uZGHBo4xgx W2sT8oA5drPwqQL8Bw5YU,ZNb	22-154-891-1374	817115.2331999999
1552	Supplier#000001552	E3oQtBVw0HR T3WujhZTTsfNDd3ASxP9EyaJ	20-315-287-9110	817109.6426000001
8853	Supplier#000008853	w1eYDfbGI SkgAmzykyh1RV,bDiWQZI0mA3	18-477-737-7965	817038.893
9059	Supplier#000009059	8hio036bAERfw4xaGtLAYlI0qfTu3Lsa1	17-878-236-8956	816978.3650999999
7559	Supplier#000007559	Wmzx1vskciC	31-565-694-7012	816885.7189
3626	Supplier#000003626	gKCZZFgEQJpykB9	16-378-648-1055	816882.4643
575	Supplier#000000575	J24LOV AQiHuYuR	29-201-935-5958	816873.4144
3128	Supplier#000003128	4ElO3EqeTuKYNh,SXKuqz2m21aPP	34-291-222-2494	816709.1065000001
5070	Supplier#000005070	8oIeUHboJ5hozgmr,QVk	23-229-247-9604	816678.7655000001
1948	Supplier#000001948	ZcX7nDmJiBlFPa,6KnbOnRf6K3H9Hhx	34-241-262-1496	816518.0740999999
704	Supplier#000000704	hQvlBqbqqnA5Dgo1BffRBX78tkkRu	29-300-896-5991	816463.833
5542	Supplier#000005542	lM7Z7zbCFaVB7nXU1Ver	13-198-773-9673	816382.3454000001
8912	Supplier#000008912	L8WkXrFPQqW8IoH	27-595-152-4380	816362.9975
841	Supplier#000000841	dvQXS7Wi29wVuSUWsknpHVQWVrJ6cUvB8V	17-359-161-6634	816290.8613000001
7088	Supplier#000007088	ngUFUKSPxKzNl3sAWbfMhja6bQD7WZOLLinhar3	27-472-515-5436	816172.0715000001
7612	Supplier#000007612	5NLvvoXI3eSo6mNxSEC9g8Jz	27-694-727-6479	816168.9878
5430	Supplier#000005430	fVZ,20XHxLY0ZvyFmGmUFu8	27-563-688-7196	816102.7305000002
5037	Supplier#000005037	1nUPgyz73ORn1QSal	16-463-590-8725	816098.1358999999
1874	Supplier#000001874	6CqUGrKfWNlY	26-962-195-7595	816028.4813
6755	Supplier#000006755	2Ntn6GMUdXtbz,B4	25-475-448-2362	815985.0761
1009	Supplier#000001009	,1Dpa8mtvfnGrje4	10-676-938-4100	815868.6977000001
6117	Supplier#000006117	EtoCxmTc9IKNvlbjA0gVvh092, IBaRJ9bX	25-412-667-1819	815659.8346000001
4252	Supplier#000004252	pyUiXm8P37ihSJVb3rPDRarGu	11-477-385-8392	815575.7203000002
3526	Supplier#000003526	3y7PbMmXAzBzYc11caUNK,oy09	20-920-744-5029	815479.7745999999
1004	Supplier#000001004	mX0LfriA7aW17hdA16d8NA4EB9RqPG6c,QiJ	20-614-711-6853	815370.9394999999
9347	Supplier#000009347	ZtUTsLXGWxAzti	25-779-427-4737	815214.6354000001
5541	Supplier#000005541	Y0XWrU5rdpSD 5k8Byo3x28AxIEbysGvOx	28-166-498-1953	815086.7738
1657	Supplier#000001657	nkiXvgyvJgMRprx9,Wyz7q1SGYV	26-307-373-7484	815043.5261
1034	Supplier#000001034	L3kwDU2COZtFFiv wR1669zh4KrEzZ5xNlc6Ag5	16-686-979-1675	814927.9807000001
3607	Supplier#000003607	lNqFHQYjwSAkf	13-152-935-8310	814923.8322000001
9977	Supplier#000009977	8MBpF ,IjFsqejw2J,IoEZfTmlE7HdivNbYUBNS	28-169-166-1859	814853.4815
511	Supplier#000000511	RWNdTEe,VJFarN4Pu7Xl	33-476-213-8045	814830.7889999999
7614	Supplier#000007614	LIoiHPKlog0vYRCb4lciK6U	18-926-882-2449	814829.5242000001
9557	Supplier#000009557	HGuiT0wySXim,4t26Mn9R3zt0 n	33-283-740-7203	814744.2738999999
6168	Supplier#000006168	AZX0AUGidt4W0BdJHiXUCnti8u	27-773-867-9817	814666.3239
3996	Supplier#000003996	9x8T RaR4hEaoI	31-259-816-1258	814517.3522
5873	Supplier#000005873	fymmowXPSlMtTLSZtgX5GdH8jbWTifvuSy	19-458-725-2451	814464.6212999999
9477	Supplier#000009477	xJAsagJoSpeqmYvwdX7DeqVkYL9URZCmIq	26-838-945-2162	814369.5624999999
6186	Supplier#000006186	MmzhYZkIrc0Xrs0kuAHGfET 9vNinQ	16-167-323-3069	814312.0321000002
6551	Supplier#000006551	MNg1Qmb3xuq	10-251-464-8925	814309.0954
8278	Supplier#000008278	NfeMw6gfku iaMkXfd5Vr9	23-369-577-7124	814291.0622000002
8819	Supplier#000008819	c9mTo4u5,PzinQycB4SG0L7ob3 crGkyb0	10-616-218-8718	814280.7185000001
3073	Supplier#000003073	HCXoX79onWt0	34-892-575-9544	814266.0569000001
9232	Supplier#000009232	oKg,qpT55rwxqbmq1gyf7HttG9	32-770-768-2763	814199.4816
9182	Supplier#000009182	z56kNgeqaWQ1kHFBp	31-640-427-5006	814145.5142000001
3238	Supplier#000003238	EZAif4tzOrTSxz,	15-394-335-2341	814063.0372
396	Supplier#000000396	WMtmXuQwBKESTTFH4ru1f	20-236-453-5458	813949.1406
7081	Supplier#000007081	nqyAPCRSKI1jzPRN	23-965-234-1242	813947.6649
9938	Supplier#000009938	9yJJaUT3ZP7FgKl Yw,I0k6E28eH	15-888-732-4995	813869.0930000001
4132	Supplier#000004132	93NSzNRlTdFtzO6Y7YAcJVMm3k6Kejmi	28-258-314-7612	813804.0777999999
8652	Supplier#000008652	WIfOji6z Rla4YS0YMf5af67OFLQRcGXVvl1Eh	25-821-352-3769	813700.8618999999
301	Supplier#000000301	YPFTsQOPRAGIlBw	14-434-699-9741	813544.0684999999
8795	Supplier#000008795	dejD48ZPfOr9 v1Wdyd8dbNkqlNo48	14-179-846-5329	813511.0909000001
3362	Supplier#000003362	90hlcceTz JQi	28-188-550-1587	813497.9184
7576	Supplier#000007576	6KzBGPBzNqnl  ixFx11VZxKSqwe5zxgv MxHEc	22-915-376-2026	813385.2534
6296	Supplier#000006296	baByf,CQi60rl0YSmAUyQ9l10KR3q	33-577-460-4392	813373.9144
2720	Supplier#000002720	XxB7GKDpnp5Xkdg0zGQrPaOZIKTrK6T5c4	27-233-812-2662	813354.7714
9023	Supplier#000009023	,JQVPGb5Q7GiTz4Ys	18-579-828-6514	813341.9989
278	Supplier#000000278	gBQmkVmclUGbjwHVtrdmCk9Dwqd2Dez1	19-563-887-6379	813315.3622
8110	Supplier#000008110	rsgtLhjl9jmUPTSuHXaHje,8K0Y2	23-629-103-7093	813271.997
24	Supplier#000000024	C4nPvLrVmKPPabFCj	10-620-939-2254	813168.0950999999
299	Supplier#000000299	kvWv3MYn,Q2SqJlckBfhpWYmnSeRwg6	20-180-187-8847	813165.9739999999
3848	Supplier#000003848	ukVhf2GhFD2CT6RXEhX9npo0P7bE6g1U	16-970-968-4257	813105.2918000001
5784	Supplier#000005784	j1TfApFp0Heyajtm3vOjKGAvQ6J	15-402-811-1863	813096.1564999998
9603	Supplier#000009603	mieAE7uLaJHrNZa3j3JJ5iXz,RqIGS	14-442-570-8298	813009.8190999998
4613	Supplier#000004613	B EpzvX7P 8UriPz8PqlZ7KLPKjlCFuHJc,	33-670-631-9671	812975.2848
6152	Supplier#000006152	NiT9RiPbusNmbMVsm9t87xx2u	23-301-415-3899	812925.3990000001
6927	Supplier#000006927	C0SM0MXX AnJR1b3F4akAsVcxoUA86CjVnVWn	12-250-790-6744	812790.1242000001
5053	Supplier#000005053	FFVlqmJmxMqN	25-812-264-5461	812786.8424
9558	Supplier#000009558	mcdgen,yT1iJDHDS5fV	32-762-137-5858	812726.0730000002
4671	Supplier#000004671	GxMjbOOYNQa1I5r4q7MR	31-411-931-9792	812715.3355
5909	Supplier#000005909	nNWQMGlzCaHxeMolpKtCuCz9ODpfDi0Se 5PA9V	31-222-156-7882	812609.7045
4999	Supplier#000004999	MZ GHfeuXCvgE	28-283-416-3669	812514.0089
3665	Supplier#000003665	vQEsRjcsJukdwIQ6F7A0g8WYj74LNFMu	29-931-790-4275	812409.2760999999
3397	Supplier#000003397	mv7qD1qS yXXdi,7KYd	29-458-392-9564	812327.7726
9138	Supplier#000009138	sz89MiHfAlYjPWCw3xBd7xsNYsI	12-582-136-2648	812324.9762
8128	Supplier#000008128	9GzISvSlOsHAsOJfvFo83FJY4J0yCJ59DkfTo UM	24-956-544-7533	812282.8362
6026	Supplier#000006026	GJnwCYGwSA FQDk,VV LtjlIKY	18-852-661-1445	812279.9317
9213	Supplier#000009213	Rk1RNWl8m8N6ODGp7S4C73QAIdV0eEUU	32-642-267-3594	812258.3306999999
7099	Supplier#000007099	QNPdhlsez5AjIAAozKshQgKbj	20-165-629-2474	812239.3746000001
2779	Supplier#000002779	9OPa5O7wKtwossAJ1zxgEQmQppgt0beAS2AX4c	21-789-270-2631	812220.7533
9738	Supplier#000009738	15RRSVTuOzwdMP LmfCtIguMGXK	31-448-757-8378	812089.9871
7735	Supplier#000007735	Fss7BcxB,HlKksNHkmaHP2gHhH6hEWA0Mai	15-174-432-4420	811944.7491999998
7838	Supplier#000007838	gla4bzJkQP7mcmDfq54ajUJD4Pi9OMDzGdDP r	21-182-126-9287	811939.8045000001
5217	Supplier#000005217	XKWuIicCsmrN6TOiPwZiC60suCz4vb2GxAcLLEIi	33-238-443-5421	811729.3992
6917	Supplier#000006917	95Z4rKNRaRv05WsD1,vu	23-920-479-9564	811700.8445000001
8165	Supplier#000008165	zVzaJslxtnVo	27-335-167-9725	811607.0760000001
7690	Supplier#000007690	3mxdk0kzKF6tmyIvEKRnfROqExG A,Zyt3 ab7	28-573-152-9604	811592.2666
9189	Supplier#000009189	fuTTLRi9REaNL2aqM1prskiw9hlOFYirjeOtR	20-497-311-1008	811581.4992999999
9003	Supplier#000009003	svHUXJGOij1uq2L PYP9OFPmPdvixluPXYody	28-470-501-7683	811565.1451000001
4639	Supplier#000004639	N1QrHm9B20UErKEM6j7CPVkFIM4ur6LEORnU	12-299-479-7911	811494.1057000003
1249	Supplier#000001249	aoY82cGgJZpmWsBQaPARId5	28-505-573-4475	811395.3882
8551	Supplier#000008551	991B,Fp7RohkxhGRhg4645Xe	30-978-275-9653	811316.6905999999
7615	Supplier#000007615	nhgM5 SXC95svxqbo57h	11-988-945-1706	811225.8464000002
9596	Supplier#000009596	tj7GQwf5bdW	12-121-359-3545	811150.7824999997
2318	Supplier#000002318	gn2LmQi Xwjp9v129esqSry5E	34-734-544-9177	811139.0793000001
6206	Supplier#000006206	UedK Py0XD5jONB2f	23-559-368-4510	811115.2476
6914	Supplier#000006914	h5jdLFf9ePs6JtJNWpQZ55	28-466-133-5235	811104.5222999998
5583	Supplier#000005583	kDAL,IrYELEzO3rdojo4C3S8a	30-559-824-3046	811075.3721
9425	Supplier#000009425	wARLFXaMe3UlIirswe1eeK 8 ocG	18-917-996-2056	811055.3153999998
3516	Supplier#000003516	,SQUAz8ZNT g	27-431-841-3625	811052.5610000001
311	Supplier#000000311	yjGDnCKi4Wmtim H3n9p	32-445-679-8585	810912.4497
9102	Supplier#000009102	s7Y8ojTFEnwKyW,4UAwI	26-180-438-1933	810842.8446999997
5963	Supplier#000005963	twKG0NtM8vLJ0RThINUKmFcOMZ	11-896-628-1373	810800.9737999999
6537	Supplier#000006537	NSZmLpbFozfkiHwCGXYd8Dua7ioULg	30-482-351-1243	810784.999
7107	Supplier#000007107	766mJ3PIqHFnZPrpcQBP u6r1 ,12P6Go	15-338-555-1847	810696.0887
8556	Supplier#000008556	ShhyTdODCKl	32-149-401-5846	810663.1014999999
8685	Supplier#000008685	zAUQv45LA3duYPJp14WlWQ7t9LA	25-831-849-5585	810656.9666
526	Supplier#000000526	x8r7,jgpBRjq6Ns	15-539-980-8303	810617.1461
8167	Supplier#000008167	Al4yNWbZwgzhGF2dY8alK5YQp4D	19-321-364-7058	810590.1684000001
8983	Supplier#000008983	zs375dKUp,IYq9GE918SNra	29-333-937-5715	810553.7889999999
1377	Supplier#000001377	UqDARB1LpswZQirXRMsde	18-578-693-3940	810523.8699
5889	Supplier#000005889	a mHHvmLpO3dwDLkK1xs6xHfAuPzOXsDA38,qq	11-510-132-4502	810487.2338
8848	Supplier#000008848	KyfCLN1DyhSeDYri0jglivIJF21KGgajR7drWs48	12-385-418-1713	810466.1427
2181	Supplier#000002181	RoBanQQ2CwVL4rIXA4	17-341-958-2694	810375.9241000001
3680	Supplier#000003680	w b4NWNtVCfK BF	22-993-207-3523	810361.1693999997
7139	Supplier#000007139	YJoCSG0gg8R	10-659-563-8284	810342.3073999999
9664	Supplier#000009664	Esgu6FpdMOwbcR,c0wTKgJgsuVBwGfe	10-893-134-6539	810219.1771
7227	Supplier#000007227	O5rzrk9evOe6IWbJrV,GIw2atEZmpS2	26-900-925-8777	810076.9862999999
8299	Supplier#000008299	ktZLjsk2yyC84focDK6sGtx5Kx Rmje	11-789-363-9257	810067.0651
5668	Supplier#000005668	9ljOdw7jprqplGgMp	31-728-492-8763	809980.7359
4341	Supplier#000004341	ea8KZYvO7amq8A	31-310-408-4095	809903.1755999998
6419	Supplier#000006419	ph9GjjxPfC	24-363-440-5054	809903.0635999999
521	Supplier#000000521	jQ648xqiuJaHLQjwrq5b	11-887-652-3799	809874.3423
3021	Supplier#000003021	95BmhvrcF4aL3B Amoz6pl	17-444-213-8631	809859.5312
106	Supplier#000000106	50EV3vyfAsWJAjTbT4qwU	31-810-990-4600	809685.0067
4650	Supplier#000004650	UZUhxJGMhAV2dev7aQ3bn4J	18-315-989-1584	809597.7592999999
2229	Supplier#000002229	2i8gsU1RJfqUBJmb6HDEQ4	32-273-826-7792	809587.4330000001
8581	Supplier#000008581	mGa8SV8VG1wSRLMj	27-339-593-3170	809500.9906
835	Supplier#000000835	a7ZBr9561n7CHzwtrfoZnpNWf71uKtH	24-772-959-9240	809414.7933000001
4952	Supplier#000004952	Cg Ml158ET2vu8eeFFY	24-874-665-6423	809304.1512999999
368	Supplier#000000368	3o5w6T5HzjFmSf1	10-694-873-8364	809253.6122999999
3712	Supplier#000003712	O8KIWj0KQCJ8PagC2q18	32-896-185-1763	809205.9890999998
9794	Supplier#000009794	Iy0biqUnW8SEy0wUDtcJVDqWauFFgUarPO7PG5c	18-249-137-4735	809181.1362000001
5264	Supplier#000005264	DFumlUmaf2JgYDrslLKwYGcZs1lCQhC	12-584-970-2655	809067.4857999999
2047	Supplier#000002047	xKC4244IwbLa4qUKQ	10-262-377-2302	808930.0487000002
4965	Supplier#000004965	2XSH3dNMlYuJR4y	34-234-789-3541	808845.9495999999
3674	Supplier#000003674	0pOkKOHE30U1MWZ tC81Fk0OY5tLpt55z3nLc7M	24-780-366-3010	808842.5255999999
881	Supplier#000000881	02RRXg45CBGhuzwpKKz3fi4ewYv	23-877-378-2281	808837.3851
5129	Supplier#000005129	Tg7zMb1u8XNC53k0ueUR1X	17-848-884-2347	808828.7689
4868	Supplier#000004868	7Rty18DFb24edC5m1 0W	10-284-701-9257	808808.0948000001
3845	Supplier#000003845	B2DZOdIZ43ELcKgJV	33-908-326-9389	808664.3014999998
8031	Supplier#000008031	xNciw3S sb19NjYOsrkmhXzP	21-381-164-8246	808630.823
4138	Supplier#000004138	iKg4xdtI7BQbfNNc	27-522-884-2385	808621.9985000001
5127	Supplier#000005127	7zpv255hJ3pDa7G5fNT	33-671-379-6897	808616.9807000002
9643	Supplier#000009643	KcAkQKPNPKu1Re	30-687-239-4722	808562.1459
9242	Supplier#000009242	RNHDzJ8rblcgd3G2hjdnygsZAlrTJL	13-421-983-7033	808453.7342999998
2306	Supplier#000002306	M2jMA3sV,Ph1rbXecC rOATKGyadR	21-386-638-1323	808388.7287000002
1346	Supplier#000001346	Q5qTZ1vLbfaotEonpMxKf5V	22-426-840-6527	808249.5357
2805	Supplier#000002805	2OCTb0 6r2GYlor5s	17-713-737-2095	808079.6792
6128	Supplier#000006128	aa9kaYp8MKT0nmfkeAQTwnh2,efLuIz,G	30-646-311-6358	808078.2671999999
1093	Supplier#000001093	aOjHKEAu3tjFIlXMoX9F3,ahpotMrHcu	21-323-214-6195	808073.5909000001
6315	Supplier#000006315	6,60ngEvFt1v6	32-573-372-1627	808014.0107
7991	Supplier#000007991	wyIhlzBWdu2H6vs4QhlHO13Y7O19BLblPc	20-438-716-5483	807972.3462999999
2423	Supplier#000002423	lBxqJrIlIS	26-565-505-4155	807910.957
3737	Supplier#000003737	P65R G6YRQqMyDN84q3Q8SJMhLOa9rmOoQ4Jpf	18-557-733-9147	807895.0866
5419	Supplier#000005419	c2j78nCvnPSImK5HbxRmqW247KLVsS	27-922-798-7774	807889.1822
6689	Supplier#000006689	u,oKtIl0c8DB,H8DtPNvk	24-684-648-7852	807871.2247000001
4986	Supplier#000004986	7O0B32PErOsvu	12-191-217-3733	807868.0221000001
7981	Supplier#000007981	NSJ96vMROAbeXP	17-963-404-3760	807830.6826000001
264	Supplier#000000264	Oeq2ei9wRqt6yOuAAb0KoMRyoH4v	29-870-178-3535	807677.7106999997
4879	Supplier#000004879	93OCYCGYeuw96DG	25-870-407-6748	807652.2716000001
8883	Supplier#000008883	0T4fkeJc93HxWG vJ8tcR	26-392-523-2133	807640.5131000001
8512	Supplier#000008512	WBcS0re,fvhhz vQ4aFScEUWvycJuGDasQgDI	26-368-922-7281	807473.5526
689	Supplier#000000689	v8MJCOfDDFgJbxjwgtdKLtlZRKlSRGl	12-934-814-6084	807388.0871000001
3386	Supplier#000003386	VKYkPqgKzIJNVe47gpMEGLkuFLXRt1Ft7980	34-136-762-9624	807285.5673999999
1772	Supplier#000001772	ueuEYuzE0mR1uw4zeNIFG	24-235-625-1757	807248.9354999999
6231	Supplier#000006231	L7I4lcRcA6xjD	10-310-882-7464	807222.9266999997
972	Supplier#000000972	MkZSNXPZf9g8ZW3ez TU, s6S9aPVY	22-291-368-8958	807209.5743
1448	Supplier#000001448	3vllw 89Y2IDAE6MbyqjplZ6	31-269-267-6837	807125.3134
2336	Supplier#000002336	AkGqxP1DB c3MprXQTvbzLo	32-837-824-1722	807119.3895000002
6542	Supplier#000006542	q NausyQAzNHAeAz7ieqQFVSsfX3gw16	19-652-306-9099	807106.9061
3625	Supplier#000003625	qY588W0Yk5iaUy1RXTgNrEKrMAjBYHcKs	13-799-445-4707	806986.9972999999
7955	Supplier#000007955	s3BxzmLdgbdQgcfv10ot	16-930-614-3740	806960.2275
8943	Supplier#000008943	v04SKvDoY 7FHfPaXAo6UKmj	14-496-196-5336	806923.2438999999
5281	Supplier#000005281	bWv9QtKGuhX5SLgnGPjfQYyJuKxnwhhuq2bq	24-253-579-1558	806912.2954
9045	Supplier#000009045	XCXQUEIp36OKslCv7bLMnYnSxdAMPk3t	28-840-440-7483	806871.9672000001
1528	Supplier#000001528	it4EmP9yhW0IZvUnapbYfoKXVvY2	13-570-757-5808	806794.7310000003
2070	Supplier#000002070	gZ8nCVAgQIMUfoYvIaTF X	16-525-827-5093	806683.8356999998
9790	Supplier#000009790	Qr8fuKN0LnMZ7w1	16-348-817-5382	806663.3181000001
2240	Supplier#000002240	hTJM3PXSdUuF0wFb0geX	12-390-860-8618	806640.1043000001
1818	Supplier#000001818	CMzzFu9R7w	17-152-692-4204	806568.2520999999
5192	Supplier#000005192	JDp4rhXiDw0kf6RH	13-136-480-6518	806413.0901000001
1691	Supplier#000001691	nBaw4F r,qo2Px7uQnD0inobFV	12-221-939-2938	806332.0759999999
8458	Supplier#000008458	rihX1QITvV1JaC	14-822-547-8952	806319.8535
2520	Supplier#000002520	5y55UzYQKByZP3	31-826-707-8432	806286.8903
2321	Supplier#000002321	0FWKkhdhrSNpN3ql	29-805-994-2628	805994.5877
9190	Supplier#000009190	,PPriCG2e9pu8y62ZwvIgp1bKfmdrSgD7ea	30-415-586-1303	805969.7653000001
4349	Supplier#000004349	bfX,xnzRzoxO1bFQY07pLhKeTcS	31-725-591-1006	805928.5539999999
2425	Supplier#000002425	fYrAOohGgHQ9tjfppZcZ LYl16	14-197-662-1723	805855.7117999999
5001	Supplier#000005001	s iUGQbuWhvELOocTqH0sln6hRbYpu,cLiNioxLq	21-997-915-5565	805840.9883000002
5247	Supplier#000005247	yDmbiJqH zqDpcUUQ1vC9mHs5ntD1NnBQCadMDHz	33-478-798-3015	805834.9682
4562	Supplier#000004562	mK6fViGTNklGH1,PlBWm8O	25-214-849-2528	805814.7294
8770	Supplier#000008770	R7cG26TtXrHAP9 HckhfRi	16-242-746-9248	805789.2932999998
9864	Supplier#000009864	8uHZOeJqglR6upaX	33-682-554-7774	805761.4218
8001	Supplier#000008001	gGU5ucMbIv44xIiypL5KK9ZDgbMFpS4JmJQn7qg	10-499-117-6546	805757.4387999998
9194	Supplier#000009194	dTnHwpqAN rzP	21-151-387-3466	805600.7514999999
2821	Supplier#000002821	LnRvBX9m,QKj9jeoNpM5b5V	11-556-875-5083	805583.1201000001
7720	Supplier#000007720	ERjXnwOJ1vSklF,yOm66	14-733-939-9211	805531.6956999999
6704	Supplier#000006704	97rxJlAImbO1 sUlChUWoOJ0ZzvQ2NI3KI6VDOwk	20-588-916-1286	805493.7739999999
9731	Supplier#000009731	HmHJZeVU1oft	18-727-593-9134	805404.9293
2403	Supplier#000002403	h4Z,AoykWBrD	32-688-192-6743	805391.8441
9228	Supplier#000009228	jtReDQS6,jIxGAxKJs9	14-690-296-1478	805361.6956000001
866	Supplier#000000866	CosbyBH1bG81zFspjW	34-374-244-3932	805207.5967000001
3849	Supplier#000003849	KgbZEaRk,6Q3mWvwh6uptrs1KRUHg 0	13-582-965-9117	805186.5647
87	Supplier#000000087	WCw7URDj8zoZ7tqC3cpm7	34-860-229-1674	804952.3053
8397	Supplier#000008397	GomUbkpCA1	11-398-138-4822	804915.8341999998
9159	Supplier#000009159	aw,CBKFilgSVip	26-976-858-3615	804877.3716
8763	Supplier#000008763	X7YENUZHNCMQ	11-596-985-3447	804860.3496000001
1604	Supplier#000001604	JQqqQ1FeZHi2UV9Ji2o8WW,1w4ZdYHoA v0m,g	16-709-747-9026	804813.4815000001
3309	Supplier#000003309	zxjUE,0eR7cIyqKj88gzjSS	22-607-835-8562	804767.0351
1532	Supplier#000001532	b CkwJ3by69KW5TZgmau41,sKcsID br4QZkzWs	22-449-543-8612	804690.4817000001
5869	Supplier#000005869	,UjeDDuvd6xwv513Uhl9o	34-551-419-5228	804647.4184
5376	Supplier#000005376	TjFwL3P67hEvcexz5	30-721-836-9541	804562.4302000001
5139	Supplier#000005139	uxbu7kp0 6ntQzpSLIGhcpRZJqWfZVfrS8Mnu	10-351-271-6252	804552.0464000001
3284	Supplier#000003284	d8 h32eyBU6yi Rk2SZOfRYB06rG	22-125-894-4783	804542.8888999998
6331	Supplier#000006331	P0Va2RoE8ZN5UHgsHr4YLz	21-857-910-9555	804402.3799
9796	Supplier#000009796	z,y4Idmr15DOvPUqYG	13-582-882-6092	804396.2880000001
7022	Supplier#000007022	leVNNqe6onwVKaUvrGHQMkZ0DnrXJ	27-517-322-9003	804391.2987000002
5589	Supplier#000005589	i,apaHuHkorzIHy38JJbjt,iqWnz	17-256-591-4642	804293.9402
8856	Supplier#000008856	ZjVab6fenuFGsr KB99 c4oUuqCNuIzO7ZLwdMO9	26-219-810-5660	804290.4854
2928	Supplier#000002928	NHwjBt6dLdB2o0JXweE tPFy6vNLqVtvp2	11-292-804-3769	804255.0296
8394	Supplier#000008394	PEfV8nyE SKPYnULhxH4BqVm7FUp6i8zLWfhC	30-796-525-5124	804081.7649
5559	Supplier#000005559	cMthDmitw2YdTFpfXkhbZqkiOqNOLfAz	32-328-469-5153	804071.8542999998
8125	Supplier#000008125	eKfrrdSQ1g	10-734-137-6224	804036.6886999999
2743	Supplier#000002743	Ogj4Ndxtu7FARpgYmpeQMjoAnYlIi	20-176-647-8475	803971.7966999998
5340	Supplier#000005340	bTGt5CoFIRJm lhjF8ZR4	27-812-993-1434	803953.5043
8531	Supplier#000008531	qTCTjmpcMVoihJcsOJYaYd2epCZsDPtsYhGSl	15-901-206-1728	803785.2368000002
7992	Supplier#000007992	3yeHFPics4wruw7CX5n	26-926-975-6279	803710.7476000001
8752	Supplier#000008752	4gV5Ggsd4tNyNAXbJ9XCmpWsAYE	15-243-897-4103	803570.8431999999
7151	Supplier#000007151	3JH3tRaIkRLjTxSTgaayV kdqPIBmwMM7	27-188-234-9881	803445.0408999999
2510	Supplier#000002510	J3xtZTxnkUrG0KjE 9ru76PJGpGINiciqU31	15-761-995-7298	803432.3628
4324	Supplier#000004324	oihY3txJ6f4v	22-286-705-9057	803391.7317
2233	Supplier#000002233	pyKMeYFHVDx61EeR	15-509-673-3425	803383.5983999999
8253	Supplier#000008253	6XM4Dhnpm,	21-424-396-8930	803276.824
8245	Supplier#000008245	vIiJoknAO qdcpB1KhlxpIe q	24-757-792-1443	803224.8516
6273	Supplier#000006273	SGMEJDhNRsinMcSCymSVfAq0uq	28-855-178-4941	803199.9752
2604	Supplier#000002604	7Uvm3Rwch9Dk3I2Dmr35	25-539-302-5578	803114.2061000001
3396	Supplier#000003396	u9kOR7f0Lt	12-547-429-9434	803099.801
4478	Supplier#000004478	zkONvYIl3m8	15-839-281-1312	803097.9415000001
1292	Supplier#000001292	Bjfw20ywjwGEY3zRv9OAS 63rqoRObND1etPnUf	23-341-490-2439	803042.6209
5354	Supplier#000005354	o UKmH2XRXoFAh,R,	27-414-983-8798	803032.5329
1677	Supplier#000001677	z1hO0o9EWm5BpN8uRqvGeml48v0V1FxsiD	20-213-199-9893	802990.4967999998
6064	Supplier#000006064	15WVNNJxLfwE2FgoMutg6PRW	11-581-536-8932	802977.2366000001
1455	Supplier#000001455	mHzGwa5hFeTvvGY4zEsD8,QyWs1ifW0	22-794-481-9846	802968.4537000002
64	Supplier#000000064	w80JjnIP lGoLdUjRutbv81gGlqqpW4PQBeOtSYU	34-278-790-7004	802894.4804
2383	Supplier#000002383	wiYnCHr2w4s2MuUHURvZKeCaw	26-524-349-1880	802844.6990000001
1167	Supplier#000001167	ErCT6PR9WY8	21-521-753-2637	802796.9930999998
2264	Supplier#000002264	dBDsb7P6EcVLsX	13-392-660-2172	802682.4926
7779	Supplier#000007779	OUJsuYS8xbd5q	29-486-478-5290	802647.8267
6826	Supplier#000006826	jKW6CeLZMdd2Am0mxznE,E8MDrH6o,cAW5jTivxV	15-839-357-6200	802637.3024999998
6905	Supplier#000006905	VAktOD8JapqInpe5xjxDUSic2DnfLFOt4kyTWEw	22-648-880-9962	802614.1473999999
149	Supplier#000000149	pVyWsjOidpHKp4NfKU4yLeym	16-660-553-2456	802612.9419999999
9565	Supplier#000009565	mP7SmIA,AAgm5usSVke	33-172-774-7000	802579.5224999998
3108	Supplier#000003108	XEBuwVaeU4N8eTeIty	17-465-157-6466	802574.1612999999
5804	Supplier#000005804	yfYseM0RmmsJ129,66jOm	16-490-936-6817	802562.4815
1454	Supplier#000001454	TOpimgu2TVXIjhiL93h,	13-524-204-3262	802514.5560000001
6233	Supplier#000006233	HwkulhDgsdEwXiTTrtgSdY2y3 xiRx	16-303-671-8881	802503.965
4628	Supplier#000004628	UHB1DpXoqeaHtcPTIS8iGuOvW1	25-252-104-3152	802375.0893000001
1413	Supplier#000001413	fVaD46c59u	34-243-851-6239	802239.6055000001
4069	Supplier#000004069	b4Al0OuBTy3 u1Zu	14-301-473-6179	802180.1027
3722	Supplier#000003722	8sfegSmxTbBqT,CW,eTT3	12-697-843-4160	802142.3430999999
8363	Supplier#000008363	7tLHZjjFDr,nLXiG1C3hBv	22-986-422-9102	801981.1794
8618	Supplier#000008618	SAyFf3D0yHU3kine	20-200-765-1405	801936.6893999999
5627	Supplier#000005627	2EYf,Hay4UjnyDlGCio8OnH1zmjqGh5ka8vkB	30-584-484-2716	801865.8479
9789	Supplier#000009789	3QdFPhczlVsQCcMII1MExj6U9OcGB	32-776-272-3122	801845.1553999999
4362	Supplier#000004362	fBx,Kkc,fj5URrbe 5H0mjBEU5Bv9rtv78qGCh	21-779-912-8841	801722.8769000001
8376	Supplier#000008376	gH9mVai3bfWr	30-761-608-5360	801698.6711
5841	Supplier#000005841	I,aH9IfrWJ6cRKSKFx,QP4ryYmGaP	20-881-949-3700	801600.3646
5617	Supplier#000005617	JwWENFPcbxn2nk4AGFIZCWnza8hAxf8AL1XrczXM	34-781-296-5457	801437.8312000001
5443	Supplier#000005443	Y3SVxa7HhDryanY3rlgeNaLEz1jsDErV2	16-230-820-1059	801351.94
7279	Supplier#000007279	FJsMa6CsK,Qks25mMvs4WajrnJTn	25-499-550-4752	801314.1823999998
1086	Supplier#000001086	x6yrc1npoiJBCG4m0CIqC18	34-943-139-4830	801278.677
940	Supplier#000000940	QqKPZBeHgcIKDeOfT6J8sRlg4	12-972-343-8810	801263.0705
5227	Supplier#000005227	qy3Uc0MZfrkDNG13pPXi73qyxuxzBiaLD	22-424-805-3724	801246.3631999998
6172	Supplier#000006172	X6d5YALoQxG6XTaXlTKJbs8QvIatWUZ	26-142-635-6076	801212.7125999999
523	Supplier#000000523	zzfDhdtZcvmVzA8rNFU,Yctj1zBN	28-458-231-8410	801182.122
5658	Supplier#000005658	HpLVYgFCXgWG4jv cCO9MiiVgYt	12-883-169-4324	801172.006
4190	Supplier#000004190	4c9flImYQWVVk3n2ZQFFuj	22-159-447-1770	801120.6038
4359	Supplier#000004359	C3wfYPIhGM0ijUrXO	11-348-761-5898	801089.4858
8472	Supplier#000008472	4at1BaGXf8r	16-516-582-7374	801049.1351999999
3628	Supplier#000003628	Kl0PD5Va5M9ln	27-648-194-8955	800979.6608999999
7253	Supplier#000007253	MzACEECgTqQOokHW	16-895-363-7908	800949.4008
7877	Supplier#000007877	rCq0Pz7 dpLDT	21-961-125-7491	800926.1218999999
766	Supplier#000000766	wfQTdIQSA7p5PFFvXNjhO	14-284-910-3726	800903.1840999997
2013	Supplier#000002013	DspSlENDW6CP6ln	28-932-819-7573	800801.5904999999
478	Supplier#000000478	4jV maCw9SEt8jyLUsjej60bmMhP6zBv ajTk	21-580-334-3987	800790.0893
2255	Supplier#000002255	wlWWfVz9r2JiLGCR	14-314-708-7222	800764.2348999998
2688	Supplier#000002688	4zQf8C1dSQj9yYgZQVhVUFOOm	25-926-753-9861	800652.2113
5883	Supplier#000005883	eDFByWP 4o3w4zpExTN	11-595-897-4629	800573.4315000001
3298	Supplier#000003298	gW0OcqV3TD7	33-364-207-9726	800556.6832999999
3491	Supplier#000003491	6,Gli,y4iYx5YCk	18-845-131-6020	800457.8838999999
6224	Supplier#000006224	X1ifw7KS7dBGLYddu4WlChmjbnEBZ5GsOmWHm	17-983-498-7605	800457.8073999998
410	Supplier#000000410	6V,FO4xJPwvxGzReYzVj6dwTSIechnSSCyz9iY	29-822-375-4854	800448.7269999998
3331	Supplier#000003331	UtCSlkdpt0yUN6CmpvwEhNSkjJNK5em	14-689-181-7404	800446.9440999998
2272	Supplier#000002272	tQdSwOifi4AkfJh	13-434-688-3913	800422.9517999999
3283	Supplier#000003283	EZhC w5my7GyXlcW	30-524-916-1991	800411.1707
4527	Supplier#000004527	p pVXCnxgcklWF6A1o3OHY3qW6	13-870-141-6447	800392.814
9547	Supplier#000009547	ahhOA3wIWV9BTEmnI dh2j2z3dRhLANmJuEZNtv	12-426-927-6059	800377.2139999999
7351	Supplier#000007351	ze6ennNi5SKzB8f6 J5sHm57 j06f0MVQ	21-762-689-4646	800375.5034999999
6027	Supplier#000006027	uyjhxXMYx7Jf3CDL5i5CQ9xhs	30-990-840-4169	800345.8082999999
9734	Supplier#000009734	d8BVmlRLNQSKaVA0vtse2gP2k3	33-359-235-4247	800303.8482
6949	Supplier#000006949	mLxYUJhsGcLtKe ,GFirNu183AvT	13-776-634-2532	800217.8797
5211	Supplier#000005211	fFhp6ZiDHnO1aa9A7sfaYj6xsoKw0TfSTlehuK7m	19-722-866-5081	800197.1683
8873	Supplier#000008873	FkUth92uT1L60nkraEs DXHY	26-721-463-3377	800185.5299
1667	Supplier#000001667	fdq,u8n6WtGHv3bi	32-975-396-4279	800180.5694
8382	Supplier#000008382	RQIy,ZRmPQVZXu89XCwT8g	26-297-975-3183	800175.2399999999
7641	Supplier#000007641	XDnXtprXzolM	27-166-455-4918	800051.0804999999
2457	Supplier#000002457	iPOyBsGzl,I4 cRkMelt4PRpNzFx9 dkGC1Eu	20-752-453-1043	799997.0443
8950	Supplier#000008950	xfFNQbegOa YSDpfF60Y03YkB2YrG8	33-952-437-4497	799853.4277999998
5469	Supplier#000005469	JvZz sITLz9qzXVPzzROMjhPWiwtIrxc7v,4	30-504-894-1149	799723.3761
94	Supplier#000000094	lK,pLPjAMVGJOXN80zPZuNQjpChliE	14-728-888-8882	799611.8769999999
4402	Supplier#000004402	acagGfDWzwmS,,WVBsszubFs3LOA8rDRS0I	31-756-134-3710	799584.2159999999
7928	Supplier#000007928	nHaEdI 5SQDgEolYw	10-160-150-8622	799575.9148000001
9791	Supplier#000009791	rF3MHIIRT6YboDXZ	29-393-736-4035	799561.6747
3976	Supplier#000003976	FXTXVXGZecnK2LMNzyv,suyHOxJ hQ	13-782-169-4167	799559.8448
4545	Supplier#000004545	E95PvYGAPAuFTklKknHvn05xWQexEGgjVl Iii	23-997-713-8734	799477.2351
778	Supplier#000000778	SHE9zl 2BWMYhH25	30-653-194-4012	799466.8726
298	Supplier#000000298	oIB13yXjsqGSW	15-790-635-6692	799425.0800000001
6815	Supplier#000006815	ScsCDzfPudH8tEn28jy7phwc02RNJjqH9F	29-174-191-9073	799408.8604
6820	Supplier#000006820	kvj8tFQ2RKa4mzpWbqSgYeIY6a0LMRcKTP2xSGve	22-171-850-6598	799383.1301999998
414	Supplier#000000414	FkmlHgU9pqCboQ32Lcx	31-118-322-1371	799291.2143999999
1694	Supplier#000001694	ozS4Fm3Do Ld5ZZ9Rt	18-587-433-4644	799244.6427999999
2723	Supplier#000002723	,M8ShKTXyBramz 90ahZXSFpbF16a2JYqPDv	33-174-542-2072	799223.0788
5718	Supplier#000005718	FspgdwMNadWuxrdVHWQR	15-337-255-8243	799197.1983
1841	Supplier#000001841	uaDclbMh7Cm95bDy,nPQyxF8	19-208-899-8962	799116.5734999999
1073	Supplier#000001073	ZRBpmsZGGuJBoE	33-809-500-1650	799107.4467
6603	Supplier#000006603	KegZ16m9o3,15ZUJS9rt7a6Y5TU4s	19-996-749-9430	799097.0077
7023	Supplier#000007023	ZWkkeSLe6XeLZe8QR 1mTZRQSp	15-319-886-8295	799092.8830999999
4133	Supplier#000004133	ojv6Hwnm6sSaPr7bVbxptcmZpG5	18-616-299-8361	799011.8967
5638	Supplier#000005638	CvEWD98Ed821nGR6xfEPnnWEV4eO ogDJ6DKgb,Z	11-790-276-9308	798965.9041999999
7924	Supplier#000007924	99jR7jC3t47M0wFaUvEX	23-363-479-2415	798886.4081999998
8479	Supplier#000008479	D 4USLOIvHXmJRXPs787	16-507-677-5585	798820.8733999999
6621	Supplier#000006621	T35LAZIU0Q	18-391-305-1312	798807.4088999999
5695	Supplier#000005695	YOkDgHOjMdM0E8gGx6adBSLSnQ9	28-249-980-3939	798630.3135999999
1796	Supplier#000001796	TY yGajPp5TJgQZK	14-368-172-6487	798589.756
387	Supplier#000000387	EEmqrW2gNAbuJjKuTPgA8kmKA0bZcQSmV	17-797-328-7624	798534.1331
8896	Supplier#000008896	HtivFouKEZTIhN3jeya8KEkx6rXnRoQ2U9KL9	28-292-664-6667	798448.4748999999
5303	Supplier#000005303	i0TWTbAfLOBiFb22S	26-822-375-3242	798444.1453999999
2806	Supplier#000002806	MmYsVviAPaOtnHRHAf6Y XKCNcO	33-176-897-6738	798429.9657000001
5181	Supplier#000005181	jFb5CuLfU1 jYow6irbVrmFEeVzyLu	24-842-241-5902	798410.1949999998
9598	Supplier#000009598	PnTAz7rNRLVDFO3zoo2QRTlh4o	31-420-284-5692	798394.7507
4694	Supplier#000004694	IMav7cEZ6atsJHJTsKozrW6lR	26-159-392-3686	798382.6629
960	Supplier#000000960	yk1dgGaQlbTN1YhnJjyM3ULEDDf	22-811-163-5363	798288.5346000001
9903	Supplier#000009903	2uwU9fLHYsZCGOe y95Buzgci0Vefh4RvjSC2Jfx	23-189-461-4618	798276.5092000001
3806	Supplier#000003806	n ElQaZan8EZ42YVVtEHmFlLYwKw8xcY	30-636-160-7336	798167.8398000002
955	Supplier#000000955	7OFLXDHjSgGrFlHTg8VHFS4glUuN	27-839-781-6125	798042.2543
1270	Supplier#000001270	KCFX9tQ sql2ed6fy	11-361-350-6820	798011.7663999998
8811	Supplier#000008811	yJCcdwVFkIU,AhfuFEhlEkekeLMaYw P	30-702-202-4404	797935.5142999999
1505	Supplier#000001505	,JOcArGRA6o61VZ53KRQf1hYTIWq0xyzMwQdwE	28-989-257-2308	797917.7356
7968	Supplier#000007968	DsF9UlZ2Fo6HXN9aErvyg1ikHoD582HSGZpP	13-577-306-7622	797915.3157000002
9226	Supplier#000009226	yzT10vNTFJ	31-898-845-5686	797814.1317999997
2391	Supplier#000002391	Ou5,Pc9oTyiKhc3Wvj6dejwFN	27-830-100-5792	797696.2979
5660	Supplier#000005660	aUE2rZxt7mSa2s1b	11-379-189-4913	797552.6565999998
6678	Supplier#000006678	U,iqrG67OmH	15-685-267-5244	797526.149
6580	Supplier#000006580	e8rZ0Xf769DxBp tj5k	20-197-678-2305	797500.7984000001
8126	Supplier#000008126	sSdZzhtmGCaBsmEEtCK5b,k rF	16-198-508-4967	797498.4808
6672	Supplier#000006672	s33z5RNSRRSH6R3OwFpQmraGBaSf,gm,puh	16-269-662-8552	797491.7481
227	Supplier#000000227	Qo959Dll Bd7xvfq3ELtCq	14-215-994-7949	797482.2019999999
7400	Supplier#000007400	7r9zZj8J,,hN2GRfWtDxzuGa	31-132-846-7821	797414.8520000001
4073	Supplier#000004073	c2G,jK,7ZQMS	21-402-657-3824	797339.3808000002
4400	Supplier#000004400	IOiq7lV51a3NmS bVK,4nyhZ0q1iKxM	18-686-104-8796	797329.4879000001
8523	Supplier#000008523	C4ocdfNu5I2nnnVG2xSd3016J6KNLIg	31-758-497-2263	797059.112
2407	Supplier#000002407	e2sFnvk7D93Bgq5lyOWNHqUq	17-717-277-2482	797043.9158999999
6446	Supplier#000006446	zc UqeKpg3W8Y	14-901-464-2207	797018.3428999999
829	Supplier#000000829	w247SZbFQvw1Fp4f0JFIfVXmIBfulBxfgUg	12-123-147-1171	797006.3279999999
858	Supplier#000000858	aA2g9NPEljznwqrZp4Fdw1Z	19-525-296-9901	796918.8977
7034	Supplier#000007034	PbTEBHgAx,Rh10cfhOfpmCKw4451TN	14-833-593-6359	796912.9180000001
6121	Supplier#000006121	S92ycWwEzYYw4GspCBJN1WMuHhoZ	13-279-149-8538	796908.9432
1589	Supplier#000001589	DFyI,OICFg	27-520-853-7657	796893.4604
366	Supplier#000000366	AtIdvjsMt9peVyEbpoDerNTteRF	22-648-291-8851	796873.9825
3328	Supplier#000003328	bQ964wtB,GulcdbG9myQsy3CeK17iNw1oOMotM	21-682-981-4991	796733.8152000001
9868	Supplier#000009868	ROjGgx5gvtkmnUUoeyy7v	13-616-429-1063	796535.3781
7055	Supplier#000007055	GEdTmR6U846kNcWPEVLqjaUVzZ	25-777-984-6768	796509.3810000002
7632	Supplier#000007632	I8LD6sDUTS8YCB,MWy6TnIV,ZGIr	31-978-847-2307	796354.2827
6362	Supplier#000006362	Re6wYN1 4Tdxf	24-863-219-1934	796351.0799
4836	Supplier#000004836	cZygAtaTfslX,Adp7VVQhuDO0qYv9	13-897-948-4277	796311.1669
4912	Supplier#000004912	2NUOQlm1bhr1bf	21-127-612-6452	796284.3605999998
2337	Supplier#000002337	IFXxxWgM2qN fndBu2WioI	27-378-149-6984	796246.5021
801	Supplier#000000801	zohVF4 4GHOJpWy9kdytvYwm27mJEBhk	11-673-791-6926	796182.4194
372	Supplier#000000372	Bdhu5NV4VfPYBxsCmK,YnkoHIaW	15-246-325-3001	796050.9040999997
6045	Supplier#000006045	sUJ3CVPHg5y	21-957-372-3633	796029.159
2769	Supplier#000002769	7QXYQHHuMvIkDPVwCi9jvD1TH	23-312-807-5269	795876.1185999999
5779	Supplier#000005779	VuGyjQNY8TbHJrVjMh28uZ 8eGedBJwq7sOK	22-629-392-8179	795869.8494000001
4795	Supplier#000004795	f8Xcpzbl2lcX98nuvrFuBSxpoC7bdo81VyGWMXMr	29-606-558-3492	795849.3274999999
8143	Supplier#000008143	hvJ1Z1yinSBvw35fW6askj	22-902-774-3334	795719.649
2726	Supplier#000002726	NGStDcC9aXsThy	18-120-566-6473	795547.6993999999
4405	Supplier#000004405	YzK43TC6Bi,5glkw6gQoaIpn8FCt	10-438-306-6509	795227.6351999999
2539	Supplier#000002539	9aNuRZI46e6b01tUcwkNoImkBE1	29-615-339-9075	795224.9367999999
1382	Supplier#000001382	g5ztc13RCzp1h	34-626-282-4782	795215.88
3083	Supplier#000003083	1LKbnA,BDdWyZnzW	28-403-241-5657	795202.8776
6395	Supplier#000006395	NANvpbrsuGCWyV7q	22-780-233-1619	795098.5305
5196	Supplier#000005196	EKn1rQDs252VxJ5GGcaZ8yu8DWMiaadb	13-862-804-8890	795070.6286999999
6506	Supplier#000006506	5WVwiK0Kh34VCgBEW,vnBQ	34-864-857-7626	795067.7389999998
3778	Supplier#000003778	383SX62PlsdEej OozFQAw2OUy4Snapb3,	28-602-123-5306	795051.6258
8779	Supplier#000008779	8X9mMxS9cMrpfOJbusgiSXQ sR	31-213-253-1116	795007.7395000001
646	Supplier#000000646	IUzsmT,2oBgjhWP2TlXTL6IkJH,4h,1SJRt	16-601-220-5489	794958.5266000001
7001	Supplier#000007001	Fflu,eq0tREWymWt2sKtp7	27-489-290-3215	794931.2265
7741	Supplier#000007741	kQDmLOO5Y8R	15-487-996-7263	794930.9498000002
7320	Supplier#000007320	zwDCjiHUZck2qwqZ1ilPzA0N0E82T	28-805-742-5077	794892.9907999999
8368	Supplier#000008368	rjkUjGUP2MeEiitkk5uJfHo6uje5ZuxoFd1j1	11-357-976-6093	794872.5166000001
4044	Supplier#000004044	0uWmeaH1rCG3NoFT x1i	20-257-361-7961	794822.9511999999
2330	Supplier#000002330	voucODqKZgWtSlcG3fp2Pib	16-950-436-2659	794820.8311000001
9220	Supplier#000009220	N4y,vP kdArpcmdypBh,fJVVB	31-599-538-2318	794771.3951
3050	Supplier#000003050	do1y5Z5UnEoJdi1Fs9im143KSnehd IYe	25-641-183-2596	794758.7518000001
9752	Supplier#000009752	bTT59LszrEY	12-555-594-5972	794758.4209999999
4234	Supplier#000004234	MCpt8W2oOwFg KjwCerLgx rZfFljVa	16-299-915-3794	794695.3374
6424	Supplier#000006424	1lnDhvqe6,KYaOW2Up4WPJdG1xmXyW,FX	16-215-126-7999	794688.8437000001
5252	Supplier#000005252	YBM2D2HGMLHuQ7780cIqoDOFgeiHsps	15-385-337-5993	794567.4704999997
6993	Supplier#000006993	PETkj3WFEhsJP6m8Ad0qD6dJIA94O0UhI6y7	10-643-746-9191	794392.1129
5162	Supplier#000005162	yboWLOJWaU55ZbBOG	18-588-399-9411	794358.826
345	Supplier#000000345	ZYuibETx2zArwg	28-503-710-4886	794343.0937
7809	Supplier#000007809	rg4oHdVO5 nKR2Np eQbeRP47tu6i4SjzyImCMBc	26-659-492-6308	794244.9955
8491	Supplier#000008491	m1s,CS3yn4Ty	25-956-836-8036	794221.9128
8016	Supplier#000008016	30sTEtBf1	11-819-551-4538	794193.9931000001
7525	Supplier#000007525	AA4cOZUA8Cuinq1T3MpNfbLycABkpV	18-100-531-8345	794172.4314999998
4376	Supplier#000004376	tBGL OhZ9H4XL1KDr	29-206-122-4201	794134.8178
1757	Supplier#000001757	CJh,bMlz8mGtATv12	14-574-969-3525	794134.7001
729	Supplier#000000729	pqck2ppy758TQpZCUAjPvlU55K3QjfL7Bi	13-627-404-3241	794114.3156
9348	Supplier#000009348	uOf8xE8iJXh0rsu	15-764-224-7770	794071.1643
7671	Supplier#000007671	IZ4jEzEG0hX5F6aHtU	16-297-940-9391	794066.5112999999
7950	Supplier#000007950	L78Xu87DT,m2AIKHV7pFvc4JGjSEfedQP	30-367-904-5686	794038.2744999999
3369	Supplier#000003369	TU1MuYs4GttdcuplDto7EJ	18-832-929-3971	793962.6464999999
4369	Supplier#000004369	EMZxZ,2uHdU	14-842-753-3476	793899.956
6674	Supplier#000006674	uxsle6 lQxuyRMYrHjEJS2RNxgT	17-468-954-1940	793873.0415
1492	Supplier#000001492	z2uNRsyJJ,ezj,7lW1C1	34-345-702-5433	793838.0817000002
3056	Supplier#000003056	I8fnZ5uR787YgM5P1urcBhFF1ZeJ3FMesySwkE	21-313-342-4216	793828.9529
9539	Supplier#000009539	VuAZtzbmAuNfMzxJh pT9PB	31-611-397-9677	793752.5569
9156	Supplier#000009156	yKu5huEicRbM7QlUAZaM1VdWURcX0J1kg1U,	17-842-117-8653	793731.5618000001
4160	Supplier#000004160	DpYX7p iwphihHJz7h	23-751-712-1339	793709.3463000001
4893	Supplier#000004893	WuZVpy6CJeEAyuNXi8dNh	10-102-827-4527	793598.7307
6161	Supplier#000006161	c94VMQ1bm31dgFeeda5P5fmWah,kcNG	24-735-112-2298	793597.3049999999
8271	Supplier#000008271	NBfhLVLep0z99Pxq8Ee4eEsjx sb7V ySe	23-347-681-3234	793544.7667999999
8336	Supplier#000008336	cjsx,2LLeC	33-807-277-8743	793492.1640999999
2991	Supplier#000002991	NC0h3TZcVC	24-607-395-4134	793469.0731999999
2705	Supplier#000002705	Rh6DZOQQ8kO6,NtCMeqTUA3	19-514-252-8017	793287.2409
1244	Supplier#000001244	K8PU 4SwFaJaory4RzC3 o8R9	29-105-609-5897	793202.8454999998
6832	Supplier#000006832	UgadmHfm2qXtLvuyK2MABgd7NGe0G2p0b9G	34-323-820-1126	793198.4352
9322	Supplier#000009322	F8,4Vt1VvOJ9hZ,,efaU	32-380-547-7957	793164.6232
6009	Supplier#000006009	hlVgR6c 6jgsw9xaGnB7pr4jI oNKFmF	27-131-492-7118	793076.1869
7222	Supplier#000007222	uNRJrTpZQITrXmU	21-837-226-3845	793069.2806999999
9373	Supplier#000009373	UXNiDODh2wwCKAQaKIWaWVRC7jDE7	16-248-857-9945	793055.9720999998
6628	Supplier#000006628	fWQJKMZljR	23-733-619-5750	793024.7924
4109	Supplier#000004109	C JLgSsemHV3VH0	30-243-710-8524	792955.5266000001
7209	Supplier#000007209	MbnHmU1lXT	18-850-494-6565	792735.1659
2180	Supplier#000002180	nBhjih4KN3Rg7B0	25-286-788-4765	792665.47
9115	Supplier#000009115	r,dAzSd7Y2ZA4NZjVekfqHGnaxJmjhkXfQMQ	33-473-888-1017	792635.9380999999
2914	Supplier#000002914	fUC4IkGB8pt1S	31-392-590-6900	792599.6845000001
131	Supplier#000000131	u3mTHMgBC0yJTLufr01TuHImgflQUXv	24-293-181-3975	792547.1548
4850	Supplier#000004850	TyfW3T dKVmzem4JDv7E6pY4KEg6m,mVU54wH	21-235-172-4822	792530.2716000001
1141	Supplier#000001141	xCOuPvOd565r9H31,xuZcpE	13-287-397-7030	792526.8542999999
2870	Supplier#000002870	HJKP5aF9yuszsmqQ0t XZj2,8Ca6TxZ9	27-460-726-6100	792515.4990999999
2061	Supplier#000002061	E5jNmsYHNNGASXwdX2FgOoeFh1qgDCk7tHX7bEh	21-186-577-4689	792504.7499999998
6086	Supplier#000006086	p0WNQ0dxAfHnrN55EAMYvr6kEnWq t5	34-754-909-8718	792498.064
5547	Supplier#000005547	lve22o11GmyI	34-913-837-7584	792484.8313999999
3528	Supplier#000003528	qJB,nuoxi0AGuX,9Z3tzDK	13-249-999-5949	792468.3674999999
1984	Supplier#000001984	M,EWRY6BhH	34-298-901-5740	792391.0425
3375	Supplier#000003375	mUAJaPfNxhm1li,YRjeB,k11T1s	27-989-899-8432	792388.9308999999
739	Supplier#000000739	d7rDQneZCae9E57u3LSq7K	21-304-934-6837	792347.7701
2420	Supplier#000002420	8N4qV745ulJKR3eiKEt	23-347-640-4875	792250.0510999999
4651	Supplier#000004651	tpDO9wvNQlI	28-479-983-9176	792189.2257000001
3760	Supplier#000003760	WR5a5f7o8tC	14-111-294-1590	792128.025
8050	Supplier#000008050	9odvS2iZM 5gJq, cZC2J0hZet	19-573-848-7065	792105.1552
4088	Supplier#000004088	5ynJA9pQAO2MsDkgGeqaP8Z3JBCUNkeg9U2bf0IH	15-945-528-8622	792103.7001000001
862	Supplier#000000862	JAH3,OdzNzdiWYK2ODrKfLLR2IQ8YVNJcsds	12-159-806-3875	792097.6843999998
6203	Supplier#000006203	CC34P,mkiltvswY O7qjt	25-507-654-6810	792074.4152000002
7458	Supplier#000007458	BYuucapYkptZl6fnd2QaDyZmI9gR1Ih16e	13-631-411-3540	792073.1732999999
5891	Supplier#000005891	xsn9EWGZGqq6,qjpVELjvwzeev	25-412-292-5694	792036.2251999998
4783	Supplier#000004783	s3Z36UOPsXtRBLQG AFKpOZLoLpDX	32-862-122-3079	792031.6175999998
8360	Supplier#000008360	jeLcK7YUbZzQuwD9a,1F	33-764-209-1683	791992.4021000001
9786	Supplier#000009786	AEwr6sY4ryp7xOPZrpY4FYY	18-437-375-8170	791950.3177999998
3267	Supplier#000003267	NTu9QeXged4l	30-456-842-5259	791854.2920999998
8806	Supplier#000008806	474Q,OCoa8ecS7v6IDJ91gm3RVu5	28-244-191-7061	791800.2581000001
7995	Supplier#000007995	2fs43WlGi3	27-362-148-4667	791765.2793999999
8667	Supplier#000008667	EG3BUReUgU6UDA3JqClhk6oy3RJtBT	28-379-442-4120	791734.0369999999
39	Supplier#000000039	ZM, nSYpEPWr1yAFHaC91qjFcijjeU5eH	18-851-856-5633	791654.7012
9555	Supplier#000009555	cTdJD CtZ0E	26-702-194-6953	791644.3509
1313	Supplier#000001313	8Rh,5SSqCH	22-203-596-3566	791543.4478
6697	Supplier#000006697	oUoBWC43kunlHNyObqoJEmd4c9WLeAhZSh	25-520-716-9359	791528.0704
2593	Supplier#000002593	oRkHFWHinuEMfLR1OPZSbW0rjYBK	24-370-287-8574	791516.1616999999
1530	Supplier#000001530	gMeWFxQBzD1YJGuhdoSJV41RgCVI	18-277-371-1378	791480.1444000001
6897	Supplier#000006897	v2RKw2H8orc1A	27-396-482-2298	791432.5080000001
1079	Supplier#000001079	UaWFEXgDo775PQkJo	24-896-212-6974	791405.2343
561	Supplier#000000561	1V3DMQWQpfjPJybZYAP	32-547-343-1231	791404.7971999999
491	Supplier#000000491	mTbDcJHQ7d	10-361-729-1693	791293.2411000001
7542	Supplier#000007542	Pz IGM,Qrc5OV0 lETgInzHbIr6Uw	10-947-960-4456	791251.5728999999
9271	Supplier#000009271	t,UKTw64BHpi4,,VvSZaAbqw3sAkWOj3OqvKKAkR	26-899-804-6055	791088.8754000001
8089	Supplier#000008089	s1ttVqhyLcrm5Tt9305O,lTfBhrilkuLNpy	21-247-194-8015	790977.9110999999
7233	Supplier#000007233	ja32YcV2cAkJY	21-679-368-6693	790960.9972999999
166	Supplier#000000166	zCr2Z0hHyLjSz	23-117-751-3240	790924.867
9390	Supplier#000009390	UEI3Ch1ha0pkxW7dZKFvB5SrjK	12-935-196-4340	790906.0123
2274	Supplier#000002274	IcvbFFg0JJ9yl6O2fT05VpK	24-632-309-9143	790906.0085999998
7996	Supplier#000007996	AWRSTDvlVk,DyyzIVQR32499S4n1G1hob	27-110-414-5569	790876.6727
1176	Supplier#000001176	6pw3sCEqKssTz,CxcSC ENPfwR	32-634-542-7820	790844.1046
4553	Supplier#000004553	6KfjoVWk9Bk7,orN6mBZjJcS7q	14-788-173-5161	790799.3451999999
6335	Supplier#000006335	JcA0q6RIDepXmvBBha2QGWhoaUC	33-160-248-9175	790765.4698999999
6781	Supplier#000006781	yq0CkqVOtfZqGGto9RnU2LncAfB5Mj6fTP,0I1sn	16-273-828-1660	790761.7880000001
6868	Supplier#000006868	TR7ZhIdq1hL01b9u9DRGFTbEmt58L	14-265-241-8293	790737.4019999998
9019	Supplier#000009019	n8p5X,7yaHI8u72uyYVSqw	24-566-213-6246	790625.6941999999
8032	Supplier#000008032	ukHUdwGMAEyNlp,cV6EnefnlHUUq9u,u	26-600-545-6757	790462.4305
7519	Supplier#000007519	oSTDJIojIOdTWYYMp Sj1QBT	11-511-610-5276	790318.9151
9346	Supplier#000009346	F2,WuMvhDqdLGa6ZGWCvn mGK	16-674-943-9382	790217.4167
6021	Supplier#000006021	qKVSqH8RyigVvRXjUUQbA	21-416-861-2634	790180.3108
9787	Supplier#000009787	h8du7pPO9dWD17btMv,x	30-554-219-3045	790091.5143999999
9202	Supplier#000009202	x,pKbV7Qie4CGXNGLuwt	22-253-185-3464	790080.9885
4869	Supplier#000004869	mzWtIp0Z1fN0n2eGwaEdBh67QxT	25-809-918-5052	790070.8713999998
7763	Supplier#000007763	2GMsRD6rTZ6LDljKoF0ng72WJrkWCgYpHaA	25-448-307-2887	789967.8644000001
9991	Supplier#000009991	RnP1Z uvwftshFtf	23-451-948-8464	789963.2475000002
2250	Supplier#000002250	2BW8w iYp9DThJ,PfIqib3iwz	11-700-606-9453	789919.4605000002
4039	Supplier#000004039	0q,Nz9X3EzkAA9PAbCH1KxfAF	15-104-769-4241	789898.6063999999
590	Supplier#000000590	KhRtsL4Foycp2hUwg bEHkDusXAf	19-277-247-1833	789896.0464999999
7042	Supplier#000007042	8vYguGDS2TAwnwUf7HYyhQsbReKC0	16-338-868-6616	789866.7958000001
7847	Supplier#000007847	683Ud QZz0vWvaE3rY64Y	30-143-576-9014	789822.8985
632	Supplier#000000632	pSP0SwLWVUKjWyzZtT	12-953-253-6464	789789.7980000001
9441	Supplier#000009441	VOIqo9OoPfEtss6V3FRn,x	33-124-494-8728	789679.3473000003
856	Supplier#000000856	U,GH2ZjlmA78JRbjWhbf7jCgrU7a0Dx	14-216-125-2920	789432.8808999999
1989	Supplier#000001989	u3dxCM57G0E	20-346-853-5153	789429.0272999997
3549	Supplier#000003549	s,HHd C3rmE99jrIy1805hXcWVFBB3sEbQec	26-651-385-1511	789346.3456
6644	Supplier#000006644	sM18j0ks9xI	23-263-254-2472	789295.6966000001
3888	Supplier#000003888	1jH4h28NcC	22-388-795-7649	789285.3339999998
2134	Supplier#000002134	2DRjGuS7JFDWRjRwMzZotVq khUDnDUJ	24-307-765-2679	789248.6835999999
6158	Supplier#000006158	g3gnmaM7TX3h,,z1xp,O9rK5	14-853-863-2183	789143.5427
9867	Supplier#000009867	eWuVVObffkj xsIxj2O	12-553-972-8635	789140.1063000001
1837	Supplier#000001837	y6OPRBPQnzsH5S9HVkTx2WZXejyXKL,8g2,	34-886-827-7602	789115.3471
8430	Supplier#000008430	HCC99izA3YX5kVTJYwNpEHJJwR2cEfqcWp	23-147-789-4736	789055.8953000001
8061	Supplier#000008061	6pgoLkjGTMX8	27-282-225-6689	788979.3287
1060	Supplier#000001060	0D46fGOyD3nAIccLgHmuW v1p0N	25-445-428-9650	788944.8316999999
5052	Supplier#000005052	XgiszGZq0pdZZHYe31dLQIMe	15-753-514-6917	788886.1586999999
3826	Supplier#000003826	2 UlGzry,3W5HFyu94xTXli8OSxX	18-334-808-6009	788877.1442999999
7843	Supplier#000007843	RcfSaB8NTKOeHQD 3xNGvUI6v7Qf,s9R0	15-985-681-6603	788842.7535000001
8675	Supplier#000008675	hfXdVwIc6zdO,OLMWuSBjdwsPTw3eEp	12-782-314-1801	788815.8661
5230	Supplier#000005230	eb0Jbiu0Ltq,cc	23-614-211-3496	788782.7054000001
5392	Supplier#000005392	80rNQXvYgc8oa6Vud3f	10-603-851-8821	788728.1442999999
8289	Supplier#000008289	fFsGY51lOsR,ckGbgfx6N2uH2IqF	15-203-606-1989	788681.5623999999
6464	Supplier#000006464	IG7mlCryWzcA,eDg	24-356-621-2381	788537.9356999998
4215	Supplier#000004215	NEDU5ZeLyyn,EDkL	10-365-101-5443	788446.9861999998
7323	Supplier#000007323	OUFIl2BHtccFOEaT7	27-941-979-1583	788438.0449000002
1789	Supplier#000001789	zzNyqcHhaB0bDGk9kv2dEruI8gSDiu	30-693-246-6660	788385.8200999999
7568	Supplier#000007568	g8Q, 3C6pR8MSmV0t3fcP0Oj5,rmUhwrbO	20-668-273-9709	788382.9188000001
2137	Supplier#000002137	bq7n09XCqRQbyJ9YrejrU dPlUqfp2m	33-563-538-5564	788251.5730000001
6332	Supplier#000006332	Y45cOBhl9EZvXMhZOI6jo,	29-540-415-9434	788195.8064
4742	Supplier#000004742	4LTtuEAkyVNBDcb9Du	34-490-878-3538	788166.0798
6311	Supplier#000006311	PfMupGhJmv	32-567-413-2348	788079.0118000002
9290	Supplier#000009290	H6t,JDB4Pp	26-359-813-2953	788072.9279
7305	Supplier#000007305	pFuKnETctQn1J	17-698-827-9966	788054.2157
650	Supplier#000000650	lqBJUDL9EXwh0	14-980-933-9338	788046.6019
1087	Supplier#000001087	z ckHESeMGv6QSd4gTp0G4Z2ckaUVvo82UyV	12-511-658-5708	788013.6632999999
3198	Supplier#000003198	Y9NXI9djnQGwvPUfHVZ7Ww	12-121-806-4870	788007.4063000003
8595	Supplier#000008595	MH0iB73GQ3z UW3O DbCbqmc	13-841-273-9262	787975.5246
2698	Supplier#000002698	CMlIXJJkMBZVQ	19-477-654-8549	787956.2486999998
54	Supplier#000000054	J1s,Wxb5pg	22-966-435-7200	787931.4404999999
8510	Supplier#000008510	aUlYzASj024j xvxU	20-622-650-6857	787920.9158999998
3408	Supplier#000003408	C0HQ2j4iTwsmzgss6mOZkt	14-286-990-6203	787849.2246
1590	Supplier#000001590	rEYMbl67PIcccPfu0jIi4BsqQrb	21-214-808-2728	787818.1410999999
497	Supplier#000000497	iLAqlCKDLUGqHrjuOcId7 uYoTmpA	22-895-454-2151	787777.1593
5629	Supplier#000005629	SmHC2j4zM5QuUKmnob	25-317-111-8884	787761.4796000001
9210	Supplier#000009210	sa U,SZL7BsDag12dYnXvYB9Ss2qm	34-584-768-4698	787733.0861999999
5350	Supplier#000005350	Pf2R9BM48dv6Tt	16-724-955-9576	787723.8013999998
7767	Supplier#000007767	IenQ,N7kCm 66lJHO QA9	18-150-170-5440	787570.1412
6666	Supplier#000006666	MdBp9zbA2xxhTMHo6YLut4	32-542-658-4737	787418.5957
6048	Supplier#000006048	OyHRSoJAGXxmO,qdDs6EEWZ7s	21-547-295-8299	787402.4698999999
2324	Supplier#000002324	y3OD9UywSTOk	17-779-299-1839	787354.0488
7861	Supplier#000007861	BAbPS4aWeDHKehCNlaSt	24-532-772-5730	787200.4541999998
6824	Supplier#000006824	aBVKYb4T4N98fvuKJxYsMLR	30-997-948-6329	787151.4219
6360	Supplier#000006360	NC2ZhKppyWcUNX5e76pwHHgkuJh6IqeSjbU	25-368-442-6089	787051.8375999997
4754	Supplier#000004754	txwbkNHK9qxIldQ,uz02VKpB	18-520-386-5634	787039.6107000001
9761	Supplier#000009761	720mn AByioLe3YiA,nrybkVUX	15-466-674-2289	786936.1889000001
5836	Supplier#000005836	tx3SjPD2ZuWGFBRH,	13-140-789-4690	786929.8724999998
5478	Supplier#000005478	tk1HQxRxeWlaO	13-377-126-4444	786902.5480000001
7392	Supplier#000007392	JeeScPASUUcJFQbjB5BVwXb8De3VTYddzkGwBv	20-928-350-9877	786901.9967
4294	Supplier#000004294	6UDA5xrAlv7ProtXf	34-108-107-5528	786898.1618000001
6594	Supplier#000006594	Lsaex723qeymtiq	11-794-494-3265	786861.1285000001
891	Supplier#000000891	cv64gZAB3Ax5XblZ19gNA zOHb9q2nGjtvUzLm9P	18-541-281-5118	786795.9182
9589	Supplier#000009589	yw AjjynmKr9KZqx5ifhTUym	25-341-250-6793	786770.7846
4925	Supplier#000004925	w3V3pkQE2hSRISfu,tGLS,5hCue2ZUWrAVh714	30-136-996-2100	786725.5253
3236	Supplier#000003236	MjHtjcaSuqm8jC	26-307-329-5100	786720.4094
982	Supplier#000000982	2GJow4mz8ZkIPUSibA0NZ3OyR5TkfHx0	20-884-330-2979	786681.3395000001
4386	Supplier#000004386	K0GQCM1bN,rFXIgtSBli03	24-286-976-7079	786644.0821
1650	Supplier#000001650	0R0dQzwyoH6vgewbsib0u6wnkuj,JCdR	28-235-797-5129	786613.0459
4977	Supplier#000004977	VYeEHmvwp0D43z	10-487-644-5662	786603.0203
7505	Supplier#000007505	HrpvrWPPfiNgNUUZIkZQWsMN	15-512-324-2294	786571.1758000001
5847	Supplier#000005847	obol3bfh0zWi	21-530-950-2847	786557.6519999999
6081	Supplier#000006081	t9BY2txVHYFZ XtK11jfKU	15-109-845-1791	786457.5858
540	Supplier#000000540	Tmyis ,xX7XjU2E	26-891-481-8993	786450.9040000001
2116	Supplier#000002116	02IsqZ0CQCV HoKhpfyZ4UMThyCXQlfWK1	12-448-646-9912	786394.3027000001
4811	Supplier#000004811	8NCksH9rrGkkaSJKEpRnZvrafBJBWWxMjSx,	33-766-661-9013	786250.6689
2716	Supplier#000002716	oyXKHQx 2zUEJ6Tf T5KtXN9Nh7xxFklVZ7Z0	22-917-110-5332	786218.5581
8238	Supplier#000008238	LcAJrR6RFABlXBmXl7Kcpm	15-575-214-7975	786036.0709000002
6078	Supplier#000006078	g2U3DE6YRlyypDiEMUaKuzqa	20-162-511-5277	786025.6264999999
6232	Supplier#000006232	,yM729cm 7Jrc,pLW	14-248-518-3019	785949.8214000001
5199	Supplier#000005199	xMIKy6lAtw	31-599-973-3564	785913.2564
9280	Supplier#000009280	r9xAmwXKzmcvQ369edjp6eWP2acLGos5	14-231-827-1063	785785.3499
3136	Supplier#000003136	fz9yPkt1VOpmTka	17-835-332-2709	785648.3306
6825	Supplier#000006825	HMEhRT5SMldr VoKyyO	30-339-441-4176	785589.1832
6797	Supplier#000006797	9Gm3zO9oS5PTNChz0  E1R8H0KZu67CLD	23-421-897-4578	785556.5931999999
5104	Supplier#000005104	V6dIpvnddJ6BfMen9pRA4ZA5KLEcRAj3APWIB2	19-456-197-3940	785554.4081000001
3354	Supplier#000003354	eHE1MPMqGDRue5yyU4uaVxuowb2nUWje	26-686-354-5975	785525.1432999999
3570	Supplier#000003570	dXLhbtaebBIgqPc8Iksno	11-463-717-2694	785519.1876999999
2231	Supplier#000002231	WIQCMu3Jbl9wdGTa9MBrs	28-163-192-9960	785513.7533999999
8117	Supplier#000008117	YKxTys0SBFcdjS2B9Dk8D GWwE4u	31-774-904-6432	785335.5418999998
5152	Supplier#000005152	AF2Bpt8T5lEvNnVsXidYmnYEJyGVMc	19-145-227-9425	785114.1269000001
1243	Supplier#000001243	SvosmhflASO pHHbybL,VNT 5cyXZp1HNaxnW35	25-455-924-8412	785073.4543000001
155	Supplier#000000155	NFoZlgq90N33cC4HbLcfIGb1uqIZy85l42qa6	32-417-987-3690	785065.2077999999
2411	Supplier#000002411	vhHQgR,vY3s,Ntb,yIUYN6XCZFMopFZslUL	26-906-744-9070	784981.2704999999
7888	Supplier#000007888	nq06Y48amPfS8YBuduy1RYu	14-462-704-3828	784979.396
4034	Supplier#000004034	2NQRRAXCAOhQot5xjf OGgeKnTq,9e	34-258-589-9145	784812.7977999998
3904	Supplier#000003904	4odTocND0hC9gm	27-284-415-6947	784708.852
5919	Supplier#000005919	9XqTzwy FQ0EtxZGTSJ5GH1mozW	20-739-829-1295	784636.5385
5494	Supplier#000005494	u5ylCpj7F7mjMz4uXcDdE,n	32-569-869-5188	784621.5401999998
7105	Supplier#000007105	54dVM9wEXGnNRR3	20-573-651-4616	784616.3171
9567	Supplier#000009567	r4Wfx4c3xsEAjcGj71HHZByornl D9vrztXlv4	13-816-610-4613	784463.3217
9118	Supplier#000009118	RMx38QA rm1H8ByjZtOcg3f4wXprc	10-397-743-5060	784403.2249
3216	Supplier#000003216	AsauQYym94o6O,O0Le4SGYuYSJmleOxHZ9U50	27-210-133-9765	784322.2594000001
2190	Supplier#000002190	J fhViwOg6xww5C07Vr	12-935-652-3388	784314.7334999999
2837	Supplier#000002837	SrAe60iQ8wlU6wKYnTNoL3pNp w i0X7	12-746-794-6452	784207.8642
6458	Supplier#000006458	1wfeX ru80V7mKM6OQq8EVVA0	10-314-874-9392	784181.9756
9527	Supplier#000009527	RmgAFGfsFttrkvP45QIcfP2	14-922-292-1729	784168.1278
4498	Supplier#000004498	LklMZK6XmdLT	12-964-166-6801	784120.5494
7503	Supplier#000007503	ZsYDRAa2yZzSCBrnVDKW,xOwrzswX3QH	32-499-180-9030	784095.4939000001
8352	Supplier#000008352	53CWsOambFkFHF9JVpRGIsagsNwPC	10-184-453-4820	783995.9071
7979	Supplier#000007979	aTz0O9HIdoStxpU,8D	19-787-181-5082	783964.3086000001
7420	Supplier#000007420	pltGihWq iScZqq	34-294-186-8855	783940.25
8736	Supplier#000008736	t8IEmRy5byJl0tdlW54XK,uLmKSKrm4,hTgMi	16-266-163-6099	783937.4129
4722	Supplier#000004722	lajXkaQUbCc	21-850-388-8132	783899.1743000001
3197	Supplier#000003197	xN7urTEvf3bME1qOMJ,CRmm	15-450-466-2595	783874.4719999998
1907	Supplier#000001907	ybAHrX,OnohkqolW ZBY4YhW63IRCUtuIehrJk8J	30-901-567-4832	783840.3267
5470	Supplier#000005470	dNQ2q4BhVvkvvy0HSjWx864vuPmxHKggIGkAY2Ux	29-743-776-5345	783749.4726
8435	Supplier#000008435	UHmLbgZyp7EC7K5a5	32-593-113-8050	783732.6779999998
7157	Supplier#000007157	N gqX7,FRjIHxiVqewfnfVAn	26-127-544-2483	783732.5655
9085	Supplier#000009085	3mbsprr7CRUTKfqiO3E	27-119-519-8096	783600.7771
8098	Supplier#000008098	IVt2aJgxZdqUGgtAjKS8tDXCAhuwztpTD	19-922-131-3314	783467.9722
6074	Supplier#000006074	ISALQ7N4EGwy2CKTvMbQXkEOBU TE4HSr8ju	33-912-195-4358	783457.6684000001
9402	Supplier#000009402	1y9Pm8w2Ooa1,l3nE4o2il5H,mEnHh7J	29-673-127-9143	783433.0332999999
6771	Supplier#000006771	eli9DBu1IuS88v1ZvailRSd3lOI	17-321-864-8504	783379.9230999999
420	Supplier#000000420	kLWtAMtbSn	22-971-269-4753	783281.0856999999
655	Supplier#000000655	j8ga9M1KhzXKSk6g,bXi0zbLWjckDEpwBeqs	14-708-916-3581	783093.4045
8051	Supplier#000008051	3XAJrrIVHDnqGIG	14-541-202-3850	782988.2497000002
8273	Supplier#000008273	noqA2JZJNJsWlfdDa	27-942-829-9849	782893.235
5457	Supplier#000005457	3gTI SbYeckJOAGls6NlUPQUnbfhBmMXATrM	16-421-469-8087	782798.4167000001
9098	Supplier#000009098	O0dbLkI96ePTovMDZH0FZ9KzuTLv	28-339-166-6923	782741.9511
6636	Supplier#000006636	uW3QoDKNqmMoQ	18-662-756-3294	782688.6122999999
1579	Supplier#000001579	EA256SSBFlnNj6D,4dRgFrm	32-223-473-2267	782632.9524
1051	Supplier#000001051	DxBxQBR5cbx50lke0A9nr5pkkRrt7Sp	22-964-969-2212	782625.9522999999
8127	Supplier#000008127	u8tbsOPpf4v2R6EDD3p46Bv9gcc98IjUsAQVj	20-119-331-1918	782625.1567999999
8723	Supplier#000008723	NcYvPA3A0PFdc34jiiXxWY1	22-556-101-3402	782618.0463999999
4640	Supplier#000004640	XCEPGbkRufbME9JNnISD1s,GYT5m	11-752-437-5966	782464.7529999999
7241	Supplier#000007241	8xtX4J2 GxQ,4	17-604-128-7288	782416.0484999999
6097	Supplier#000006097	zNHypsRcwCwYDeUC	22-955-529-5998	782397.2952000002
1348	Supplier#000001348	FA39Bg0jdkCczUKsM1aNng	20-477-577-1250	782374.1593999999
1023	Supplier#000001023	33AoyM80E K3Yyb20ug8S	27-534-251-9499	782371.9103999999
7594	Supplier#000007594	,MDKhwTsZPA1SiXYj,KXdJeru3j6S	23-516-704-8928	782315.7906
9042	Supplier#000009042	h7ZUczo BbywBsYcTB4yCmF	24-904-680-8272	782296.9011999998
4901	Supplier#000004901	zjsuu 7grcQ	20-700-229-7679	782272.0314000001
8885	Supplier#000008885	WUeuKLfasHQqG6n6YePqoBc3b0XKxPb9OOai	24-694-243-9008	782177.5039000001
8228	Supplier#000008228	WyCUGJa30D	22-915-176-4354	782107.4789000001
7810	Supplier#000007810	mQN,Ov8kZQ1IYo,nwTO	30-915-744-5763	782087.0875
7666	Supplier#000007666	qSwWpsWNOrPGl3,Ly O5SOv1Fs3	20-135-256-9102	782015.7086000002
7156	Supplier#000007156	Pi5b77xdrKZfKVi	10-767-948-2849	781966.9846000001
5708	Supplier#000005708	OsiVMcT732WkL92Mf2NfXETGs8	26-303-147-3139	781899.5508
6775	Supplier#000006775	aph5vhayqx	34-175-566-2401	781877.666
530	Supplier#000000530	0qwCMwobKY OcmLyfRXlagA8ukENJv,	13-747-781-9694	781813.3519000001
4955	Supplier#000004955	7vOJPagJiKxciLtSCjVNnZ5SIP V1vLcmYK3IGg	26-258-559-3104	781536.2431
9313	Supplier#000009313	ulZsqYDPQJG4HiT6AXOOnJJEeu	34-272-359-1149	781513.9890999999
2906	Supplier#000002906	498dqBD0lISHzpDOGmJf3W57mBSh woorgn	16-629-297-7385	781512.3393999999
2212	Supplier#000002212	xqhdX258o1LfvMBdfu4ecQBwTEfnQVpdcGjj5fj	21-100-454-2429	781365.4534
5721	Supplier#000005721	LXqfP897JYdfIlo dNqHuY4T	30-202-248-8360	781357.9342
2208	Supplier#000002208	N3a93D2ALpD4hf 8DicAAi KZG	14-369-691-4892	781334.4209999997
3072	Supplier#000003072	IFvxRHT43mth,S1WjX8mNhgm6UCEcZKyD6H	18-664-412-1510	781333.1072000001
3276	Supplier#000003276	dIPRD9Z7blDleqsnNfGF	29-181-839-9372	781282.1942999999
1162	Supplier#000001162	p5 1bgT,F7cZaIH	21-669-219-5577	781255.2953999998
7247	Supplier#000007247	JosmnE4uT6PQixnmkJqDKEtU1XNRp	27-629-215-8284	781113.8488999999
3777	Supplier#000003777	,6SE2f977,1Y7A npCbhZ6Om1h3E7aQRmIsBc	30-356-838-8323	781090.7889999999
208	Supplier#000000208	kr uyD ,K95lEvq77tuHVjOJM57	14-932-450-9228	781075.6329000001
6271	Supplier#000006271	LgpupeuXWX	20-135-150-9014	780945.6745
8905	Supplier#000008905	8sELF0amidZtqTcCoLJN	26-916-810-6563	780889.2775
6142	Supplier#000006142	RMMW8ECkdaleNxLL9ecTfcyohxnUV1toa	15-359-277-9696	780814.4180999999
600	Supplier#000000600	YHyUzea88sXoNmqmCMamiEfGC54xpdX	22-508-410-2758	780810.2009
4622	Supplier#000004622	tSyf58DedQKRaX 8UF6Qyd,EFDHSmTIHCXYVl	22-544-951-5366	780469.173
7318	Supplier#000007318	rk,XcKlao GIe35hZUcjt6dcyxHo4OBOhM4m	24-185-616-3920	780364.9014
6595	Supplier#000006595	lwibmHh DJcmwev5BxgqDtlBE82keiFxRJH5Q	17-920-614-7661	780329.8733000001
2592	Supplier#000002592	2  ZDHmKO7y9Io 57xTjfk6	15-482-126-8688	780257.4555999999
2640	Supplier#000002640	8y3orskO7aymVQ6t	22-416-966-4904	780156.5004
8153	Supplier#000008153	2XdXx OeLcw630eWmuJJxXkBJrqv6j39gz	24-838-589-7861	780007.6594
639	Supplier#000000639	WGqnQRU1xoC,UV9xDGjc48rC4Cow4	19-128-575-2303	779796.8236
7948	Supplier#000007948	d8aJtC7KA4AlOT	27-628-539-2506	779753.7344000001
6759	Supplier#000006759	KFoVyGtWziHB	16-843-345-1679	779722.9395
6047	Supplier#000006047	kzwT4VvnHjttVeDCR9q b3zhgvoibLskr8 B	29-898-747-7501	779705.7543
8184	Supplier#000008184	xeu,fDpPqAztNRAppFYm3wL8rdDJToHtZspsWy	33-458-474-7324	779549.6177000001
6980	Supplier#000006980	RsnAFGUkMVbYNCK7	19-410-393-1033	779374.828
9727	Supplier#000009727	jKjZMw6CMxw,qjGKZmlUZqP5oV	30-580-990-8437	779356.3946
7464	Supplier#000007464	Q9WBcTjgT1okf3sTwJGmnYU3QAc	10-613-422-9919	779322.1142000001
6709	Supplier#000006709	55mmIOYe07Rz2qebkhmo405t0Mkfck,	15-704-822-8514	779308.3450000001
2677	Supplier#000002677	QYcr2ZFZEQ F59zKoGJCSHG3j10e9HAqzW	31-596-125-8311	779202.8127000001
5065	Supplier#000005065	gv4VGfRCLuElgLNPByiuy	18-371-476-3271	779043.6660000001
6160	Supplier#000006160	kL4DGpFFTDPrxbUIBeU0YMjFPW	26-362-755-7430	779031.1131999999
7962	Supplier#000007962	ANn,KqJw0Gv,ShjR6Y6WA1epvnlYMndQ	17-885-453-3934	779028.7647
1052	Supplier#000001052	9Hju7eTD4D9L	14-562-816-4934	778879.4833000001
9667	Supplier#000009667	B o GgdMLvkvba0eV9fMYglO2k2jlRnZ3Vi	21-650-347-7176	778860.6712
9942	Supplier#000009942	Jk0lKne38S4UN6aiEFuJW	22-683-412-5620	778749.2184000001
7789	Supplier#000007789	rQ7cUcPrtudOyO3svNSkimqH6qrfWT2Sz	13-518-202-7692	778611.2346999999
6885	Supplier#000006885	Z86smeUpgHKvZ,7tUWPM	15-625-719-7144	778578.5879000002
9160	Supplier#000009160	RSRbbgm,RmnKF	10-282-787-1261	778530.4805
6821	Supplier#000006821	KDpvnfTk5SzlUInH78Hl1tp8S7sgkZPJ	24-408-920-1588	778445.2969
2649	Supplier#000002649	agDQi9iCt1cUaS	31-891-427-6188	778381.3258000001
6774	Supplier#000006774	svP9cI7FSB 3a	28-425-377-5849	778376.9434999999
2454	Supplier#000002454	cWf49koXMVcuiChRZM	12-743-793-2820	778367.6836000001
6838	Supplier#000006838	MYdba9tj08kL5Q7FteV6b8	11-703-493-8571	778304.3603000002
5943	Supplier#000005943	uXgygC5PfmPGESiO4IzkYj5i	17-119-172-1665	778298.3890000001
7358	Supplier#000007358	0U1 6bUtHv8Ndu	29-794-437-5593	778216.0048
3627	Supplier#000003627	77,1uiRw rXybJh	16-568-745-4062	778124.8882999999
3205	Supplier#000003205	viUNFpv yrsjJsjG2M3sbt	30-793-761-8003	778081.0403999999
1417	Supplier#000001417	ngxGU4WeFjbUPPSEzfJhL	14-311-119-5389	778071.3024
4030	Supplier#000004030	mwVlSms1SrhbUreGSW3,iWovysS	24-407-262-1986	778042.2054000001
4849	Supplier#000004849	7AnPSv0ispOYWXh	18-730-418-7910	778004.4984999999
3733	Supplier#000003733	4GFmXZviw 5	15-546-392-8568	777991.3286999998
1858	Supplier#000001858	rmDP0y7kgY6H	25-404-624-4225	777899.1074000001
5952	Supplier#000005952	VCieisiHXBo0ricf	18-631-188-1701	777867.4272
6034	Supplier#000006034	znWbAlMzjvrWGm9m,,	17-548-215-7100	777800.0377999999
7248	Supplier#000007248	tqBWdYeG uBLy	28-874-436-5507	777727.0222
1038	Supplier#000001038	JKW9kNWHDXhY4L u3PAd	26-767-195-4479	777717.7189999999
2934	Supplier#000002934	m,trBENywSArwg3DhB	13-200-945-6095	777664.5053
4797	Supplier#000004797	ILjbnoynNq,X03xB1cKuCqO	25-727-367-6267	777555.8831
7957	Supplier#000007957	ELwnio14ssoU1 dRyZIL OK3Vtzb	13-675-523-4067	777411.281
7886	Supplier#000007886	sFTj5nzc5EIVmzjXwenFTXD U	21-735-778-5786	777391.3235
238	Supplier#000000238	xjSZNq AIqmrV UfxyGcS04RYOzW	18-950-354-3488	777230.2569000002
1600	Supplier#000001600	Wli6lXwUVA4SSle lr0iA2VaJZt	13-807-407-4084	777194.3664
7588	Supplier#000007588	nl9tvg87Zu0u629XtHL6QZAItY9lhLVh	12-593-727-5767	777168.1915
1761	Supplier#000001761	a0m8NEA2aIlbFIC,54v7	19-593-938-9681	777015.7088
2266	Supplier#000002266	AT5WYjTc6EjjhwrqkvvS6zApJglwj18sF	20-780-534-9845	776779.4246999999
6648	Supplier#000006648	NIqU9bODm5plkP	16-543-459-9176	776778.7960999999
5125	Supplier#000005125	sdi55cW4MJZDi4	22-317-409-3573	776766.7228999997
945	Supplier#000000945	y8LENmYfvNpYOnHG4XdxLQGqjOPJJ4c0CacGxu8	11-785-307-6941	776667.8544999999
9015	Supplier#000009015	hqZvf3UAZhl0EgVZcm0	21-997-953-6904	776641.8837999998
8133	Supplier#000008133	AB65mzDW8mtEj 3H2EzOjn0Kkxyy84jdkBuLLH4	15-767-207-4031	776635.8695
3968	Supplier#000003968	pHlakj,V6Cxz3IaM1y0ZNBY	16-826-121-5142	776551.5051000001
9248	Supplier#000009248	WAkWwdEMsVz9WLqER4YAggB5aaGO04Jg62Li,fV	10-392-858-2023	776547.8089
2941	Supplier#000002941	Naddba 8YTEKekZyP0	13-722-750-8709	776490.9874
8605	Supplier#000008605	7rmF4yhCBdlgGjnkCb	14-543-917-7299	776415.8209000002
48	Supplier#000000048	jg0U FNPMQDuyuKvTnLXXaLf3Wl6OtONA6mQlWJ	24-722-551-9498	776404.6925
4048	Supplier#000004048	uM4A1WUm8K3f2SW2hWGMS6Qo6lvqyy34mqWrB0	19-579-815-4694	776390.1607
8327	Supplier#000008327	7Htb2szDxgGHLwL8IwkGtAE	25-974-585-5154	776363.6126000001
692	Supplier#000000692	K8M3uIAEsKuFGIc43sALPKCDSyKXtc0w VcdS	10-727-704-5789	776239.137
1314	Supplier#000001314	aJDmqSRKvJC1Kgj,ceIfkh	25-594-221-9764	776230.8199000002
5592	Supplier#000005592	LSStsnlgWDoomZw,6qCl9LsUvl6zICG,fsFG	11-794-377-7804	776121.5882999998
1616	Supplier#000001616	uT6XNcLkO6ZETegNRj0QWIm	24-729-958-9586	776058.8917
9751	Supplier#000009751	AFQ3U19Z1v	19-788-784-4046	775851.9564
4565	Supplier#000004565	GgSRL9IVEnJ3zS0xzznWky1VBqWmE	23-874-502-4312	775847.0307000001
258	Supplier#000000258	z8ImnYbuBbohh1 WT	17-820-568-1141	775819.3104
7535	Supplier#000007535	baYGUM1V96ULxAjkFF5 XLc6cNJ32LqDKxHVr	33-814-473-6588	775815.316
5767	Supplier#000005767	kB4LYA9E7rU7h7P3JH	21-348-204-5182	775808.1508000001
2892	Supplier#000002892	g  RYnxGX5D 192b2QWfOL9 DII	22-714-719-2067	775772.8655999999
7860	Supplier#000007860	Qm5jTdAGzrSFO9S4XUvLEubDavOpuY	20-976-207-4061	775682.6925000001
63	Supplier#000000063	NlV0OQyIoPvPkw5AYuWGomX,hgqm1	15-781-401-3047	775675.4606
6210	Supplier#000006210	cxe apAEwK7z	30-153-120-7071	775669.2898
4226	Supplier#000004226	TLWMyc6v5CV2fEhXF0JzzTaN70X588o	22-534-251-8116	775534.1396000001
6792	Supplier#000006792	d6zeMkuKyz	32-251-872-1479	775519.8047000001
9065	Supplier#000009065	ZELuiqWrWbJV9zAuco1OnXKTJClhR	31-546-302-5610	775339.5379
7689	Supplier#000007689	lHQzLQr9Ej0tCHqbrIHVynT	19-944-980-4845	775245.5059
1147	Supplier#000001147	tI7YxKpJOUEQAuZ rCyjKKQwC7F72xs	21-843-925-4037	775237.3754999998
5415	Supplier#000005415	9YztwN5cdOf	22-899-505-6203	775181.7098
687	Supplier#000000687	PN0ZGBcv2F7yzeOMZflOAoEnhAUMPocj6sc	30-168-842-6668	775143.4098
4848	Supplier#000004848	SRJCKW382GEc	19-668-694-6038	774998.3996
9908	Supplier#000009908	YCdG0YZN6k8GLR4z8bD8rFI3JFOuchhSbJ q	22-339-638-5283	774985.8317999998
7199	Supplier#000007199	Ew4HU3ynk K5GKwyUIs7qorp6nqyA,bdT	14-809-367-4496	774905.0895
5604	Supplier#000005604	RBi1ab0lYokQsmhcPLIuKOlJ3GX0xZbYX	20-836-715-9065	774895.3154
415	Supplier#000000415	ibzrtLp NIBzzQVh2mc6M7GJj3V2Z5uKlIDw,z	30-297-706-6489	774829.5599999999
3545	Supplier#000003545	9a0mvwZA3bAlXEs3v5 aVrosabG4lzAn	18-861-618-5938	774732.8093999998
4501	Supplier#000004501	qGIeaf7uYt0GV	30-627-214-4834	774718.8236
3448	Supplier#000003448	eVa5XwFZOM6p8d9g6Pmn4YhbD PUnFAI	13-246-324-4442	774653.8603000001
8301	Supplier#000008301	8fT54G,7Oz3TuT6FBePq1g6C9J3kqVAps9kiB	30-544-874-4257	774579.9760999999
7746	Supplier#000007746	x0y0FHENyMa4xzCYG90wfrNK7s	17-795-266-6043	774534.6255
8702	Supplier#000008702	OCrMw12KclPXTi3RWAEl2b5E	30-779-407-4353	774455.9867000001
4731	Supplier#000004731	gZw0DyFVivD3RGw9YL0	22-912-996-6642	774425.0776999999
5692	Supplier#000005692	335mZ92x7onPQOtTY7VoXH	21-214-301-1719	774416.9740999999
7047	Supplier#000007047	4UDtZ,2vtplv74entNaraPT8Ja660w9CS	27-515-593-7697	774384.019
7345	Supplier#000007345	6LOXvCNnVpleDYKB88ex1P7V4oUFpW	12-103-401-2717	774329.2007
8281	Supplier#000008281	W93DK40wkZHj	26-947-112-1111	774262.2248000001
4779	Supplier#000004779	tX99QqdyiSGhHl tVjuXser,WRiH	25-225-279-3270	774189.3324999999
4988	Supplier#000004988	jhzhG4Fi5e2qyBfXvwlhyyv9CsoyUIDTXOwpgUUF	24-746-787-2183	774186.3653000002
3970	Supplier#000003970	c3w93u7z,OFZYuQJJeBn9vdBTjAHvVjlRPpZufD5	23-727-929-4919	774157.6415
9333	Supplier#000009333	e9JTDP8Pt7IrPBBlimjs ,	15-289-312-9549	774134.865
8632	Supplier#000008632	QqHtvzhTWJlr7SJm1n,bqauRGd5XFIlO	29-543-253-5866	774132.6715999999
5477	Supplier#000005477	fOzXmCgwtUn E2O8R8NXiDYLibNr8ThjiTJXJZ	21-195-969-7717	774130.2692999999
3817	Supplier#000003817	hU3fz3xL78	16-339-356-5115	774046.6183000001
3053	Supplier#000003053	EVzC xEU8hGQ1rTnsO	33-265-220-3273	774017.3067000002
5167	Supplier#000005167	NiEBRUM0BudGHmgb	25-248-319-7059	773978.3304999999
7761	Supplier#000007761	Edga,Z4HCtY	21-114-854-4871	773964.7533000001
2629	Supplier#000002629	0Bw,q5Zp8su9XrzoCngZ3cAEXZwZ	13-192-161-4976	773931.0307
908	Supplier#000000908	05YocPlDfIe SFz7r5BeVAgqOx8i	14-669-206-5538	773901.2642
2894	Supplier#000002894	UVVMOnNXCV0Gcc	18-901-471-4979	773818.6372999998
5757	Supplier#000005757	FBJ0hUWAem3whciziO7lndaJ	33-580-351-5737	773795.2052999999
6388	Supplier#000006388	sIEnnJ0qa4ZMJP8Bv2EfEdOdyUc24mpO3	18-850-554-4696	773792.3515000001
4612	Supplier#000004612	1,9d89I1URO3QJUeUSKT	19-368-689-4694	773721.3830000001
9580	Supplier#000009580	xdCOHsFbZAnBNDHjV	19-206-374-7815	773675.9775999999
6910	Supplier#000006910	w4KossB5Mz99LQK	29-354-704-6035	773636.3690999999
5501	Supplier#000005501	cGipjP0aSm,,nBJIlzDvJmloisH,fPZ	22-303-395-3383	773594.1023000001
8467	Supplier#000008467	mOzxpu7,0X7f2,BY3d OnG6yDTPz7k74	13-460-470-1371	773528
360	Supplier#000000360	3avxIDL4YPrZVHie4rOiPrK8Z IJwEPqZaioHK	15-671-472-7761	773415.1294000002
8929	Supplier#000008929	MCstA7Wb7ospec7xjTor0PbFyPK34PV Z	14-468-661-6827	773406.3042
8519	Supplier#000008519	caX1G0CktaS,9fqLOta260Y	20-177-279-9686	773306.9243000002
8396	Supplier#000008396	ofml8rQt3uP,RfwzKJO	30-594-869-8475	773238.8613
5904	Supplier#000005904	qR3xFuR1VfDt5XfudzZGdoAgS0HR7 xS	32-950-749-3092	773173.4309999999
341	Supplier#000000341	sdb9yPRPun Z awDuDPUId2NH0Yrz7dnJ1GBDc	24-320-626-2836	773171.9638000001
5426	Supplier#000005426	9Dz2OVT1q sb4BK71ljQ1XjPBYRPvO	13-448-787-4918	773089.1731
9922	Supplier#000009922	2xl71djjzI5lnxhIPuQgnMuMc	19-516-130-6575	773077.0907000001
4070	Supplier#000004070	fTacTQnOX3OwNmkzn1GHoYbPl5j	29-634-147-4221	773051.9717999999
7154	Supplier#000007154	VOqsdDsO4y,exyr	33-112-156-5571	772967.5860999998
6675	Supplier#000006675	r86gT qdVa1SToXdwSWGMcEHR	21-643-398-5866	772898.4622000002
8019	Supplier#000008019	mCLo M9G6yfyeJ6loXFlZrnm0ULI M9G1Jwk8CU	24-238-272-6799	772849.0521999999
4261	Supplier#000004261	5,TavIRWV  DnXL3CsyYN,h7x7 37	12-362-986-9587	772848.2155999999
903	Supplier#000000903	fQVbA9,L6tB9iFrCfk4Yt1dwT0kRWg9DV	32-277-492-3117	772838.607
1049	Supplier#000001049	hJjbktopDAAM	27-362-693-9939	772831.8476999999
8835	Supplier#000008835	RM5tOTZxosLn34JtphhF6yN	15-979-985-3172	772826.9042999999
5962	Supplier#000005962	KfUpiOuf8e	24-748-909-5232	772787.9632000001
6651	Supplier#000006651	OI9gD4TmCEeMpD	10-531-794-1582	772721.9793000001
5585	Supplier#000005585	nnEt0njMpEFeiyJMj6xIY2L,emUjy7h9Pm3YiGn	16-368-410-4285	772616.1479999999
9804	Supplier#000009804	VjyFXxtpo6Bbi6MB9ygEdD2TPO	30-586-486-6852	772579.5139
1851	Supplier#000001851	NjxSzMQgc97zjqOtED31fVpC	25-797-496-9211	772501.0461
2919	Supplier#000002919	wDUxk1fSAitN6clR5Fau	27-836-653-5155	772456.5042000001
3720	Supplier#000003720	FShLUvBH QdZGX	18-372-752-3019	772408.5266
9035	Supplier#000009035	8W  kvlvsh5t,DgUFGKXMkaQdEAfF3UNxza	22-742-124-7874	772402.5423999999
5271	Supplier#000005271	oPg1AijECJ1Q3fIPKkRdOpm2QB9g9	18-649-425-7033	772399.0204000002
4657	Supplier#000004657	gDxp,eYee87QHUhpvGG7	31-886-929-3694	772359.5672999999
2090	Supplier#000002090	mvxvcstFjFhPlOhiVcB1Ycr8	23-450-260-4748	772269.0241
143	Supplier#000000143	a3v,6RZMN9p FzRTdV,fm7ehoVgEhifejGnrNY4H	22-916-300-5765	772254.7025999997
9932	Supplier#000009932	ukUI0tgHCkHmjn37YBrsjLTim1ThRU02dgtr	14-556-799-9666	772176.1749999998
1283	Supplier#000001283	JexqsJ5tcT2z8GeJUzhx0w9GaCNLb90	31-392-289-8673	772160.1271
2230	Supplier#000002230	mE,ko1,0mMz1 sc	29-334-821-6402	772076.5088000001
4101	Supplier#000004101	61PPU02b8s71S8BVs1Dw,2dlJR68l2pgW3VL5bZs	17-849-850-9483	772043.9145999999
6052	Supplier#000006052	04g0w4n7VxqqRy eBd,W0rIbla5c5RLLtC	19-378-257-1098	771982.1622
8597	Supplier#000008597	50oFp6fU47TWDim p2XTaG4quT6u1hLWt9pz	16-524-354-2340	771942.3467999998
4777	Supplier#000004777	SW3Z2kGqWSlYxqkpXJb3a9MkZFtrQ,h09	11-253-268-4805	771932.6168
1636	Supplier#000001636	7iI6fY7ItF0T2QuE0Y5XZ6Oo,y2Gl9AZz	20-226-408-1320	771927.1782999999
9993	Supplier#000009993	vwhUkukD cuAjoCNRj,vw,jSFRY5zzfNLO	10-706-284-4813	771915.4318000001
7050	Supplier#000007050	qGHyUjDT27KwsA6Swmyj0Ib6ynqjG54jGRJZoo	17-704-896-3446	771905.9702
1965	Supplier#000001965	Tgtqgw0UVj5ULgeIBpnkVp15	11-456-304-1204	771799.6903
9420	Supplier#000009420	k88TWsLXugi gAK,dAxxTsVPUaBNxRGT1JzUB6Mc	29-892-108-3027	771795.9263
2390	Supplier#000002390	HGW9n1scoMDHgF8z7O6iTm,	28-111-996-6030	771653.4508999999
4198	Supplier#000004198	SxRHOjpQz7vl2rjs m2xzQUPL	11-246-592-1391	771645.3752000001
6778	Supplier#000006778	fYY4Fb1rFZFEetR11tNQGoQxk	21-819-720-3101	771572.8554000001
6834	Supplier#000006834	AaevZtSW0U3ftE rxnX2UT55WmOsd	18-639-665-8911	771532.3766999999
4713	Supplier#000004713	av82H9iI2 QXO13e5EMgmWlrss5irga	21-494-245-4546	771499.9567
3374	Supplier#000003374	T8wXAoMSrOzT4js6Bs	30-429-470-7719	771418.0602
1318	Supplier#000001318	pUYV3GlBkN9O4w,u,hc0o	31-779-241-5392	771410.3560000001
4571	Supplier#000004571	1m0rVbllS9EcE2yyAQg x	21-693-938-7784	771363.6230999999
9776	Supplier#000009776	,E0Fmh7eiNfAlTe4uxGHP4typvxn1Cmtn8oC	12-558-528-6307	771316.1036999999
1854	Supplier#000001854	e161D2fCjS51q ,b7hHM3UK1wf1I7G	11-745-535-4762	771301.7421
3371	Supplier#000003371	LXfDkZ4nPlgvooE3MO62Sbj4a BbaKplWHqJb	34-997-988-3905	771288.4438000001
7729	Supplier#000007729	UmPNWP6AjuhUsQCvF,R5CWG8I5oN84XadAvLc	34-777-718-1562	771272.6480999999
8157	Supplier#000008157	4Bvf6EF0Ne	16-453-869-2487	771246.0650999999
7775	Supplier#000007775	rmASNxMyMyalTy0WNUR7uIC	26-347-515-9936	771120.693
3742	Supplier#000003742	XpkoI4N mdygllzVlC1SXvE29Pk0wm	24-782-883-7076	771017.0432
1068	Supplier#000001068	,yIRtm8YNahsojbY4zSe57Bs	15-332-440-7893	770807.7292999998
8462	Supplier#000008462	3K6 wmXG E64Mfx 4Et	18-878-705-6103	770698.3154
4269	Supplier#000004269	V1bTs,quozHr,sLDsYldax W1t6	26-122-699-7118	770693.5813999999
1357	Supplier#000001357	OCkpJFqsRW63	34-899-141-1216	770594.7816999998
9326	Supplier#000009326	XmiC,uy36B9,fb0zhcjaagiXQutg	13-492-503-8495	770560.8861
9608	Supplier#000009608	xYoUMT40amiTZpsYQ	21-776-627-8404	770451.6827999997
9099	Supplier#000009099	lSP8yyJHNW6qK,ZjoGVkcdTlYS4frXc05kkHQN	20-578-352-5500	770402.8821999999
8792	Supplier#000008792	F0c2Z h0wL9A3D lBd4	18-678-946-7940	770376.7321999999
1188	Supplier#000001188	5zUkIscDkb	24-233-306-9011	770364.8739
9725	Supplier#000009725	mxKnVSct0MMwrPJkYR aBxtslzCtdAo	22-258-423-2896	770345.0724000001
8262	Supplier#000008262	L2I4wL9HgO82PVzZ5nRE3HtF2H6mq	28-100-281-9027	770295.3525
6691	Supplier#000006691	,r4UTxGeXio72O6ZRqL3contwCR	34-456-721-4261	770284.1386999999
1241	Supplier#000001241	TsZ  TYfcF5d,PRf9	18-845-548-4756	769958.7075999998
5429	Supplier#000005429	zMag7VEnYBZaYeZbsby	31-235-389-6713	769923.6288000001
1320	Supplier#000001320	QotM4v9vsoLqNSw6LbpqdC,sb8re5GFzNe	18-732-433-1443	769916.9611999999
69	Supplier#000000069	T2Dl9,f97e333eRuMi2z	14-491-707-8310	769749.6204000002
2708	Supplier#000002708	RN5tqUQEsdJw3LvTd4F4	22-378-957-9914	769717.3143000001
9416	Supplier#000009416	nLxjHC,x5X	12-274-652-9680	769580.7329
8369	Supplier#000008369	F7J5M18silHzUntuI7cKOZPXnWLlYB	34-983-960-8783	769555.6087999998
3953	Supplier#000003953	SjM LAIjh8Vp	28-338-515-2433	769533.7158
75	Supplier#000000075	7f3gN4rP1livII	28-716-704-8686	769384.1137999999
8651	Supplier#000008651	pfw32RGA7BPXrUiavYqE	31-838-626-4206	769276.3495000001
8557	Supplier#000008557	xYhxoPgJObCs,UWoYM4VbqFrY9RXtG	27-106-129-4662	769239.0937999999
21	Supplier#000000021	81CavellcrJ0PQ3CPBID0Z0JwyJm0ka5igEs	12-253-590-5816	769178.4520999999
3139	Supplier#000003139	lyCs,nPAiP0Ho9ZVH8Niij5b	34-464-687-8035	769048.9661000001
2525	Supplier#000002525	FP7jl0FjGgC1SRsGw6HaReHx3z7FB4bWvZ3 aFMh	17-384-868-8732	769046.9101999999
2501	Supplier#000002501	QzqpvJ3UdO w13Hcrh1QNsY6Z3 kONPdatHGsPA	17-880-517-1690	768804.3072999998
7180	Supplier#000007180	iN4nfTIHEPRQ2uNas9XKRxZisFyDyWtV 44Kq	27-918-420-2750	768773.4157000002
4228	Supplier#000004228	p82YcdMAVKXGr	18-101-805-3371	768746.7556
1264	Supplier#000001264	GCfirAZS3kqchx5T7fFzH5qEDCN82iaZu	20-989-349-5053	768699.1392999999
2056	Supplier#000002056	mffyZqn6ghX	30-874-824-4537	768693.7105999999
3563	Supplier#000003563	uaph8YpaCfVZztQroqkBMA2sVtrbH	28-721-203-1298	768591.2810000001
9522	Supplier#000009522	E6cXgsoyeJCXZBGE	28-529-969-5814	768543.1809999997
2439	Supplier#000002439	rXxojWV0VefSK7A0dhF	14-410-168-5354	768519.9847
5102	Supplier#000005102	,i2pqfh6F 32nkGqSpHK6DyXQKCcEIHZjMtjbLQ0	34-504-244-1037	768471.3112
186	Supplier#000000186	g huGEW5nrQ0Lmd6	11-398-253-5445	768461.9578000001
9297	Supplier#000009297	l8xTeKqe4sDvbBpiKqkUhiRUw JQu	24-260-913-4618	768450.0041999999
6920	Supplier#000006920	XaCixMyGHvET	33-882-957-4261	768328.5957999998
2521	Supplier#000002521	UeoELXSGq2eKHSImwz5ZcF0K 5V3mQUt6sPJ8hB	21-779-583-9438	768179.8456000001
8532	Supplier#000008532	Uc29q4,5xVdDOF87UZrxhr4xWS0ihEUXuh	13-865-396-2710	768169.5967
4161	Supplier#000004161	YQTPCAPvWMH3Dx,zjuunUQrD3UfzCKQsvpW l9	20-887-739-1420	768025.0934
1569	Supplier#000001569	SmIEexog6MESmTTKRLYzmmUDDeTsHi28NjYBb	31-720-753-1283	768009.3408
9714	Supplier#000009714	v9KJ,mGzvaEL9iAT 112ZJT4rKcOew	10-347-780-2647	767948.1682999999
4195	Supplier#000004195	NHCu,qYwb21TrXtL8iXEI4QZ	21-437-493-6911	767909.0861000001
3074	Supplier#000003074	EjHhAbYoa9Vv v771OEOXWCkARiH3b,	14-361-407-4649	767901.3288
6279	Supplier#000006279	pN2YG7qZBGsVUe8F	33-526-284-6953	767852.7271
1700	Supplier#000001700	7hMlCof1Y5zLFg	13-910-616-9417	767751.0597000001
5499	Supplier#000005499	qiXCxfD290QPfh6SjTire5B1W2iy	29-475-835-9164	767664.2368
6059	Supplier#000006059	4m0cv8MwJ9yX2vlwI Z	13-203-160-5573	767519.6098000001
2142	Supplier#000002142	5yDT8,tbsgxBG7ojieb97bAky5r5JaLg8icR,y	31-874-974-2673	767497.9804
4059	Supplier#000004059	umEYZSq9RJ2WEzdsv9meU8rmqwzVLRgiZwC	13-563-895-2947	767469.1351999999
7513	Supplier#000007513	RdlsM32B779IxkrX	19-136-395-1425	767380.9039999999
8269	Supplier#000008269	8RHv tRTU0fTx0ykFO0U oFZ2tl	33-196-886-3193	767270.7211999998
464	Supplier#000000464	XwZyuXCVeO5wb5izvhfeX	15-653-204-7643	767252.6466000002
2627	Supplier#000002627	VtzcXgv0R46BaV21MlPTTJV,TM	21-375-787-2926	767136.1183000001
7528	Supplier#000007528	JcOP4l7dM5l YFXZ,eeRKu05kfG31	27-942-960-8499	767111.4495999999
1175	Supplier#000001175	Iv98FgNxQ1e8hWfVM3flCuAEAJt8MbAHLAj9	12-637-911-1584	766826.648
9617	Supplier#000009617	HyhsQSSE2k2K825gYP3PYoZ7pr	19-741-860-7232	766607.3460999998
9410	Supplier#000009410	E7APdKQQ,F uMjzN1eBtBCNIvDBT	21-628-299-2581	766594.6393999999
4883	Supplier#000004883	58HcU6bYnOMVG1oz4i	27-518-661-5444	766490.8839
8322	Supplier#000008322	9CyczpMjlNd0fWUa6XwNsgP5DJP5ufbQjbCvAI	21-155-467-2532	766413.2779
5991	Supplier#000005991	jFAkBBG3JDqoH8nIXUZGn OzkVVfW6YsNh	23-147-208-2590	766257.2375999999
5054	Supplier#000005054	KJ34,rOzK2NUiznv	11-250-265-4737	766225.0071999998
2826	Supplier#000002826	iSDDxGpc3SRoEIC6rVf4	25-339-572-5765	766221.1804999999
2304	Supplier#000002304	l0IUScVLpiM7,VGGGfmfp5kLqQriF5C38f PY	16-887-932-4893	766214.7672
6722	Supplier#000006722	f3FX7aAQ6afOHw93QZ	18-454-448-1437	766212.6236999999
3322	Supplier#000003322	3SRzOkrMrdtUUgTwrskvtITQMDYC,YhfDn	29-435-293-6191	766158.9193
876	Supplier#000000876	PYBAM85Nrb2cuXH8VDrX 3TjZbsIAlIQ,,xA	21-432-561-3770	766120.3818999999
1775	Supplier#000001775	a6Rpe337dA eJQl9RJZeWga0XtFv7em,3ci89	22-193-554-4479	766085.0967
6957	Supplier#000006957	8lvRhU5xtXv	20-312-173-2216	766076.2131999999
6802	Supplier#000006802	VLU KFIpY3rQyGMN T8	12-505-683-5692	766053.9825999998
5249	Supplier#000005249	w165RaBOLOHKBYlAQO9	11-736-568-8463	766006.7534999999
3623	Supplier#000003623	0bmFB1Ux VvF30f4b62otQ1zeWETRgXw5oY	34-115-155-6095	765975.7988000001
4803	Supplier#000004803	w7bQ4PCqVCZjaAtb	11-856-290-9381	765930.7631
3065	Supplier#000003065	CqIGkVuAzyEhk8K5	11-110-407-1470	765856.9101999999
8918	Supplier#000008918	G2CjrWuIMVgdjvkc8UHCaiieZtXtzpOkI	29-850-457-3217	765664.5279999998
6766	Supplier#000006766	IHpjESJE1BfTfRWlvR3z85qq8R	22-775-674-8795	765628.2938999999
1622	Supplier#000001622	xPza7deL4BK2xjF9o	20-858-165-8949	765601.7052
1522	Supplier#000001522	W0C5TrNw89U	34-440-334-7894	765530.6994999999
4933	Supplier#000004933	yCGb3EhmGL 6NB7Xw	26-701-611-1882	765523.3943
8149	Supplier#000008149	2nexcjxZ1Eulp96j,gsdzGqMU CxlwGqp	33-179-797-9460	765488.9501999998
8874	Supplier#000008874	d0bXpR7xI8v4	20-549-739-3457	765476.7434
8658	Supplier#000008658	4gKA7Jmxr7GihkcbLX8vjldaCkVg	22-475-871-8177	765394.0643999999
95	Supplier#000000095	p2 2hBfH5TD	29-142-539-1403	765382.5037
9177	Supplier#000009177	hoQLFvEPhZn8	18-753-874-1164	765364.8867999999
5575	Supplier#000005575	LYg3J8w5srT9RDH7BoAqdD	31-341-491-2255	765166.5535
3978	Supplier#000003978	OwxlJz9EjmwI6r0MDi,dhQdSCzeshloJHbnB93	25-425-505-1375	765146.7724999998
4367	Supplier#000004367	Uyq8GDTYNJNEupawrH0Em1EjQbvtUTQKy	18-605-219-6851	765146.7339999998
2563	Supplier#000002563	sT7R4q4Nfxt5wAS7JQcp	18-387-293-5801	765026.5168999999
4649	Supplier#000004649	s4kO8xwlrr5KcICe	18-300-742-3272	764926.4922
7276	Supplier#000007276	Vi9,aBg2ychZf	31-632-365-8754	764921.9255
4714	Supplier#000004714	IKRla2xArMmR4p3Mbn8JV8g0	31-544-746-3697	764764.0654000001
3676	Supplier#000003676	pR,aH Rz5XCsbao2	23-761-301-3749	764567.5658999999
5147	Supplier#000005147	abivKW9It0Cy6YT1uD0RP0w3	25-763-190-7789	764516.0120999998
746	Supplier#000000746	DI4uPKbEC5 D4LIwwSgGZ8SwqA1hLGJJN6guc	32-484-989-2368	764443.8751999999
4064	Supplier#000004064	W7lP8LAhnBnDdcF	17-661-859-5777	764394.5747
3783	Supplier#000003783	YXf9FmafXyvoyMT5Bb	25-254-427-7069	764382.4444999999
5655	Supplier#000005655	L59qgkr191fwE	25-158-829-1055	764267.8003
2923	Supplier#000002923	CYxD6MjRJYe	25-230-259-8699	764266.1317
70	Supplier#000000070	INWNH2w,OOWgNDq0BRCcBwOMQc6PdFDc4	16-821-608-1166	764164.7692999999
6606	Supplier#000006606	aAV0t1qLnruMZDW3MJX6vie	15-893-401-2489	764111.6841000001
5150	Supplier#000005150	sFYSjz4iydwo SAB2rOz1c32la,4jd5Oz2dwYT6r	18-206-326-3630	764101.9162
1910	Supplier#000001910	vih,zrhclXX1O9x	31-353-926-4923	764038.9617999998
6967	Supplier#000006967	S4i1HfrSM4m3di3R9Cxxp59M1	30-193-457-6365	763915.9075
1359	Supplier#000001359	iDX4nJSNdkVO2FNGAa8,7VDkUARO	23-167-859-3900	763885.5656999999
3387	Supplier#000003387	vcqIp2f1VzBshqpHHDr2woIsC99Xh ku19z	27-627-769-6020	763839.6968
2113	Supplier#000002113	s1ZhpldDRY6Z1Uke1oPcyqBfeEL,Ly1z	27-164-147-6160	763811.4973
5091	Supplier#000005091	UleyDBWl OFukWcPZXZIK i0KucFdQa4L3m	11-489-724-4275	763679.1847999999
2110	Supplier#000002110	56LKTbXb,3	23-988-935-6591	763399.4805999998
4615	Supplier#000004615	VjCTCTNrr4Wlbw0pOA22PCmlRSPLCxdp87	24-505-841-5759	763376.453
3648	Supplier#000003648	WXBrWit6if2ZMtqWJlI2V6hBg68	12-256-611-6867	763363.3463999999
4775	Supplier#000004775	sUP9OJdnypQogZeq	18-101-486-6872	763318.5764
7015	Supplier#000007015	GTI62eAWWMHyFrMDKT0om	15-166-122-7339	763098.7421
3113	Supplier#000003113	HjX8M2Bjlz7pAcLzpyKT9 wNb	17-164-471-2650	763034.3808999999
5720	Supplier#000005720	xcbHl1k0L3Ij4yOzMfp	30-964-754-8581	763025.7082
90	Supplier#000000090	bPE6Uhz1f2m3gwSGMrnRt,g,3gq37r5kxgphqss1	16-380-123-9217	762961.0428
7249	Supplier#000007249	zHWfI MH5Oa79Mt 9OfkcOi11OfXKVkfoR	25-892-634-2039	762915.2790999999
9678	Supplier#000009678	wQMgFCRlfs7KPO0liWtEhn7XMxkJM	34-651-991-4386	762891.1582
6352	Supplier#000006352	KLkSonR8IDWuTJ	33-131-648-6999	762836.0098000001
111	Supplier#000000111	uv56H9j8cNa4qnflVSYbLNN	14-256-573-2660	762788.7166999999
7282	Supplier#000007282	PtJlEVgkt86VvPa gfCwgq3owArvCcQ ,JmE5	14-456-102-1263	762674.2736
5074	Supplier#000005074	HJ y6XJurxzcQzSJBKBy	27-682-574-4351	762584.7738
7676	Supplier#000007676	tOm,1t5wY dbSPigBt5TewAvyIXHMktM	10-459-599-8523	762490.2562999999
6166	Supplier#000006166	aQWm0ff0V6IOsk	23-100-598-2246	762429.7036000001
9992	Supplier#000009992	mngsMzPxdOOQGHAPFUH	15-467-813-3355	762379.1553999998
1913	Supplier#000001913	GhPX2FN84MFhHwQNjebsGyEq	26-800-710-7187	762354.352
6408	Supplier#000006408	m9kAV0yvdtlzmj2exl7DyN5 u8VnHncTvV5awq95	19-723-538-9273	762259.9363999999
6283	Supplier#000006283	YnA,GQCNK6RpSmLxgxK4zgR6rm8LizebsthLB2	30-930-362-6160	762207.3768999998
6749	Supplier#000006749	817NF3IQgdL6771WyUqN6o1ZQ5	27-553-500-9046	762128.8241
9204	Supplier#000009204	P6chenod24	26-155-683-3181	762097.9074
6502	Supplier#000006502	rRm19GWGn3x	27-336-540-8414	762042.4727
3019	Supplier#000003019	ycKfX2I3O8GOyhoqc	21-532-192-1317	762026.0828999998
4031	Supplier#000004031	69Zkj1G4bDrvUSOAiFqszEOntjvyXm3v55PoPr	33-965-284-4886	762023.825
781	Supplier#000000781	kim1Maww3pdircDNv6hnVK21cI	12-757-769-5008	761908.4183
7427	Supplier#000007427	zu85osCcQGpY54vnEUTGMIrFGRMckk,ZMC4Ao	15-883-816-7527	761879.9897999999
9081	Supplier#000009081	d1tzc5gzpNRMgTjp1gZrl	19-894-687-5796	761837.2269
6951	Supplier#000006951	zMRAWjldjixfgiN,6qCnfPsUI1FoZ9uVYXts	31-367-166-1777	761820.7584999999
4755	Supplier#000004755	H0,5c1Q9BSo81v4ysXxIyWA8I	16-192-740-5607	761741.594
5087	Supplier#000005087	q0c6r9wYVQx31IeGBZKfe	23-335-392-5204	761701.5136999999
9850	Supplier#000009850	d4FjKHfQbjAcCb8KikyxR	30-844-242-6342	761600.1227000001
6146	Supplier#000006146	0cUtbW VknxJPyQn3x4cv	25-650-920-1970	761548.6499
9819	Supplier#000009819	gHrN6oD,5Bv139L4gTTnRPZWpQ2BKmnkIKHe	34-547-770-7019	761528.4218
2571	Supplier#000002571	JZUugz04c iJFLrlGsz9O N,W 1rVHNIReyq	13-281-349-4224	761399.0232
815	Supplier#000000815	3f8XIvP m9v5fv	17-984-775-9865	761317.6620999998
3631	Supplier#000003631	kR4ZiwufGGPWhIDCxK0bLov0Lt4sNgxSh	27-913-575-5363	761316.7551999999
6747	Supplier#000006747	Z1bUvWZL,uXLooW6jrf1	17-544-782-4892	761236.0850999999
6092	Supplier#000006092	zu,8R7AJlO0PgWe144XHxWUehSOTexqMUDcbRpr	16-567-946-3590	761212.3422000001
3368	Supplier#000003368	Ge9m5T5FhV	17-274-891-4212	761156.9785999999
9017	Supplier#000009017	p7zwkIpBAKLmC7Wgd7LckT	14-170-101-4780	760964.6248999999
1122	Supplier#000001122	d0WAMoTMEtSs8F6TUghy9 dJzbVaHXCkL OiPO	30-654-873-7237	760943.7984
5057	Supplier#000005057	qeAzRuVE4V8gUqsUrTLq36xPqgJSulykhWtx	18-724-442-1817	760892.3768999999
9574	Supplier#000009574	zjx57 niIV6 ENacO11W6aE,aW0ohfHum	10-210-767-2649	760887.0610999999
3583	Supplier#000003583	4Bitvou6Z4ySgmgFszC6TzTdY8Zi09LNPQHELT	30-717-260-1115	760852.9225999999
7590	Supplier#000007590	2Wd3NCI8YFjJZVskPHI4 RrkY9vju1	34-605-148-4420	760789.0329
1391	Supplier#000001391	hkWoAM561QlLjBNk,SdFdIgFx	31-636-911-2012	760781.9279
1748	Supplier#000001748	gJWDmBjGrnXcA	29-115-992-9045	760752.3621
6028	Supplier#000006028	jKQ8XFunoQPhOYh	22-254-897-8438	760741.1711999999
5143	Supplier#000005143	TZiNN19YmRRhai6d2g9bcPJhFtb8tm9kPeWqV	18-278-521-4605	760690.4455000001
5286	Supplier#000005286	YOOfyQndKArEGwg2g9BRDBe7rI60c7TuuK	18-736-929-9371	760661.2845000001
3502	Supplier#000003502	BVL4eKFE95VzjtE7BU	24-692-401-9392	760483.9530999999
6661	Supplier#000006661	hq78u t,hA8yGLnlgdTLuoTwTXuxR	22-191-699-8789	760483.2781
5983	Supplier#000005983	Gh1XnJt4Oi	20-130-730-2808	760399.6925
9268	Supplier#000009268	E8CdtkXawxDEzp7hj6x8fwEYGKmduaQyb53lfAq5	30-303-354-2256	760321.6183
1499	Supplier#000001499	2k vqZ85Unw,PPeD7e8j	22-833-725-1232	760219.1541999999
4491	Supplier#000004491	76D4PO,rYFWZd3HKb4d1xvx5eqEnuc91UjW loy	33-784-210-1299	760127.5308000002
4344	Supplier#000004344	IY5K7HYa7wpHcgWwftQqhggicZNr	11-675-830-4768	760103.6420999999
8837	Supplier#000008837	30kMU47oW4YJyT4BokEsln	32-165-179-1361	760057.0469000001
7313	Supplier#000007313	meT,KifX5L2se	18-769-841-4284	759992.7307
1160	Supplier#000001160	4Z4HmpP2dhWI8vTzhjFTZGyGHa,7yu	22-871-346-4321	759869.9853
5002	Supplier#000005002	jJqsKkqMIf8nOaY5LYQvNGpGkj	27-263-154-3728	759865.7615999999
8833	Supplier#000008833	ERwMW1YFF73uW	12-292-851-6826	759857.4617999998
8065	Supplier#000008065	zKFXk1TFX7koovd 4nWGMwJCM43sCSXVARl6cn	18-526-379-9871	759854.0900999998
6940	Supplier#000006940	ieKVy0qc7Knj,aaBeOQb	34-654-743-2155	759758.6212999999
4380	Supplier#000004380	9rwEeXKO1RPtKXk4CVkrd0CGhVR fjeqbovCf	12-142-846-2401	759748.5798999999
5182	Supplier#000005182	WrmiOA5X1ogypaAptJSdpEB9AaI	10-345-373-7701	759699.7862999998
583	Supplier#000000583	9st8mjB5G7J	25-760-126-2928	759692.0756
9871	Supplier#000009871	xTocQE8vq8YkkBzCx7 z8b8	19-125-786-9743	759687.7420999999
9659	Supplier#000009659	3hM5RwmOcAy	20-668-283-2499	759450.5662
4005	Supplier#000004005	V723F1wCy2eA4OgIu8TjBtOVUHp	13-927-435-3990	759389.676
45	Supplier#000000045	LcKnsa8XGtIO0WYSB7hkOrH rnzRg1	19-189-635-8862	759251.5554
156	Supplier#000000156	,KXbCcjqZNjmyHzeqaL4	15-106-692-4998	759234.4549
2088	Supplier#000002088	3OY9G5JC36TDMOwQ6yLXF1Kc	24-159-426-5821	759186.3058999999
8825	Supplier#000008825	,MDHXkds9J qGeME5c	14-919-925-1562	759143.7776
9392	Supplier#000009392	hcvTG6rd7,y,3mZlRwNj6FpgR	31-453-312-7832	759035.4330999999
7679	Supplier#000007679	iof985EIANf1XPdezBY8k	21-427-242-2928	759013.9095
4618	Supplier#000004618	NVML8aK152LD2bR61rxd7CVY3OwLFT3yP	16-140-955-8584	758932.9247999999
8275	Supplier#000008275	BlbNDfWg,gpXKQlLN	13-427-631-2658	758875.1870999999
812	Supplier#000000812	8qh4tezyScl5bidLAysvutB,,ZI2dn6xP	16-585-724-6633	758860.1404999999
147	Supplier#000000147	oLdl SQpf,ZXebBw5F3g9	33-828-583-6731	758756.5608000001
5809	Supplier#000005809	OS,jWuDlF0msPmJVIXAFsJVGjRs	13-837-191-7870	758731.7333
2868	Supplier#000002868	Y08OgmNLYxvJMmy5iAsbfOH2,Ty03u	26-133-738-8771	758693.1370999997
3111	Supplier#000003111	4Zdm57kzJd8jPWW	34-291-865-3385	758666.9510999998
7374	Supplier#000007374	hXPCDq Y,NT9x1WD3BEbGeZ8osHYds	34-774-530-4188	758640.0885
419	Supplier#000000419	FpWtqjkbqEXn	16-510-433-1061	758559.5843999999
6216	Supplier#000006216	xnmHrDgTArHIkpTWFCe2WEPjdZsGDgkU0GF9	20-826-360-5123	758522.3847
7639	Supplier#000007639	jyUH89VrU62pYflx4S2iQn1cIITnXKvgG	25-981-204-7774	758463.4800999999
2971	Supplier#000002971	kzp PsZ5N2uId,Lv2vED,F4mBMhO JPOWl2d	21-238-891-2196	758463.3536
2198	Supplier#000002198	Jw6nnnURJOzFeimLS	20-472-918-1953	758460.3152999999
2700	Supplier#000002700	MNao9wJlVEU zvnluESvUqqHei68eMm,BL	25-474-598-5263	758391.3804999999
7874	Supplier#000007874	pyghw9iRdkGvkF0Yf5HEqJvmSOohAPFx6U	13-297-807-1753	758345.3493000001
9686	Supplier#000009686	MziS,BoJFgLZTV30P 9ugzgy q6oDwwlUgb1nU0	19-592-751-6799	758328.3171000001
344	Supplier#000000344	F mMVT6PuRj5S	21-808-924-2361	758265.8803999999
3800	Supplier#000003800	x4PxtpKcMqS1L8J	18-930-103-2299	758246.727
9513	Supplier#000009513	qsAMCRV3wenlgA5bjn Vh	17-157-731-5380	758095.9177999999
3668	Supplier#000003668	U7HrMSGbwuwLC	27-539-572-9175	757903.2115000001
4201	Supplier#000004201	C5x43M76dnb1w2LFbhB	13-431-798-5549	757898.6931999999
6641	Supplier#000006641	yCeaywkJ4HDR8wcKo,PbkLPM8BvSkk q8UOO	19-605-797-7454	757783.4995000002
1953	Supplier#000001953	hpv9Dsezjk8Zw7qSlnzGhMF6kkdJ9zI	20-371-309-5922	757707.0516000001
211	Supplier#000000211	acmexYmhAZhFyM	12-150-553-5979	757632.9786
6112	Supplier#000006112	UCt8ExSjrI1lnZu Ncwb	29-357-991-6874	757557.1688999999
1668	Supplier#000001668	oD5tUdEIM5vtt92IQAn2HVQh1QP2BPVNZKNSZCj	15-214-784-9215	757369.2703999999
7395	Supplier#000007395	oGinj4gWE9EnO6xCg4s1rMzyMv85wFOoRzemgBvD	22-139-602-8510	757284.5006999999
1658	Supplier#000001658	CGwZVa1qTQ	17-111-389-8658	757206.2446999999
8713	Supplier#000008713	WeDUkfczPEm6v5C05TEhDwA5c	30-310-765-5713	757169.3445000001
6363	Supplier#000006363	Np0ZNsWKrUjAv7BbDT	10-481-194-3873	757025.6525999999
2065	Supplier#000002065	rOxmqWB37iwJu4Wpb5xl5	10-916-389-3232	756999.2481000001
6234	Supplier#000006234	G3hp AoqeCrBENUrHBa 3FoSsLM8Hkqr,	17-535-635-2492	756780.2620000001
4348	Supplier#000004348	s4bORUZSvT3oyBVtImdunlU6	25-100-602-2619	756737.8576999999
6019	Supplier#000006019	tH9NeIeSfkGMPLh3MsOH9wh7Wu	32-583-180-7326	756657.8599
5293	Supplier#000005293	gCER6dyZEUVR7AZsRzN6IYF 7nYIe	33-775-738-5118	756652.698
7179	Supplier#000007179	l8eTxI1F6OGNy6p7CAq5NzYa9	19-737-245-9748	756611.1442
2751	Supplier#000002751	eeqAMZwb9nFyWJG1q9mMzue0KumSp	23-612-617-7847	756427.0769000001
9620	Supplier#000009620	MyadI08IbsyJeS59DpXFjDWIrR7g6WzDUOBFb	20-666-918-2616	756305.028
6987	Supplier#000006987	UH1zBxTNjTminnmHRe h YUT1eR	21-963-444-7397	756137.6662
7691	Supplier#000007691	,cdI7V0bBLssomToIjIYDMJi5X6DUULBOjc	15-798-957-9943	756128.6168
485	Supplier#000000485	ULR12B9vkQg4g0nFMaW	11-779-798-5195	756016.9077
8681	Supplier#000008681	UnLZKAlfh9ZOCiewQXkXGr3PxZSkM	27-206-598-2594	756013.8727000001
8231	Supplier#000008231	IK7eGw Yj90sTdpsP,vcqWxLB	13-323-448-7114	756011.6910999999
6847	Supplier#000006847	EkeQQQ2c4H60TR,oCwHz	23-662-633-2010	755920.301
8069	Supplier#000008069	tO4xgYvwPt46B28leZxxjJz	11-736-652-2346	755915.6245
9170	Supplier#000009170	HlWv0fgTn0CgIQZ	33-765-165-8168	755885.3365999999
7417	Supplier#000007417	85gxuUKJ5JHUvSy3mAqsQ ,49DEujZB03mIUk	30-976-203-6169	755817.4654
7237	Supplier#000007237	ciV3sB3YZ6TSRjZGfbKgX0YMkVO,daIi	19-905-233-9800	755802.7441999998
5157	Supplier#000005157	9BPqSAL9F tcO	14-351-630-3763	755779.3182000001
9103	Supplier#000009103	trVEAlzXJxquuvKGo0XNqEe9H7	24-862-623-8036	755772.5811
2759	Supplier#000002759	UMMOYgG lDV2niUiXUx4Ft1SzT6ix6Vy7qej4sO	29-818-946-1920	755693.2517999999
1470	Supplier#000001470	YLMgP6bJXx1ny1hXz6BFm	14-682-476-2984	755690.9933999999
221	Supplier#000000221	aU oCBZs0CUUTU	21-402-925-9045	755539.0390000001
4891	Supplier#000004891	c4DxOrexw3nogQgYrEwhwdDxk1NI6bOPAwgmo8I	22-547-938-9375	755505.9195999999
9650	Supplier#000009650	JXwPTk5ETBngKH 1gLIw8OVpfcm6wvmzE	24-143-474-6020	755489.9694000001
7516	Supplier#000007516	MXUTfa53VDJlZZz ET JU5Doou	34-943-403-5413	755488.8289000001
7143	Supplier#000007143	NFBf1JKFODt	34-700-669-9996	755462.0199999999
8521	Supplier#000008521	ydw4lF30Ch8DX,o U9a11sEIhFGVsF	23-251-142-5448	755394.8487999999
5764	Supplier#000005764	VoAeTqnKXYmAEVpZy	18-242-175-8608	755332.8058
466	Supplier#000000466	HEW3DIL,Aw0Ud	32-408-942-6024	755227.8798
4179	Supplier#000004179	miD3DjuD8h8HD	19-101-968-7094	755226.7919999999
3250	Supplier#000003250	6 DzosfrMQNELD6NjF0VczLB3qDB	34-460-919-7161	755102.848
9694	Supplier#000009694	BUWsBsNeRTp8vAEgKjiOGTsYcwW HtQ62mAkec3Y	17-189-183-6421	755004.6248000001
2451	Supplier#000002451	V9fTPy7NjswDmefs7	26-840-405-5119	754854.6939999998
4127	Supplier#000004127	EduKm3NcCc75Cd	31-266-858-4899	754831.8630000001
9129	Supplier#000009129	QxVt5VE5QNlz,	14-541-805-1832	754752.3551999999
2156	Supplier#000002156	7aQ psAL3n58R	18-105-354-2253	754733.7201
1925	Supplier#000001925	Cu5Ub AAdXT	30-969-417-1108	754709.3171
6610	Supplier#000006610	6bjbWMa6okoLOW36LwkfOjP	34-399-762-9864	754701.0137000001
4589	Supplier#000004589	9Pl7fd3JMgKB7PLwxcU63yI7mCD463Ps2GKd	26-562-123-8958	754695.8092
9422	Supplier#000009422	Pqn66BjZKMW2bjIBIGU5Zug6KP5	17-343-403-5899	754647.4271
3683	Supplier#000003683	K,BCJ,GFMzwO318my5eeipXflhJhYdIbbU	22-565-903-4819	754614.3659999999
1165	Supplier#000001165	Hgzhk7UM2dKPaXk07rZ4Vn91A09	26-181-600-1076	754603.3608000001
6909	Supplier#000006909	f9A W4Urm31d RTFKjt1,V3	30-189-225-4097	754500.1341000001
545	Supplier#000000545	D8SE9UgTdgq3oNH8RzaxDKpbsA BlRKsf	12-876-408-4086	754491.3869
8163	Supplier#000008163	S1ET Bn umG	32-950-993-6015	754463.9129000001
3654	Supplier#000003654	84uF6Xn9YVe3IDfkJB	24-715-793-6866	754417.8143999999
7462	Supplier#000007462	2yTDdBgIlGN0wwhNCERIgmdHFKkbA	23-756-545-6036	754208.5034999999
4337	Supplier#000004337	YJ6OMKPhIzCDJz7GyBGS	24-473-518-7862	754186.3829999999
4439	Supplier#000004439	51Ql7PjHlQxz4Cj3k9tU7fITkxrnKSSyTM	14-375-810-7277	753978.9439999998
7112	Supplier#000007112	qYYofPf5SA4GV2 6J1ZU,pIQfB	21-936-591-3443	753951.3718
8014	Supplier#000008014	ZKrjV7Shs5	27-384-475-6847	753932.1079000001
1181	Supplier#000001181	e,Ld995DWYXRrqQRLS9MtmWinb64wGm5JjMhRXF	19-963-905-7803	753815.8333999999
4690	Supplier#000004690	a ghqHL5lFn6Pr	25-847-221-3199	753617.4439999999
2855	Supplier#000002855	nm5KMthLA3KqQCK3b,X	20-641-231-9291	753570.4097000001
2861	Supplier#000002861	0q6yjuni0wE5g	28-718-572-8605	753512.977
877	Supplier#000000877	4yN9i5CbQ8Tw1X5InsMlOjjhGg8MAciTG	14-685-851-5424	753478.6625000001
7274	Supplier#000007274	sGXGtoXKb0qXjrdN oi,15zOP	13-547-947-7799	753430.2369000001
9745	Supplier#000009745	sd1c0aMIhk6s4aThoGjs9fL OHClSTc5Eec	26-785-236-9117	753355.6821
2404	Supplier#000002404	g4LXlcHDN4z6DrdiBb0iCyLA	15-366-436-2694	753338.8288
3834	Supplier#000003834	cxGQnW3nShks59xA5bPoaC bIvcBWUt	30-823-353-6520	753313.5528999999
4937	Supplier#000004937	C7r0GICFhXvfuf3gpNekFr1kSut	12-254-805-9972	753265.4382
4108	Supplier#000004108	sCvgIk0Gu6cetKwUIQyeZFy8vnX09	21-635-738-9467	753186.147
3818	Supplier#000003818	KD65BupNh6SuX9EFebFNWoO	31-883-696-8085	753139.4145000001
3460	Supplier#000003460	0iXLHfjoBD9oySRtdK	28-775-198-5196	753054.3910999999
9469	Supplier#000009469	ahcTcVHEtTUzfNNlKnkDV,aBYrjkiO5VQhfOfzz	11-934-586-5383	752965.3537999998
5258	Supplier#000005258	Yrdz61Szt8oN0PadcEVwaF2n	24-587-852-3767	752959.5202
2882	Supplier#000002882	nU5GrwXophBkPAyx79fUftk	16-904-937-5856	752916.9603
8995	Supplier#000008995	EUivCq8ssbJPvvp2dcuus3Mma10XGw43ApNzO6	33-752-926-4838	752897.8195000001
8884	Supplier#000008884	XyXnag9SsmdLqlQ3gD	23-966-299-1843	752774.3703000001
7654	Supplier#000007654	GmS Z,Kw43pcnPlIyQREHBEB,0H	28-916-271-7928	752709.5395000002
3713	Supplier#000003713	er8RX4OzuGmQ	22-596-754-1746	752604.1539
1078	Supplier#000001078	DD0ZwJwGoXk5raQZLfe4RG0	34-217-422-4794	752485.5644000001
161	Supplier#000000161	fsteD4OulIaUNa IPXVesILV	10-604-123-7428	752410.1392
9743	Supplier#000009743	XbxgQyz5W4xXOKTfKoNjsMqZkOnG	23-135-741-1411	752341.4626
2878	Supplier#000002878	jGbfUqUk32LrI	15-888-304-8960	752205.6513
8250	Supplier#000008250	6A2tZv7rgXema1Y7Ie4Xd1DMVV	29-565-237-5252	752202.4276999999
6155	Supplier#000006155	HN5teSnZrU4	28-456-993-6763	752041.0779
4407	Supplier#000004407	Ce9 tPpoOZf ydCjHoLk	11-242-234-5325	751992.5392
8191	Supplier#000008191	N,Rnn8gBGVGmi	10-617-686-3837	751903.8112
9797	Supplier#000009797	ZYdHwgx98XwATW,oR,87,zuSb9	19-484-954-3272	751734.6255999999
2118	Supplier#000002118	PtAhBWdS5kAzACf,yuS KmPR FlWJSmPMw440A	17-384-929-1914	751708.1801000001
6790	Supplier#000006790	oqjOciDKJPSSVtvu6wfFF32Sco	23-442-147-4424	751674.6637
7936	Supplier#000007936	ZvvJ9sz2igbHBsMzrnPesv1QptwzqO 2ty2zV7	23-252-906-2144	751596.2763
7529	Supplier#000007529	AzrFZw3qFTtUcw8QX1r0 X8tVh3moVymM	25-384-805-6049	751516.4232
4581	Supplier#000004581	dUriHvsartZ9Yj	11-817-998-5780	751515.6220999999
2690	Supplier#000002690	qN7Mezx2P5FOO2A0w,N4fzD1G7d	21-547-904-8382	751510.5944999999
1803	Supplier#000001803	6 hG CGshwoaY26KIIb	18-601-946-3727	751504.9443999998
4082	Supplier#000004082	guJSg4r8dqVEUuJ7nERP6lMCVDfqbydkXoyTxq7	20-154-685-5666	751491.5605
9735	Supplier#000009735	M1ejLn7K874MMc7Cp7xHwAj	25-920-872-8697	751488.7569
7617	Supplier#000007617	eX9oIlq qy74YfKC ,H6W4	21-496-746-4893	751485.0760999998
5800	Supplier#000005800	vgZ4An2oUXmsh	10-397-289-9564	751465.6624000001
1000	Supplier#000001000	sep4GQHrXe	27-971-649-2792	751352.5157999999
6192	Supplier#000006192	hmk4yYcyWrb	14-141-759-1200	751317.4451999997
3693	Supplier#000003693	A9NzAktL6o3quvmoM6Fzcodo6OY6x,OncHfGGU	20-288-867-2379	751286.2079
6538	Supplier#000006538	P3cQB4pXMpKnmFaV6KoSH	15-992-941-8372	751185.8073
1802	Supplier#000001802	inpMhQlIW21	23-758-739-1576	751149.2808999999
1019	Supplier#000001019	fxQJbCWBDTnHI7L9DpLUo3Vplg	30-867-236-5805	751097.0814999999
3047	Supplier#000003047	FuYidA,WeJOANHkgrypZb0wv Zcadcy3iN	18-526-898-1547	751016.3497000001
7074	Supplier#000007074	kTHqfxDR,H8b9 Pra8A,jPB2Kv3	12-295-238-1986	750876.5365999999
8780	Supplier#000008780	AczzuE0UK9osj ,Lx0Jmh	16-473-215-6395	750867.1495
8141	Supplier#000008141	u4oIjr7XbM	20-777-745-4221	750848.1407000001
5864	Supplier#000005864	WCNfBPZeSXh3h,c	32-454-883-3821	750844.9482
2823	Supplier#000002823	abnp,SINkto,Ci,bRO3PeFm k8BAVmBFYBOs	17-976-349-8153	750768.1826000001
9327	Supplier#000009327	uoqMdf7e7Gj9dbQ53	13-168-561-4489	750698.6574000001
2108	Supplier#000002108	AgLCqSngNY,CE	25-771-395-3556	750668.9161
5741	Supplier#000005741	LTTVOuHZLITkfwpaKMox	23-614-828-5238	750662.6940999998
5623	Supplier#000005623	zUY7Q10jg,65EIgm6	20-610-482-9710	750607.6714000001
9261	Supplier#000009261	bnZkfzyO4dSHOVDSH6vGsQIoQ,NEHIRobkEou	33-136-928-7087	750572.4914
7054	Supplier#000007054	fJhXBKM3iv	30-374-655-3634	750544.3503999999
6193	Supplier#000006193	J19B0Fhucw3DGyG ZuJwvsX8	11-208-207-5184	750535.5831000002
7686	Supplier#000007686	kD0dozapw04G	30-912-212-6366	750491.7367000002
8463	Supplier#000008463	20Qk0i7nFty1TrvC1nlh29Bh0vEb	33-579-124-9718	750460.3015000002
7638	Supplier#000007638	eQfz2uMuiR4BefKLZF18rX2ZJeL6	16-997-248-3176	750337.1774
9536	Supplier#000009536	Vg3xBMS9wMP3h0O	19-415-490-9964	750300.3398000001
6340	Supplier#000006340	p9pZspXKY4PcoUOSic2x0FGF65IuJNxtd1	16-656-270-4190	750300.035
2086	Supplier#000002086	,yBCAhvKWP21ZO1d94zY2Rcl46Z	33-257-695-7480	750223.0252
1427	Supplier#000001427	ouHXuQHr3lURlvT2w, Jb6NvP7rNs6dlG	31-437-708-4779	750174.0259999998
4403	Supplier#000004403	kNuMkd6GbeJpDyrfPTvzGks1bxWRPC	26-971-753-9655	750040.4185999999
3873	Supplier#000003873	SfOTvlK6qYvJRvizMC	12-487-167-1621	749993.4217
2287	Supplier#000002287	tTsLQnKFL6BbUCmZfgp6CHfVhVj8LmJfy	24-393-230-9700	749979.4190000001
5223	Supplier#000005223	tiQFKToZfpl7O8N4X6C Y24fq	17-159-169-6397	749965.8535000001
2797	Supplier#000002797	O2ul2htH4kg1TRsn5d	19-530-852-4505	749957.9531000002
3499	Supplier#000003499	xN5XkMvjkLHsVb LI2yPK0XRn,wx9sRRr0	26-671-664-6412	749946.0249
8603	Supplier#000008603	2sE85alXUx3Pk	32-624-274-9130	749936.9332000001
308	Supplier#000000308	mVY7rtoxj9uSqzAJIp TOWPsv080hbPbOStGZx	18-360-691-8400	749844.6459
5551	Supplier#000005551	St6sF,B8BUYpOudyVydkUsSbM3r	21-572-794-1936	749793.5311
4149	Supplier#000004149	yMUXO0,YCZcmG	10-431-966-2386	749752.9377
7013	Supplier#000007013	P4rea429Dhk9Wr4HA691S4hxY8,gbGazLpr1cvs	24-388-558-3561	749673.8698
7522	Supplier#000007522	JjF gKOuyb1gy8cdcqql	16-675-888-4837	749644.6688000002
5155	Supplier#000005155	9xgEZqXHL4kmEFh9,wgmzWx6bPSqTvwOOop	17-373-182-1794	749624.8638999999
4870	Supplier#000004870	ziZOGWWSFteUl7Bsm 6iBMXOVxC3twpaYwJo7Otg	26-527-733-6166	749619.676
694	Supplier#000000694	20i8TNU3K6H0SEL20	20-902-352-7633	749567.9659
2896	Supplier#000002896	GRl9xCj5asXptSr9e3b1ipNVXF,c8	12-800-846-2689	749531.2533000001
8318	Supplier#000008318	n1Qfh7vRHj59woCzdKwj47deVisSkDqaz	19-713-818-2608	749503.5635999999
7211	Supplier#000007211	OahNKPQEVUeuN1qltqI	12-143-351-5463	749495.6701999998
7851	Supplier#000007851	vHtuwe0c8warc864AGRhMugJJrNZEQXSDCz	33-479-940-1329	749488.2444
9064	Supplier#000009064	xbtD2V5S6e,rJIGNjRYPyl21u0e	20-368-975-7617	749422.0271000001
1194	Supplier#000001194	rA0oBAtw1GxPROoJQn1qPMo	26-269-485-2796	749393.6610000001
7737	Supplier#000007737	V2Hc 1hH206n R2eGF68 OSLe	27-217-636-8480	749370.9027999999
9283	Supplier#000009283	Rmocl6ClgBzwarceqA MDM5sZcXFL2oNvsW,	18-642-906-6749	749358.4601
3196	Supplier#000003196	u4T6CeKsJZD,MXn	12-420-873-2251	749258.3387999998
5439	Supplier#000005439	4m1nHac8yhuOHkpETX1b1CVrIeepXYkV	15-916-955-8476	749188.0784999998
5461	Supplier#000005461	8jG,GyID3v9TbTOkC1SCG3V8zHin6TCgHefJd	29-845-837-8167	749137.7629000001
548	Supplier#000000548	btRiQsq qEK0qg0T	22-790-987-6339	749092.9239999999
9174	Supplier#000009174	5ttJzKeXTYkk1hP8TXLxzWO2Z1toj	23-197-965-7184	749041.2878000002
2761	Supplier#000002761	HJP4T kgOVZG53FL	28-534-311-2595	749005.5963999999
9584	Supplier#000009584	TCXXzBEakqzEITAtIRrg6UoX2	31-303-396-1173	748996.3787
7041	Supplier#000007041	JvviiY7,cRNc,kcaMMwrfJyIXqurU	11-194-454-8672	748982.0582
3793	Supplier#000003793	0PXTvv,YEplyHmw3u	34-465-967-6604	748964.8441
9185	Supplier#000009185	v66BUMEgc3P24E8PLV nMkC3w2bWb	19-630-483-6872	748962.7349
9161	Supplier#000009161	H0uLngg5pUdc	24-547-951-1269	748885.4713999999
5903	Supplier#000005903	bp2SIwNvlgqc3fYbVJfWYkJCw	22-746-944-3532	748819.9511
8330	Supplier#000008330	i,9fo6W58P09vbUIdNu	17-521-991-2604	748753.1019999998
7331	Supplier#000007331	x3vIcAygRX6sDMch,ANYy17mMnBweAOCRi	14-379-845-1562	748749.3260000001
3948	Supplier#000003948	XYiD 7s4dikkL8B9	15-543-886-7762	748743.9544
5481	Supplier#000005481	3yFBDRhiG1LT7deOr4iojpsa	16-163-758-7030	748669.4103
2123	Supplier#000002123	xN nQ0vbZ1LUSUKX7s77 A FNiN1J9C	24-554-806-6564	748526.794
6319	Supplier#000006319	pUwA09iYxW1I  ir4Dy24dt8jpUfIhhQB	19-691-845-4827	748365.461
5327	Supplier#000005327	8ezizGofvsnWm1giKVGk	31-362-378-8693	748344.9328
1865	Supplier#000001865	oul9HB4pB7tz32OMRgOwSYsfRdvR,jm	27-399-417-8796	748303.0822000001
5580	Supplier#000005580	PYke44DNzeI9O3pyTS	33-136-680-5730	748295.4346
6567	Supplier#000006567	SRFmBCIEgbhI4V1Zb9FUNUAiFD9BvT,nErMd0ne	16-355-676-2706	748284.2751
1703	Supplier#000001703	cWe6NOKoU2JXIhHAGzUwsZ5	14-921-609-7101	748282.7674
9296	Supplier#000009296	5USIOzOGLjAhH,l5N	31-947-656-9051	748169.5293999999
7893	Supplier#000007893	1pZDjCVpoIhJGYzRT1ArcyQipV	32-879-860-4012	748140.5505
2782	Supplier#000002782	5bA3KjG,mlOK,G9FavM0UpAK3P8J75Uma	12-360-905-4584	748000.4220999999
3204	Supplier#000003204	yLDdPfluaEjCpzYhBsrr2H1O4	15-939-676-7293	747995.5877000001
9814	Supplier#000009814	af0O5pg83lPU4IDVmEylXZVqYZQzSDlYLAmR	29-995-571-8781	747944.8187000001
6652	Supplier#000006652	bW70qLS2xm99YT,hqG06pKX7sE40wG	14-710-152-7796	747926.1336000001
2544	Supplier#000002544	zL6nFXaRKp64M	12-809-592-9231	747888.1276000001
5568	Supplier#000005568	xTH35cEG,eNEbuQAL669CgWoyJM3N,izOYNfM	30-410-111-4244	747886.3948000001
9947	Supplier#000009947	9xZDbMjIUQRgvE5dtZgiOvz1DB	14-628-127-7953	747751.6349000001
5645	Supplier#000005645	R0XMxCzZ61LlSlf89ISRRYPKuHGrZxe	32-475-358-6578	747739.2414000002
5637	Supplier#000005637	hSEAidPJkuyUbim9VKN	16-155-378-5936	747523.5477
8159	Supplier#000008159	z72u3aX9Z3	18-589-957-7347	747485.1092000001
2189	Supplier#000002189	L0ECl0z03tjdB41vSGduiAPVrEcC6PAaDvP	34-439-957-6234	747483.1947999999
8913	Supplier#000008913	LLxdYf47tGHhBFE0cJEMhOew3gURe5cw	30-427-241-8847	747376.8072999999
1050	Supplier#000001050	Eu5ETUhMtI	24-271-128-7378	747324.1768999998
314	Supplier#000000314	CW6uXfPdJ6lmcJ	32-389-335-6770	747228.3026999998
8633	Supplier#000008633	rAzhw4hQnyFPiAw911	20-387-254-9384	747029.9804999998
8673	Supplier#000008673	7KORafFmc,w7Ii5LD86ONV46gcZBQGYnkdbTCsxm	12-566-515-4631	746980.3069999999
9722	Supplier#000009722	3thnavdvDAOhdsGVYWyXY,W	25-982-411-3681	746856.4649
5322	Supplier#000005322	ZXCJ727TY MBYpQQPc1Q	16-978-250-2432	746846.6939
887	Supplier#000000887	urEaTejH5POADP2ARrf	13-738-297-6117	746839.2484999999
1137	Supplier#000001137	PaOfcxOq69vJcEPjP0dKQ3zh2nhZdeU8,rST	28-418-800-2417	746834.176
8146	Supplier#000008146	P4Lt0mMYW4ffCqv	15-526-243-1532	746776.8358
5016	Supplier#000005016	Pm76cd7RQpEoslbXa9hH6Fm,9z	15-955-178-1560	746750.2676
8040	Supplier#000008040	TJUSGy72qAbW6ynoKp	21-850-239-4091	746737.6218000001
5455	Supplier#000005455	1pPmFeEkoes	18-723-651-6014	746708.0414999999
6960	Supplier#000006960	29pZoSofXDVw6IzjAF9pTgCd	24-894-676-4904	746652.5444000001
4880	Supplier#000004880	TJ1OINeXbOcidR4Y	14-481-958-6688	746642.7513000001
5719	Supplier#000005719	nYekU0ih LmudR43FpcTQELA0VnPbXe	25-718-875-9529	746609.8049000001
110	Supplier#000000110	ehv9ObpyN0	25-824-874-9077	746562.0096000002
3385	Supplier#000003385	5W8SM31i87a6fOfe	25-332-549-8527	746464.9315000001
8415	Supplier#000008415	MknyFywbrBY89GGbubIeAQuvVYT5rx9pHCh	27-384-823-7032	746448.8877999999
896	Supplier#000000896	yvNZycuQYm9d9A8v1m	17-790-100-9143	746408.4040999999
7343	Supplier#000007343	OIlkeR2Fi,tMgvXuKFIQcqnO	33-586-573-8880	746407.8667999998
8855	Supplier#000008855	4Otz38w8BmX,F2TXhVE5TGV71QVj46tYWa	11-503-966-2355	746293.6339
8747	Supplier#000008747	C0d1NNxo,pw	10-950-774-5576	746251.6779000001
5600	Supplier#000005600	aRzTJ,oyd7Ujd2PU1wQKiWdJan37bK	11-715-776-4145	746125.2115999999
1817	Supplier#000001817	,te1RWRzZWqPEVE	15-103-734-9639	746096.5362
5659	Supplier#000005659	tUdkes5CdvOT3jKPRSxRhZqjUlhjgr7jDPlKXL	26-556-117-2599	746086.9964000001
9009	Supplier#000009009	D96aIrY6lR	17-148-808-2052	746000.9374
9966	Supplier#000009966	f7UB YWpwxkecW40I07kFYA9Ytnwg	20-100-554-8091	745981.6467
5852	Supplier#000005852	gc7fELbvE,fB4XCvThrg,	21-944-804-9358	745909.1936000001
8832	Supplier#000008832	,oR1U6VqNk1AcT41I8K1Txzm1CTica5ocOyR94SM	10-814-704-9460	745882.4942000002
6063	Supplier#000006063	OQ8asgn nF5WiejUZkbfh3cOCJOHxO9o	14-571-321-2378	745830.9542
3672	Supplier#000003672	oeypLDwHF1wD	28-230-110-4814	745799.6540000001
8761	Supplier#000008761	iIxXQmYUSE1KrlofumB XXsnjHh3	32-127-792-4482	745695.1064000002
6153	Supplier#000006153	x4 ZCQ4tNubRtMjG Ukz5qar5Tu4awO27vP	14-357-692-7678	745687.5543000001
2126	Supplier#000002126	eFM3Kvs3B8WrEi1kyx,7,WQ,V	24-896-206-4217	745653.0899999999
5681	Supplier#000005681	In3MJ575HjR	18-620-726-3005	745599.3723999998
8116	Supplier#000008116	crxlJN4DXlUcX,zjjs	19-814-663-2270	745556.3062999999
4481	Supplier#000004481	INYNb1pa1Q6,Jf4M2SW,seQO08muuGux1OfpFVk	27-779-375-3475	745551.6394999999
7398	Supplier#000007398	V8eE6oZ00OFNU,	13-304-352-9285	745484.7182000001
2970	Supplier#000002970	5GLkZCF0VYvzQ4d7RQbMT9kEsB8HGAbY3jP	20-135-362-4484	745441.6805999998
8172	Supplier#000008172	nkVf4sERrJKgUGkvamajC	10-463-235-9233	745423.7536000002
1606	Supplier#000001606	NhCLoGdGq6Mtfa7gVfzi	34-460-502-7798	745409.7615
4693	Supplier#000004693	fwDDzY8D 3df	16-277-475-5116	745374.8608
7757	Supplier#000007757	hpa7LMuLVDxBuhuCrhW,DuEuBJyBuVqfArV	26-212-263-4961	745365.2398999998
2996	Supplier#000002996	Qn0ukH2JOjam20O8Z5DeB1XS2t	17-253-104-7616	745336.5829
8688	Supplier#000008688	EsNKPBTXDMIAMcUb	25-768-203-1702	745332.0643999999
6437	Supplier#000006437	LBzpb2ohl uXX5eB0D7YYMMrtY,MIEtZgAQks0	33-970-347-1656	745328.1644
8718	Supplier#000008718	sGJK5zefbUlWPbRGO7TrOjfaKf	30-768-427-6008	745325.7702
3506	Supplier#000003506	kJoSJKvCYigjYeOhM74tpsnkAdKto7u7jEE8B	10-535-118-1133	745232.3333999999
148	Supplier#000000148	bkCBZzewuerw8xHv	17-648-666-9156	745112.5876999998
4539	Supplier#000004539	6D2Ym9DGXSZ2V wkCw7XfIO	30-481-887-6054	745096.3870999999
6855	Supplier#000006855	ytCDS VWibP	32-285-557-7800	745059.4998000001
9750	Supplier#000009750	KZspEZRr9rc8,NaS	31-840-622-1678	745030.5088
8990	Supplier#000008990	R4rCANakSjWQphz1uupK RrgbsTh290	20-421-478-7010	744999.0828000001
105	Supplier#000000105	cB YSy5Bla	14-951-800-2742	744926.3799
2741	Supplier#000002741	4uly 6P8PPJXCRCcvSPUFWunFVy1XX4C	22-600-779-8361	744888.1131000001
4918	Supplier#000004918	mszqavCBh31Z6P	26-502-495-1842	744821.7310999999
3030	Supplier#000003030	VzSGqv4ObRMkugkPNrbNmpXKoAcwtmlO5N	31-179-866-4329	744741.2908999999
1180	Supplier#000001180	CUYcEIZwjc4JJUofc1sw6OLXtwzRN,N yk3,9C	10-437-532-9777	744735.3237000001
5915	Supplier#000005915	Trf9ItDwPlRYrAglba	19-254-653-6456	744715.5016000001
7551	Supplier#000007551	V4HF5GzVsdw9Hl LUMXWYzPkmofaSQy	18-729-196-3963	744634.3639
8403	Supplier#000008403	4qHoK3GIQYqs3I zPlzOwRnS5XiAogAAcFCkyt	14-566-285-7809	744580.1443000002
807	Supplier#000000807	ClHvM1nuPUESGg35Ls	24-255-894-5069	744565.8002000002
3757	Supplier#000003757	gRK2je4czRRx	33-232-143-9442	744492.4656
6330	Supplier#000006330	UozlaENr0ytKe2w6CeIEWFWn iO3S8Rae7Ou	32-561-198-3705	744461.9469999998
5867	Supplier#000005867	Xr,svOB0nR0	10-333-247-2253	744453.722
184	Supplier#000000184	VTbbcJp9vdqn,tJA5pG5V,596mud6ZdspXgpUWX	11-802-685-1889	744437.8619
5421	Supplier#000005421	j7T9Xp32K5Iy642n	21-267-532-1889	744419.0900999999
390	Supplier#000000390	8Qv7RjLQSFfyt5JpH8fsTf0	17-821-610-9726	744389.8895999998
2909	Supplier#000002909	3uyzaTPXLVpjxQchxEXV0IuWcfNUWnEGO3	27-475-364-4414	744368.6993000001
6958	Supplier#000006958	0n9BD,gRzUc3B,PsFcxDBGp4BFf4P	20-185-413-5590	744299.8553000003
1843	Supplier#000001843	AZ ees0HgmszAkT1WVhBzbt8HhD0	28-386-659-6601	744258.9261
1643	Supplier#000001643	yXTO,21uKjrpvOmX	25-145-982-9580	744055.3802
2834	Supplier#000002834	cbmx43fm6SlE9UbdE7koBZlzRIeFwkXA	22-261-543-1063	743981.7077
9366	Supplier#000009366	pJp6kbd dtmX	29-565-703-8971	743971.3287
4230	Supplier#000004230	hbZADmI,Fb41r0	18-955-229-7900	743950.4256000001
2075	Supplier#000002075	GdtAgDNIqsot8KG4wpmBx2L247IylJKxMcrRJ	34-953-639-8189	743679.4983999999
4338	Supplier#000004338	fHVztcdO93vdaB2W9p3O67V20	18-464-476-3509	743592.6673999998
6921	Supplier#000006921	EkJ1LWRGGkNzw	33-101-159-7400	743582.9136
4641	Supplier#000004641	7GGTBs43lKTN1p0lajBHHAVMYh	15-846-828-4921	743491.6852
7183	Supplier#000007183	6fW9mxnQy82BJHO,Y40C7TLo51ZsbFRbx AHr	13-960-355-3402	743469.1376
6235	Supplier#000006235	cuLS2Vz5q0UhmF2BeL0,Qn6UuorqT	29-835-102-3960	743425.3494
1089	Supplier#000001089	lbAfNAr1HpY2LGSPclm2dIlpRethjTL	27-487-835-2285	743406.3731
9845	Supplier#000009845	5N29767EUnpB4ry NXkOEJ,C25jKgl4GSP	11-847-103-9663	743295.8813
6038	Supplier#000006038	y958tTP60Qh4A	25-996-556-1165	743292.1029
1098	Supplier#000001098	gBFyTaxwwnJNvWpX,Zpn,e5KDnfv7 P	24-202-272-6922	743263.4776999999
1368	Supplier#000001368	YvFoaTqE0jQbfYeHBEuOQfH,QufJXD	31-486-424-2686	743177.0763000001
8343	Supplier#000008343	BbHngAVqj0J8	31-104-719-4677	743169.6418999998
9440	Supplier#000009440	p20oDM2OMRYZqjfZt6jQyGA7GA,7T	19-324-357-8746	743037.3519000001
551	Supplier#000000551	ZNiqP1w6Z SGZsLllIhaicTnLCCuAepdNbkm6pJ	18-297-775-8421	742965.6290000001
60	Supplier#000000060	cb08ntDTARo47WmnBcYXu	18-550-360-2464	742918.7189999998
7061	Supplier#000007061	lv7XVrUOi1PwFVNzpcNb	30-616-603-7046	742789.8449
9101	Supplier#000009101	Up6zowOQBEhC WmO90	24-643-145-9641	742771.738
2105	Supplier#000002105	cChddPk6cp	26-296-815-2017	742691.6564999999
7631	Supplier#000007631	eSImoUDXAQp	10-860-346-4466	742662.6748
7536	Supplier#000007536	c9HkDsVtkhjKrW	13-649-721-9921	742632.4935
1883	Supplier#000001883	H0WkWfpMkORknSj4jveLNr4YH6Yonp	29-825-969-2240	742620.2877000002
8591	Supplier#000008591	3G86tepvfRxn	10-546-978-5154	742501.1991999999
6463	Supplier#000006463	7 wkdj2EO49iotley2kmIM ADpLSszGV3RNWj	13-140-645-3319	742420.5296
5803	Supplier#000005803	,8BLtai0L4f3sq	20-362-331-1942	742404.5364
4385	Supplier#000004385	DleSWUNgmzYrzkG	11-905-713-8552	742368.9558000001
7589	Supplier#000007589	GUTp8apKI6hoOTlZ1DXSZHqPhKGjgskV0xZRjf	13-839-534-1103	742330.461
4662	Supplier#000004662	t5bDsOR1SUvZs8yD1sMpFtGR506QfqzsU,NFg	21-742-347-3094	742307.7213
5537	Supplier#000005537	rTFxbwb34STFZu8WyEr,ONh	12-337-574-3631	742248.5931999998
8858	Supplier#000008858	Dl3WWJKxEgBPRs9XOE0Uf36	26-491-699-6237	742236.3875999998
2195	Supplier#000002195	aDZzLrVyjTGTrQkFbZIsVRz HvhC4Qvd	28-154-128-8030	742172.36
375	Supplier#000000375	3CIBgjwAjB A1uxkiJNjc 7pI9AKhvnr1BHV9	21-250-668-2735	742157.0410000001
2211	Supplier#000002211	jnC20nWkKJCMKwefjbyUTVC5Zd	26-262-191-6279	742129.5071999999
6120	Supplier#000006120	byBcsYEkrMZLidZ7BUVkUv5GSntSLjZ WO57rAy	18-409-286-3099	742089.2124999999
3900	Supplier#000003900	CD6mwylfDc2CrjrEKzSbK9LbGEC9irn	34-833-259-2802	742085.3158
9332	Supplier#000009332	CI0Y ,x66iW53t0i34nc22TDX2hrii93iR vQOY	31-956-710-5738	742049.9923
5225	Supplier#000005225	BKyNPbd025r7,3hazPOINMWH3M5c6dsuXgk2JpU	34-258-492-9748	741987.6788
7071	Supplier#000007071	e2CiSnlQ8TUVWIn6X iwCawyJEw,HB6Wj	25-903-628-2776	741957.9624
4436	Supplier#000004436	ARi9CgTSQU8AkAN3Uu,Byfm9EyS5Ll3GTk8CJJJ	25-493-905-3496	741931.2805999999
7945	Supplier#000007945	HDt7oHA Sf5zz	12-594-162-1136	741906.6092999999
5801	Supplier#000005801	ji0Lgmn1rJ3Gm3Vlh0S6AH4Dmng	23-108-219-2697	741904.3411
6589	Supplier#000006589	,plO63VoVildNy	17-116-386-6680	741756.4894999999
9352	Supplier#000009352	WwG1,Fwgai nJQ	32-629-439-3619	741700.7022
4992	Supplier#000004992	zCGf7Bwq7C	28-665-105-3278	741586.9738
6866	Supplier#000006866	9nuulgAdSQFPJfRiF3htJljoFo	32-455-654-5044	741556.4482999998
8216	Supplier#000008216	jsqlyr1ViAo	20-224-305-7298	741538.4194
9785	Supplier#000009785	G6Orhozp9rJ ll1u	17-474-990-7648	741394.1896
8503	Supplier#000008503	EIhePQhDdhklwciepW	10-661-665-3603	741348.5966999999
9701	Supplier#000009701	55EOMD3NDLStlMAIwjXZh7MCe	25-257-268-9350	741216.2664000001
3055	Supplier#000003055	hIK4aKsmc jZgrCSUk6EyGArXqBa4	28-422-347-4948	741110.0564
6854	Supplier#000006854	Jf0FFX9tBXB sNmCycIpd	15-606-967-7758	741100.7592000001
3188	Supplier#000003188	JPdkZildVJC3d3TazH	18-993-415-7718	741084.3447
6740	Supplier#000006740	YNzKcJ4mxt02JGvq8c5im2LPglWONcsrtyO	25-554-623-3540	740915.1978000001
3787	Supplier#000003787	bCEvfdmHD0DFRlZGCM6tD5DguS2q	11-436-875-7720	740787.8119000001
6859	Supplier#000006859	IH0G4Izp4WkPJ	15-395-879-1706	740715.385
2884	Supplier#000002884	FeHLSpzVJjrvyi51	14-454-798-2278	740637.8165999998
9563	Supplier#000009563	fl dNSU309HEd1K	19-638-205-8748	740636.7383000001
5622	Supplier#000005622	DdXOWOVt952GSfUoc	31-246-301-3598	740612.1941999998
953	Supplier#000000953	wTTb0ilU6Nba1VLsHj6k0jUt4TFFM6rvtXszzA	31-642-490-3022	740611.5809
9556	Supplier#000009556	NN Jmwgg0xC0qI9pik9O 5CJj7m qQ NEZjlJpgF	18-505-494-6786	740596.8709000001
2733	Supplier#000002733	WkFhvxbp2n5OtyQide,I1d1HQt	11-998-190-8682	740574.7243
3940	Supplier#000003940	ScNf9cfd8g7RdcrtpU7Afk8NXgASA	34-725-479-8331	740559.1302
3256	Supplier#000003256	0G6XBim3XM8Pfjh510	32-121-427-6574	740554.1101
5971	Supplier#000005971	9NcBom50Cnz1V63qhFKaBl,5FWYXWa	33-389-406-9230	740523.1048
6108	Supplier#000006108	8tBydnTDwUqfBfFV4l3	16-974-998-8937	740503.3746
573	Supplier#000000573	83GRV1s,yGFwl1NClLSXnJVRlh0xS8YW8	22-306-652-6853	740490.7963
1970	Supplier#000001970	QqyXDIxLNM,fwA8qP1TLxQBA9v	15-350-889-1064	740444.7420999999
2729	Supplier#000002729	fC4Yumgq6TdMUorP1CFDQecKdTl6QzmGp	29-888-561-4661	740425.9162
4445	Supplier#000004445	nF3Jh5vC3mI0fRfl3ZvGLlrwoW	17-336-194-1455	740417.8341
292	Supplier#000000292	POEdp8d ug5bKQa,w4SAMaM2xna1ZtVk4z9loa	31-933-112-8506	740415.7908999998
8508	Supplier#000008508	TGpsTDKgtFc5aoFFyl,ImrYMjHjmV	12-615-316-8574	740415.2289
5621	Supplier#000005621	nige3lp3nkh0KXMzjJr4Qebtcg	19-496-702-1610	740410.8465000002
1670	Supplier#000001670	mQibb3TPZ2mrBK0	24-170-743-2189	740408.9753
8075	Supplier#000008075	vRm,,T6Z9nl8ZkWeUX70v	24-446-829-9557	740374.4194000001
8060	Supplier#000008060	pZjj0ghxyfltSeN pR5u5PKgiVGhXGd	26-552-123-7988	740273.9783999999
6397	Supplier#000006397	h3rp6cKPeZpMhWBwAZSoXyBkk	31-941-870-7526	740246.4829000001
5112	Supplier#000005112	iK5vmw70sZ0uKyGK	12-368-711-9287	740214.8974000001
3780	Supplier#000003780	lisLI5wekcJj6HjQRwHxQmrDLul5D8H7	12-721-501-5684	740139.0797
6982	Supplier#000006982	JIkHvt5KOLdwZhyYTUP	29-551-357-9007	740058.7111
8107	Supplier#000008107	Bsx KttrbwpEiop0lN8V,BDopTnigk5mT8	26-758-284-7007	740047.7818000002
7600	Supplier#000007600	6F0nOKOIIv7REou0wYk	16-958-947-4987	740041.9119
1707	Supplier#000001707	zNAdyW4VZuWqv5qTFjZnI2tvGndL3hqK0ELmQw1	24-329-756-9859	740037.6619000002
9468	Supplier#000009468	QRospU5z3JWmvPAgFWmWX2id3zqYYkL13brplY7N	16-522-144-8872	739930.1374000001
6764	Supplier#000006764	caeE02gh59 c7Q6m9LPAJV f0W,OCVWjn8I	13-458-611-1601	739890.5829999999
9209	Supplier#000009209	OxSf,fja,vu60F3vPw	33-610-434-5069	739831.4601
3810	Supplier#000003810	1zPgEZHmn0fbUaQDRNH,uZ uci	31-319-356-3632	739811.9504
8569	Supplier#000008569	zQOGXyONUkkdUcl5 j3IbRB6,T0s3wiIBMB	21-328-882-6096	739679.3215000001
4554	Supplier#000004554	nf,ST6fo0Seuzs43MgCBLm,	23-837-524-2882	739467.4371
5256	Supplier#000005256	Onc3t57VAMchm,pmoVLaU8bONni9NsuaM PzMMFz	13-180-538-8836	739321.0533999999
1112	Supplier#000001112	hjJ3hLM1PDH4KZR1E	33-503-785-9446	739265.9033
7439	Supplier#000007439	wYXjKhXUIwck0bSV5O,FYjh2ocBdgXleAy5SP	29-341-370-8531	739157.0484000001
3421	Supplier#000003421	Sh3dt9W5oeofFWovnFhrg,	13-134-954-9976	739066.7834
9004	Supplier#000009004	nSdPFga2ARrshqSR Zqkd4VBTtv	28-588-104-4114	739036.3618
6620	Supplier#000006620	X5gmUW17s2FJ7VzZtH3P,DK	14-875-753-9706	739032.5952999999
2990	Supplier#000002990	s 3hZdJj0MbU9W7n11z,	30-201-740-7249	738992.3067
9860	Supplier#000009860	pb99m4Ua9WbXcbAGQcOwdKxLAN5LGFLxYx	32-480-860-5922	738845.4934999999
2015	Supplier#000002015	SvLE1jxVZXpZYUI8Na2ihM	25-849-796-8961	738839.8638
7336	Supplier#000007336	y0BKztziBCkvpiT4FG	16-180-420-5844	738829.3254
8976	Supplier#000008976	7sKjqX YeRyPJcjPLzrPFcAcMW7sXu9j	14-494-851-1873	738808.9766
391	Supplier#000000391	HBkwkigT2P9bU2wXBrPnQ	25-736-211-2793	738781.4303999997
2517	Supplier#000002517	uUBLDC5YRPCF9 bdXiB2FTWSmW5ofWUWT,2BT	26-197-426-5039	738749.6957
7674	Supplier#000007674	M3PcJmk8WBZEl5NXTYUn0,KGSY7962Tx36r7FM8j	18-275-808-6179	738740.9317999998
5351	Supplier#000005351	pAo,QIO2hoVsmTzF90g	20-126-846-3080	738715.0943000001
1531	Supplier#000001531	SRV0tsqpwsgBHM,0LJRj9NWJ9SBDl4PSL	15-945-324-4201	738706.6848999999
7906	Supplier#000007906	nyaAJ,u2Nx6MjFr7k0I3 ZuIvItZxx	31-720-373-2830	738679.3888999999
7012	Supplier#000007012	Tnn5YREXXb8Ues	33-534-876-7469	738666.9661999999
4810	Supplier#000004810	r58x9o24iqgvayYpqiLmD6fOybOh3Yn4jS	12-438-171-4318	738587.2314
369	Supplier#000000369	XKLa3tQT7,TgtuLi2Vme8vGyx	17-381-930-4614	738568.5426999999
4761	Supplier#000004761	vTujjUQ,ixLcwW31mN4,rrM0	14-916-946-2336	738562.0456
4317	Supplier#000004317	y1YhEPlqLELpjlDIreqNgCa45zu5,8	29-259-919-1658	738415.9939
8230	Supplier#000008230	NbuT6,ZzZni0	19-446-942-6869	738392.7003999999
1529	Supplier#000001529	qQJmdEj7AcwaQxBXxlgZ,f	26-785-696-3319	738299.5178
6653	Supplier#000006653	WwpiochhF7rKPsIqQguH	22-436-477-8684	738256.9529000001
5028	Supplier#000005028	CrmUuznEMBAPABSlfim	19-618-700-3717	738239.1198999999
3671	Supplier#000003671	WpUjKrK38i3Vme2OCxx8Zcm4sMw	17-677-466-8220	738135.7636999999
3233	Supplier#000003233	aVFqnCFgVXU3CJUnzNj3vlC	21-915-960-5343	738112.1922
9024	Supplier#000009024	rxNd8I3zet	23-418-146-3758	738066.2928000002
5417	Supplier#000005417	umpyUJfpKS6DJe,NVwRPj6FZnvlqx7J8XanhkkRU	14-325-482-8276	738002.8076000001
2680	Supplier#000002680	M70pZheQJntXMqbwPRMAq6	23-161-390-4381	737983.5162000001
2004	Supplier#000002004	kJ8ah6BTTXZCpmZq7fzHEhvmpImgK	14-554-575-6987	737975.7677999999
1981	Supplier#000001981	Q9YktbRu7FxixQiaT1U	20-705-553-6657	737919.1072
7734	Supplier#000007734	ZLpKKs8an9GYEAw	16-828-216-9755	737891.9169000001
7003	Supplier#000007003	ratdvUMoA6ERhe4neyN15S	19-273-946-6063	737832.2973
5885	Supplier#000005885	OCHwRDJ6B4ddVLNuNu5aGQloABT0frKScM35s	19-371-647-9423	737762.1784000001
7908	Supplier#000007908	ghhHapj7GK	31-559-796-5693	737668.4858
2251	Supplier#000002251	mL4HUukOkAgo1MUZ47xT8zC9,98ULRft6FxUfB5S	14-333-567-1078	737638.5058999999
4767	Supplier#000004767	mR0nDVqZvOIrb1i6DmxOLyTXWYyI M	12-834-224-9409	737605.246
1124	Supplier#000001124	I ptruqPB5c1felgrY9dsu	11-219-426-9501	737399.5173000002
819	Supplier#000000819	n1YA v3IWFGmIP tZr	15-492-900-7246	737360.2471999999
3192	Supplier#000003192	jcnowqdrNtFws7AtZ2g6USqYv	25-932-338-8494	737324.2734999999
3581	Supplier#000003581	MXGcBDKvEd5aifcSXiE1BfFK3z8zZoZbmXhjDvB	11-700-180-8215	737306.7278999999
237	Supplier#000000237	NzEXFiPN5tnrZzs1E,uGeoEqolOlDYE7oQHnQWg	33-976-749-2413	737296.1684999999
7745	Supplier#000007745	jVuyRb0vzpQU yQRSd9bup2qxxmIGX	21-521-889-2916	737120.2331000001
3579	Supplier#000003579	Lf59rlSC0JU6N AyHJyuNcIkN7,PErIXCp	20-214-263-2876	736997.8883
74	Supplier#000000074	uM3yV5NOc6b5wNdpxF69CW 8QvDxqvKubRJtA	30-166-486-1559	736990.956
4465	Supplier#000004465	jN iIdQjVDgRQID,OTnuqwq8jOKND6q4 B2A6Y	14-854-148-2866	736920.2793999999
2076	Supplier#000002076	ptfVIQCHMp	29-598-923-9264	736920.1268999998
8656	Supplier#000008656	sMvnqSyJogRS2Cdfrjz85bh2KgG	28-315-800-1023	736829.1352999998
4894	Supplier#000004894	cGDsr1eyYXpyeA3,jAc	27-762-154-4286	736819.2786
9504	Supplier#000009504	Rqt07,ANI92kj1oU	31-975-106-3065	736714.7274
3685	Supplier#000003685	ROI42SF7q Wo	31-756-950-1669	736661.7254000001
8840	Supplier#000008840	aHUrIIcTaVuMfHZ	20-913-184-3064	736632.2840999999
4629	Supplier#000004629	g04u2eDpI gUdAe	28-368-497-3533	736607.0022999999
5742	Supplier#000005742	jr57A7w0yC5sKMj17OwGAIRdNiOVqkhvI7E8	19-523-715-4348	736568.8152
6881	Supplier#000006881	jhPkRK0FFkLtAZdl	18-929-390-6095	736525.8014
9802	Supplier#000009802	y6wLN KiZuTf5HT9Hbm0BELn1GUTD6yl	21-116-708-2013	736518.9537999999
7287	Supplier#000007287	uC4PYwKmDQWzhHTZbLSNzDkffjryO0XoHl	19-579-738-3799	736509.1246000001
8862	Supplier#000008862	uBkJv4e1 YsSjXYRl35EUDsLI1DOLdgPd5cXCgKI	34-790-873-6844	736368.8873000001
2068	Supplier#000002068	K3Ao0QAOGRUFgUE5JH8X8rTngbLpyKDORoO	28-909-115-3663	736277.2464999998
1710	Supplier#000001710	J,sdOOJwUhwPv2mrEiNEA0UZlmu5IRmgz	31-452-330-7832	736247.7973999998
4167	Supplier#000004167	ZeTibFfxIahMkQSCmlxk 2zJYiSQOaR	29-842-894-8667	736213.1462999999
1919	Supplier#000001919	ZW1rqp6DpLXGzMpR7 iAPW4cJRHPzAGy	14-261-458-6539	736162.9633000001
9184	Supplier#000009184	u7qqtlgu02DWf9aBjKR2qvZ0	21-416-185-1079	736131.8587999999
6316	Supplier#000006316	VCmgK0e9AK1YTn3fltIRN,LMrapXUEMzMyK7S	23-383-196-3658	736119.3547
8751	Supplier#000008751	,KXqTzRq7IiSC	27-257-160-9803	736099.204
370	Supplier#000000370	yyNSJAG9UXcWit4SeMkEIrNcdVq5	10-602-768-3758	736081.6749000001
1665	Supplier#000001665	ZH9hZfa0baJVYmfXu3uoudL X	30-377-968-5888	736071.176
16	Supplier#000000016	YjP5C55zHDXL7LalK27zfQnwejdpin4AMpvh	32-822-502-4215	736016.3121000002
7168	Supplier#000007168	Zbi1Gso2fuOruVZzDjeJSqX5KRZLY1mk3a3	18-771-260-7057	736015.7217
9301	Supplier#000009301	cZbZX7WSUJU41dwwjFlVUHBoeY6lrv3S	27-159-994-1867	735919.2418000001
9759	Supplier#000009759	pm yLyvOS5bvpO1OZ4FwN262aLE21Hhjxv5	11-822-433-3967	735785.4509
5330	Supplier#000005330	Yi67rc2o6A8BAhIuoZCATP8K UyNR	25-703-355-5851	735782.1855
2092	Supplier#000002092	ZykceCxEC5HdQ9KgWsQZo b,6nyURU7RG,,hD	12-100-819-9559	735748.6215000001
9848	Supplier#000009848	A,jN riqwo8sonCm61jIKhB5t16V6EF1	16-590-365-4635	735745.2157000001
8304	Supplier#000008304	l3GK4X2Oi3Jq4rYtt2Af241E7BQ7m rla IE,	21-689-436-5771	735742.7514
9575	Supplier#000009575	qAdrnjTmcGUqpcVQy CdX PIiFGea,TwFl	34-882-374-7778	735708.3597999999
7198	Supplier#000007198	Je9D8swRfBXw	22-906-540-4535	735614.6264
5014	Supplier#000005014	d IZ2KkXKyE6	11-572-644-1147	735601.6786
3766	Supplier#000003766	mO suhe 4yZkt4	34-325-690-4941	735576.9266999998
8640	Supplier#000008640	cCVH 156kfryb	33-316-349-3061	735443.8318999999
9625	Supplier#000009625	hx6phLn8,mPBhKs3m	16-706-357-3708	735411.6856000001
1562	Supplier#000001562	3fYy4SyTZSM58OyYaxhw6o2uogW1	24-756-533-8039	735390.6234
457	Supplier#000000457	Jld2rUj,Xw3u,lLq2EevCRQVYwSnkCT1K7nY1if	18-721-125-2213	735244.2470000001
6959	Supplier#000006959	AWSMTKyZmMC6j290WFBVXMGh1U250bImRH1C32	19-428-904-1948	735172.0561
7692	Supplier#000007692	GjRF,y0Drd	24-830-130-4500	735155.3073999999
3606	Supplier#000003606	zDrqlF MegBKfXn,hqaeRdAWfjYkFCmj	18-573-230-2668	735126.2367000001
5377	Supplier#000005377	FpSTvJyMseoTimB0	21-214-877-8753	735102.1045
4364	Supplier#000004364	vmn0tOrePaZ0 VoB9U7Wag6Mlt	14-328-136-7973	735071.066
5540	Supplier#000005540	4GO58KPK4IPW0GUJ7r2fip4w5Yd9yD2uJyuAq	15-922-885-1259	734870.3151
8608	Supplier#000008608	XJzhJVBTZ4ZcI3	21-566-927-2651	734818.8568
9126	Supplier#000009126	VUdvyOMwXOnKP3oNGYekoVLDAzZL4P YRpfglv	19-584-254-7605	734767.3289
6219	Supplier#000006219	uXyi5RMOm9wDyS4cNSClomrFp,EfPkw3n	22-939-256-7229	734673.6124
6084	Supplier#000006084	gv,vfg,ApqCQ37Sy2O0v3Gsr	13-672-183-7515	734570.255
7308	Supplier#000007308	OFlDRSzpirdQmRXavGABZ62,LGxM2UXk1s7y	19-686-605-5793	734514.9799
2147	Supplier#000002147	ZuMql8hTTEer	15-600-322-9441	734407.5044
1149	Supplier#000001149	Nuno37wiZOjNGHF	31-169-782-3259	734245.1326
842	Supplier#000000842	3D3tmBm8zD3A BxuTWfoKXD	14-977-614-8564	734061.9871999999
4679	Supplier#000004679	x6LJifCYpOkV93CIzIvIalTPygUVPH7Jdm	26-242-857-6516	734016.5517999999
9696	Supplier#000009696	w4MKscCj,3U1kSA	25-922-978-3990	733974.9223999998
5078	Supplier#000005078	ML61AxsKm5wyA5nhF35X	10-785-180-5085	733927.8951000001
4573	Supplier#000004573	B1NwUSk0MfhhyceTtw	11-815-500-7034	733925.7037
6522	Supplier#000006522	PS,nptEo6IBkGNCwlHeIHs,sIM06qoENMwHI1C	29-787-279-7974	733804.0711999998
4355	Supplier#000004355	57lrIYbQ4 A3jGL7agpVMDeyYPmOMCIXDA7p	26-579-152-9709	733729.7184000001
1797	Supplier#000001797	ibZNV0m2BveksMY	25-102-699-1785	733608.7398000001
3179	Supplier#000003179	SsOOjSkuc957RKFt	32-902-657-1927	733598.3811
1058	Supplier#000001058	fJ8egP,xkLygXGv8bmtc9T1FJ	30-496-504-3341	733592.7582
435	Supplier#000000435	xKvU,V2SZj3OqEwdlgXs01K jSbJRjYYF	18-874-271-6733	733553.5050000001
2927	Supplier#000002927	La5H5k861WZ	31-331-903-5366	733547.2879
6626	Supplier#000006626	ObYBeLozdoDjS7f791dqrXWBgfQR7xwOigm ,eVg	26-897-536-6470	733465.7324999999
2964	Supplier#000002964	yJHDv1tHUT3zS8S	15-812-632-8371	733377.2945999999
9989	Supplier#000009989	OPo6ysXdxWAgTkgs,52rf6lO2ickEQ	10-115-204-7711	733361.4147999998
1774	Supplier#000001774	AzEk6WfVHo2W	14-587-735-1575	733310.592
8553	Supplier#000008553	9cfBlcQUuHiVY C nhZs5C13ALqXrY0J	16-919-476-6611	733257.3442
816	Supplier#000000816	uCvvad6NCkXBUkr28t dtq swXPtu	33-830-680-6168	733231.5807
456	Supplier#000000456	iSqve6KC7t69,jX6,HF B8Hbat11O	15-951-880-7133	733080.8447
3257	Supplier#000003257	1eohH908K748ruDTuvA	28-754-780-3793	733040.8785
5509	Supplier#000005509	40BShwTmsunjcYDsaIEtBTejO7EK	21-392-423-4088	732962.5145999999
4335	Supplier#000004335	sLgbkSGstpaB	33-111-821-7078	732911.7507000001
3894	Supplier#000003894	vvGC rameLOk	13-295-878-3930	732899.8154000001
4785	Supplier#000004785	zKnM6Wq5if1ovdmAloFLN48t9 RtO,zCz	17-977-283-2115	732860.7455999998
6524	Supplier#000006524	eaGKaiQ6KIdx	29-380-982-1928	732858.9589
6250	Supplier#000006250	rCzFt1t4KiLkuV69kpMAoeQJ	19-311-882-7947	732809.0231
9237	Supplier#000009237	5xxaf 0NCk	22-942-504-3189	732723.2843999999
669	Supplier#000000669	,Csubly4KD59igxGYacW2q7jUvQ4ZaOKQC	30-256-757-7811	732719.6047
2091	Supplier#000002091	1KX2xPHrrdEwh7veDf7KBe8pnz	19-648-583-6246	732709.7504000001
3695	Supplier#000003695	g8dtMW3MyHKfV1uYUTB7veUEQom8Ocic	22-424-749-1175	732525.0332999999
7678	Supplier#000007678	mcyyz2Gm12MnVDM6 PTJ 0NOb	19-923-359-9505	732419.2603000001
5008	Supplier#000005008	RxAVQWjolHk,kzy	28-568-926-6014	732211.4691999999
5835	Supplier#000005835	rYoXzV3EZ77Z	31-985-363-2730	732094.9585000001
9218	Supplier#000009218	9UwSwDFXuiHdqdY6o0vcZAQry805nXrIzy	26-223-206-7687	732011.7330999997
9820	Supplier#000009820	TNGtp51Xn2k6WhsV	31-514-215-1317	731985.2143999999
2182	Supplier#000002182	nF,UVhLaYj0B7j bhbKoaf9T	15-415-986-8042	731902.1002000001
8686	Supplier#000008686	4Onf4yxuNwHCRIC0y	14-454-946-4151	731812.0900999999
4418	Supplier#000004418	oPd5t03PK49TWcDnfh0tepnKMievDd	29-495-498-4778	731780.8639
7060	Supplier#000007060	qE,c71OeuAclR	26-265-429-8153	731721.1595000001
8465	Supplier#000008465	1ljQImkOB8MGxJ5	24-469-535-2573	731677.8926
9044	Supplier#000009044	IUQ45yv2CVGeB	18-532-417-2644	731666.0434
7546	Supplier#000007546	aFLE2fFcE 1hBWZrrZYkbShlvH	17-156-434-8041	731549.3734999999
9040	Supplier#000009040	DCZDJmcqkjIuyF	17-411-550-2852	731542.9937999998
9542	Supplier#000009542	I 6RF2VfTAlFdpmsrA	32-300-861-4282	731392.7411
8156	Supplier#000008156	jATP,fwaSoz	24-214-151-5679	731352.5824
465	Supplier#000000465	YOOuLmTfTFNFiipLtt iL7HQ fj lf0xOKDjnu	27-586-454-8554	731351.054
6187	Supplier#000006187	dcKVHu,FZPG81cR50cZdrVB16eePhglpZDRj	33-553-253-3113	731319.7934999999
7750	Supplier#000007750	wtDhjsvnoWBD01XH7ydI	28-680-484-7044	731191.3501000002
2938	Supplier#000002938	tBhqA8j84nU5lvYBRYrJQd9g	12-480-248-1944	731116.8620999999
2535	Supplier#000002535	A C1WmBRZA2BePs3f  nB6D	34-445-685-5978	731053.1372000001
5497	Supplier#000005497	jwJ,6lAvd9pY1xRNsw9sW4AD4a	26-882-575-9856	731033.4028
150	Supplier#000000150	kZajmmtJB4g,nNlaHxUvXLfZW0hVtnR35LKA	15-169-420-7828	731024.4235999999
8956	Supplier#000008956	32JIIlXqj1TFk8jMT3HJm	32-954-853-1419	731012.9741
9006	Supplier#000009006	K8Cb,GE i2jpSmrq1jIhTOkuexh1GYmHurHYp	19-539-268-3770	730993.6580999999
8151	Supplier#000008151	jWufYDMz2IblV0WvMdmHhoWVY6kx,YzKz5PBPo	11-693-539-5693	730964.826
6699	Supplier#000006699	H,xWggrqs1r6DvcvKFr5KYpQ W9yQ4iDns6Blf14	33-214-777-8854	730910.5656
9710	Supplier#000009710	TrgmM5M7RbLEAMMMrPmlo9BzrSNBR	22-378-617-8537	730876.3430999999
6618	Supplier#000006618	ZD3BP5nU5RKdrq6dTKw5DycYqoFnDXJYTtdnjm	11-187-565-8631	730793.9635000002
8980	Supplier#000008980	80F jrm3i,,aQIt4wmBJsjWup3fHC8eGxhKW3qy	33-123-315-3071	730718.3805000001
4274	Supplier#000004274	VpVZ1PbArLtxZ1ryS,9 j5dzYgTC0Dy0 DWM	30-322-776-7259	730716.6493999999
5222	Supplier#000005222	iEA8OArWlk,S5FaYjKHOXuwXEl	26-864-417-6650	730533.1383
6616	Supplier#000006616	VuVCB,p7KWmzR1i68	33-315-825-7545	730523.5389
2175	Supplier#000002175	ieMsCCBs2PWKsAJfbHwHS SL	28-659-560-9793	730471.8123999999
7959	Supplier#000007959	KBPlhWwBEUDld1s MDl	20-856-411-5901	730394.7806
1458	Supplier#000001458	3SmErYBeN9EFj	34-790-720-6395	730325.7408999999
9167	Supplier#000009167	5KQWpFTqsMsXhouNkjgVHa	27-436-673-9892	730319.4191000002
4155	Supplier#000004155	1kFL1WiHShkArhTmnzyE2x4QLO	28-897-120-9617	730290.0201
1686	Supplier#000001686	LotsVSpeE7V6C	28-786-924-2891	730195.411
3067	Supplier#000003067	9EPagnou6ashdkFA	16-785-224-5371	730175.4503999999
1681	Supplier#000001681	,,MX631mJ3b,	22-369-410-8905	730134.2166999999
8668	Supplier#000008668	NTkuNJRa,UItC	26-319-194-2678	730110.1527
2442	Supplier#000002442	t73nwMfpO4rjUFkhWnJcS09dBCR	29-971-643-5013	730032.8467999999
3243	Supplier#000003243	2HMGu Uu5VPguQQyK	17-224-347-1366	729958.1775
139	Supplier#000000139	2mQLQsVJ8WLBSnl0R bXrcyTgqXKrplgxb	32-788-265-2743	729943.8495
3587	Supplier#000003587	h UBYa wnNQuPDW3 9Jst7ohrl5ckLlF8M52	33-984-680-2326	729797.0251000001
7315	Supplier#000007315	nANqnt IpXjP,d4XJXMSqV74uWTSUc8A34NjW	32-946-129-9640	729792.5961999999
6100	Supplier#000006100	P5P1ly2xmfWauZx4b3AsuWa 5qb5	26-484-811-2316	729766.5095999999
3359	Supplier#000003359	BG6e7oguX8oqqI0Ni	20-603-896-5829	729735.8736
9214	Supplier#000009214	,qaMSx5PCf Rgvw,zA2NMocm5fLSe7oWn	34-435-736-1379	729684.5203000001
9579	Supplier#000009579	qaw1e189AHujl,dH4FONtwNIrXhAFlq96	21-168-505-3652	729678.1900000002
643	Supplier#000000643	mJN4aN B Lxz2esIAW0GoxEw1rAU	28-782-409-7844	729588.2207999999
4776	Supplier#000004776	rqBhrPpxZFhTZQ8V3BjoCv8L14Wy67Jy2Y	18-924-758-6273	729524.4969
2623	Supplier#000002623	4Fu1G9iVp4ID	33-479-498-3860	729469.4869
1215	Supplier#000001215	VAqI,tumyKBHkXAIU9v4luexhsYXvH4s	33-651-865-2529	729460.2704
7969	Supplier#000007969	xNL7 WZwtNToE0AMy2QcA5PJXzIyLEqh Gaaij2S	10-363-822-9857	729347.6236999999
3376	Supplier#000003376	Bhe4BFpG0vCtr5GS1XJuhebmTG2ft7	33-750-995-8411	729324.2758000001
4084	Supplier#000004084	OY0,DSHzmX3op	14-256-608-2643	729316.0168
5204	Supplier#000005204	sFTr9PGcYUjo5eReeIBHsjJIDjJMq,	12-387-945-6443	729169.4466
5153	Supplier#000005153	C7yI5crVqTupS zGnZfB5AS3IUpCTicGZOhgV	33-227-904-9180	729125.6473000001
1467	Supplier#000001467	cMpeOPD1hbd015 mppaxRtbjMtJ7Dza4Q4Y6om	27-991-433-5367	729093.6712999998
3779	Supplier#000003779	wqg3D4lsbKXFuXAPUqqIgt1fQGZC7	27-270-101-2668	729065.2205999998
8959	Supplier#000008959	5DAHB95,c7Z9t9zjVx78DtgqMtljpBRVz Z	34-401-708-8154	729049.4193
2138	Supplier#000002138	gccGupUzewLfMPfrztLFAoZwstgAun	25-735-863-1467	729019.6127999999
1323	Supplier#000001323	PAh52FWueSB04tXU	17-522-987-4040	728951.9602
4188	Supplier#000004188	2M4Uuj0Ciur	34-978-302-1714	728937.4613999999
3784	Supplier#000003784	vmlB8fQ1MaX81ohCxe	29-420-513-9188	728916.0461
1016	Supplier#000001016	iRdPyOMBwZJ1tC SuISP	31-756-833-2500	728887.8989
8024	Supplier#000008024	hC5Iv7v9tUzm	23-804-857-7141	728872.6192999999
9863	Supplier#000009863	kuoyUX809PXDD3D9LjAikJ5B3h	16-569-653-3211	728860.8643
9298	Supplier#000009298	f89AhVWf0MAtXoTXfWIuihlyJ9FH,Ubl	13-504-962-1709	728830.1677999999
7063	Supplier#000007063	,3M1JeIaWh1pCT8f	22-236-733-5397	728785.1330999999
7243	Supplier#000007243	AbkpyP G2Bsuf1als07c3x	11-559-591-5678	728755.4637999998
7456	Supplier#000007456	ITYEeccPVJi0HvnAwVs2Z	31-194-977-8267	728753.5159000001
8058	Supplier#000008058	Uc791Nb820fPbOJSG1	33-579-328-2172	728741.0626000001
2483	Supplier#000002483	G w,HeMY2qo25	30-945-204-5443	728725.3679999999
6523	Supplier#000006523	QYA7LJ8f3qcqUW70f8x2 7nU9Xf1BRh20iV	21-675-692-5699	728697.896
5128	Supplier#000005128	QI02G,a0atCr1OI8RRXMLeYB 4	26-151-411-5551	728669.2590000001
9818	Supplier#000009818	6jPfNtL1KnMUnRZdI0,TfvsiGmJbSTM4SCzEA3L	10-612-146-1499	728657.2921999999
2077	Supplier#000002077	Mdq61PYieVRmBm0lXRNJwbsVIqrfZ	31-181-415-2972	728531.7254
4801	Supplier#000004801	ijjpYDmHr,exEs1dzgra1YanXR6rYDEvxpqR	15-613-402-2047	728437.7266
2024	Supplier#000002024	8PEKfAVOdGCspXSXMAZln	10-461-607-4760	728421.3598
8097	Supplier#000008097	xMe97bpE69NzdwLoX	32-375-640-3593	728299.2218
644	Supplier#000000644	70mM6 QN882bcuY	20-367-561-9783	728287.6613000002
8650	Supplier#000008650	HbYa1Cb49 DQ3E8wBO	19-467-523-3923	728181.5018999999
3747	Supplier#000003747	3nI7yfkXomumy7LI,Udb9m6ULcOt	15-810-590-2125	728115.6630000001
1714	Supplier#000001714	r0Gtk9pV8Xh,tu8tnflUHKlRTaYt865	19-720-775-3951	728104.9375000001
7510	Supplier#000007510	ixO6595C3ZwVRbBzPW1Pu	11-714-273-4551	728090.6764000001
7552	Supplier#000007552	yV1BjDrL0DSLzJuhSNMkpQ	22-747-741-3776	727993.8251999998
7089	Supplier#000007089	8hF9PhLPVk,CIOzgksixLR8a	22-324-270-4650	727932.1579
1699	Supplier#000001699	Q9C4rfJ26oijVPqqcqVXeRI	13-533-890-5782	727882.3509
2711	Supplier#000002711	Gs8YnLauQRaIm5kI,DdaNgI8	20-404-994-1317	727843.4650000001
5595	Supplier#000005595	ugLPijmMHr7dlj	19-300-161-7260	727727.6773000001
8214	Supplier#000008214	ooZVeXxMjxCk6PfCCaDVt AX9v94J52Mi34W56Q	12-745-685-8032	727662.7389
8642	Supplier#000008642	qnN9N9du9Dg2arf6kjD xW0DjMT9cM	31-264-558-7831	727604.1753999998
4741	Supplier#000004741	DgYOWOKos9R6HBY0aU8WKTJp	34-842-816-1139	727572.8656999997
5090	Supplier#000005090	DgELVDIczXjsxv,z0e7Kp	34-735-223-4302	727519.8278999999
3394	Supplier#000003394	R6D7n3WrQjWNGSQTb7eN ,X0oCMkhyuTHBOSPw	31-217-174-4535	727452.6979
6899	Supplier#000006899	Pbpjj0EGV9LcoqhoJT8BhDnDComelq3DiGWF	24-479-609-1113	727444.339
5254	Supplier#000005254	WLC8gtLs28SsRdWIAkmN	14-602-778-7716	727411.3838000001
6596	Supplier#000006596	k8qeFxfXKIGYdQ82RXAfCwddSrc	30-804-947-3851	727377.7498999999
6609	Supplier#000006609	80qGzNVlUr6jXFKaGU0RCVO	34-595-991-6078	727303.8294
3355	Supplier#000003355	rf2kzjYsoyQb s3Mbqy2MN5aqf	17-678-538-7925	727249.5608999998
1956	Supplier#000001956	mE38JsDrQ5KpmGiFDZ7RmpBhEvJ6Vc5B	14-839-216-5090	727215.0293
4282	Supplier#000004282	4n7vK UT5kS2jxmr ig2NKoX3hTE6C,1Pv4kd	11-776-775-8792	727209.2772000001
3557	Supplier#000003557	DsMJylgjWDub YHW8Y	26-156-686-5493	727192.8345
8345	Supplier#000008345	ktT,Jkcp3axEJc1homJQi	22-742-294-5567	727172.6878
2058	Supplier#000002058	ogFEO0NKn1eqK43f	11-980-686-5901	727168.7782999999
5082	Supplier#000005082	bWSoVdVj6qSqm	34-689-129-9336	727079.3600999999
58	Supplier#000000058	01dEADIZoCULZXg	26-659-969-5586	727064.4014999998
9779	Supplier#000009779	qsk  hPHPYBkfAqpVCqE	21-699-730-1839	727055.703
7153	Supplier#000007153	9BcR3N6LAdL91XPg2AiYdNMWpyyOexjcJ0SR	11-180-518-2987	727052.042
8131	Supplier#000008131	BDWHW37vwkj8L	13-447-288-7295	727039.8251999998
4544	Supplier#000004544	XRxa4w8u1Eos9g1B	29-909-923-9476	726860.7076000001
1432	Supplier#000001432	gIECERmEUGoiGrKmSz	31-671-456-4156	726809.4792000001
2671	Supplier#000002671	QNc4DU7QWBkmFW	29-422-456-6151	726808.3851
6133	Supplier#000006133	laVL18hHUi3	28-687-301-8431	726760.5168
4023	Supplier#000004023	tVt87IttC0pixFV,kybPakPz1Hal, qMDfOo5	31-163-966-8630	726658.6040999999
4141	Supplier#000004141	aTWXZY7ogPN8	19-982-421-3473	726606.8048
5277	Supplier#000005277	7OMBbu4xvPHasA0qzR7DSfb7Bq,LqBngqSZI5Zf	30-143-213-1573	726507.2340000002
8812	Supplier#000008812	cZ7bt RoqkxevPt0RrP2cUYWn	25-628-821-7609	726482.9772
7298	Supplier#000007298	3lJ7mWLnn6q	21-603-756-9582	726437.2575
7038	Supplier#000007038	Z5UML Yd8ZOMvawM6dv rQFFZr,Lm	16-978-492-1589	726354.4400999999
5615	Supplier#000005615	X5z71gbDgAUvxBMdkYBWCl2	34-477-727-5576	726262.979
3541	Supplier#000003541	DbwyOxoaMEdhEtIB3y045QrKCi2fQpGRu,	14-508-763-1850	726259.3399999999
1091	Supplier#000001091	qz7KNEAyDOkl8jrU	23-359-544-6544	726253.5712
204	Supplier#000000204	7bts1RIiMsy35F6V7 lC	25-718-760-9193	726145.1318000001
5064	Supplier#000005064	hcWgbbogD9a1V FaY402Bakl	31-819-896-8815	726073.8391
145	Supplier#000000145	pSsVRBOlNKVuvXcjAEKxxy0hD8kA aZf	16-136-582-9756	725982.8503
3497	Supplier#000003497	k,,DNvZ8XHvkepAky ,22QHj4MAoxhd	17-762-516-4410	725957.0792999999
2153	Supplier#000002153	fvGJKuSkubeTJU8wOG5M	15-747-316-6887	725836.7475999998
5826	Supplier#000005826	UBUkU3Qj vj ejTvBrm1nmlFEc4ycHH2U5fvcK6	22-323-117-7368	725755.3759999999
399	Supplier#000000399	UCzZPQfZXnRhGZcXfnnvkfnqLVEOc	30-814-148-6803	725754.9664999999
8493	Supplier#000008493	cFyFEw7POykAqWkQeW1,1WLEiiz	25-618-559-5016	725633.1774
1533	Supplier#000001533	kPJJrNAF8d85BDu8L8	11-951-380-7283	725621.582
5586	Supplier#000005586	WWw,2v2kyQs5oX5F1ToNotTwyQ9CaEte5LxDz	27-329-481-4646	725577.6928000001
8399	Supplier#000008399	0kw6rk0zf9zgzMhwTcyGeJ6AyTug8Z,Xp	22-815-494-2565	725476.9114999999
7103	Supplier#000007103	YgK9wyZ9rtOb3p6B4bjsC	26-962-165-8472	725430.4733999998
5151	Supplier#000005151	zMRPoZdcswKgAc	21-713-704-3070	725280.8265000001
4569	Supplier#000004569	2vqHMjpdviyiM	28-574-392-7943	725206.5367
3840	Supplier#000003840	QRgbi,RFSbtKb	19-998-455-1093	725169.9417999999
7149	Supplier#000007149	70ZpLZacEOs6kW5WG rrX79,AU 0QDd5nFT	26-921-629-2721	725165.4863999999
9921	Supplier#000009921	ZPxCI5ws CDbETjTqF603AQIlNsgh	12-986-966-3363	725065.198
5609	Supplier#000005609	t3UCx3ORSNVYmnFFqogsh2,WhSvFBv4y	33-841-813-1466	725060.9162999999
6991	Supplier#000006991	R02DHSUDD4KwLdc6EwZLR77JKdh	23-388-666-9112	725056.6172
1630	Supplier#000001630	yA6yXkUCKvJI	20-657-455-2820	725043.8814000001
4012	Supplier#000004012	DPIV2MOin9ulkc4AZfLZ0 VOLzp1ohojo	14-366-631-2930	725019.3958
6922	Supplier#000006922	293uG72TawGSJ	10-773-914-3045	724992.5056
6799	Supplier#000006799	4ev9pKH Aa4Yt8h	28-676-634-9579	724969.979
3337	Supplier#000003337	Bulh5GkjvbvXnb98Y8Y9IdDVmQczmZWJY	25-127-857-9918	724915.0329999999
7675	Supplier#000007675	LMt0fLfNb3c62Tb5bzJCYoKmMQp,Rai	13-572-777-5847	724892.7284
2815	Supplier#000002815	Tu BAZdCROTW4QaKZ3zTnpfF,1zaMIeRL8a	17-733-125-7787	724889.7266
1619	Supplier#000001619	woJZMLuz6fECsf2,YE BWOh	33-900-729-2366	724873.8504
9956	Supplier#000009956	UjhY8PHXciKIqo6srufRLZP,p,t7N8	12-596-165-8425	724799.8359000001
1322	Supplier#000001322	vlYKC9ekkzEycaHik	15-363-480-8363	724667.3139000001
4538	Supplier#000004538	zVurdAlvjH9,qaN7TVPe5ex	22-505-386-6954	724578.6865000002
6892	Supplier#000006892	9DEMqP3EF CkC4VC1lNhY9oKSfxtLV6s0	30-564-583-9703	724568.3975999999
2197	Supplier#000002197	BwaIAeAPySUFnuppcYpR A0lqn05d3,nttvEu4	26-519-209-7510	724503.1217
2322	Supplier#000002322	ijvybmLZ9eaW7,u4TXUiW5AxLeEQj2GpnHC2Rj	30-373-325-3862	724476.4782000001
537	Supplier#000000537	KsYYPIw2kWP	23-671-207-6720	724470.2105
9548	Supplier#000009548	64AnHprl6	24-231-544-4360	724446.1368
7284	Supplier#000007284	,BL3APKaiZbYh4lDWl7nwMrg9cqyIVuVaC	15-548-268-9777	724397.2940000001
7101	Supplier#000007101	sDtYLeNALsXJzis02TAdBBjtlAFT63DtOa	12-489-953-8113	724391.3248
3399	Supplier#000003399	OHQGA9o9znoV OfzgvyjThOZQ	26-969-246-9988	724384.7820000001
1640	Supplier#000001640	38CdHXvKtF5mE D,a AKJ	23-867-826-6801	724305.8768
6200	Supplier#000006200	6wsIBNjKnDHWL8No3aFr59WQr N9	10-536-289-9622	724095.1218
9611	Supplier#000009611	QkgF16C9A,OnUZPvWncMeD	21-494-489-3646	724070.1509
6663	Supplier#000006663	aWsfP,BNP5KKnmFfOSQowkHg	14-735-113-3127	724056.9186999999
7616	Supplier#000007616	R IovIqzDi3,QHnaqZk1xS4hGAgelhP4yj	13-830-310-3200	723987.1610999999
2650	Supplier#000002650	51iJSMOmYqTXNLB	28-193-450-1096	723973.9406999999
1895	Supplier#000001895	lywAGDbk37fYPDS	31-952-984-5164	723887.9763000001
4660	Supplier#000004660	1OwbGBtNhsTsTq3RU u80ygIlfnfgw1ztN8mFkI	23-961-983-5451	723778.5591999998
7266	Supplier#000007266	tgSicj2ZHIKya	28-956-783-2750	723701.9054999999
3839	Supplier#000003839	PxJGn,bL7sv0o,SaU Uzt	15-949-119-2553	723676.3180999999
5531	Supplier#000005531	n4kVkDr3HtHr8UrsNrlT	33-483-665-6523	723578.3986999999
2864	Supplier#000002864	iaWbXRM6tv9p	27-562-141-7557	723574.4409000002
5817	Supplier#000005817	ugdq690ufc0e	11-416-479-2168	723551.9697
2504	Supplier#000002504	tfZRDUl9jXa j	29-420-164-3183	723408.4918999999
6313	Supplier#000006313	KSl8lI,tC19,,	22-278-780-1705	723349.5627
3615	Supplier#000003615	tMQyLZmdndVb9Q9VUh,yQNXRnYE6nv	26-633-200-8239	723280.8013
1179	Supplier#000001179	l9JHnPjgaxrY11cPiCE	28-156-806-5348	723273.9868999999
1407	Supplier#000001407	WK03co4CUF2cG2,hv rnQ	10-436-924-3833	723200.4147000001
5694	Supplier#000005694	OMnPfXxig2BhaN3kjeDEjWL32wWxAFA fMAsSbL	32-631-102-8816	723196.6434
9990	Supplier#000009990	eo1f7McWNU9blo	17-606-745-1212	723122.3587
6928	Supplier#000006928	QTHoa0QWOsPaq a5L	23-928-964-1675	723066.7204
9454	Supplier#000009454	l4BlqfmS,s2NHv7jS4ElH7kXlfqG7iJSNouN83n	14-944-860-3507	722942.0814000001
8298	Supplier#000008298	0XcmXxswvFHJt1TahdB88	20-329-384-1312	722883.0145999999
5756	Supplier#000005756	1isJPcFX4g	17-153-781-8644	722832.9846000001
2715	Supplier#000002715	Z5oAPo57q31ygVY2IibeIZGsSA6txe3UDxOXAq	28-782-769-2846	722696.077
1923	Supplier#000001923	cBl0vlisChmBdQc8Kc6FYLFV	16-241-142-7145	722677.1357999999
4326	Supplier#000004326	k8FF24WDtgCNFAnScf8Ap8UfmA79 Cr	32-276-548-3899	722653.5121999998
6576	Supplier#000006576	LIUs4NqpT1	16-159-763-6098	722522.5135999998
962	Supplier#000000962	0udWpU30ecw3XMLiEVhaM7I,BhufyzF4i	28-105-675-7555	722429.7575000002
2452	Supplier#000002452	aSYD1SvrdIGV8LxRL QDp5m9dV	30-505-249-4504	722428.7251
1701	Supplier#000001701	9vBGAcWT7tM4ZQ2pyj0	25-366-807-7745	722331.1309
979	Supplier#000000979	cdvHjrKZR7iDlmSWU2a	20-151-688-1408	722303.0588000001
9404	Supplier#000009404	etrfp1TkOyJi1KkZhnX7NYI5YdcUED	14-248-635-5968	722289.7838
9093	Supplier#000009093	zRcf1ht4TZLlvqRBs8sBr7aJAfawyX3yvG8mg Al	11-274-769-7251	722278.2684000001
1030	Supplier#000001030	t8woLlk9uN3WTwa7zo	16-100-461-1195	722268.2545
3578	Supplier#000003578	ULPrImvgYA,kmQUs	31-172-107-7363	722267.4358
5755	Supplier#000005755	pHKjNRUKhvNgZVI5iBPpKg	30-177-265-4256	722261.6924
4035	Supplier#000004035	,8jhWpbqUWx6z9xQ43xiHpAJ  RUv5WKAhY4	18-979-554-8348	722211.4289
8655	Supplier#000008655	h78,rbPDGunL	24-881-877-8158	722175.0629
1781	Supplier#000001781	Cs93kCGRA6HlNVZjgrU,5Fi 1F3 vx	24-437-662-2009	722132.2656
8202	Supplier#000008202	iNrnLVPL1q9qiY4nTcIVSh	23-831-880-9272	722127.9886999999
1066	Supplier#000001066	KWmIJTcux94j32QEA0LIg	22-175-705-3125	722091.1118999999
4548	Supplier#000004548	cw9sLpfz3LydurPH0Mqqq	21-735-154-5879	722067.8586000002
536	Supplier#000000536	dzf PbgzKpWBDim5S1BSPLBNzxFpxZNUE	27-749-678-1361	722048.8295999998
1156	Supplier#000001156	5UTqs47kipJo7voG3Ecj,M,Ms9fu d2to0AzYH	25-305-106-6287	722033.1971000001
6575	Supplier#000006575	XUOOYMOM3MeFgdnzGWhrIAAf2racobwc3yY	17-398-776-1487	722019.8968
342	Supplier#000000342	YgcA0MYOSB1ou	12-829-736-2942	722002.5782
8079	Supplier#000008079	5AeAxE5FnSi0KIA31NidOiKc,sdMnFI7,W774X	29-844-542-3727	721949.5004
3986	Supplier#000003986	V6GVF6ZxemZ3TV18cmocGr6GdYhb	10-973-297-4698	721924.1669999999
7291	Supplier#000007291	kvUtgGrc rtJQXYuYU0PITXPpPvbxwOcciEvRO1D	27-787-234-9070	721755.2905999998
5821	Supplier#000005821	UOvHgHsNlljfaOcztQ5f	22-718-102-2301	721739.0424
4308	Supplier#000004308	fI3i2eXnbkDB5XRO,xzt7wQPta82euOPF	33-520-342-6702	721686.1571
6314	Supplier#000006314	JX6JZ7eMyZ,9JGsEOXA	10-783-712-7597	721678.9800000001
1540	Supplier#000001540	7KP04dsYoPPZRJ6UgAD	21-846-405-6709	721660.6549
7056	Supplier#000007056	M5cAJQvW9D5zwC7o2qkoe	21-175-383-4727	721606.0334000001
9164	Supplier#000009164	rYR92AZU,F	30-533-868-3983	721592.7638000001
1726	Supplier#000001726	TeRY7TtTH24sEword7yAaSkjx8	13-630-597-4070	721576.7856000001
3568	Supplier#000003568	xFM8ppLiFfMeuzGCTPnL	20-783-888-6094	721555.283
6099	Supplier#000006099	aZilwQKYDTVPoK	13-801-926-2087	721550.8948
5620	Supplier#000005620	NJf5 Uf3BtaW0vO8yHGlM8NW5s1oGm,7uMo	19-237-806-1995	721519.8099
6022	Supplier#000006022	LUbOrHuCVuEIDlOI	28-483-926-6834	721510.0552
9840	Supplier#000009840	cneP2OiECwqb4dbfEb4kI4RdmIKbOds	15-987-639-3405	721354.6556
4483	Supplier#000004483	6b9Z4 rZqrBXP09mJigTx38AZdcjB7eRCUq8	27-981-217-8454	721340.3911
9152	Supplier#000009152	ytxUUd,h2MfgH1ekEncuRYwl26Jc4w9DrD	13-586-160-9562	721324.2475999999
4598	Supplier#000004598	2dMouY,hxVXwMYUUsZldxhh36WRaI	33-502-656-6262	721318.7784
2907	Supplier#000002907	GlC3UFYEf FCY	19-259-848-4746	721260.9497000001
8753	Supplier#000008753	6GOqHvcUSO18Yc	13-438-421-9299	721230.376
4147	Supplier#000004147	,D fUyF6vDvmaf05 kCdHQc9h	12-811-183-7674	721217.9666
8197	Supplier#000008197	u1PZvjDFfDzxU3F1ZlSA03gFDP11s	18-550-473-1416	721198.0625000001
4304	Supplier#000004304	hQCAz59k,HLlp2CKUrcBIL	13-419-753-1541	721166.0583
6572	Supplier#000006572	GNLh0uS8 T2ouk	19-330-728-5559	721146.1239999998
6776	Supplier#000006776	ni714Zq w0eayXDfODJLP8BsCltjz6EXR	17-220-322-3622	721116.3859999999
5123	Supplier#000005123	jQvG,DczPSj8679Z4GqBj1ABBvL	14-664-609-3829	721102.4949999999
7916	Supplier#000007916	h0yS1ULM2u53tqGxDg2L4eYtxw	21-673-623-7279	721055.4194
9343	Supplier#000009343	2dYKVtYDM7ln	21-713-185-5048	721052.2112
6608	Supplier#000006608	ejKj,80wFoTwYU0Hg29QfUELnB,O9F2	11-892-425-6686	721042.6660999999
5168	Supplier#000005168	qb0SFvINfiJ63eMJWohwEDCFRy	19-374-543-3498	721011.8029000001
47	Supplier#000000047	3XM1x,Pcxqw,HK4XNlgbnZMbLhBHLA	24-810-354-4471	720975.4146999998
46	Supplier#000000046	e0URUXfDOYMdKe16Z5h5StMRbzGmTs,D2cjap	34-748-308-3215	720974.1758999999
2526	Supplier#000002526	8JWRGgabYBoXKYaQlmUt28W	32-171-767-7340	720930.3453
1367	Supplier#000001367	42YSkFcAXMMcucsqeEefOE4HeCC	13-725-732-3458	720874.4496000002
3466	Supplier#000003466	uiveU6ODVbwZYKjJFBXpZ7reVEr7Qx	20-682-993-7524	720863.738
5374	Supplier#000005374	4tdBx47anUQt4wLdBNPQL7cjVh,	32-230-167-4170	720855.3304
331	Supplier#000000331	VkdMTxXHy22069CWmK658	32-337-220-5366	720848.4189999998
757	Supplier#000000757	PE9,2xp10mYiiKvHbHIVG1KIPLDtomT	18-152-957-5174	720836.6533
8657	Supplier#000008657	FopH1MYnZM6Ns7OWC nEy8KiI3KBnjZt9YrySp1n	22-324-245-3548	720743.0234000002
596	Supplier#000000596	caTnKVKTsCHNEVi1xVPD	14-761-106-2656	720661.5784000001
909	Supplier#000000909	BXuLybzUeFLI0GJqMG8xewTuKFqk8n	21-989-597-5142	720652.7235
5636	Supplier#000005636	8x2GMcr6ytjya5BqROhmggj7vimfhR1Yz	26-700-491-9544	720594.7857
2083	Supplier#000002083	ZvyX5ooQ7t5,ijPLuLuSuVodJNSx9ZGC	17-365-265-7297	720513.7294999999
6066	Supplier#000006066	LZCyQOpfMn	33-968-534-4343	720411.5256000002
528	Supplier#000000528	QsnGjo7irxCIbN3	12-961-772-2408	720405.3400999998
4053	Supplier#000004053	2JMJv1dJ2Q9GrOt2,qDIfYr6i,fHnoNk	11-430-753-8401	720289.1589
1660	Supplier#000001660	7BQeyUSCsBkA5GBfO8	11-776-129-4391	720246.8052
2078	Supplier#000002078	mW3gJHBiSW	19-659-206-4469	720197.6957
72	Supplier#000000072	mKpAJojtawk2alqV4 ZEbJ3PH3wfYqy AM8rGq1	28-113-898-6643	720175.4036000001
1927	Supplier#000001927	vuBVbKLbea	17-479-239-9670	720116.5009000001
4378	Supplier#000004378	N7opoeaydL92E5NYHLqCshFG 2o8F	14-709-861-1774	720094.3319000001
9972	Supplier#000009972	Gf,aDlPGBtXHSXpdKR70TWzSela,Yw9hLl	13-842-720-1629	720093.965
7111	Supplier#000007111	C35CxrTQwtIONArKz	22-545-891-8947	720013.0604
7578	Supplier#000007578	JILaAHgOZHwDw7wOBD	29-432-333-1258	720000.7508
6431	Supplier#000006431	cbUFbYgCcICskrbCmxmOxZQgvY8Oe0m	34-882-129-8462	719860.3505
7008	Supplier#000007008	BXISIGR033SlhlceM,XAOqjeQGIvd,iNg	21-914-999-5215	719787.6338000002
9737	Supplier#000009737	otDIDzmSrCXe1A6MTSBzkepuQjdWM0	11-322-896-9181	719760.7172
4758	Supplier#000004758	KiHe9i4FhMuM7ZjFvcG	18-615-389-3776	719657.0431
1246	Supplier#000001246	RZdhF4CPJneS0VsFpBTAcltHuwpEaxQpEYj	25-726-260-4668	719654.5576999999
3326	Supplier#000003326	X5Q46rlBiujw2hBODJD4,GnKzr	15-661-672-5861	719630.1356000002
7467	Supplier#000007467	D3VjgzrcOrMRi5x8WDqQ	20-820-641-5313	719590.9204000001
3432	Supplier#000003432	z,Xuzy2hzllkHfwFld,TVRK7vUQVDGZxtP6uG	28-952-605-6098	719560.693
8592	Supplier#000008592	UGki0J,dRb3umlbvRD,jkET0	12-347-684-6545	719405.0948999999
5587	Supplier#000005587	Fb3AyX2CBKDQMn43xSw0Ao5	20-362-816-1839	719387.3972000001
5059	Supplier#000005059	yFLcezwK,TZTblG5PqA8nrw qfD	11-693-374-7519	719358.3989
3081	Supplier#000003081	vKnj7hZN,Ky1YyqUVr7h	16-656-337-9927	719322.7474
8972	Supplier#000008972	w2vF6 D5YZO3visPXsqVfLADTK	13-579-975-1539	719310.1763000002
1709	Supplier#000001709	IkbS20TCZCrjwpJ3L9NG3SAu,MOqDVzVdocrj8JG	25-400-333-6639	719300.6092999999
5073	Supplier#000005073	YyQ5nXEFLYZ	18-749-295-6685	719166.4029999999
3093	Supplier#000003093	76Xzqa8AVjFv,GXw4gK4WQbAkT,W8MEH2	12-877-231-5288	719106.1042000001
1273	Supplier#000001273	tyy7K3b5, 76lCMtSPkfPXc7BA6Qp	20-911-524-7070	718892.5628000002
9613	Supplier#000009613	f8IKA,xaPip7vU0NPbqTBzfn	34-265-538-6774	718883.3873999999
2980	Supplier#000002980	B9k9yVsyaXvWktOSHezqHiAEp9id0SKzkw	13-121-795-3494	718878.5282999999
8256	Supplier#000008256	Pq,9XP5qIzmtEuEdeopKSlUCM21r3	22-611-120-5704	718800.9807999999
9165	Supplier#000009165	Fyt8EohQ5IReADmKJp9WHJ,3yqCXk7iAcVdVKe	34-681-588-3121	718785.3898
4588	Supplier#000004588	Al7amqeLcVEZkcGjmdpNGWp0VC93q0j	13-176-439-9985	718765.8780999997
8389	Supplier#000008389	,N1gJ,pO7OGhFc6DX	27-474-840-9525	718720.3044999999
5263	Supplier#000005263	i5GQcIdP4z6EUG5JGiJbNhlHEIOK7UkwNrxvA2H8	16-252-824-5951	718701.1985
8881	Supplier#000008881	fzNDxzR,NuetcuyF7apCP	16-933-140-9979	718665.7302999999
4139	Supplier#000004139	RPGuceC07eTzSMinFHQA35A	24-842-966-9888	718628.0574999999
9406	Supplier#000009406	XvU79GhJcUgAycXY4 d1nJeYgwUJA,	10-201-804-6866	718453.5163999998
7989	Supplier#000007989	3z5sDcQOPC	17-614-344-2946	718437.7515000001
4371	Supplier#000004371	krCpx7vN0eJ06aMie Lh7VwTDz	13-840-203-5593	718436.8087
1617	Supplier#000001617	jnnhvsWAe9I5qanmlc	16-550-365-8843	718353.7946999999
8639	Supplier#000008639	S8EwLL3ljcU48,CbwUxNM9I3 zEu69qNHq4jcAC	27-736-446-4369	718312.3149000001
5495	Supplier#000005495	czBFvGuvMHM6K1UgsnUR5rWVi	25-662-731-5087	718258.1634000001
4244	Supplier#000004244	FQkWBaQltAEuUfXjpt,NBJr	29-378-859-2844	718250.5531
3691	Supplier#000003691	fL3BRzsIz4oMxOY8hIEBTnGJigm90w72Mm616vB4	29-228-528-6522	718224.3314999999
4421	Supplier#000004421	nGRojc6MZzQ,efToCrGDNv0xA9dp9,sM7VWo	17-356-246-3346	718197.8666999999
5560	Supplier#000005560	z0Jh6VLf9nyWNaYCkI4ub8Z	16-263-437-5752	718163.7141000001
6213	Supplier#000006213	4gFjG,vvXST88	24-882-870-3330	718035.8013
5918	Supplier#000005918	Qq 0NBS0sOp27D1iO2gcweAf9b51UqhXMaO3V81	14-778-241-3496	718035.7175999999
3682	Supplier#000003682	TjvwdfHoZe N66xzc7xa	19-219-861-5752	718026.4698
3260	Supplier#000003260	31DM3ZWB3t6fdBu9HQt30LmZgeHj8Cxt0G	25-119-892-8214	718005.0248
7656	Supplier#000007656	EM vHZtCNnjNIqIaNLI2ny1B,c5B	30-407-816-8421	717937.3696
2672	Supplier#000002672	ltw3PjtQ05 KumuVhrzxUnVgueMkhG1E8Ai8A70	17-545-775-1990	717883.9776
9105	Supplier#000009105	hnymiJjaqsJ8Y8q4nUJAgykpZahHvG2KcyfO	22-718-791-4307	717791.6563
7637	Supplier#000007637	,T0w7vPN9DG4N0 vWAt90qBj	20-696-827-6247	717776.4076
924	Supplier#000000924	13INVXLNjpU9eTsoc4dLeid	24-768-719-6154	717683.517
3161	Supplier#000003161	cQScZDuLpBSAU9RlV4OxyvJeHbMpjfwoX	13-199-349-7949	717656.3498000001
9740	Supplier#000009740	lDJbANGv2GuHxesULzNFf	14-292-957-5331	717620.5382000001
7429	Supplier#000007429	PzGXj1f6j vjea	18-930-524-7128	717567.1367999997
580	Supplier#000000580	MuRScZH74veaM2	16-732-277-6239	717525.8958
9749	Supplier#000009749	Jv1ykSfKRNgmGM4gauJhQgkN2qdbCG1YHLXZabI	33-366-998-2159	717508.7535000001
569	Supplier#000000569	jjFjVCjK91yy2B dj	25-803-734-8127	717464.9906999998
3746	Supplier#000003746	O43Nikgv5lasOik8Ez2mOt3uU	16-626-258-5750	717383.5359999998
380	Supplier#000000380	LiXmikqsO6R40FKovSUZpl	30-245-487-4913	717295.0207999998
6244	Supplier#000006244	kdG6IroPXOK1UvDsIQTe0HGwLfkKLmfnCppY	17-355-549-8593	717161.4249
8235	Supplier#000008235	TjVWq6bTdGJB	31-700-234-5513	717142.5407
6033	Supplier#000006033	ncdx8UR f8m09oNuQT x nu9uwEX5a	23-886-649-9731	717129.4363999998
9951	Supplier#000009951	jnr 3C21ejBLgO5Mj7RoflkUFzC	27-804-979-6498	717093.6178
346	Supplier#000000346	9vl7c3azrqt9wITrcglQhIGfwea	18-148-870-6674	717055.2747000001
9769	Supplier#000009769	Y0wv,9iqgEy7	15-701-408-9313	717026.3431999999
8209	Supplier#000008209	VMqlFV9CGuHmnSe1o5mI35zt2ilZB	14-297-573-4300	716956.4312
1814	Supplier#000001814	eHqfI3FhFG7gT2G,Kb21V4yr NyQhVKH04yfIyj	34-369-553-1930	716919.3822999999
225	Supplier#000000225	6Ez0sxpUfmtjqFDO	19-787-123-9863	716908.6492000001
9482	Supplier#000009482	GbYzTER1oFDsOecbywD3SVG	24-577-195-4892	716724.2411000001
906	Supplier#000000906	KwvAh8P9RcDPjbx9Qv2xZeWPmkCmK hY	12-926-664-9785	716665.2535999999
1571	Supplier#000001571	08Pd2gUuOUK8aRZiHWv0IDCP1 ZIkxIt5	33-273-607-3674	716560.7955000001
7309	Supplier#000007309	BmjrvlihSVhZzs8pLNF4xW,R1Dn eiuGR	21-272-548-7085	716544.912
5744	Supplier#000005744	ryzWvnrxMg8km1YMVZaIfOUgv, XVfM	22-916-625-1543	716335.3021000001
9835	Supplier#000009835	MbMZ9KZ4B2GFPAtkTJESMS3mLs1CiMU1F5emUk	30-205-790-9745	716262.5502
3686	Supplier#000003686	9fwXT1RCQohLoNEOiF2	24-873-490-2508	716145.9127
2191	Supplier#000002191	9Qx wIa7LoVuaF2wjTBebj7c40OUg9IkZUQJ	24-554-959-1165	716109.6587
695	Supplier#000000695	xhSCyzMl iQ	31-274-635-2607	715965.7501
8589	Supplier#000008589	ZFWWsRSfOZt3id4	10-936-646-8917	715904.0880000002
4624	Supplier#000004624	VPAS7UP JnPeV88676P	27-494-991-9032	715887.4419999998
6341	Supplier#000006341	XtXSvFQoDs2wMiN7hi5wv080ce	28-497-381-1214	715885.9567000001
9898	Supplier#000009898	H2TAKaf9w3,eEpJ,qrrgOP9ZiIw66	30-206-261-9917	715851.5334000001
6061	Supplier#000006061	xuzhMVdyWT	28-497-195-5649	715755.4389
7275	Supplier#000007275	eYXi,OyJ5abdL1Breiqm9,7Dg	16-260-363-4691	715612.6576
7635	Supplier#000007635	GgAHVl1YHhPiBcPvYlsos3	27-117-312-4916	715608.3992999998
1664	Supplier#000001664	M5qDkAFsr,ppM41RKZ7cc	17-466-353-4789	715590.1896
3882	Supplier#000003882	4fAALx0klt0jiU7BJSOk  GK1WBarg3GKZdeVf	34-138-314-4773	715519.6050999999
8821	Supplier#000008821	zGWrzKUClXQqDxi0S	14-405-781-2565	715510.0291000002
1543	Supplier#000001543	sLFbJx l9VO6B,EXd2LWzWnm3VCkBD2YTM	14-270-284-3752	715500.3835999998
2241	Supplier#000002241	iGV,9clV9LwufQVVqiOO1plFx	13-275-397-2653	715409.5410000001
5096	Supplier#000005096	L2TkpCTm9UqTEo8L1qu22B,4,2	21-371-681-3600	715403.986
1021	Supplier#000001021	WCXJ5r,lNGHu,HMckhiuRi91gu0	12-140-187-7393	715399.3319999999
1287	Supplier#000001287	8OpFL7nZsfGbAX1V9q8c	10-112-209-7433	715334.1087
2271	Supplier#000002271	Vbz1ex28,Trm	34-749-713-1000	715280.0406999998
8977	Supplier#000008977	c7R3uHqoS3tt6I4JIsWvf9EMP8GSGoWIqE	26-981-837-3494	715275.1505
3993	Supplier#000003993	UAcFXUkNgI0r9gjUYdqQ1JS9T	14-720-330-9788	715214.2722
2913	Supplier#000002913	822WFlkUiPOZ	24-929-759-3671	715202.1267000001
3754	Supplier#000003754	Gg29BanCLe5uLL0kMD84	32-598-107-4530	715174.7726
7123	Supplier#000007123	ThPWnDOZtty6BoHvyXYJFk1AdRRj	18-917-122-9478	715097.5802999999
1613	Supplier#000001613	u5Z9UgWdfELP,hrWtPfj9lsrvGGNHvE	18-197-961-1832	715094.3813999998
6846	Supplier#000006846	BdKq0qLm I2m1kByN,HjzwGzdzsHRkxfU	19-150-912-4818	714928.075
4046	Supplier#000004046	mGdjv1oJHJ8b 6zjzy5h2KvP5SZQUsxld	28-216-432-2720	714878.691
3372	Supplier#000003372	4scC6qApOus7G3cwvHKoZW2dl,	30-813-135-4799	714859.7595000002
6840	Supplier#000006840	QfA24,Dr32kUAfj4kFDzgHU,a1Mh7jyxta	14-369-156-6102	714731.5116999999
3350	Supplier#000003350	DFagiedXwjhXMyKCN8EmD7v3d I7xe8waL	21-151-970-6140	714718.2790999999
9571	Supplier#000009571	TeIMA2rqtweBI5cKTb9LPqtgXJ2Ft6H4	27-918-538-6528	714715.782
1334	Supplier#000001334	u3lmHGf,NrD	25-818-546-8787	714694.4456
4214	Supplier#000004214	jgfdFT00xVAzzaLMAh,z6F	11-934-860-6515	714689.2001
4279	Supplier#000004279	xAqRK,rM,VQKEf1z6dsQGWMP1FpG bKQ	32-666-320-9388	714661.5905
476	Supplier#000000476	ZvT qI2gMbh	10-219-531-3554	714568.4855999998
1127	Supplier#000001127	5LRB7nY9PHnTdzPf59icKT	21-390-257-1851	714554.6091999998
1990	Supplier#000001990	DSDJkCgBJzuPg1yuM,CUdLnsRliOxkkHezTCA	13-430-427-6190	714482.9781000001
43	Supplier#000000043	Z5mLuAoTUEeKY5v22VnnA4D87Ao6jF2LvMYnlX8h	22-421-568-4862	714339.3288
8221	Supplier#000008221	yjDAMaDwWgyUfQWT3bys4rz6iipm0SeL6	27-539-310-7067	714325.3609
2693	Supplier#000002693	,zt0AJVhjsw	20-447-921-8308	714309.9095
8332	Supplier#000008332	e6CxifEgyTQi	21-836-667-3398	714260.1727
4787	Supplier#000004787	8jhAajHOx17JMdlwo2Xk	34-207-969-7500	714231.7253
3172	Supplier#000003172	8ngbGS7BQoTDmJyMa5WV9XbaM31u5FAayd2vT3	20-834-374-7746	714221.4079
7368	Supplier#000007368	7idONcheAA8L26ipzDXLnrAY2OSMKV0 Mhp HzJa	24-170-941-8674	714164.0891000001
5619	Supplier#000005619	UM950jE8b97cjbbBids4ZZ	30-479-741-6568	714149.285
1197	Supplier#000001197	8DWD2Hby2bbzEu6p fMqSks	23-558-564-7859	714128.7117
4182	Supplier#000004182	VTP66AgaGFwQ4jHNVVq5jDwBwShO2x13m	28-734-336-5623	714109.4015000002
1255	Supplier#000001255	I3YzBXBkSGYEV4dIEt76GMLWhIP26AWqrfmiBUE	24-621-423-9439	713880.3642000001
1871	Supplier#000001871	,xEXYUvpZ1cK1qEF6cZMQyCs2JaCkEd4IUziT	23-819-813-7745	713828.2362
995	Supplier#000000995	CgVUX8DtNbtug2M,N	28-180-818-2912	713800.4178
7160	Supplier#000007160	TqDGBULB3cTqIT6FKDvm9BS4e4v,zwYiQPb	13-691-385-9926	713767.5752
7124	Supplier#000007124	TX,pTg39EO62N	22-585-333-6019	713645.9432999997
3483	Supplier#000003483	bfMbYXb7KtZKc8,IY6c	11-219-915-8886	713605.416
2485	Supplier#000002485	k5ho3Qa8Jpuigzwu	15-819-144-9617	713416.3241999999
2054	Supplier#000002054	6YAwzeTdf4DBy5TRZa2Se1WhrUPUx,Nz	33-895-796-9194	713416.2134
1242	Supplier#000001242	G61HMzAXlu,1AplHHDbLnRJH,qh53XsSrtdoN	19-424-816-2448	713405.9037999999
1356	Supplier#000001356	cRqdKTBb5I1ibGGCnAvnGKpeC5fOaSDkV	30-964-855-6270	713370.3822
9224	Supplier#000009224	UdYNnhx9F6rZVEB	30-160-981-2569	713355.7885999999
8025	Supplier#000008025	26W8ar5EmIVbc,kOg7pu9Xa2	31-411-226-5921	713332.4426
9774	Supplier#000009774	nsZnXAk9fXQTVoI80xgG17AaZSjlnci	14-246-462-4723	713329.9966
7804	Supplier#000007804	Gbfvxk7,biVOlG9BhJHklUcHHUew	19-702-469-2351	713281.4280999999
7821	Supplier#000007821	cXfD, N6NyIc5lkyw78HFkIG7LF7bClLF	34-579-661-4258	713117.0131999999
1404	Supplier#000001404	FzktwABs1P,AmZCOeevCO0fi	10-719-682-8224	713079.26
1770	Supplier#000001770	StwobhCYQgD0h7bAo	14-805-395-2468	713074.7730999999
6277	Supplier#000006277	3dzdL9GPnRs	14-489-102-4639	713031.7422999999
1914	Supplier#000001914	wFmRY6QNUcQhjjt7JIGSdv	23-225-482-6493	712923.0449
9050	Supplier#000009050	g4HOYh1gUgrOTtF,75L	31-399-753-9871	712897.5738999998
795	Supplier#000000795	1ozaCnTPf4sAV7oY6VE6y7RqC,WLUVXi	18-772-967-6194	712874.8729999999
4241	Supplier#000004241	6pxosiF1EGdO5Oy1v8TmgG7XJtgH	20-106-726-6490	712805.4712
1108	Supplier#000001108	9cIxntXdykwaYWA2	17-726-989-5062	712763.5083999999
6562	Supplier#000006562	dZ2GI2vqp3B67V	29-109-614-5695	712718.0877999999
3717	Supplier#000003717	Rv i0dr JcK9yvpE6E1DP7eh70Mxj	12-578-877-7477	712545.6387
6769	Supplier#000006769	zV2bQ8CsFCELz,WMmV7LjYKIIMv7d9tcAGjtQAP	28-306-438-3579	712525.7771999998
970	Supplier#000000970	FD,NVDvbAAT7rI6BdKI2rTo9UqH8AghW1e8DSJ	12-826-418-6561	712502.8498999999
4957	Supplier#000004957	jowpMl4a6x6 OYnyhaLCG2,p	19-426-439-1855	712483.7675999999
975	Supplier#000000975	,AC e,tBpNwKb5xMUzeohxlRn, hdZJo73gFQF8y	13-892-333-9275	712443.5251000002
2291	Supplier#000002291	cREl5ZgjwUa	11-877-834-5524	712409.6157999999
1898	Supplier#000001898	kZ WbobBFaVqMfT9yeWQxhAAk3opvpQH	19-979-402-5149	712338.0169
6664	Supplier#000006664	djmUye,bf2QR4ly8onJcH	23-298-402-1869	712253.7906
361	Supplier#000000361	f8IUYRmdVXhQC9qJQjWknCXmzhe38vCbk6	13-192-383-9438	711996.2046000002
6091	Supplier#000006091	A3oxMRbjPOWTaqGq	17-370-426-5206	711921.1741
4709	Supplier#000004709	H1jn0h7u5BU83CBFXiEo AOJ43k9Ivi	14-541-103-5050	711886.1404999997
9473	Supplier#000009473	xsiD1RqV3WNgvy0	18-118-279-3166	711876.3284
5940	Supplier#000005940	h2 ,wLZdgkwlo7KSzQ7WxRr27gv7	31-327-330-2818	711812.1824
8707	Supplier#000008707	5D AEM7mQ9KAf4oJ7Yp2G	26-333-620-6634	711811.0276
79	Supplier#000000079	p0u3tztSXUD2J8vFfLNFNKsrRRv7qyUtTBTA	24-402-227-9600	711772.4556000001
1662	Supplier#000001662	ATRQSPG3ww5 AC2PrxUEn7eW0k FS,DXzbONe3dx	12-164-286-1152	711759.7566
1598	Supplier#000001598	tBpG0u4Yf5tBsJwe6Oo5,ayiO19Lb	18-847-850-8215	711711.1797
8239	Supplier#000008239	aKtYP9h8cUx4dfwYPrMT3IH2ZxCCERDPSyGrasMi	15-106-898-3843	711696.1113999999
7304	Supplier#000007304	n 2pSn2qMg85wHuzOwsTRs0G73Ni	13-282-100-5446	711696.0371
5092	Supplier#000005092	iHVSAoQ1m,,HAWMf	32-495-480-1228	711665.9826
4842	Supplier#000004842	haSlvnOC8BYCvcy27P4,2pwg9CD9FdvN58TLq	12-471-474-9916	711651.5086999998
4028	Supplier#000004028	Lz,ZhzL1AQFuML	23-209-805-1449	711636.0316
3533	Supplier#000003533	81fVAnBKYv	21-311-899-8957	711590.3897999999
2300	Supplier#000002300	cKyPkKvkeN	17-680-598-1034	711563.6222999999
239	Supplier#000000239	XO101kgHrJagK2FL1U6QCaTE ncCsMbeuTgK6o8	32-396-654-6826	711533.6988
7194	Supplier#000007194	zhRUQkBSrFYxIAXTfInj vyGRQjeK	29-318-454-2133	711517.0020000001
8434	Supplier#000008434	dM71AAl9v9qP	23-119-336-9281	711391.9125999999
1855	Supplier#000001855	MWk6EAeozXb	13-710-803-7566	711315.2945999999
3031	Supplier#000003031	IxvC,mH98sxToEwvuu5lS6m6h0Nvnpsb0rEL	21-564-970-5808	711312.7498
1644	Supplier#000001644	ChjhHjLPsOyLPxmE	29-474-678-9070	711247.6808999999
2348	Supplier#000002348	SSKnKqFQs5KphgoOLU9p	18-595-554-2536	711177.9572999999
9187	Supplier#000009187	eIOnssJBbLCqHBSzB,piOjydDZ1VHVWQqW	19-245-931-7249	711143.7467
2596	Supplier#000002596	aaRdHdsy9D0ErOwIWDvyBBjRy36Ulz33y4aUma	30-945-983-3277	711083.0672
1944	Supplier#000001944	X MP6hjp7dZHg5hyIfAXqMW0pTiFg4hNZiO0M,AY	30-238-135-7160	710925.8642000001
605	Supplier#000000605	wdwiNoNT8pVHOTHQ8jhVzaOTkU	16-835-870-9488	710923.2586999999
5727	Supplier#000005727	iL4rs,YxY9yXqzYqXbUwKcxK92ojStUG81	10-885-893-1901	710912.8884
7677	Supplier#000007677	OoTYQdxQyd7NukSaSRv	31-794-496-1198	710878.0532
4526	Supplier#000004526	idM5u6EjYXrwcM76vkb89JKLkvxV3d5DGYZWREbT	27-660-230-2130	710830.6148
4292	Supplier#000004292	HfbQVVt2syII	31-925-781-9911	710753.6196
935	Supplier#000000935	ij98czM 2KzWe7dDTOxB8sq0UfCdvrX	13-437-885-9309	710678.0730999999
2305	Supplier#000002305	,5L2eVXMzPA8KiwdDNnolpoLf	33-791-663-6753	710606.6973000001
8610	Supplier#000008610	SgVgP90vP452sUNTgzL9zKwXHXAzV6tV	13-107-134-7845	710556.8006000001
2150	Supplier#000002150	4BB8gg2kf3OSmmFn2kglleRYJ	15-313-570-1950	710372.6485000001
4443	Supplier#000004443	8plN7zgSfObYpTaK	22-562-907-9718	710364.5119000002
8945	Supplier#000008945	M7zOSL0ac2tZ8p6cT44PyWXsqpdN4EVIntCI l	16-623-156-4343	710356.7884
326	Supplier#000000326	9kFiCwhcBldg4xwm	17-390-604-7483	710339.5064000001
5284	Supplier#000005284	0YkvBGmuSHFbh4sAQ8X K	25-316-478-6289	710267.1888
5184	Supplier#000005184	KcBwEwspfK8QazP	28-717-226-1848	710249.3494
3248	Supplier#000003248	MgrlLKjfFaVF3qqeoSUL ATYGRCf	30-474-806-7433	710239.3851999999
2682	Supplier#000002682	bmgSMI5JAAg	22-309-556-8720	710214.3392
3045	Supplier#000003045	kem8cuT44 Zk8uFDUUser	29-141-178-9154	710181.8786999999
6512	Supplier#000006512	sMKlZGHvP0ib8Lpwl9OIb	21-404-615-4633	710179.2457
4691	Supplier#000004691	irJAzpmW2899MKTk8li8	33-821-399-5072	710096.0077999998
3989	Supplier#000003989	EnaROLO3tkWD9jrnfm826yp8uTc5EKhxQ	22-295-616-9440	710011.1395
4784	Supplier#000004784	7SOr6Sl9gMh0b57BWLcv M	20-255-185-6528	709899.1926
5484	Supplier#000005484	saFdOR qW7AFY,3asPqiiAa11Mo22pCoN0BtPrKo	13-696-138-7821	709878.8241
4517	Supplier#000004517	28mZOzHm U9ec4V1ejAyYD2qMfd	20-315-592-9023	709735.6899
2112	Supplier#000002112	McUW2in3FZWMkplg	29-740-945-1203	709480.5529999998
8495	Supplier#000008495	RGAKqbyph7l2r8FEDY	31-229-537-8994	709449.4921
8541	Supplier#000008541	nFgcbHhyG0CPeRDZVm	26-955-266-1279	709307.3223
3651	Supplier#000003651	szujolUDXyUVznyYhYppHnNGKm2	14-403-491-4192	709264.0321000001
7430	Supplier#000007430	6XfH6NiFdely	34-996-657-4788	709245.3842000001
4268	Supplier#000004268	sxOBZVUf 0dHIcKtCNNOEnmav	25-844-621-3098	709193.0858999998
4829	Supplier#000004829	1s8 b2vOzYe1qA5HbPjyViDH1yYV9KS5N	30-376-754-9776	709174.7067999999
201	Supplier#000000201	e3lZO QY9QpCVdc0HXrqXB5uxXnOi r	28-782-585-7326	709109.8522999998
8367	Supplier#000008367	W,X3iqYN7crcqnjA	10-990-192-1806	709050.503
7558	Supplier#000007558	6bAWEpC3vt8cqJ6oj v5BbqR	18-392-526-9580	709018.1788
6181	Supplier#000006181	,U2oNtO8z8CfXs3zeAgAuiewAWdj8MtyHJV	25-836-375-1011	708983.3577000002
5193	Supplier#000005193	Elnv5Y9NEKmdhN5Gh35k6pkvV	30-994-715-2763	708957.0603999998
4384	Supplier#000004384	uKzetE 3cqrY9ZjQ	20-349-160-9300	708947.8581999999
3159	Supplier#000003159	T2Uh9SfwrU3C MAJb75Y3nmx94AXRkX CuE	23-991-368-6362	708946.9169000001
4513	Supplier#000004513	lauKFcAEpo5xzRS2k1Enr6N	15-410-158-2722	708907.1434000001
9646	Supplier#000009646	PNLwcL8HIKRjIx7	19-306-917-5939	708877.3171
7410	Supplier#000007410	ej9in0Jk8uxXVTr2PD,0	25-115-755-7525	708783.5532999999
4264	Supplier#000004264	caSehoQiSlTnW	14-599-654-1986	708678.6534000001
1749	Supplier#000001749	NQpuJ3JXjn7fzJW1jmC5SqvgAwP6GHEm7c	16-227-721-6187	708646.7964000001
9878	Supplier#000009878	2kwsctKFEhB9inlp,hvlJ	26-864-214-4496	708629.0895000002
3598	Supplier#000003598	Mqv0Dm5GVoW058oa	10-201-817-4893	708619.7192999999
6354	Supplier#000006354	ESd0lukbVG4EGNVMeHyjm7	12-140-122-6149	708556.9610000001
9552	Supplier#000009552	l2CqO,Zj1h1N,BKH, SE7bek2Js	21-867-401-8002	708529.6266999999
6383	Supplier#000006383	7kQeP8yOiz,C5rv e6y2Rhoh8i6NZbYNbmkk	18-161-652-2581	708451.3479000003
7495	Supplier#000007495	3jQQGvfs,5Aryhn0Z	21-953-463-7239	708442.2459
1661	Supplier#000001661	86KqLVZL5YoGn2Q9l,n11J6T2V	22-167-548-4025	708437.9824999998
9137	Supplier#000009137	KVg2HpwID6gch6IGjAc9Ngfp723XR	30-207-738-3003	708193.7596999999
5834	Supplier#000005834	hrgnqRX qh	33-650-371-9232	708166.1566999999
8242	Supplier#000008242	nWK3gGNbv815 hQkLupnBYtr j	19-964-284-8680	708086.8479000002
2094	Supplier#000002094	kEZofuvhGD8csZWD0	12-346-722-4762	708036.4203
9585	Supplier#000009585	hoefu6j59L8HoexLEFQ8N7Rj54zOEu2	29-491-422-1223	707981.6132
8048	Supplier#000008048	LE7PAf3y5q47XLyaHvUxmT3M1Kp,MVESX0uZBP	23-397-248-8524	707855.618
9697	Supplier#000009697	o2X 3GLhipvp1ReLO7EcBlz13MI	33-323-107-8373	707730.8927
5355	Supplier#000005355	4PjyW,Ua1KgEZmsEv1tmtKoOvkziBKzSRhLN N	22-185-107-2267	707560.4448999999
610	Supplier#000000610	cRikc,rgxAM3yz0IR85OD	30-402-585-4900	707450.5995000001
4220	Supplier#000004220	lj7Vjmlzj2R	31-201-829-7881	707442.8951000001
8287	Supplier#000008287	q6Vpk7U Dv neLoruc	27-570-613-7931	707440.5826
3401	Supplier#000003401	8fs zz37ORt9P1DwItA	25-299-425-9900	707342.5569999999
1409	Supplier#000001409	VfixB5ke,JR6T7tn7cv,G uBn12IBUw7HWy	21-416-486-4797	707337.2712
7293	Supplier#000007293	uM3PEucMaB,xZXl9hd90bccWMQ,	21-415-548-4457	707021.5989000001
1128	Supplier#000001128	v CXmGPsW8enaePo5n3OM32zSe DMg	20-916-812-8305	707013.9249
5174	Supplier#000005174	ZeXBGYhZj,uAq8m5gyYWM8	16-284-735-1835	706959.5572999999
4368	Supplier#000004368	oYnKb7WNX5bPZww7PQfQ	15-203-571-5716	706948.8264
1192	Supplier#000001192	qMXIndghNz	29-248-593-6081	706897.8027000001
6135	Supplier#000006135	GEKtkBZ cfK5J2LClxlqd JA90vxCiBog	12-734-730-7167	706875.6792
7186	Supplier#000007186	c5gPjnPZFZj1Dm9uPFCkipStYN0gZ	27-546-480-3566	706792.5639
5171	Supplier#000005171	qildlLehhwauS3n70fsTtrzCZRpZ	29-780-429-8831	706703.1046999999
8773	Supplier#000008773	v14CVyAvhD3jTY9,9gbpsHF,	15-786-171-2752	706617.4068
2925	Supplier#000002925	kUwc39OBibnkZa3WzgORN472f12SfOaSKX9VLU	15-479-367-5494	706586.7571
9257	Supplier#000009257	l7,JPH4t0v8WTiLFhJyLUcuB	27-363-789-5841	706579.9053999999
7083	Supplier#000007083	mzBkq7paoo	28-987-537-3349	706554.8874
9812	Supplier#000009812	APFRMy3lCbgFga53n5t9DxzFPQPgnjrGt32	13-298-591-2357	706525.5388
749	Supplier#000000749	KxSfaofVZcFWnLsjaNszI5GTrlyAW,	15-131-224-8530	706511.3421
8049	Supplier#000008049	foQ57pmI4dMmhxf6SIkFcsun	34-383-176-4342	706493.2335000001
6654	Supplier#000006654	gMLElLOn6hxkom	25-961-756-2910	706408.5160999999
961	Supplier#000000961	jlfkD00x6r0M34ctcSTY3cABv4yWKcjvHV	25-911-416-1546	706391.776
5993	Supplier#000005993	gIEusATBqQyzh	12-377-997-4110	706342.0785
7920	Supplier#000007920	lTxKUF2dFL84P6rc5BiqY4re9OZKDF	32-767-307-2688	706272.3733
7627	Supplier#000007627	CiBhgStvuY3eopiZkdC63LWs	18-981-431-2170	706268.1013
5603	Supplier#000005603	tGkcxbasaGFwLD2ISdrtw3unm	10-108-469-7350	706266.2199
8496	Supplier#000008496	YQCfEcP6D5 3	26-117-326-7579	706243.1482000002
2259	Supplier#000002259	nOt4M6WnJb7Rrc,kzs qqcX5pJHq2CQLkMGw1w	24-510-136-8669	706169.0573
5088	Supplier#000005088	X4UmuzzZBdYkCQR59IFULKDPYO	15-208-170-6484	706163.9972000001
9676	Supplier#000009676	DveMRsJilUpIwD6zaJATQqhZUE4qggK5QJ430O	25-550-973-9295	706157.1712000002
8719	Supplier#000008719	fhSlYHPeATB,InU 6nK3ksVra	22-132-922-4037	706113.6542000001
2042	Supplier#000002042	DYafqV5X76CbMQeW9u6a5O	29-192-285-2351	706001.9892999999
959	Supplier#000000959	8grA EHBnwOZhO	17-108-642-3106	705869.7061000001
2846	Supplier#000002846	q2Q8fji7wnwDkpNjclU	30-336-286-7353	705690.3182000001
8728	Supplier#000008728	akbOO5Qpw4HRYupOdz5jXK	24-638-576-4473	705654.8951000001
7129	Supplier#000007129	8oILFkMpst0M	19-204-131-2284	705555.1216000001
2722	Supplier#000002722	YlPsKWwJQTZj5aAq4XTVnYDBZaw9	29-868-338-3436	705546.8964999998
2558	Supplier#000002558	DHTaILleK5JTKuPqwnMRCQXjuFfxd9cJklY	34-688-489-8462	705524.5150000001
4687	Supplier#000004687	ufYRNlPDcZOK3ODvaXsT7	12-361-516-1331	705390.4034999999
1588	Supplier#000001588	JxR1ZHKemou	16-985-426-2117	705294.0305999999
3589	Supplier#000003589	SeVq5mliNtWVvH0NmB	20-895-735-3345	705285.2366000001
1134	Supplier#000001134	WkRjMQOKvjH4g4RsFZomI9UKUjTw9gq	14-183-918-4545	705216.2303
705	Supplier#000000705	9up,Z78TUVPrp2QdumA8fRjL8PG5H6PG	25-673-680-4438	705098.1705
4578	Supplier#000004578	Gl81NeKLP6fg	19-291-609-2051	705041.0072
8679	Supplier#000008679	JWFVoSsCwn9p8o	31-579-345-1014	705005.1856000001
6137	Supplier#000006137	KZYZhX6y6KBg9Cs yzLG7K65sAdXG0FIfhjQktQ	34-285-113-7777	705002.5027000002
717	Supplier#000000717	hhUrgvyxsdTfzGY4OrQSHeZmMNB2L75xk	24-797-880-9149	704918.733
7244	Supplier#000007244	LsQ2MhveyvMBOalHN	17-771-349-2256	704918.1155999999
4906	Supplier#000004906	bBg,GFEnvMyOUW UF89KaXR38lOIg	27-342-773-6258	704785.3382000001
3043	Supplier#000003043	VFXltguBKJ	26-979-145-5297	704712.3234
7000	Supplier#000007000	Shh5qKPCXtvp6ZqDcb2F1Htax3TeV2	29-885-256-9772	704644.1000999999
7723	Supplier#000007723	3DxoZeApBqwKU7qOJCch4OLl9jKK1NW9IvDsM5bu	17-728-781-3387	704608.0418
3553	Supplier#000003553	u3nDX5MdZaYCfhoGN3uoOAHQYFKUgwcVeHR	13-427-197-7290	704606.7849
859	Supplier#000000859	OJ7rr38hbK1BlZSRXKojpIho8QazivUtIh0	26-731-166-4296	704581.2541
1077	Supplier#000001077	Uty1fYWj2tt8 1aE5 SwPe2BvdSZjYrMixasTH8	25-195-244-3146	704550.5604999999
5244	Supplier#000005244	DN ECrPEXmfa4ai6bqahAPl	30-630-560-5327	704530.9243000001
744	Supplier#000000744	5NKuw5W4mFDMQBbUjUO4k kfokG8yvAe	13-573-977-6527	704520.1983
2634	Supplier#000002634	6ktaVHC7og7N5UI8CEtGsTuqStKRzb6Y	22-961-867-1818	704516.2468000001
3664	Supplier#000003664	aCqlSlxw,ouZcQdn	28-326-140-6125	704507.8163999999
4116	Supplier#000004116	dljIeOzzKqEpczZ1rxdcnUW3	27-582-223-3834	704501.627
2953	Supplier#000002953	TepT5BpdFsnZT grAXI7,x51O	26-118-226-8835	704424.7577999999
8357	Supplier#000008357	NxR4B,oub4GdMpx8lVaR	26-975-347-3117	704405.9094999998
4558	Supplier#000004558	Thr0PyLNWrrzzeOgIFqOXFg5w6MVs5fzJc	28-888-147-2005	704391.9312
8744	Supplier#000008744	aEie8GeP1xnWQVzqrRCMnGm	32-146-789-5208	704337.365
5769	Supplier#000005769	1xL7qBXFlGNPd1	22-546-516-8185	704335.1939000001
3562	Supplier#000003562	Vb,V OPeCZXR8BLFzgwKM83s0aRJW	26-574-942-5088	704326.2029000001
2732	Supplier#000002732	IAizS6WFBkDb3iSwzx1ASIJiO9EaF	15-270-948-2546	704307.9755999999
5068	Supplier#000005068	lywBhkmjFn885,AxSnroD	16-491-789-4986	704292.3797
3617	Supplier#000003617	LB 87BiV4saHACdKeIqnp5SrBvLAu	13-249-810-4491	704270.2871
9114	Supplier#000009114	nkn6bcPvlP5w,lUpO0nZTBSj	31-952-889-7524	704082.3119999999
5175	Supplier#000005175	Hp0dm4so MR0Md9dMg2ZV8E140Utqb83y	22-150-780-3784	704044.9130000001
117	Supplier#000000117	ZnlLNC,8YN10T4mjI8eq5bJ	28-470-879-3141	704037.8039
8233	Supplier#000008233	pf5SN,fa1vryDFEENBWVivV7WZ	22-197-762-2605	703998.7082000001
2256	Supplier#000002256	glIwS28AwJmxvQIRKFDVC,SMdsLtC AdoS	30-143-496-1014	703967.1040999999
8839	Supplier#000008839	vMrgJcstItZckedC5or	22-232-176-4074	703856.2545
3345	Supplier#000003345	CIK,A8 Ka7,TOgmufRFojWkas	34-527-623-8157	703825.8621000001
4256	Supplier#000004256	6M1,gdZ1En8QP4oZQEdrkxqCuI6xA0lh	23-276-880-3602	703819.5913999999
7964	Supplier#000007964	nUniZd0m1bfEdUdmW5JGP y	10-827-895-1786	703804.5550000002
2847	Supplier#000002847	kKqzzQNY2FhfJMLQmDAh5p	32-867-760-4458	703733.1301000001
4336	Supplier#000004336	H bmF6KcUBRpw,RsxymvNUS3oyCAdx iKhSLm	20-154-952-4754	703677.4634999998
8307	Supplier#000008307	n8Co2Ch2cdyLsEjri9,Ej34w5	15-906-908-2980	703654.3775
7563	Supplier#000007563	53kPvJgMXys sH4pWy2PI9qy8EmD	26-853-236-9890	703640.2116
2529	Supplier#000002529	isvgJhjULHVI	31-957-321-7048	703633.8047000001
5126	Supplier#000005126	R 6l6BFOMffZPRwYh0huGxCw3OzSGF	11-290-424-9612	703557.6939000001
3229	Supplier#000003229	lhFPfZZF8ec	27-868-150-6529	703411.3093999999
8914	Supplier#000008914	huVxDVev2yTz2oWEYq8BW	18-278-359-4920	703345.8616999999
8628	Supplier#000008628	53g2KXKl4TjAvGWrkUNqQJuFGiOoHwsT, D	31-422-517-4839	703291.0134
8518	Supplier#000008518	2jqzqqAVe9crMVGP,n9nTsQXulNLTUYoJjEDcqWV	16-618-780-7481	703286.8814999999
5131	Supplier#000005131	shQmqR2Q,x4NV	25-415-425-4385	703240.8569000001
81	Supplier#000000081	SLlacbhgpKmVa,gF3saYv12e0	22-535-310-6971	703205.2213000001
6223	Supplier#000006223	h70ax62Oz9G2	17-469-708-1696	703185.8298
6484	Supplier#000006484	7sWhOboigE329aPf6R9j9MttZ	12-185-533-2806	703157.5360999999
503	Supplier#000000503	OtYqMbur3v7nfzYgFYmMrJvq5YTj1MtXgefj	30-263-152-1630	703118.3301000001
8787	Supplier#000008787	D4KuRSgCr1RnTzVLqYD 8WVo0oKVpg,AI	17-929-294-2305	703108.6560000001
5613	Supplier#000005613	kg4TuXHkAlfBxvXYA,KV7D5AhKz	30-131-528-8542	703098.3454000002
5165	Supplier#000005165	4TbLeqYIZflknnvRjqHLxFgMuET9fqe6RH	18-327-142-6539	703060.0885000002
3441	Supplier#000003441	zvFJIzS,oUuShHjpcX	13-842-877-1438	702974.4964
983	Supplier#000000983	XOYb xohl2j0U7wTTUaT4F6DShKfH4Hv3p,hnP	10-384-209-1825	702890.9327000001
9188	Supplier#000009188	BbyEfF1ff E3WNsMWSN0c,IZKt7Hu,k	23-730-237-5786	702794.3517
1119	Supplier#000001119	EmB2voA2Bz34yLqrzj1,t5	21-468-735-8433	702692.9215
9792	Supplier#000009792	Y28ITVeYriT3kIGdV2K8fSZ V2UqT5H1Otz	17-988-938-4296	702559.4137
3886	Supplier#000003886	c,VP75QAJqi ig1gNOWsxXdsuZQbi4ZJ5 3	34-418-995-7074	702531.9347999999
7375	Supplier#000007375	xYRtkObjcIwnZ1UV2bxQzPA	27-845-316-7062	702522.4922999999
8823	Supplier#000008823	66H6L3MOAH1	17-797-763-9282	702482.5424
8828	Supplier#000008828	DrOYzSGqdWIJOq0H	34-850-976-3222	702464.9849000002
6954	Supplier#000006954	apRGut95pdzOMmQcjlML5lx	33-140-200-5961	702367.8165
4601	Supplier#000004601	8gjWZovIX6Ay8eMf4L RwDAaIS4J	15-139-205-1544	702330.8725
10000	Supplier#000010000	aTGLEusCiL4F PDBdv665XBJhPyCOB0i	29-578-432-2146	702324.7453000001
1755	Supplier#000001755	QstBVfnY,93NsbWXCqO	31-491-754-4421	702284.2965
1608	Supplier#000001608	IvOUzvA72x4I1mObouptJEsTca6eHWhz	12-309-145-4668	702233.7831000001
4281	Supplier#000004281	1OwPHh Pgiyeus,iZS5eA23JDOipwk	13-466-621-1767	702221.5593999999
2841	Supplier#000002841	Qum176TQROLmtZ6hy,eX	33-688-720-2476	702215.6126000001
5198	Supplier#000005198	Mb6qDaYTdtK53DFOdm3WDZZZGkhKcErHFhgg1P	29-728-923-8008	702147.0563
1288	Supplier#000001288	zE,7HgVPrCn	16-646-464-8247	702072.8887999998
3950	Supplier#000003950	w8E7psTO2Bx8C6H,AFeXFWsjKmLQitdq	27-402-593-2481	701996.7208
6162	Supplier#000006162	fFvvXEZ9ONVAw1ol	19-378-457-4974	701994.0982000001
7782	Supplier#000007782	hv,IaLTCWOcEACJFFyeukRJMXiPR5DDJoZp4UTfe	10-594-245-8826	701948.8972
2904	Supplier#000002904	3AVLyzSjCrHYuiLian1626bEfJgpw5J M	28-729-639-9863	701888.515
6151	Supplier#000006151	onrtIjRkYat7WIJeIx,tMMDHl5 z8YTjlO	34-641-785-4655	701855.6023
3632	Supplier#000003632	YzyEutwcOJ6Urp6ct	33-998-670-6463	701795.191
7292	Supplier#000007292	XfG7Vd6 JQzCm	17-148-172-4176	701793.1662
6851	Supplier#000006851	MJaGguxWeT3VfMompj8IIUztvoi3,bCJaT	18-367-247-2589	701742.8571999999
9640	Supplier#000009640	YVi8zEFPwnWxDBHbAz	27-154-718-7001	701687.3801
8178	Supplier#000008178	Kzuv9PrThE56fWmNR3UtwZAz	21-201-455-3427	701676.9018999999
5317	Supplier#000005317	lPOPHufNjwZaUJGVNHCC2DE FYQcKZBzHltL5	31-872-372-7076	701648.1919000001
2577	Supplier#000002577	l Iv oeuS3h5fysjC	21-771-305-7160	701630.6861
3946	Supplier#000003946	PRJJlZVVizUPiKY7w,TeeB5HoAiPMxzPUqx	25-819-326-7248	701552.4891
7603	Supplier#000007603	afAJNTKJPBb rwxa6SBbkY	15-799-960-1671	701550.7193
4372	Supplier#000004372	FbNBgnxh4UOgflhmx2rwlk,NsibLhiS2v2P,wCBT	31-425-890-5322	701511.5763000002
5634	Supplier#000005634	6Oj0vGAbfaCdeHoQDk85eVEzc09RiC1EN76Te	11-193-504-6953	701492.8793
7531	Supplier#000007531	z F82q xzMeav4D9JMi	16-739-788-7770	701414.3957
3228	Supplier#000003228	KDdpNKN3cWu7ZSrbdqp7AfSLxx,qWB	29-325-784-8187	701372.9478
3289	Supplier#000003289	ukH4T22Oiot6nnLC9vO68DgUV7,m	17-641-363-9867	701223.4652000001
8162	Supplier#000008162	XASpbn08mRV0kgHRmUSKx	31-869-421-7286	701164.6856
2675	Supplier#000002675	HJFStOu9R5NGPOegKhgbzBdyvrG2yh8w	29-474-643-1443	701038.0608999999
9089	Supplier#000009089	IZerr6dMVc RxftltX2p	20-970-478-3730	700879.1664999999
1431	Supplier#000001431	,EPYNn1We9nbuIIdsRf0Qj x2b5h6YL	19-277-237-3709	700825.5765000001
9275	Supplier#000009275	9ROhWwDc62wHtvElpgK5hyEVX3oAMd	34-345-316-6362	700776.0641999999
9582	Supplier#000009582	qqlRS8h9MtF5KTkRXNl,g46SPVJ5qL4uunj dA	19-583-131-4953	700702.7869999999
5908	Supplier#000005908	DMVWvjVV7LIKw,KBMeLfTbZS2	29-783-528-4431	700697.5613
2924	Supplier#000002924	6 nxmhb4Okr1CdJZPA2TaNRrLSXFfzy	16-624-993-1488	700656.8001999998
8869	Supplier#000008869	0RRJutNr4z1vrtxY0IsSE1lMiUlu8o	32-529-182-5023	700632.9710999998
7547	Supplier#000007547	FmcZf4dgulcZkMWETmVmH2OfSSu6AlwBg	15-947-904-6471	700561.5963
36	Supplier#000000036	mzSpBBJvbjdx3UKTW3bLFewRD78D91lAC879	23-273-493-3679	700497.2869000001
3210	Supplier#000003210	xG001SAxNEYwsjj	11-430-492-3540	700441.4494
6574	Supplier#000006574	oSqM6ea26sTo8xPh,UxDepk3wHBCw	14-213-311-6861	700407.5067
103	Supplier#000000103	hBpQ4GYblzpHKTgATLPAS6ph3	12-442-523-5043	700405.7869999999
5640	Supplier#000005640	gry8jIFw8CqsIV	25-310-531-7490	700404.4114
7970	Supplier#000007970	69clC3kCCI8V05ZE3uMm7Hacpm	29-301-635-3896	700116.6046999999
2144	Supplier#000002144	ev3dZzeUemEOpmx7l7j2HyREEGv	24-503-469-8284	700053.6668
5602	Supplier#000005602	wj6nyIWETvfxVbnqm	22-762-619-6465	699990.2545000002
5646	Supplier#000005646	OJBPqP6aCHCm0fvzoL	10-596-949-7843	699854.8257000002
2096	Supplier#000002096	kuxseyLtq QPLXxm9ZUrnB6Kkh92JtK5cQzzXNU	13-621-558-5424	699712.2627000001
5262	Supplier#000005262	FIF9QmqWKYv,0rQdgvx9SikmUAoyG	28-353-676-7031	699607.5455000001
9171	Supplier#000009171	72JDVZIEgr7BzWM7oF0ftJtTRZJ	22-210-429-3496	699513.0459999999
1080	Supplier#000001080	RPVbFa a5wCXrpH Y8V	31-148-197-8002	699316.6716000001
8378	Supplier#000008378	yuzY2wQ KN08rNGzehM6Cg,yPiqyigN7waPc3r	27-270-336-4501	699303.6055000001
1157	Supplier#000001157	O69Bgymkxg1mACtNmQ,5	27-342-536-4024	699289.7817
647	Supplier#000000647	x5U7MBZmwfG9	33-258-202-4782	699275.8908999999
4253	Supplier#000004253	m0z2VT1IRNaZ6GWeGHOQDk9pri96	32-341-145-7575	699223.9947999999
7250	Supplier#000007250	k503SxMLaQUVqetp7u,QIxBYJudsgO9Ckwy,	31-139-450-7934	699153.2390000001
3450	Supplier#000003450	DLushTTMhePgb4v84GE1Zg6HB ifx6JNfR2	32-954-252-9016	699149.4246999999
5554	Supplier#000005554	v IPk1I4GuXp6	27-355-634-8667	699142.9982
3647	Supplier#000003647	XZ4XX,PE05ojnDJHs	10-408-429-3313	699142.5607
4000	Supplier#000004000	q bLQQi5J,rohLugmz	34-900-705-2420	699046.7372999998
5782	Supplier#000005782	up1JCuz6MBxCbLDrrQV4gmN R	12-884-540-4282	699032.5608
7673	Supplier#000007673	DBlWbg eBbXRdWzZclPj9j,GjA5VW4oZc	17-941-588-4206	698923.4471
1434	Supplier#000001434	NkTyGdEmQkoXsd7PaKGtjn,K8W9WDNz9F6pyR	14-435-373-2338	698813.1973
688	Supplier#000000688	D fw5ocppmZpYBBIPI718hCihLDZ5KhKX	13-855-777-3804	698745.5941000001
4908	Supplier#000004908	VPCUfG8Q9AQpQwTEqfDRuJ	12-879-627-9955	698690.7772000001
9001	Supplier#000009001	5wn2LjwDEYMoUb0XDkbPkcap9aDA3JiQje	16-485-420-1200	698680.5264
9281	Supplier#000009281	3zaUojlR0cW5hXNbJEHL1Dp0u lo9W,m6msg	16-427-709-3910	698624.6155999998
4702	Supplier#000004702	8XVcQK23akp	16-811-269-8946	698561.0208
5433	Supplier#000005433	ZdqCGFC7mV0WZF6p7RM1BRcV8Q0h5HsQK	26-300-172-7653	698548.2596999997
4670	Supplier#000004670	fnLEhL1yrH7XT4N	18-302-357-9648	698488.1129000001
4497	Supplier#000004497	wWy3lqTQ9mHqH NiYjc2S,YcK4ycIR5N2RmkC	20-121-548-8399	698438.8857999999
2302	Supplier#000002302	wMEzrsX2KKpTaJGE3uGEUibymG	16-486-165-5642	698351.6585
271	Supplier#000000271	U0BSsnILvbk7mL1cim,ZX70QIiTz	25-270-292-6296	698277.7496000001
2458	Supplier#000002458	c8eZIly7LJrl7buLs7OTvNeEStmEFHIJ4hOk	10-844-579-4095	698229.3802
897	Supplier#000000897	9HoSSwrIPM8ge69XLD81Br993krGbn9aeUW4U	20-272-778-2639	698180.7294000001
9865	Supplier#000009865	extcOh9ZrdDCMsHhhsFTkTUAh,HM2UQ2qa8sRo	31-357-360-6063	698133.5076
6240	Supplier#000006240	d1Rz9X9NZzNJcAXa2fNc2CY9soMhiX1eYTz	11-242-258-8709	698123.8491000001
6733	Supplier#000006733	WXXy8cTwPiDV1BsLl9173TFWYjkyT0N4	14-526-623-3438	698118.8171
9447	Supplier#000009447	6FkKgpERpWPqKt2	12-861-266-5178	698096.9388999998
7459	Supplier#000007459	vdtdqoVZM3NQf0WWfN,Yz7M	20-247-403-8646	698086.4421999999
3206	Supplier#000003206	wkE52vw4Bo3sIE	14-690-834-9683	697971.0554
1412	Supplier#000001412	XeiPrl fw,N5doHeADl8md4kE q9tkCatjNoD	12-927-942-4044	697932.7657
584	Supplier#000000584	XvDYsHYpmY5AkX60fj0bZo4WW	28-223-704-2186	697834.5771
3532	Supplier#000003532	EOeuiiOn21OVpTlGguufFDFsbN1p0lhpxHp	33-152-301-2164	697663.2579999999
7173	Supplier#000007173	lyc6c1b76KDdr	15-876-287-1035	697596.4696000001
7840	Supplier#000007840	nQs5o8p,m, 2vxJ6o	24-324-826-7162	697569.3582000001
9639	Supplier#000009639	s01Uzq,oShUyK3EGSNVlTBT439,B	26-240-990-3131	697412.8703999999
294	Supplier#000000294	20vnacv,dtZ0mr5kukNf	28-299-788-1836	697268.3241
6368	Supplier#000006368	Ydi8miTcDpYHce	24-735-697-9466	697233.1369
9599	Supplier#000009599	Bxx52Q,TBT9D12IhEhUJicG83Oay6	32-554-210-6590	697162.4414
5571	Supplier#000005571	OJ12o51CkXx0ci8w nfwme	16-518-538-5486	697155.1816
2587	Supplier#000002587	hcsr Obo8yP0176DtTqs5CDxn1,HK1Uvmem	13-518-417-7741	697091.243
6190	Supplier#000006190	H7y2WmBeemp2PrNqnvZAtSVuYxrTP2CU,edD	24-129-951-1922	697042.7131999999
9732	Supplier#000009732	KbR u5v2huzhHzc	10-510-815-1655	696978.2198
7902	Supplier#000007902	aGB2xiccVNPHFnfWCsegYkRZ1EsPHvrda1Oxf8	22-971-786-2474	696969.4908
7705	Supplier#000007705	w0I035jqGIat	27-315-741-1666	696912.8959
4822	Supplier#000004822	jco9lnR1Lh9ODQr0OaIyC	27-296-896-6951	696893.1248999999
8147	Supplier#000008147	yKh EpomKQcTuuAVwPZCMFFgySH3Q6WBQunQXZf	30-652-567-7912	696819.7873000001
6308	Supplier#000006308	7qJ58 M8unOheiGiVwzZI6CnwyiguoDdM	12-421-363-4262	696692.9804
2667	Supplier#000002667	4pEWtzzONq0LV0kMQh4YzdXDJrW	28-775-155-4297	696605.9091000002
5117	Supplier#000005117	zlBi4yswhLa1yv54Mrurx6Ldl2EWiegBiH	20-400-529-7218	696590.8127999998
6154	Supplier#000006154	vFpt0fIvZDCbtTOCihSJkpGtP	32-333-538-3997	696542.7011999999
2606	Supplier#000002606	ggBYvJkN8E9du	29-829-782-8023	696445.292
1779	Supplier#000001779	BG4Zfkyg,QFtyf	12-680-787-3989	696387.7904
8082	Supplier#000008082	h5y59I2jUbycESOyonzpRUEhmkZjjR0vey9	10-293-680-6976	696302.8129999998
5357	Supplier#000005357	Ci21sYQz0kD8F4vyUWk	23-717-663-7315	696241.6759
3584	Supplier#000003584	To60YGgHdAgldyJWT6rpPZcJto32jgtJ00RaI	15-470-512-2898	696089.6096000001
614	Supplier#000000614	DteCEt557XpSo8CejUUbFm RgTeT4FRz7bC,6l	24-185-488-4015	696002.2912999999
8139	Supplier#000008139	9vEm uTIDSQU	29-983-832-6440	695994.7023
8766	Supplier#000008766	RhYLwyTlHoNkIB ZqE8M,IBQlU PaLh	10-952-108-7676	695968.0239000001
2402	Supplier#000002402	7jxiJXJwB1ze4uD4p7DKz44Ifg	28-116-664-4294	695890.9188999998
8607	Supplier#000008607	gBRMYUGPTJEyM	32-142-780-1684	695854.0778
1310	Supplier#000001310	,reTHSiknxGFziNNyokCy2jUpzwXRl	34-340-834-5192	695754.4930999997
9531	Supplier#000009531	AR2f89X8RBUGDAjlCqv0dR96Vx0S3BB	27-926-192-5306	695636.0960999998
7716	Supplier#000007716	qJM57NQd5ZzpBQb18WRDQ	23-520-894-6759	695584.892
3252	Supplier#000003252	KdsnOrkoNgBtpguXwEe	27-403-707-5612	695563.7208
9544	Supplier#000009544	cxrdj8S QG	27-239-678-8265	695527.3243999999
313	Supplier#000000313	9xrpKrwr9,Jgvm5q rGkZePkpsH5xEXZnuLJug	19-648-945-5128	695478.8692
2902	Supplier#000002902	lepogO7Z7RQdMaC3zz2YMy85F	33-108-310-3488	695447.8328
2162	Supplier#000002162	6ya g3MW991n9JfhxSrvgM	16-859-508-4893	695237.5793
8188	Supplier#000008188	GrdcssHqraa,9,AKACnH4JztJuTkfkdMQP4yja	25-339-751-3166	695187.0353999998
8137	Supplier#000008137	XQGrEhMwmAHLDSVjD9MDDyNn3HRupsNjFQC	24-810-371-6779	695170.6249999999
3219	Supplier#000003219	x3aarf0um8GIbx4bY4bBJur2CQevZJ5qHWr	34-455-317-8245	695113.3805
1295	Supplier#000001295	Vd7EojBhBkzJunfg2e6vgPKfqj81mtv	14-271-709-3448	695040.2464
2114	Supplier#000002114	oYrzEAWh3pExO	28-461-289-4367	694967.7772
3291	Supplier#000003291	Gn1M6NCIuOOxEu6MuBGqj9o6LZWLJq17hQJpP8	32-105-285-2618	694935.405
4071	Supplier#000004071	6nU9RahtRwcp30YbobWoftQDsB5fJCnc5XuU ISO	27-438-434-1563	694895.9245000001
1281	Supplier#000001281	xSwSjAwhonVYZtC1oN2O	33-432-130-8820	694815.251
5120	Supplier#000005120	4ms,2ZOxHyGylzr8X0JswgHTS KuJ8fyobBbs	18-859-429-2143	694648.6662
2242	Supplier#000002242	E4nWqXu2DqBe7 88D5B3YgFf7Ke8 xdqk	22-595-186-3819	694638.8238000001
5751	Supplier#000005751	yVwqlnvEUAboCZ5GUV	32-530-894-8442	694631.2243000001
2670	Supplier#000002670	o8LD7HvzSuRnlafJ1CNyPnMBo 4xKIv Pl	28-245-214-7690	694595.4613
3585	Supplier#000003585	rd0xOzg2Zvki43ssTzqErfS4ZxSN6Kaleo	15-923-605-6967	694439.8498
1386	Supplier#000001386	iNxyxvmqmNB	15-186-107-2835	694327.8316000002
2960	Supplier#000002960	KCPCEsRGGo6vx8TygHh60nAYf9rStQT2T	13-958-873-7133	694304.0419
8243	Supplier#000008243	2AyePMkDqmzVzjGTizXthFLo8h EiudCMxOmIIG	13-707-547-1386	694021.0104999999
7138	Supplier#000007138	yTbjyvDClsKrSqMsNhj6ptg LiIju1	20-465-208-3863	693962.4077999999
5874	Supplier#000005874	gcWcaQfgcXFeIZCHGCnWye4RAvP7glbfF	29-949-430-7350	693961.392
7793	Supplier#000007793	sUQBstvYjstKdUYn D7XL8yJTmBC64et2	27-484-620-7389	693941.6889000003
8672	Supplier#000008672	8ZN9cxXmDwtVFx6MvqcPmx92DXz	14-597-717-8380	693879.2662
1715	Supplier#000001715	zeMs3O9v3TNv	21-323-286-9026	693876.3079000001
1618	Supplier#000001618	G0hSiC,5kKfQ0N5IZpTgMVvJcoIY,6	27-687-308-3845	693743.4640999998
6737	Supplier#000006737	7PLN81E2Ma6ltHkP1daCKbm	30-554-918-4617	693743.2115000001
776	Supplier#000000776	nklfFoSkCwf,ooSuF	31-317-593-4029	693698.6939999999
4749	Supplier#000004749	b8Ub1R,e7qTHsOxcDbRd8YyCfkpu	32-637-280-7020	693652.0703000001
7141	Supplier#000007141	ISEr,Y5xgSg4yyicA6wFV2d	27-143-796-3790	693562.8091
2524	Supplier#000002524	CXLC5IFTBdK iGu	34-991-307-3040	693498.6949
2764	Supplier#000002764	lHWP7g8NCterjtVbJgoAOg	19-902-749-1334	693411.1185000001
7265	Supplier#000007265	WZBdSXAlTmVnqJ 65UfoOlAmQfJZ	22-431-725-9863	693322.6487
7623	Supplier#000007623	d9cXb8a3pGjdlc,DOkl,I8,aUr	10-460-945-9319	693268.2087999999
2931	Supplier#000002931	aUivhoesqMqv0FmJcPBMxBSl8DJvXBGj	17-905-318-3455	693263.8138
667	Supplier#000000667	La6cVlSLCZZDhhX9FtKsRlylP,,lI3IYjHT8yJJX	33-382-268-5150	693121.8151
3501	Supplier#000003501	4HyDpK,vIAqmn	25-630-743-9991	693105.9380000001
3412	Supplier#000003412	BsM,M8v9iyWLbUbLCo0m6oI1,GdiOp	17-941-232-6438	693044.6061
3444	Supplier#000003444	CtVJmOkNVUCgOQX,CcDkrTmb8D4SAuRv	29-660-228-7079	693018.2509999999
5975	Supplier#000005975	S6mIiCTx82z7lV	17-992-579-4839	693010.7492999999
5746	Supplier#000005746	QAX1j3ALe  VdS	15-632-671-9153	692892.4971
753	Supplier#000000753	Kbxpp9hdpX6bgG,	10-667-838-1746	692740.0484999999
9652	Supplier#000009652	RCT1dmIAXESWziBNOWqkMNngI7ThoBqZ	18-413-577-3110	692712.1035
4730	Supplier#000004730	CyTjPvk6AhFUGuAc	32-672-773-8939	692708.1224000001
4316	Supplier#000004316	oxFbp0mxb65wkxW PMeG2HvYQlEx	27-161-639-8691	692687.1212
9768	Supplier#000009768	,1vdQhM1gDmOI09jy2XqgsUYcL1BSiG7	24-751-943-8632	692666.3335000002
4619	Supplier#000004619	YPY8CT8q zwHdcJGvuw97ybDKoSCHw	32-333-528-4674	692658.6188
86	Supplier#000000086	J1fgg5QaqnN	29-903-665-7065	692655.3593
2794	Supplier#000002794	fURps89KuaNy1Jd1ehnMi7QFl8M9yyrK2O	24-975-523-8091	692630.0733
1258	Supplier#000001258	JGMy3IYbAxJNQDH1zn6pw8EhnYSQ8qwBSW7	19-950-879-1357	692619.7717
1744	Supplier#000001744	oLo3fV64q2,FKHa3p,qHnS7Yzv,ps8	29-330-728-5873	692537.8648999999
1168	Supplier#000001168	SF8uvvbHRyOVTb8APmgFEL6	28-390-490-4295	692526.3672
3017	Supplier#000003017	45FE 2ykESNBNe4Sp b	14-285-994-8319	692497.6601999999
1263	Supplier#000001263	rQWr6nf8ZhB2TAiIDIvo5Io	13-620-886-5427	692474.6706000002
4136	Supplier#000004136	NhKJIHTz1df2V	32-753-406-1180	692349.0035
8008	Supplier#000008008	7Sfw60mdAZ6	27-156-369-1991	692318.2916
8859	Supplier#000008859	AYm60aU0T5zRtNTfftYcs3a	29-123-203-7913	692307.9214
9219	Supplier#000009219	5,yTuPNvGjunlF3c82hykaO5C6noZzSG	16-462-513-1926	692147.8895000002
3068	Supplier#000003068	aVgMmx3nfzPgpKm	28-145-548-2517	692100.5267
4516	Supplier#000004516	1RPfefnhZtmuG1cvQE,cYOo3wljLDp	16-689-234-9310	692046.3587
4342	Supplier#000004342	aU7fCjZMxPLksajZE9	14-292-990-3385	692041.0599999998
3251	Supplier#000003251	8cOTBnlPaeN jQVTWvC4jQyOwBgp0	14-770-135-4689	692040.8042
8072	Supplier#000008072	xrYQHxc2neZ4x13HTt	11-742-643-5639	691846.5091
9721	Supplier#000009721	FTLhkV3IX4USotx5rXJHymFYrvI,Xt3y	30-345-489-2347	691777.5371
2569	Supplier#000002569	1ZoetZI2,IycOy6	18-369-276-8483	691658.5450000002
6214	Supplier#000006214	BWNr,0S,rs3o3vXkMtKZCT0OyS	33-484-970-5494	691602.7094999999
5021	Supplier#000005021	qtiNfDL dv7lsLA	10-185-959-4386	691513.5144000001
7234	Supplier#000007234	a1ouLX5lQTS0aRX3AC,M6qM	14-649-286-8919	691483.6375999999
6577	Supplier#000006577	q2zbWFHaulmNjbAoT8UXh	34-426-828-5678	691378.6923999999
8604	Supplier#000008604	8dGdxJL2deTp6g3w4O1UVtwa7s	21-475-947-9256	691347.0848000001
8634	Supplier#000008634	jxLgpOMPQ,M71SfOJq7UF1QXaMf49HQw5	17-950-885-6667	691136.8123
8395	Supplier#000008395	PWMaZXgi,0jWrlGUcJoasrScyXo	17-745-676-3177	690969.8761000001
4774	Supplier#000004774	s3Q0WRzpHmSxgHAzXFD	15-839-101-6007	690784.7567999999
4213	Supplier#000004213	irhmW87hVlyK zTaSW	11-113-216-9762	690732.7436999999
6622	Supplier#000006622	m 7juZ4mDJReLY tf95lkIQYUPi	20-248-274-7898	690707.8177000002
1286	Supplier#000001286	YKA,E2fjiVd7eUrzp2Ef8j1QxGo2DFnosaTEH	17-516-924-4574	690706.9588
5121	Supplier#000005121	tSJ3v6tz8dkFGm1nBLzG5TDKWlwunrmsTbN	24-323-343-8567	690692.9280999999
1939	Supplier#000001939	Nrk,JA4bfReUs	13-675-423-9518	690689.8144000001
9080	Supplier#000009080	rGU D6cSBNcw8CW1zVEx4qZd6BmF,,R	24-739-807-5601	690653.6806
1282	Supplier#000001282	UA gsripU3RMLvlJ	12-744-273-6433	690431.1352999998
1317	Supplier#000001317	SS8UKbD2960F1hLK5X97J1233,	33-841-922-3781	690324.0556000001
4812	Supplier#000004812	LaOjrGP8yH	26-234-576-6832	690295.3076000001
3730	Supplier#000003730	CQwSVgaug86Vhwt	19-147-682-6287	690265.5305
8526	Supplier#000008526	3RreW34eNbq15bM8MMjk	19-986-831-6193	690262.0187
2641	Supplier#000002641	nPjjEtlqUdUbRNvnwEOx5VKo2ETVcMDTKWSQ,Z	34-634-432-7359	690254.1897999999
2862	Supplier#000002862	4lulEErFf6wQZfWtphZx5hNaDS3wmDIHiYH4	19-472-558-7064	690153.6922
5132	Supplier#000005132	Z0t9cqKCy6ZugNI73N6EjPd1P0hwjGzH	11-848-121-8561	690128.0378
2014	Supplier#000002014	4iyCaDCMrkIsp3atWX	23-458-531-6395	690050.154
920	Supplier#000000920	Ix0QnIqftxMwHW5KHeB,xB	30-713-464-9920	690025.7816999999
8743	Supplier#000008743	MGEbOhOxKTbzrl9	28-613-975-9179	689974.1007000002
1479	Supplier#000001479	txoNHYrR5zTPAqlt3t3V	22-442-690-3533	689922.7875999999
6455	Supplier#000006455	oZZWxYiImfoIahkVvgjDK7	14-336-801-9381	689899.422
4173	Supplier#000004173	wA,sCR0eZJGZXhl RH tkxGZgJFSmX	28-879-181-5180	689837.3791000001
691	Supplier#000000691	XU1STWHllW5I5Rw9X,jsZi7X7M 4	22-930-512-3497	689823.5999
8614	Supplier#000008614	S6pUUI5mLe64LTUPO0mB4DAJuTFTqs9	18-644-661-8573	689693.7463
1011	Supplier#000001011	QlLyOsPM4HcX0Sq8CXnAYG3JOH39a4Lpzg3l	19-284-168-1725	689651.9832999998
3217	Supplier#000003217	B UeP1vTLP Do1h A2H2ajkrWrq	18-769-187-1802	689631.7672
7669	Supplier#000007669	YEpR82xmb6BtV5fQ1LWpVOH1q9OKu	33-736-794-5796	689591.7202
3980	Supplier#000003980	wUUr1a2E17V	33-758-679-2661	689436.841
9374	Supplier#000009374	,jWSmJIUTT9UiXB5Sq5 N8Q	17-647-773-5010	689427.4070999998
727	Supplier#000000727	kc0Fnr5won8yJhzYC2j4H98m 59CRJTs	12-885-980-2162	689362.9988000002
1799	Supplier#000001799	G0gkN90wTzwZ1saDn2b7vh6	18-642-860-9158	689358.3714
3902	Supplier#000003902	94Cum0,H 0	13-218-944-2974	689353.4533
3096	Supplier#000003096	,ZraWb5SVMxGHmoNlmKLSqKjyC Q9JSlujpQbW49	10-478-465-8845	689322.9493000001
7715	Supplier#000007715	gZHd7Yzbtv7yb7DYCCAQPJH8FRHTqi6T4w	31-668-501-2822	689210.5333000001
1942	Supplier#000001942	sSxh15mxkySVE0W,Ot0EWNWkUZiSyDn jCro9L3	14-453-767-2173	689093.5400999999
9022	Supplier#000009022	Ep7Zzcxr9dHF pC	23-905-336-4879	689080.9397
4197	Supplier#000004197	M dDlXDL4OL	16-556-895-4554	689058.2368000001
4887	Supplier#000004887	,TpTOfc1nx,PLUztfC5mpK74sd1GcZfU8QM	17-114-984-7958	689043.959
1343	Supplier#000001343	e3NKukdF0m3Ecc7iuIbk5KEif8B8eGYghOcQm	34-518-260-7874	689015.9661
5789	Supplier#000005789	dhdUfW6tbTWv49849nX52,8xJ4,tZ0RJn	31-172-402-4587	689003.1668
5663	Supplier#000005663	dj9SqsGeG7dfIrEDLN4GtIZIS	26-414-536-1454	688948.8308
6646	Supplier#000006646	5VczmIu iRxCVE6airwEYhXs2	29-200-662-3772	688930.2019999999
3006	Supplier#000003006	y,NWe4l8cUbXgvwLDBpNnUmMxI5JODzUocB5	11-335-383-5953	688928.2922000001
7150	Supplier#000007150	FP7U7cbhQEybeMzPjQ2jatyYcp4	10-708-722-1522	688894.4531
4555	Supplier#000004555	,3q9,Ejcr,PN	15-133-503-3928	688845.1363000001
8392	Supplier#000008392	88mDQjkIaRqQH2RrFXb,v	26-971-722-7151	688797.5181999999
3688	Supplier#000003688	W8BQPLzJNBzuIwjL	26-604-435-4993	688788.4243
3530	Supplier#000003530	0t 0sStT pH7DD GWU,D1F 6BvSk4	28-774-141-7569	688752.4604
5391	Supplier#000005391	BfIsR LpIHomv77D0EU,T4x0VyZ4	28-756-465-8149	688737.0523
1032	Supplier#000001032	EAEZHF7prT4nExxWsBPaSsOtWWytNfLdVHcIbIGA	15-328-403-4879	688687.0964000002
9286	Supplier#000009286	0Rsc3gYBFVPEusbTFPQ	28-467-426-2914	688679.2974
4791	Supplier#000004791	VclGsA7IcScLusE3	31-795-664-8589	688597.8303
3187	Supplier#000003187	letUiZcqEJT61wXYkP2XMjDW7yNqmXXO9l	25-418-344-7176	688460.2160000001
4186	Supplier#000004186	WKrQMVh5a7rutLDNkvce,H6RMnSeqS6	27-979-270-8037	688440.9365999999
3022	Supplier#000003022	NXlEQWla3XSL2hyeWEHEvDWQdHV0,dd	28-399-458-2092	688388.6483000001
1123	Supplier#000001123	n5L 4Otbff3oXbr0Ibs	13-405-995-4269	688383.0209
4083	Supplier#000004083	ag x rRbSF61	31-230-841-3385	688368.0618999999
2080	Supplier#000002080	sRfXXB4zBnycf478fANs7oCg	27-238-306-4611	688277.0646
1462	Supplier#000001462	HgxOeUIzzWk7BTRw2ax8oHi	16-983-112-6138	688232.9428
6649	Supplier#000006649	JEr VUzDpQ0TDFuk07kfkwxWEC	15-750-526-1453	688209.4315
2380	Supplier#000002380	1Q00W4cwp0F	17-811-830-4132	688150.6897000001
2625	Supplier#000002625	a4V0rWemgbsT ZMj w7DB8rUbZ4F4lqqW5VKljQF	21-136-564-3910	688099.1545000002
636	Supplier#000000636	Kc rcRwa,q,TQx1W 3fu	28-357-934-4951	688091.3000999999
351	Supplier#000000351	ZLWTvVCSmwsKfElT7K 2O1Ui	22-508-407-2628	688019.1905999999
9142	Supplier#000009142	axW5NhEYgOXhtHGCReYC97 71v	26-681-593-6020	687914.5240000001
6553	Supplier#000006553	ukiIbIzUAxKXbJCRD	22-286-234-3766	687814.1886000001
2351	Supplier#000002351	OUheQZEw,TqaIoJJd7XpEpwaUZfI2R4b	22-806-713-2802	687807.5279000001
9935	Supplier#000009935	GbU8jTE w4NOHU5ZkeBOmc XVKnz	25-154-657-6246	687803.1925000001
8509	Supplier#000008509	E,gt5UKRp8oHmTY	32-274-103-2779	687743.0489
4009	Supplier#000004009	rMbsZhBvnrVGRFRVQ1,KcJLXgOL	30-654-164-8626	687484.2556999999
9809	Supplier#000009809	M,NoXai5TjhyvOH,R	27-231-166-2926	687388.4856000001
7688	Supplier#000007688	d6lpYBVfO6wowoX6P1w7ssjXGWjgm	33-598-549-5765	687302.8356
3146	Supplier#000003146	p,rZD0fzD SgSXkd3GkW2ZjQMSu4fCq	17-451-509-3636	687294.0113999998
1321	Supplier#000001321	vz9IwHx4DLiaFXFveKzv2E1	32-708-579-1992	687287.5877999999
4020	Supplier#000004020	67I11uSvIB6LsbRxzpGTOsW3diE3M23	29-484-433-5619	686992.7399000002
926	Supplier#000000926	SEEq DJHLi I6	20-500-435-2716	686915.3625
9369	Supplier#000009369	pxUOpUtJ6chUEk	16-533-254-5081	686845.1767000001
7527	Supplier#000007527	Vi2GCsbNCmbhoFETM4bT5p5k YOU	20-481-318-6812	686760.0941
3285	Supplier#000003285	rDe8Y 4pVW 1YdzBmyk	24-723-784-4153	686741.1906000001
1605	Supplier#000001605	A5Jf2STTfJObp eGoChS0KYYNhe1vJsJ8V	23-611-695-5721	686728.0962999999
5608	Supplier#000005608	0VKQeRI S4B61buMvEevlRhO	18-402-586-1520	686628.1540999999
6144	Supplier#000006144	gg3mh2VuLQeep4fRmxWa2iPPkENE	16-552-980-2565	686597.1703
6218	Supplier#000006218	YuARFOUyI O4QDPuiX9e2ukSkr3nwb	26-563-526-1606	686455.7385
1514	Supplier#000001514	mUAsH0lOz8YYbXMl1VFP qNFK9,	18-748-482-3964	686419.3063999999
8696	Supplier#000008696	s0I94iZbagQ6fezY97xKng6uwl7MX,	34-715-947-4920	686310.3058000001
3008	Supplier#000003008	TSt8rc4Usc 1UdSD,6VwiuG2XS0tBzY	19-634-851-5012	686300.4500000001
9662	Supplier#000009662	,LewPPox5XnPT2eytXmopVIvM	19-926-402-3468	686296.1375
6176	Supplier#000006176	F2bNnNdzMTFRSmsb3KAVk	29-726-581-2310	686113.1143
7574	Supplier#000007574	u3JmTCGgom5RD4YLhf2dpDVU6783k	10-375-719-8227	686110.4753000002
6175	Supplier#000006175	NVFNZHqL HZLKBDvRx9n6OEo7dQ 8rjte0E	31-368-793-6278	686095.7148000001
6462	Supplier#000006462	SxQBQUpcOEd	33-810-638-2473	686051.366
9145	Supplier#000009145	1iNzrSUnEibVn4KGTFyADF5HOPhV3,	20-623-565-2517	686007.3679000001
1632	Supplier#000001632	6KZLzKm0GjIQgF2AZ4HDKRcffj9RTw	24-118-318-6660	685972.8301999999
2811	Supplier#000002811	5pvhhUcKa8UmuMWM6brYi	29-740-466-9013	685921.1324
8552	Supplier#000008552	Mr9bM9,nqB0w5hocbjWJ,	33-232-964-3881	685851.1491
4921	Supplier#000004921	UTT9MiyzVrXqZ9JYtjCYiUuEstt	21-400-799-2328	685823.6605000001
5567	Supplier#000005567	cSvl3 Lhy2yXzASuOH2EUoY34uyfJGo7yNX3	19-984-730-4684	685815.4526
5301	Supplier#000005301	cAd4Fk5waT	25-797-599-3277	685809.7111000001
8561	Supplier#000008561	Mkd7mWU6XZNNkUqnsy34Kt1aYxo	29-309-888-3946	685764.7499999999
1666	Supplier#000001666	z4t8jiCjahT7K E8l	32-154-546-8208	685757.495
133	Supplier#000000133	QT,semYwdx	14-731-952-5158	685746.5088000001
1182	Supplier#000001182	mSIDktpv g4FhMuhXWjugfe	22-403-723-5565	685725.8669000001
5582	Supplier#000005582	BPeIaQUjfHtxPOD7nXA0TEkeH	32-258-813-7617	685622.9036
937	Supplier#000000937	UBfhiW HpJzqh9uTnhXkOqjRvP1vAIWokSeR5	25-410-699-7522	685619.1746999999
9591	Supplier#000009591	4ksWQNho8d7UzvjZ1Ea5N40tI8Y ZqDLHqC	33-464-958-6370	685534.8870999999
1374	Supplier#000001374	uHLiKIkGMCK39DBiPLySDhM1	14-105-774-9435	685521.0587
4712	Supplier#000004712	zESBY8uYvFunK7	19-771-212-2431	685402.7816000001
3302	Supplier#000003302	6XW,uY7xlDDOJIFJxRuf	21-966-112-8188	685351.0961999999
4081	Supplier#000004081	6lvRJvSrtCgT41z,NcDKPswTAPyG	22-603-507-5487	685323.4337
8219	Supplier#000008219	HQO,s0Jm6URO9TO3hdovC P3e1kRyd	20-377-311-2163	685142.4733
1261	Supplier#000001261	cDxqWVt0QNlfIdZRciz	27-516-126-8540	685109.4127
5795	Supplier#000005795	HXxMQyJ5aywAYA7N21g2Np,1XlhbMJtZN6PZl	12-184-817-2379	684941.3486000001
5606	Supplier#000005606	gC9G8gEwEWysJWhV	19-520-105-8734	684891.5144
6382	Supplier#000006382	tvoB5S0FEykK6oEuWKhUwQE1 PEthJ1Kc2HF6e	25-862-837-6488	684796.0632
5684	Supplier#000005684	0MzZnU nyISeotsC4A6CpCqMLIOr4	10-253-929-1245	684759.7884
783	Supplier#000000783	dMpZwZ95xznZWg4acMQW dK8AQMhB	13-785-672-8751	684742.7627000001
3453	Supplier#000003453	75t7xVMCAHyeyMbhk	11-164-380-2986	684681.0348
4696	Supplier#000004696	J1qrxkoTf hOSu64XOflrzugGVsC7PGCl9X0	24-512-414-6293	684660.1522
4514	Supplier#000004514	uztivbocfE12vWkYT6ih2Tif	12-420-685-9694	684501.5210000001
4681	Supplier#000004681	qnXYjdfzSKQYH6A8N	15-243-148-2996	684442.9355999997
3519	Supplier#000003519	DmV0LiZ8s,x pTRq34	30-276-122-2717	684370.0987
9266	Supplier#000009266	2LDu6eCrvn8Skc,WgmVYoJOHAo	19-303-584-6011	684366.0371000002
714	Supplier#000000714	q1PPTQ0r9QK4PkYS95S yftFXTypAM 2l	11-165-805-5563	684330.2925000001
2605	Supplier#000002605	xbIrP5HDQnF2eg68Ipnd0DnvXwd7QhNK	25-328-917-4525	684277.7385999999
2466	Supplier#000002466	lhyLkN5MSl3SzXCc0a	18-121-162-5720	684165.3274
9278	Supplier#000009278	RqYTzgxj93CLX 0mcYfCENOefD	13-484-537-8858	684125.4138
3266	Supplier#000003266	fLRCV7DPrTLRgpiHpopD	30-718-666-3194	684012.6861
562	Supplier#000000562	8TXCtnRQzByqjie	33-782-496-5965	683952.1797000001
755	Supplier#000000755	IRW3Y6qorkh4GBy4gHSpVTF5L	25-750-724-4757	683929.1098
6031	Supplier#000006031	pyc4JtJqTf	12-621-978-2294	683890.2568
6724	Supplier#000006724	JnHhIl76r17oFyNFVwBHO3	17-720-850-6599	683841.0907999998
2659	Supplier#000002659	nHaiofS3Ra6nsLVCqNC7O0BD	27-639-321-9156	683807.6696
5318	Supplier#000005318	Wp5q,sgo1rdt397icDFq5WIwLZVNWv0JqUfkv	27-820-230-5782	683629.6772999999
4552	Supplier#000004552	eRwxvVjYTpamQHXlldIxF,q8C	16-360-747-6385	683610.5431
9067	Supplier#000009067	TI,wbau X5HpCdASV9BqNPZRpeDlHQpvPzePTtI	21-519-914-2068	683566.2587
3015	Supplier#000003015	sMfAdl5XgLeFoiL	31-863-281-6684	683489.4377000001
8323	Supplier#000008323	75I18sZmASwm POeheRMdj9tmpyeQ,BfCXN5BIAb	13-143-631-3790	683483.9261999998
1145	Supplier#000001145	GaJB 0FOAPBeqwPA5J7GJcVnT6MvPe	28-769-367-1159	683390.8654000001
5631	Supplier#000005631	14TVrjlzo2SJEBYCDgpMwTlvwSqC	13-115-858-1079	683382.5024000001
5437	Supplier#000005437	pyGkLNKhQ6UVm7hg	14-907-539-4048	683381.8375000001
7783	Supplier#000007783	BcgnR6Touk4jKmTtHPurLD4wW2cEx	20-953-753-1051	683336.6648
8115	Supplier#000008115	Q0pSKUUA9WOt51kzug2EW63QfQ	17-874-542-4311	683261.4534999998
5099	Supplier#000005099	kAzKSYipEE1wYMQmewdjxnl9,npiaH	22-251-188-1058	683255.6614
7261	Supplier#000007261	ut kr2BQNRm4mowfEbbpwiTu7gqZfZSote	30-336-678-3733	683238.8598000001
4595	Supplier#000004595	4ZcOVuZWis2Kg4MBnJ6mVyNV,TEFKCo,pF	19-908-449-6024	683188.7472999999
7488	Supplier#000007488	cATpp9zHpsa4Y1wdpbbxHA6tZm,gI	10-149-832-5333	683177.4371999999
7620	Supplier#000007620	BE1BA,3hW StHY7gwhDq6YFc6MTd ERt	25-170-118-1298	683165.853
9551	Supplier#000009551	8fW3HZk0UVkr25gA	20-260-266-9203	683146.6305999999
3903	Supplier#000003903	9ngFBw8HJytf	25-891-797-9185	683146.3749
4172	Supplier#000004172	f8OSCEERjJIELPv7zkkoSMew0gw59gACm42c	23-952-476-7364	682979.5934
5935	Supplier#000005935	vB3BeyMIWG JEMeF7,4h2	34-184-639-7716	682973.8307999999
2699	Supplier#000002699	,AhvhZzc5HW5UA8in0PmuzwbO,02i	20-815-307-6571	682923.1124
5324	Supplier#000005324	BH2OtHA997bh6QOs351YE	11-272-990-3856	682830.5804999999
8585	Supplier#000008585	1rsEBCKUBd5026zLAxS4XBZlhRRxHyOy8KroMB	34-116-951-6320	682712.9139999999
2079	Supplier#000002079	2oUXSqxj,oPyDvoEPcgrBKinWFqgWxBa5kglvvo	19-917-742-4588	682446.1087999999
9293	Supplier#000009293	BZME0dGF3sUlPW6nOsJ6x	26-605-455-9355	682331.7048
3150	Supplier#000003150	XwSjsmzEnANK,wAQUp4Xf5xJDqR	31-682-234-5255	682323.8857
3148	Supplier#000003148	CpCJWI4PHeiwYuq0	23-767-770-9172	682313.7713
9140	Supplier#000009140	PEo82Mna2Dpg Mf	32-112-568-9852	682242.3582000001
1345	Supplier#000001345	gc,ysJMB0DxN77SAyweKRXl3b,opUqZTHV	22-581-403-5559	682155.1331
9623	Supplier#000009623	gzSBhAv86RXlqw4d2OArfp6YygO9qrHzL3MSlE4	11-796-392-8340	682146.1715999999
3796	Supplier#000003796	gC,28F ofakz0ZdgKQ2nrW7JFO35 RJN	16-248-453-7753	681999.2803000001
9339	Supplier#000009339	rdjtJb6CvgXd2ktq	33-515-259-7393	681845.6677999998
989	Supplier#000000989	e5uX8AJF,,zRIIDgJc YMB59ITz4v	11-895-219-9405	681807.9088999998
4320	Supplier#000004320	SuttVaNiEeRVK3ZDO	33-370-752-6261	681763.6369000003
6289	Supplier#000006289	W3Q 0yQkF790P5Xb	22-280-229-3372	681722.0926999999
3109	Supplier#000003109	2WfTvl8mtHqnyueg7Ki	13-589-994-3136	681680.23
5389	Supplier#000005389	9ahcfntXIusWZvO8pD6kxBqppWkSoxSf	21-299-169-1876	681530.2590000001
2600	Supplier#000002600	x6q9Kzx AfI7yqjYujRs4t RTvO9v2pgG73morL	18-611-478-3201	681441.8180999998
9258	Supplier#000009258	vj 7yiMQeMGfwaLJ4OpmIRq	17-688-248-8351	681306.6233000002
3708	Supplier#000003708	7o,xU09kadI	22-518-213-3462	681268.0089
7507	Supplier#000007507	vUfH613Y2e8lxIEaVMbMqRsvcTT	20-946-110-2952	681241.2182
2845	Supplier#000002845	ZOlKEPI,8ftemk3cAGokylKstRcZiBT0sc	33-639-575-6452	681152.7926
1129	Supplier#000001129	DV4fcTLWjb2mu	21-213-197-3416	681129.6357000001
5910	Supplier#000005910	KCTkK928xl2KB4J9e6oWIgE9Q	27-105-278-6408	681042.2129
6065	Supplier#000006065	UiI2Cy3W4Tu5sLk LuvXLRy6KihlGv	13-920-103-1401	680962.8476999999
7	Supplier#000000007	s,4TicNGB4uO6PaSqNBUq	33-990-965-2201	680859.4770000001
3169	Supplier#000003169	ODz6ABJGTs8Qnz	13-103-649-1606	680834.8296000002
8356	Supplier#000008356	uSKxQwedxMwkoo73DGqj4duR33qRQl2LJyLxY6z	16-307-991-1055	680818.7947999999
5071	Supplier#000005071	RYDdMAh81QJMYzWDq9Pxt	22-628-554-8536	680795.9807999998
4105	Supplier#000004105	FVJAa1ZG3WvJFf53jhtlzxvEUjxyl,e3msMGOBy	23-467-138-6608	680683.0325999999
4066	Supplier#000004066	TNBnJFDScUmsjBy6pSWTS sfMg9jpfKx	31-304-122-5188	680613.8587999998
107	Supplier#000000107	fqniA2vC1VZU5DZG2TBiN	26-958-723-2164	680581.1941000001
3759	Supplier#000003759	hOq1CPZ9AAw	21-832-997-1794	680521.2083999998
3269	Supplier#000003269	W1y8yHKAwJD boL	32-572-597-9900	680512.4878
6891	Supplier#000006891	Sx9AC8YnEcejMh549HEYlMY6fc	16-622-852-5856	680501.3456
9088	Supplier#000009088	w0QXNsQj44PdNP79s5KRcEuY6,leVVY	28-799-267-6993	680453.8012
216	Supplier#000000216	K83M7iWDJx N Y	24-182-902-2539	680303.0611
3860	Supplier#000003860	hHRLypDxFb eNAcuBcE	24-408-465-3866	680211.5241
4289	Supplier#000004289	WHUavCR2SCX6geDN5dDRgV	15-877-942-9592	680197.5164000001
1489	Supplier#000001489	08AMqEGmciIVqoF5jI4OfDFjpt	25-494-666-3642	680175.5317
9944	Supplier#000009944	mVupJj3G4BpYI5ldojDgL	11-170-574-6579	680110.7422
1457	Supplier#000001457	fBc,hLeb5G2Mb8sDVS9ExK3Wv	19-690-888-9450	679984.6550999999
6579	Supplier#000006579	Jgbu,YujvdzYzQnXvRRNjCVxy8N CTs0AH	31-565-158-9205	679962.7526999997
7846	Supplier#000007846	oL1Hg d51q1rG,hf52 EPPEuQPFEU491B	20-294-169-7889	679952.6901
5982	Supplier#000005982	AL5c9zkqXQ5ma U hKoUwGLB	33-524-438-2827	679924.367
9382	Supplier#000009382	U635Ufh4OsWM8BBR8IbEOFFV0FQ	28-592-800-9172	679774.2292
593	Supplier#000000593	qvlFqgoEMzzksE2uQlchYQ8V	16-262-671-5187	679627.2004999999
8529	Supplier#000008529	l4Y,f11TYz7Ph1erL7IM9AXf0poUIrO2OS	30-791-579-2088	679618.5059999999
3613	Supplier#000003613	r1aW3duU4 EJEg2lilZyY9Y7vrGYcyl2lpV0akz	33-557-797-1075	679577.7015999998
9677	Supplier#000009677	LKL37sM9RHu5j0138,jQCNnBjo1DM1Z5,	27-135-372-9596	679511.6462000001
7768	Supplier#000007768	8FDJ DvbSiN sGowNWsUMw8p	34-932-957-7741	679448.0096
6225	Supplier#000006225	SrmCApiIP0DxRwh1LRea0ASb3fBjLx6KsFk	28-970-112-8295	679424.4478000001
3490	Supplier#000003490	QRAa6mutr7mK9pX1OKcMYEWra,w2fIBmxt8ezNx	26-729-522-7327	679407.0304
7057	Supplier#000007057	y7FptKFu3YCmDFsZf6b,6xbmWP	10-162-742-8020	679385.1121
6642	Supplier#000006642	N,CUclSqRLJcS8zQ	13-302-100-2480	679377.0868999999
8619	Supplier#000008619	hFUNwmm94nsn9O1aSAwu6r	31-979-362-1298	679365.6536999998
6208	Supplier#000006208	KT cc4hGFVdzb8t5w6hf5	32-682-104-2483	679254.0517999999
9658	Supplier#000009658	oE9uBgEfSS4opIcepXyAYM,x	29-748-876-2014	679218.6009
4041	Supplier#000004041	TB Vfbmpzu6uclxsSKY4Yw5AOpme	15-628-284-1230	679162.1637999999
3199	Supplier#000003199	dCLmojN3T0Nm9F	28-745-416-7332	679107.979
7016	Supplier#000007016	IZSABjCNf EQHPJLZUFhdgcwq0UMMW3zI d5Z	12-964-486-3174	679085.0988
3175	Supplier#000003175	vVyQZdtFzvoZpyeRC7jIzKKRSlXHO9kXivDYSrCN	18-179-171-6669	679048.6976
4291	Supplier#000004291	lsE8N3KbWXyRK	29-134-838-4532	678912.1662999999
3866	Supplier#000003866	F d5ptZhKCBX pMd1 QOZzS5Sxs62By	17-981-521-4757	678911.4882
280	Supplier#000000280	MZAJPsr3TS62ocxtRc	21-536-349-7369	678900.4807999999
2610	Supplier#000002610	L5I4XUPZsSdjORrN	20-468-124-1460	678888.9373999999
2681	Supplier#000002681	3LkJhU4kbsgbf	28-791-158-2651	678870.6278
1959	Supplier#000001959	8v2xjkfTj90tWl3gGTKODt	27-191-843-2229	678834.2682
7175	Supplier#000007175	6OGmajWN7b6eLeH7x4pmCsfMhDzufqCcqxmG0	27-187-885-5530	678805.7733
1696	Supplier#000001696	1 8XLqwCH,fbKVtW6HVGt3bl17PQ9vAj4	19-782-434-5708	678801.441
7802	Supplier#000007802	L6A35lJd5KOBZm	32-410-504-6173	678666.1089
1834	Supplier#000001834	DwLcgk66n6	29-893-932-2474	678664.8563999999
1556	Supplier#000001556	4WGfuUewnE0EzhrFO	18-515-199-2701	678602.4672
3761	Supplier#000003761	j3zjAxTOpLPZW7aarFoFLN0IN,,eGaH81LvFof	12-897-856-6893	678596.9706000001
2072	Supplier#000002072	XBBFJ0OV0RxLBgG ,dNl	10-983-966-7774	678592.8841000001
9635	Supplier#000009635	UkKk7adjonMEy	15-218-564-4264	678567.9220000001
99	Supplier#000000099	4SxkTHG28nZrtT0,MnVF9H	28-272-909-1617	678399.6992
8076	Supplier#000008076	x9NnZNQwNnG78eiif	23-492-570-7101	678257.2557000001
244	Supplier#000000244	c6fBN9a 6EOcB1ZjbImMBAQMwI BKScDNVRP8	11-556-986-9638	678227.8294999999
9	Supplier#000000009	1KhUgZegwM3ua7dsYmekYBsK	20-403-398-8662	678193.2407000001
1633	Supplier#000001633	0O0likCf4cm7pwJeWkzXaf9cxUb	19-561-753-4533	678126.0522999999
8013	Supplier#000008013	ygzSf,I8c5s,v5RrV9	31-887-459-7971	678112.781
8786	Supplier#000008786	MoQKex3SHOANUI9czfzQAbv8Vei	32-460-461-4845	678112.5601
878	Supplier#000000878	cennOpnejXFuwxsxrfoz6U,WN TC7	18-462-213-5795	677690.2500000001
5420	Supplier#000005420	D1k07tVPazenvdL9Y9CBqimCPcf	19-282-185-5705	677573.3297000001
9852	Supplier#000009852	J 1Nz9NgWA0 uPIqjY5LVHLAHy	17-539-104-4483	677513.2849
7069	Supplier#000007069	II2PgkwHPix7ojcLYpyPsI gSQZlox	14-499-950-9694	677507.013
217	Supplier#000000217	UVrZj7M2mMd7JLjbc tvFmQad14d1oid	25-113-702-9259	677496.6739000002
6416	Supplier#000006416	oYDSMEcdAap	19-578-959-2228	677247.533
5060	Supplier#000005060	egjgTmU5L0FZjsl,HC2Z5dk8yurOM	33-201-460-2475	677243.5579
8189	Supplier#000008189	5jpw7RetjcSszx9tXG a4RegDJzmFZj2Z	17-284-559-2583	677216.2125000001
7569	Supplier#000007569	K1xgmI4bhbgpZNaj8lvg7kPAjav	26-193-398-8891	677188.7881000001
9855	Supplier#000009855	jK58xgC6rj0XEAN	30-298-120-9418	677043.518
3619	Supplier#000003619	9d8ORCzNKHhK 5VfdTNd9Sp6HGOuM5tBfh5	33-969-752-6348	677028.0388
2359	Supplier#000002359	K99xilTpFY1enNa9TtKKQu,eq	11-732-769-1277	677010.7440000002
9230	Supplier#000009230	yxMHRmhq1DWOYpaIpaSDF5xcJML	28-265-912-4981	676908.3362000001
9612	Supplier#000009612	oZpGwogaNBBnfzZUQVoobSq4T9m	12-647-830-5763	676897.7341
8029	Supplier#000008029	kiqxSOLZYBKI,Hu2a0gV848p0peMk6CdRa	21-622-338-6482	676852.7533999999
3189	Supplier#000003189	DWdPxt7 RnkZv6VOByR0em	13-609-731-5577	676824.8719
1225	Supplier#000001225	EcOF0LtTFCmRbiJMzEAEACH4uYvcxzseopylu	26-277-191-6429	676793.7692
5565	Supplier#000005565	RPRbABmHFcRGvAvq	20-459-844-4016	676714.6523
640	Supplier#000000640	mvvtlQKsTOsJj5Ihk7,cq	13-758-222-1059	676695.2227
9645	Supplier#000009645	6CmMjDVLD5mzK5k19CaL	17-170-281-6088	676689.6610000001
7498	Supplier#000007498	hrMVIZ H9Aqrtpl9J4,g2tKLz	14-497-243-1560	676658.7626
1472	Supplier#000001472	RHjAeeLxoC2VX7qxlFbuK7Sq8Dle	16-460-172-9906	676570.3003
1069	Supplier#000001069	VlfbeQ8ZEEaAYXcoXBft1TQ	28-959-318-6130	676447.1119999998
9368	Supplier#000009368	3EFu0xg,fQLL	23-124-665-7492	676440.9042999999
1095	Supplier#000001095	g03W1pFPhUtYCsSQQT1ZYEYQxkkjiyWfT	14-128-328-2874	676410.8367
6204	Supplier#000006204	w83 SdVHNrmuAK	12-995-621-1797	676305.1947999999
8215	Supplier#000008215	o2ereW6g3ev98WS2oL	14-256-501-5320	676258.7011
3909	Supplier#000003909	TjJ21ZlzfN	21-203-379-9975	676176.4611
1464	Supplier#000001464	yZoKE4Ac8szLlvH0cYaqp6paOV	18-984-442-6908	676135.9186999999
7446	Supplier#000007446	sUDf3rG1Y,4XK3OB	21-479-697-7150	676119.0247000001
1823	Supplier#000001823	Whl3blLj9o29SyPJk ZJ7pXPL9uAvvOadEvIkd1	11-830-153-4103	675998.7000000001
3086	Supplier#000003086	EdiLbOuVZPvcIKQ 8C53GAQCRGDQEn	16-932-836-2080	675980.2665
8540	Supplier#000008540	RQGjvRP7uFsx3pccm0H7NQ0fQp7GAUNAvtkakUid	26-239-939-9900	675945.4888000002
2006	Supplier#000002006	ozotk0nJqLKtn4Vbi,Ig	14-108-742-4060	675891.3359
6750	Supplier#000006750	nYQx9ZK0xmoFMbSf	12-128-392-9206	675889.425
4343	Supplier#000004343	GK3sbopqrQEkWLMvVBFCG	13-972-182-3578	675810.1276
6032	Supplier#000006032	gHchBFAQrJ kOlgborod 5AY9NZjma6b8pE	31-211-220-3819	675735.5278
2220	Supplier#000002220	,TFjMgaq  vSThlYiKHcD mTTuNEKmEf37X1g0A	12-308-506-8546	675719.7782000001
4770	Supplier#000004770	zaW A8SdI3cq5jnxJsMk8	10-118-723-7583	675695.4352000002
676	Supplier#000000676	USGIdhKusoe8dcvWdBbZWUfxnVxNnsgY mG	19-833-604-9178	675683.1746
8692	Supplier#000008692	ke4YY0yawKS8 ICpJfIJt0tXGymxAgt	16-592-792-3475	675663.4275999999
1347	Supplier#000001347	9kz,LqAWi1VaotiC kRwSYokpaCrDU2B7GDoC	30-156-120-4484	675629.9268
4267	Supplier#000004267	iV50e6z8gV	18-175-189-3365	675622.2538000001
958	Supplier#000000958	uAjh0zBiJ0d	18-553-836-9296	675599.7834999999
3455	Supplier#000003455	UZgM61NKyO4bSMEzmSfAta1hEKjt8P00C8pZHIUz	29-315-593-9537	675424.2649
6953	Supplier#000006953	OlF,o4P08RTJAdN	21-541-464-3162	675378.5027000001
8582	Supplier#000008582	B,Sy8pyruZPcyhEMUf	31-274-355-1342	675276.6087000001
9755	Supplier#000009755	lnSXCuqeKwR	10-523-874-6826	675185.0001000001
4508	Supplier#000004508	soV5L8Y Bwu,JNNU0riER	17-489-932-7585	675159.4079999999
8292	Supplier#000008292	paQEp sV7TNxy5BkskJTZQkV	15-660-195-3804	675111.4034
1337	Supplier#000001337	wike85v4NC4	30-475-141-1305	675096.6496000002
8192	Supplier#000008192	WBaEm7WMwk3iomHxE	16-137-666-4879	675053.9287
5680	Supplier#000005680	hWkoAtOkvn	33-547-203-1846	674901.8777
293	Supplier#000000293	H2JnUWv1X3s0yI7i2tY5Vd0kd4f0	19-143-962-9484	674846.1473
3288	Supplier#000003288	EDdfNt7E5Uc,xLTupoIgYL4yY7ujh,	13-442-617-3554	674842.9721000001
9881	Supplier#000009881	wBAZjc3w4ptPzXHi1xyjM2mddn	12-206-786-3708	674812.2932999999
5362	Supplier#000005362	VY0I5sfYoL	31-351-484-8312	674637.4530000001
7223	Supplier#000007223	1jnl0HAZoFvpqs5MzooD7Alpr	20-986-400-4652	674577.7575000001
8416	Supplier#000008416	RrFXnKKPGWOmzDMkaQsgmAzc3nPvkmxJIK	10-422-505-4431	674519.8398999998
4594	Supplier#000004594	IBOTVXDTSrtq5WLsjz	34-759-565-6958	674474.3801000001
4839	Supplier#000004839	JxtU4NY,TdGJSAOt1,du4ujxFo0W,faXtwrWnt	33-450-585-1565	674433.9691000001
3427	Supplier#000003427	PwxRqbDHq 8DDYuO5ZSb9EyinZBw762In4	33-905-472-5059	674387.4761000001
1365	Supplier#000001365	NysYJeiKia3El,ZtdccG,fwqe	21-621-404-5417	674357.2141999998
8306	Supplier#000008306	FKeicwk3u7yGVU QNVwAZ5UKCKCbVhN5H16ymw	31-980-589-8843	674326.747
9078	Supplier#000009078	l4CvArLwcgpwaJ5oaX8uSr5KYA0lXn4v	29-495-229-3649	674247.1481
5561	Supplier#000005561	ZCwI36fui PSc2KAii2Gz	22-448-682-4189	674207.9413000001
533	Supplier#000000533	WF9wtTxzbBa4kv FAeer9I1pQJ0Qe,uJf3f w	17-404-617-2581	674101.7966
627	Supplier#000000627	k6W51QENyVPe4 6z0ajEMTkEA	21-632-574-8701	674084.0467
3637	Supplier#000003637	jygtKm6sxHag3q1oJ3cwnv6BZ9elN7a	26-543-557-9072	674033.9184000001
7704	Supplier#000007704	mUcN2x,yodhb	34-319-784-1592	673895.9318000001
7820	Supplier#000007820	KPPWF8P1I4fCtScXCB1UYG	14-933-162-2364	673892.2275
3353	Supplier#000003353	OdzdTOTUqJ1	26-167-953-6420	673852.0867999999
6900	Supplier#000006900	slSxyCKtaGJXZ89vzUam5ckg8H2JA	25-812-757-1953	673700.8374
4469	Supplier#000004469	6yPIM3QyZSomoH9e9qJAl2D	14-974-420-9489	673641.7276000001
6518	Supplier#000006518	3ttN5q7Qk6y6F88PklDp	12-789-951-8212	673629.2060000001
2582	Supplier#000002582	R1auTuXErSql4 ,FqfJoJStindVfyNjgY	34-817-929-1695	673551.0644
5973	Supplier#000005973	sp994hdQ2Z3 HypX0I B6	17-308-120-2714	673527.2646000001
8158	Supplier#000008158	zCtCwYnWirA5cB7y09LYPoDdIRl9Em436kf	34-760-936-9540	673478.0639
8644	Supplier#000008644	Wb7d79W7q4WVSmDtGhSeTCD3mN9X	17-426-413-8639	673459.1704000002
5736	Supplier#000005736	2dq XTYhtYWSfp	13-434-170-2340	673404.9275
7619	Supplier#000007619	LF6stms3r,fk8Ap1tRFABWX1oaB4DD9s,eO	30-561-375-9120	673373.1061999998
1460	Supplier#000001460	wug2y2DTPZxvm2NbOGw7xm7e	18-947-539-5061	673332.5106
5729	Supplier#000005729	j9TX35udXCH1lQPVNI wTsiR92	28-146-390-5101	673094.2145000001
9681	Supplier#000009681	212RJJdqbKy88htaeQJXptoqJaH	10-440-827-7540	672947.5539000002
601	Supplier#000000601	TS2xMrQuUs9VrgWt4,gpdcEyWNw3K6,P	18-528-362-8573	672935.0963999999
3142	Supplier#000003142	dqblvV8dCNAorGlJ	17-595-447-6026	672918.6043
2120	Supplier#000002120	t0pSXXQ38Rkb9EZ7GSDBX3nPRrG8kLiv2OSRr	14-806-267-7554	672901.3695
2140	Supplier#000002140	0tAvFAWv c3	21-202-416-4283	672784.3769
1603	Supplier#000001603	QKE6q UdY8JD3d44aRQ0 r8xX	10-246-381-9259	672783.3562
3794	Supplier#000003794	RZBP5zv,DVmlQUyr5Q 15NuLJGrLzYdPN3UpLDlj	33-754-466-6655	672751.5863
8846	Supplier#000008846	rslOygSn4nNRHmYLWzt	20-491-907-4984	672688.6592999999
7882	Supplier#000007882	JDv8BZiYG0UlZ	14-111-252-9120	672676.4640999999
4061	Supplier#000004061	B7ephfEDaRZd	29-550-254-2191	672662.7349000002
5854	Supplier#000005854	TrWjpM,jt0dnaJhGPfzM FggvMgo8CzYnr94,vM	28-958-693-2899	672629.5163
6211	Supplier#000006211	PZfXmaNP8DRGstAaTVnoOTKBMzWGERahyfY	18-507-756-6981	672585.0768999999
1508	Supplier#000001508	Uik2a28GvBBd7R7Y21wjT5	16-380-863-8334	672525.0105
5921	Supplier#000005921	mT5AWmgfG9YhbOUttnn	27-238-166-1732	672415.4598
3380	Supplier#000003380	jPv0V,pszouuFT3YsAqlP,kxT3u,gTFiEbRt,x	13-827-850-8102	672393.6661
7925	Supplier#000007925	ZYse9qPjpNXWBzksL46jXHa	15-630-577-2259	672146.6327999999
4210	Supplier#000004210	U3PW,CIE P226655v	11-364-327-7484	672138.8974
9516	Supplier#000009516	EIRGJa39IZtPrz0dBCupUgwLSQnODy4zQa9YZ8PX	29-556-916-4227	672116.9874999999
2169	Supplier#000002169	JKBnBaxV,0z4lwgBupYpPWIIaoCPUG	21-931-513-1870	672069.7161
2200	Supplier#000002200	b764g4P1xzI8czRKa,7jAwqtml,vs6JIIkB	29-448-618-4915	672018.7876
101	Supplier#000000101	8KUTzVw32Pw3PD7 h,YJ0ysOoBtz9JfZI	21-970-795-5691	672006.1224999998
6194	Supplier#000006194	G97kwdVWx1MGKWRZVbC3BLBG	24-111-670-9397	671987.2167000001
9633	Supplier#000009633	0gHBypLqJuZLoPKB8zjB9WyK	31-131-365-3836	671977.7008999999
2946	Supplier#000002946	0lwGexaCR2GyTBjQGla8L	10-805-470-4559	671975.4249
9684	Supplier#000009684	LrxVt1hWxO24Mii	25-526-657-1906	671971.185
2844	Supplier#000002844	hylGNK,m i9KSia0OTFxN6oE5LXqUP	25-459-219-9071	671932.2685
4645	Supplier#000004645	F,lDH 3YCmLaKimHIJwiwwubh9gATstzL	28-575-285-6669	671914.38
598	Supplier#000000598	p9AGBjg4DZuChQbY8gAj3LtMrxpOWqMpJR	17-985-962-2292	671904.0070999999
9616	Supplier#000009616	1SnRLf5JOmleta	21-570-969-3630	671823.3658
740	Supplier#000000740	vi82FyqGelGW0G1mpP17eDCBJRgNLvNi	33-714-391-9055	671778.2387000001
6930	Supplier#000006930	2QQb2qxS O4mzLmysOhDLL6tri2GqT7Nxr	23-696-752-1816	671760.67
9968	Supplier#000009968	q84VQRbUizJ	27-552-144-5491	671740.5238
651	Supplier#000000651	oWekiBV6s,1g	32-181-426-4490	671597.1529
7011	Supplier#000007011	9wtidtOx1Gmmcku0zXR	26-417-784-5046	671499.7922
3054	Supplier#000003054	28NgA4borqn	18-791-898-4292	671351.0777
9578	Supplier#000009578	n4jFVMArQUVmowZ	24-175-111-3909	671254.5458
7145	Supplier#000007145	eG9ZPCfNuIuxusKl	32-331-188-7406	671207.7085999999
7359	Supplier#000007359	SYl0YoLC8A	31-245-137-6681	671109.9787999999
3836	Supplier#000003836	tdBz4J0l7wDJJu Dej1	16-958-229-2290	671079.4505
7044	Supplier#000007044	O2aV wCzz dcp	15-166-556-6472	670968.8470000001
6178	Supplier#000006178	HdoJKrXMoX3fNzftUbtZdDqvypMN9D1D5Pz	18-675-168-4377	670895.0441999999
7806	Supplier#000007806	fFT hBBnrI4vnjJQGrXvyEhaS	32-304-212-3169	670767.0496999999
852	Supplier#000000852	n3zasd04WljXdo9xMjQRkZKrEB	11-574-892-3228	670674.7995999999
340	Supplier#000000340	Pk5F9dPqsa3k16I3UR282gY	32-849-350-3343	670517.3641
3013	Supplier#000003013	LPjXyEI0Vb7,	14-108-315-4034	670514.3808999999
5166	Supplier#000005166	Mp6GjDPkur9B4JTgOUTaO10jA0ZkHwuJyR	14-945-523-4824	670486.1439999997
3644	Supplier#000003644	y5StdLT9IszUi,lRX2XwT5QF	21-243-887-9418	670287.4551
9772	Supplier#000009772	J7uGlVBUNacsmRXSc4, O4a	16-648-452-4698	670098.9751
4600	Supplier#000004600	iGVGwr0UYHqbt5Mg	22-756-980-3416	670015.4935999999
7078	Supplier#000007078	KbUybJPPmTnc0aNkcGTwnoIm3C3mC0	22-831-188-8290	669920.7104
4122	Supplier#000004122	p9nQVmRwhjmH	16-420-401-4362	669901.2475
2704	Supplier#000002704	WhpxJOQJQ3FDKvjjismQsy6uoGi	12-227-559-6658	669870.5035
6559	Supplier#000006559	wQXd8ML1z7KsEz,KUTpFmU	10-175-586-1002	669788.9688
4824	Supplier#000004824	cbKEO,yyzlkSf5D8P59V hUlEajLOPRcPg30	22-400-309-1559	669761.5571999999
6679	Supplier#000006679	lRBQi9D3IWGayjQhcw	10-778-528-5351	669704.0829000003
9437	Supplier#000009437	43Of djBBL2oVjDD4X65 Gw9xmTcA8J	18-867-673-9947	669670.5457000001
2053	Supplier#000002053	75Amlumtzs nRLz1Q lMf	17-894-414-3923	669630.8332
9151	Supplier#000009151	25lLOrzuKU8mG0xGP2SLkfo6Kfew7Kb4YuRv	20-492-750-3318	669426.1179000001
6756	Supplier#000006756	QQDPe79chxWaEbERpLDL6hg,uDS	30-811-893-7042	669353.5697
9524	Supplier#000009524	bt0azfQEYoLynPBBS	21-835-774-3116	669256.9812999999
3567	Supplier#000003567	gtd,z,nUBHkR6Aq8JtE6VYSWNzKx	26-407-943-4159	669247.2335
5662	Supplier#000005662	0qAYdmfdFCuDSVXZn C77Cg1D5JdMyNzX9FnK	30-629-418-3163	669213.5659000002
7158	Supplier#000007158	opQcsc pqJXzGKmD9Co31GehPzW1 orj	23-202-744-8221	669090.5331
1495	Supplier#000001495	jCiaZxCbu0u5NXQGPU4I5u	19-924-825-8388	669033.6578
6612	Supplier#000006612	KeNLynpTmU6m9PCKc	34-468-673-9731	668877.4406
335	Supplier#000000335	JSwzRFY7dDNKfBe8ebMtm	26-741-643-2945	668800.2978999999
534	Supplier#000000534	JBhF3gZcQiNWGxh8DuoAhmVi	19-198-519-8383	668784.8228999999
3202	Supplier#000003202	pK duW8oGZXScgMkf	21-751-618-8676	668752.3367999999
135	Supplier#000000135	F4Uy ZQNU6ESTmO3mrL,mI	17-290-812-8855	668675.9615
5700	Supplier#000005700	LsNhljBonNCGLXqM2bkar	28-416-627-2570	668654.3424999999
6660	Supplier#000006660	XvFLyA9DDpR4F7XEQrVZMvz zf,CAk	14-453-628-1249	668417.0089
814	Supplier#000000814	GWytN8Vx0IWzB8BByw6thupbonInepu	25-147-738-5484	668253.1995999999
5683	Supplier#000005683	5IHT1DXKzgL7m4sf1adUVT72JcvJAKm	14-578-354-3076	668136.7273
6004	Supplier#000006004	pd34ETIJBB2pgR4Tyra44yv7fa	26-959-736-5551	668046.6997
3981	Supplier#000003981	mhzV86Pr48Wwb 4JDJbULR44SDx3nfiDKu	20-600-189-6010	668044.9921999999
1905	Supplier#000001905	VhOcLXQyJM,Z,,QAVNWUPVNS58O	18-973-853-1876	668038.3598
786	Supplier#000000786	QiKBtsiRdDZ2xGcwZgOSoMaKSH4HQ360,88L	18-280-624-2919	667963.2812999998
7599	Supplier#000007599	HZFlVd9P9hPkrsDoOQb1tv2	23-515-832-7179	667836.4536
629	Supplier#000000629	SjPnzOlaF3,4u1QAyH1l57EnL,h1IgnmoG	17-533-560-8817	667749.0831999999
5788	Supplier#000005788	fRIvHQMV0YTbMbX0kzxRhQm0AH8WG0DlyReg	20-651-782-2644	667733.8038999998
7895	Supplier#000007895	NYl,i8UhxTykLxGJ2voIRn20Ugk1KTzz	14-559-808-3306	667727.7317999998
9429	Supplier#000009429	LvcH9y3y5Q2XaN,vIo	15-495-957-2715	667635.9725
6171	Supplier#000006171	KVdQXR2UpWcBnjc	15-271-849-7468	667549.2621000002
9234	Supplier#000009234	K09FNZnt oU9	32-793-931-4699	667512.1526
4800	Supplier#000004800	uy,dK eND3Ogaubkl,otcLPvdISomww9btn1s	10-172-117-6614	667219.9347
5231	Supplier#000005231	kKIHjkiyv3L2O eSAloxpc6eZBQvXC	20-691-244-6674	667214.2893
7844	Supplier#000007844	0zCap22lnO0Z5	19-876-293-2395	667175.6178999997
8355	Supplier#000008355	nvgZOmTqsyNs1nlHOEYgk73J	34-653-876-4431	667163.8288999998
3012	Supplier#000003012	5rgJwAVOqj6KqSAKn2eX	19-119-699-4000	667088.0641
7079	Supplier#000007079	,LIgpCtnyPglw,HMQG3pG3M	26-938-943-9263	667078.2392
2787	Supplier#000002787	LmMoJPKa9GVlhAPDndICfkPhhjfH1uAYx8e	34-670-823-3358	667042.7518
5063	Supplier#000005063	obF0Hgrj4moUr9u9BUXDrZgUhk6WoUDLS7Bt064	34-745-436-1269	666962.3678000001
427	Supplier#000000427	Hnd2bzQ95, Adq bg7BQAbFVmRV9rQ,jY98	30-315-782-5162	666928.2008
7230	Supplier#000007230	bVgNADApRN6dAUGrUgpuxsm XMjo2J14J	34-823-146-6618	666895.255
3863	Supplier#000003863	2Zv1tuSpNP,cO	17-221-510-7174	666873.4920000001
3173	Supplier#000003173	ydl44utgudl6CP46TF7kliIcF5sC8K9,WH,Tj	25-995-176-6622	666783.6191
1557	Supplier#000001557	ZxA5pFdT2aBu6	28-384-844-8031	666769.5505000001
3097	Supplier#000003097	EiTFz f  hHnMEp9l2 DqZXvfmVB5g	14-516-370-9680	666522.1640000001
618	Supplier#000000618	mPrv5o5d22wyXUgUw69x8m dtx7I3mMh	14-912-871-9422	666242.4661
4559	Supplier#000004559	TYEl2DZQ,4l1fTpBz	14-770-182-6947	666203.7999999999
7583	Supplier#000007583	tY1A0g5IAXMAYxhe45QIhjm5e	33-127-114-8415	666196.6974
4015	Supplier#000004015	VmHTIcPN83tZ oVSyamcgH4GgnUXsvX0TWGq	23-689-976-9856	666030.0898
9854	Supplier#000009854	DRGKS9JjAbYhTtN7bLB4rxOPs,Ia6KJoMDXQdg	17-873-530-1808	665751.2507
8385	Supplier#000008385	t2 p6wnZ6zfpc XO	15-881-456-6267	665669.8334
3819	Supplier#000003819	kfZQU 0CGcF43hgGfVYHSVBaR3FD	22-346-938-2374	665642.9858
7834	Supplier#000007834	RBIXpztLHmjVrF3OnD7YT8,VuZyLqk4G	24-726-110-2610	665606.445
6415	Supplier#000006415	EWaeWc2Po68CD8u6tSwIKHT2i	15-212-904-2698	665564.1176
242	Supplier#000000242	cpZMlI77TRq	21-489-286-5908	665497.3076000001
1393	Supplier#000001393	CnZ79ciDbd4	30-366-849-7076	665350.3070000003
5861	Supplier#000005861	rH5v IFhgwje fiI1A	24-710-401-5973	665180.3868000001
831	Supplier#000000831	NkkeNeVsWdw8U SeVBnUX 2GB	25-275-692-5827	665165.0972
165	Supplier#000000165	iPso5qCxSnxaNsRe9AU05Vl9hWm5oHIS	24-906-333-8640	665155.9527
5618	Supplier#000005618	4IKjb26vkJYiDM5Jp7dH	17-411-735-8302	665130.6052
9692	Supplier#000009692	fUF1Z6esCDHpTzdmawL9Q	11-597-962-7139	665057.2189
4016	Supplier#000004016	rxIU3SVvxD3en5QsvEkjq	32-312-878-8329	665045.8749000003
9533	Supplier#000009533	ns0A1FojntfOHziW	14-153-655-7458	664991.4237
2396	Supplier#000002396	qm,ACugivE78yOmteX6S8cQM,r837Seoo	32-229-206-2429	664989.3124
7412	Supplier#000007412	x7v4PmfH76nwINd1hbc0IqvyY5nrDH1	33-519-444-2525	664850.1588000001
8689	Supplier#000008689	BL31Awgb2UVMnqF4aNqOl3JEZKUEXY9	33-289-331-8236	664790.9112999999
5536	Supplier#000005536	Nzo9tGkpgbHT,EZ4D,77MYKl4ah1C	13-501-681-3157	664726.2705000001
9628	Supplier#000009628	W42Aqclp4Ov	29-745-342-4598	664662.5137
1583	Supplier#000001583	2Nmh1yFFQPxH4nUw06iqQ2FC5eM8iM	24-117-692-4897	664616.0081999999
8804	Supplier#000008804	yHTMzQqQv15km5f	23-354-178-6496	664482.6018
4353	Supplier#000004353	b4HfPj9UX35uP2H7a6xohz7orfVX	13-619-496-3301	664464.1913999999
4492	Supplier#000004492	nkCFbmQfWzPF0WrGOEHAgG,mMrlPGdWVxXIWRSKN	32-642-591-8199	664462.7742999999
1442	Supplier#000001442	j52dbhkWtbBg54wmB51gGQkAdu4	14-787-478-6073	664435.9798999998
8935	Supplier#000008935	J3i9FUPbAGRVI4NmuSRPg9,xPWIjd9zLZP5,,X	32-655-240-8264	664310.3345
3126	Supplier#000003126	RHm9TO8qDwK8WCjjgKqpruvKXNYIN	34-979-246-3014	664228.4301
8324	Supplier#000008324	SI0AP6KavzSiiXdQ2lDiWbmJsiCh4fA3xI	20-340-218-6944	664217.0870999999
3876	Supplier#000003876	QwBoyz1REFfvdFi8,3Xa1xPVyYh9Q4NL	28-339-544-9583	664203.3147999998
9043	Supplier#000009043	57OPvKH4qyXIZ7IzYeCaw11a5N1Ki9f1WWmVQ,	13-721-447-6674	664170.0867
3071	Supplier#000003071	7VZ5G5mbbLingg7z3gUY1ojC5QR5hkAZ,ok5d	19-948-142-5082	664093.709
4301	Supplier#000004301	nIUnIw9POvuLE3wthPav1ggAhpnseePXZVNSwjEv	11-318-701-1107	664037.5146999998
2692	Supplier#000002692	1B3q56lLAYJlOR5LGa V	16-399-574-8135	664012.9637
4412	Supplier#000004412	I0qgeo3IuROXe9UJzYPC9gHh51	12-179-306-6992	663986.8091999999
1187	Supplier#000001187	j9rBbrIDyaBSLLRH4oMCSpVD7Ln	27-361-403-1251	663984.4417000001
2624	Supplier#000002624	Ehmo9DNJ1prmKBlvQCs	18-632-900-4407	663933.5927000002
2818	Supplier#000002818	kzzNb5Jcm9WNmB LGlHk7JgN7	16-847-601-2480	663929.4373999999
5932	Supplier#000005932	uSiAbsTwYJ7u46sCRY,YnPdcE	27-523-667-3830	663912.3311
806	Supplier#000000806	mYSUX4mem2	23-702-985-4737	663836.3807000001
1673	Supplier#000001673	Sza30kYca,udUggnvZv4EjpjEr5Pq TXVzYQd6	14-961-472-9331	663831.6744000001
936	Supplier#000000936	CuIXj6RYaHGQ5SOkmhu8ZDRt5IU	27-555-580-3995	663708.8795000002
6738	Supplier#000006738	JJjGB5ZgaSW0uJDVi1c3B0aD9k8	12-634-194-1116	663676.4326000001
2007	Supplier#000002007	B,hSqG4gmGyaTmwPAkSn3Ai01BQXeOGLr	29-112-968-9817	663469.3234
3719	Supplier#000003719	MXFSR9lWKlwkE5tTn5BQNt0d tXbQjL5IjPhD0	16-515-625-2000	663468.5822000001
2713	Supplier#000002713	yAt5WmRDsnVPjGx9IEzPIWatZhz4yuqY5p	17-661-207-7790	663463.0448999999
9259	Supplier#000009259	L1,t6WFwiHe0A1MxVpslwlipmaMau	15-411-992-6327	663450.2392
3094	Supplier#000003094	hO4pweMKWo50zYMg4ENpoSpZ15YoVFvYcK	31-968-969-2992	663437.4937
3869	Supplier#000003869	,HZ,uHgmGOyUSyXE8A5FKm	28-193-913-3630	663400.4632
6874	Supplier#000006874	0pEC2MdwBUKMZlJr9R	17-789-226-5880	663277.2054000001
8055	Supplier#000008055	cYfooK5a68F3 39AmTM6Sl	30-166-145-4303	663053.1842
3535	Supplier#000003535	u8I9LNtaG4tTe9zvcazd6Rgac0PEdrywl	11-193-489-5402	663047.4133000001
2536	Supplier#000002536	8mmGbyzaU 7ZS2wJumTibypncu9pNkDc4FYA	33-556-973-5522	662970.4779
1035	Supplier#000001035	irCdtj9FHyuwJKYnueu0HC4G1Yjgam2v 1vA2gk	17-864-859-4104	662545.3419
4107	Supplier#000004107	a5szQnHbzIbBIjNk	28-449-573-5038	662423.2917000001
7167	Supplier#000007167	O,uP7xO,SCDILkyczq4VaoeotMvBC	10-106-222-1832	662398.4329
4255	Supplier#000004255	Qve06kw6vAOIeAavZqWRiHeEJo7eh	17-993-215-7051	662355.2168
1607	Supplier#000001607	t umXULPQNsFgOks6Ssxp V9y1 EOpYLICa	31-587-363-7648	662333.6046000001
3319	Supplier#000003319	Fmi6ygNVYw68xo IzhzyI	27-363-151-4668	662320.8966999999
7196	Supplier#000007196	StcKAmtNNc3gPwIVtxU46MN3u2pU8RH4qnqCM30	10-205-425-3230	662308.8766999999
7630	Supplier#000007630	a6VgzRIz8IVlpryoN4s8Ea	19-754-193-9017	662303.9186
2048	Supplier#000002048	oUC5NNI9LyuEk	10-939-898-3098	662109.4915
711	Supplier#000000711	oG9,,CGt6x5c sDr1tzAdzvq1y	29-291-385-3264	662083.6122999999
6555	Supplier#000006555	2qJ5eQsPt10yXTYGE4wQG5rAULeHH	14-611-111-9250	662066.6917999999
7897	Supplier#000007897	5iEWbfP8msH2aAUFz7LcaZwgLwgw21l2bA	28-672-947-2172	662003.9442000001
194	Supplier#000000194	MDIkT8cHs7	19-741-822-3512	661924.1648000001
8717	Supplier#000008717	gcjJDIaOMmzn	32-771-832-4290	661892.4720000001
4746	Supplier#000004746	HrNlq N3KfDAfcfX3uho4LqI	16-545-107-4292	661784.6357999999
8052	Supplier#000008052	b rrieCRzxNb	14-554-998-9079	661783.1598999999
8799	Supplier#000008799	WqtU7S87t2gAAYFBxoojD	34-419-306-9132	661698.3670000001
5607	Supplier#000005607	6L4hLpnMRj	29-351-566-4076	661590.7133999999
7597	Supplier#000007597	DyGVYOJf0YXcazbYP9	16-802-291-9574	661557.9650999999
8002	Supplier#000008002	,ii0NoZP4EBx	10-514-404-3403	661548.8840000001
722	Supplier#000000722	XWycFRsEF4TGhGrCPnM17JRB	12-909-341-4605	661403.1068
2375	Supplier#000002375	pP4gyVgnxG22m 6pAIlNeHQQzujH	28-885-378-7547	661396.8476
164	Supplier#000000164	7H,0hAZkls5qVS 6sjbnVnQtpjMnGEv3gKXVS	12-414-446-6598	661370.6821
8791	Supplier#000008791	ATBZ8n8glMXM2,3954OwbWuP1963AYet,	25-847-206-8366	661330.8548999999
7301	Supplier#000007301	FWp9qX40Urvuf3mQ8dlI0L8I	17-626-730-6751	661291.1556
7643	Supplier#000007643	dJhovIhUlwbXkPlb	26-179-585-3150	661250.4885999998
3776	Supplier#000003776	JI6e6wke5yQuBO9PYAZd	16-899-331-8993	661249.9603999999
2899	Supplier#000002899	xHNGjUK4ehM1W07YQ	11-995-163-2776	660881.1773
3500	Supplier#000003500	9K7v1f FDj84g2s67F8jDsGF6tjBSMo4XG,,U	23-328-717-2189	660844.3682
4427	Supplier#000004427	68zmtilvyc6Y9iQop8PNifY8o	16-701-355-1019	660835.5364
4017	Supplier#000004017	ryVd3twx7WnifLPEWrZCIqap	34-797-367-3657	660790.8782
7220	Supplier#000007220	,7dILJeEhKrHly2nD2K7BXNrioZ2w	14-575-445-3713	660776.2221
7622	Supplier#000007622	eOp0qBjoSvXqZf8Ucghr5ZAQfgL	12-685-832-3085	660724.5857000002
4759	Supplier#000004759	bxwpbOzAFn2goILzqnWso	28-520-218-8613	660717.5357999998
7404	Supplier#000007404	uJ6JipGjD9H2B7TFwbniGkEf5nHKHfWDDw	27-982-883-8616	660707.2956000001
8347	Supplier#000008347	2XHTRyu8x 2S6UTEvtT	18-177-871-2624	660679.1793999999
321	Supplier#000000321	pLngFl5yeMcHyov	29-573-279-1406	660521.3106999999
9135	Supplier#000009135	HSEBHJosYq3cuEYIvGRlZbhoaulq	27-171-571-5733	660509.3576999999
3075	Supplier#000003075	4r1HsHGBEH88qIxsG8Dr9	30-700-119-4521	660293.5671
7497	Supplier#000007497	zBBC5 Uiazuu7E awhFEhPiqsmjq3YoL	30-691-617-8205	660230.4961999999
9604	Supplier#000009604	oujCr,AcGJzs8ThIc,MGYjwbkZqkipn0	19-711-135-4502	660220.3772999999
9317	Supplier#000009317	WkcONAO7Fx0TRCXNY	28-776-771-6693	660098.7139
5793	Supplier#000005793	WVlXdhQywxw1frEcc	34-606-945-6044	660063.1231
9324	Supplier#000009324	dc17deZC9JCB1wxdd15xce	14-135-475-9911	660057.3086999999
5758	Supplier#000005758	9kCDpuQmHTjaOw8Lhjrt1	28-874-498-3667	660050.0644
8152	Supplier#000008152	smw,crFy8U47L6NXee4bZ1O	19-728-273-5586	659866.4918999998
1561	Supplier#000001561	rhXxtK22rXkYrQuR7,	21-689-890-4790	659658.7371000001
3088	Supplier#000003088	DNwMHXZdqZ0T8enmPDX17Z73rah4yhMUO	34-331-890-4202	659632.6939
3138	Supplier#000003138	gIv3ntIwWm73YaBiJVA6d3ewf8 C9m1	24-345-619-5405	659621.2073
6310	Supplier#000006310	yqRw6vtIMslHmp2r0hmgpd2c7HG8oE	22-864-427-3604	659550.3450999999
3701	Supplier#000003701	RhXkYsRMx6SUaFg6RslNl2,9v7iU8S6q2W0g	15-825-550-1220	659511.673
4920	Supplier#000004920	mhaiy9Dd7fcKBb	29-498-816-9247	659471.2747
9011	Supplier#000009011	eUVpuk35UDv6BtA9YI0,u4j lW7SbKuP0Ujvkf	11-690-330-1559	659356.3034000001
1278	Supplier#000001278	fvx7QQ5hGaBLdlD	18-641-214-4344	659284.8898
2752	Supplier#000002752	gr0ct2XL3XRAyD	20-886-567-5538	659195.9093
9231	Supplier#000009231	T37AhB47xDHz48fggP gaQjmPUUEMeL2wO	18-767-139-4896	659001.4544999999
2853	Supplier#000002853	rTNAOItXka	13-572-233-2928	658987.9854999997
7164	Supplier#000007164	gBl2v8LJQuR0v8Ln4m84c	18-840-734-8244	658908.4297999999
4647	Supplier#000004647	uKnMpSwMhPbLExCczBr	29-925-745-4751	658812.0632999998
6365	Supplier#000006365	S2UJO3tr6vmWCjhkGdqTkZ	11-662-645-2588	658758.5252999999
7077	Supplier#000007077	kQ6qLdSpTnD	21-279-573-5595	658701.7380000001
8630	Supplier#000008630	CaT5FxnCwIcQf2gCXkbZKuREgd YxuhdI	11-530-317-6499	658602.1408
5034	Supplier#000005034	lNTnyJDA1KVxA2aEnEdItEZFqOJPEcsB	33-165-557-5433	658583.3640999998
18	Supplier#000000018	PGGVE5PWAMwKDZw	26-729-551-1115	658580.8956999999
3194	Supplier#000003194	3q0FFKqQgY2C,	11-240-988-6083	658571.2525000002
8524	Supplier#000008524	iFMHJvUlALZoDpuzUMYsteZVz5D4GjP	21-465-917-6611	658554.3510999999
9063	Supplier#000009063	Bi2Bk7wvzgXHCAoqH6t,r	19-227-328-4842	658513.6996999999
4202	Supplier#000004202	Pxtjk35pK2apVyGQzxktaH6UTe Ob	16-920-942-6992	658366.4173999999
7707	Supplier#000007707	x0q 8pDWEg7sFFOGlUJ8x	34-312-340-7340	658360.9075999999
6683	Supplier#000006683	2Z0JGkiv01Y00oCFwUGfviIbhzCdy	16-464-517-8943	658316.8368
8861	Supplier#000008861	5KfqtN,gqndgsAN7Cwu6	22-647-984-3631	658303.2463999998
1713	Supplier#000001713	YDrf04Arzkk wv t4txebRVoOyAA5lHGxhJ98	22-586-592-1690	658124.4307
7739	Supplier#000007739	sJhH0TQQyGbrmEaXPQ,LOpwgdG	22-952-157-3033	658059.1525
3801	Supplier#000003801	MMSgwtRFCJJi,AOihagY2	26-987-341-4752	658050.8607000001
5599	Supplier#000005599	Sdpuqfm3LzU	23-128-489-6208	657922.6505000001
3870	Supplier#000003870	Q8mzUM5BaMsDOolmRXuAIhwY	33-796-500-2325	657903.3255999999
41	Supplier#000000041	G 1FKHR435 wMKFmyt	28-739-447-2525	657863.3913
1777	Supplier#000001777	PnqBSa4xn8ZG8HnNgft7u6Zifn	18-460-933-6501	657858.3559999999
7567	Supplier#000007567	7W4k2qEVoBkRehprGliXRSYVOQEh	20-377-181-7435	657539.2829000001
9300	Supplier#000009300	Br0nFMGdN,8duCrXx5IqL3g7RGq6aF6y	15-400-775-9386	657479.8199000001
9120	Supplier#000009120	Bynpx5CVPcMADbs5qigOBUWhVruh9XzXbcCso8l	22-408-932-7929	657456.1336
3994	Supplier#000003994	W00LZp3NjK0	13-767-429-1732	657455.9352000001
649	Supplier#000000649	8sfoyPTvZbFMXC93ti9qSI6dYN0QuXh3wO	17-341-611-2596	657417.5856
6170	Supplier#000006170	R0BHiZ7BNXVwPUa7	10-746-107-7971	657336.9956999999
7644	Supplier#000007644	nosGdNo,Eb67350eNSOIWh	18-910-115-7443	657324.7030999999
9246	Supplier#000009246	p9twzv6a6w9NE6MDSG6aPVqFxaH	20-147-712-9204	657277.0829
1178	Supplier#000001178	QAjFojIKZdFJsyoE6vBZP	25-232-102-3450	657109.2113
602	Supplier#000000602	xEtByOs0Pydp9y75MSgoy6T R6PT8e	30-106-955-5651	657084.9885000001
5865	Supplier#000005865	HNvx9LdPzWRG4AVvzjMtGr	33-721-399-3903	656972.0264999999
1521	Supplier#000001521	OdAz Nj92X2 CqnZQAbfl5XZHvzok4	12-207-928-2351	656916.2273
4092	Supplier#000004092	WPUH06LR5goleIM0McfrAGmxP0FdbzTFfKl8Z0X	32-799-299-9099	656877.685
5056	Supplier#000005056	jNR,eLOeczR3Q4xuq3aW3K	26-945-772-6739	656842.8351
9319	Supplier#000009319	i,ea3Rf8BPxmT,8h3vC,A i	20-752-395-3485	656830.5765
4971	Supplier#000004971	qrJ e9wrseQQjVb83pLYiA32KSO	34-979-539-2048	656830.2459000001
5796	Supplier#000005796	IgQVugiNTGwZltdxqcRkiP3	19-524-102-8768	656749.3077
4159	Supplier#000004159	vCppZkSdm0jvPiaq85mk,6vt	34-109-267-3342	656561.8842999999
8186	Supplier#000008186	y8mMog8pG6RD1kIAmcVA	23-874-297-4226	656495.2699000002
3714	Supplier#000003714	zp9PksqggawYa6OK0qDpD O6	33-640-138-6987	656289.9832
3240	Supplier#000003240	zj dgjF7UqakMae  w	34-632-162-6473	656170.5327999998
9621	Supplier#000009621	gDrxt1WAuR5LHTrZB4L	21-306-998-9832	656138.6134000001
5593	Supplier#000005593	DLs4RI0zsa WbJez23,2RPdSVo6LfVxU	28-239-390-1803	656136.2428999997
2409	Supplier#000002409	oy39SaSQ,FIP pzLqblhxj	31-943-688-4514	656108.0852
1158	Supplier#000001158	, tVY8orI3	10-282-223-1239	656101.8258000001
4534	Supplier#000004534	CKOK7nSpYr5KnjqJXaZktTbIiLFkbo h	16-798-297-4249	656096.0541999999
3724	Supplier#000003724	AtP0R4b3hh Ccokt5DpusV	22-263-722-1229	656086.4513999999
2270	Supplier#000002270	HIscbvhw8N94djn,3UbPaY4R	31-107-567-8575	656050.2755
5122	Supplier#000005122	mn ZeyFF,giB5t,S,7EKFvgO	12-540-857-5464	656034.4313
4277	Supplier#000004277	MPjnMRh5nwI	11-321-241-8114	656026.6166000001
4902	Supplier#000004902	YdQIzRgwNou4BRRect7We	10-727-814-9489	655987.0314999999
5989	Supplier#000005989	rjFY,5kgLpBu7c	13-151-500-7938	655974.3524999999
5108	Supplier#000005108	d3PLCdpPP3uE4GzbbAh4bWmU 7ecOifL9e1mNnzG	20-842-882-7047	655820.2675
5553	Supplier#000005553	QuSdPQkZ AOLcGgH	12-569-854-2981	655702.9762
9130	Supplier#000009130	UFi48,GW2vNEq8Wv,hfvHy	25-761-149-1589	655679.6512000001
1764	Supplier#000001764	7nVLpQw9JWeN94kqw	27-200-805-4130	655678.1191
38	Supplier#000000038	xEcx45vD0FXHT7c9mvWFY	14-361-296-6426	655659.4172999999
6933	Supplier#000006933	0PeUrDuRwi4Yy2Mt	10-144-918-5458	655542.2191000001
9592	Supplier#000009592	nDJmoHuCKTDyED	28-477-309-2947	655465.6257000001
7166	Supplier#000007166	SLTRoeGAPQnhRh5gO43ibdGxApdfpJ8X4EAwv6g6	32-792-364-6658	655425.4779
7565	Supplier#000007565	Dksx,qjHkCWqpZFxdF5D4	21-709-524-7729	655296.0868
1228	Supplier#000001228	8xkbypW3UaiQvRe9Avx9JJgHV9CstYiCF4	20-663-301-2975	655255.4948000001
7719	Supplier#000007719	eX8YGrnYR4PRdIXXaQh	14-999-658-6468	655239.9574999999
6519	Supplier#000006519	rvFp1JCtAVXlE54m1XGBv44vs	29-607-892-5392	655158.7633
582	Supplier#000000582	o6h0Bjjwags0FDRSAoKJPCWyt	14-341-851-2277	655147.0221999999
8772	Supplier#000008772	8MSpT0p34itImmB3BUATEeRSD	28-918-973-5620	655139.5432000001
8577	Supplier#000008577	C4vTbzKKCuz8HFn	24-320-703-9621	655099.2246999999
6398	Supplier#000006398	8xolYqRypVnqYeaJvjxu3xG6XyfMdZ4	17-203-383-4815	655049.2307999999
1878	Supplier#000001878	lXQbu8BN2TgGS	10-903-990-3612	655032.0950999998
3488	Supplier#000003488	zwe,Xa15W,EALyO8lF5I51hKEoqMtWlb5r7	32-845-486-3686	654975.6362
3151	Supplier#000003151	I8hALO14Sa	27-536-600-8384	654915.3284
7593	Supplier#000007593	K7CDCFlvUpsVJk8ypLGXWD0O6BD	23-934-730-2446	654909.1106000001
1578	Supplier#000001578	MI,JjL08uqYHU9tH,agj1wpSWQq 9hcP,VCC6vcR	34-838-683-3491	654783.9726000001
4860	Supplier#000004860	nHZQopTKy77R	27-161-110-7978	654739.8589000001
8015	Supplier#000008015	2QO5akJCIWqYNq9 3oXrZoehcFnYp,5id3Vzf	27-211-904-6964	654739.1711000002
923	Supplier#000000923	aUJaK ezwGVA43Mo0XF	20-376-561-9214	654714.6569
5243	Supplier#000005243	YEZuqd5VnYzjHlhjEYAnHEBvNP2bv9z	18-429-254-1535	654606.7326999998
8297	Supplier#000008297	0l2KCe1ocMaACSDEQdWAwH0K	24-151-249-5909	654319.62
8053	Supplier#000008053	Jq9bL 57m,CK5v7xOltQv9b9H	24-908-874-6734	654213.8846999999
2046	Supplier#000002046	BiTDgHknmvQGT6FpZXfRX,xlnR	31-837-215-6004	654134.9674999998
3884	Supplier#000003884	reY pD5laTjWSCweVOf7OVU89yRYx1 qU	12-990-865-1875	653990.3381999999
9757	Supplier#000009757	XcD QT7rUA	14-597-813-8918	653845.5531000001
4312	Supplier#000004312	qFuileVgNCS0DR0	21-343-959-5060	653713.7154999999
4238	Supplier#000004238	ycSsD71UyOr	10-689-876-6705	653600.3048
279	Supplier#000000279	aVGVO0XNwTEkFwH0OhaQMJC7un0EizPpq	23-617-962-7353	653597.1138999999
7791	Supplier#000007791	46e5140mT1HnBpOZ9mG7f5i78vOqtL1N5FYw	14-659-595-6324	653589.7098999999
5942	Supplier#000005942	JYvMdHg512FjvcF	32-408-392-8295	653514.9927
1880	Supplier#000001880	L3edwJISBKqE6M8yUx8nUW9Z08Maz2PI	32-701-440-8952	653361.1838
7037	Supplier#000007037	IA,rgzC2oCxysnqCSD73 yvYa8KGAq8hz0	18-449-464-3907	653359.4952000001
1064	Supplier#000001064	QgmUIaEs5KpuW ,oREZV2b4wr3HEC1z4F	21-440-809-7599	653347.9102
6599	Supplier#000006599	VOy94g6EkB	29-221-934-7969	653197.4604000001
630	Supplier#000000630	6hLBs3Rnd5elLLVv1i p3A2U6G1dkIApKDkiCy	33-522-267-9970	653037.6021999998
5206	Supplier#000005206	Lu2gzikoW8HeNJxr3H85pGN	14-492-704-4627	652822.3997
8989	Supplier#000008989	qRN1ZwuGg9dQk9WGrtYdgfaX6pVB wtSHBIXV	18-951-647-8754	652730.8189
3009	Supplier#000003009	oTbwfQ,Yfdcf3ysgc60NKtTpSIc	20-306-556-2450	652589.3329
4029	Supplier#000004029	dSCJo3zeBWOvlROaMg729Vq415d	18-351-791-5430	652453.3230000001
4697	Supplier#000004697	E5HN7GuWngwcN4Xa	31-860-407-7060	652346.9506000001
6321	Supplier#000006321	qgEJ2RqfkCZ ftPOVNAGeYIuiR6 R0nd,3	10-301-973-8567	652147.3494
1142	Supplier#000001142	RQ5DqXCWlmO Msp0ZPujoj2D4x	34-230-244-7118	652134.2903999999
5398	Supplier#000005398	2Nf6B5RqqNb,J,Sjhfc2ui3Z	27-138-733-4010	652122.0568
3983	Supplier#000003983	51aAi CtErnk,wAHIVjVRJMv4QH2YPEW9	28-683-215-9377	652050.0216
5887	Supplier#000005887	ezR5v1JpTU4X2	11-632-582-5967	651998.6901999998
5703	Supplier#000005703	980CIMdpitmPFr9udm912YBCY2gzBHrl6O,3Az44	12-800-405-6418	651961.2027
7295	Supplier#000007295	Bpw1iyDtz919YV,tAaejP	29-594-566-5925	651959.9062999999
5201	Supplier#000005201	kMUTOmy4b l6mkn2ukSvjtpwTVl	14-156-913-9074	651943.5676000001
587	Supplier#000000587	58,gb EuMperMCg2lv XUQ9vi4GzhO2a	17-128-699-9949	651911.3681000001
3536	Supplier#000003536	vzCsRjennl78FjFMURrgihVJ3lie8kOJ	15-505-807-3709	651832.2579000001
1546	Supplier#000001546	g199RfU vqU	14-723-857-8326	651758.1186000002
6433	Supplier#000006433	XFR4njr2MWVhePaXAXhoNqb,gJsyf,cK	12-971-857-5905	651728.0311
6570	Supplier#000006570	nE41Xzb7GYhcCF4	25-300-157-2922	651611.1453000002
7076	Supplier#000007076	DjLJ,yEKffpT,EKIbM6ZziTtzvCbE	14-929-221-6504	651592.2660000001
5219	Supplier#000005219	AYnWt7jJhKM	22-509-835-6405	651576.4342
190	Supplier#000000190	qpXGL8oM1 wzQd	20-995-359-7606	651422.7055000002
9340	Supplier#000009340	RyK57auA8QwVfDxdGaGgyZj0T1,7ZpBhPy9syRdm	24-330-317-8910	651387.7348999999
7628	Supplier#000007628	p1a0OAMN7JA3SB0c 84tE3mADYjl3CH1	10-717-400-6276	651385.2887999999
6789	Supplier#000006789	SQdi546ULN,A x5rbMgOl5JyTdWR	12-894-357-7064	651244.79
1196	Supplier#000001196	fB1EzFKsyF iBFX7AkImgUp	27-437-746-4848	651159.4208000001
1679	Supplier#000001679	zN8g,w0gPBysLnz,EjOOo6RJBvh11oShl	21-252-692-3949	651052.4499000001
1062	Supplier#000001062	RzD13PXq2yeZm	30-916-179-1075	651010.5822999999
1815	Supplier#000001815	Y6N5Kvq,En8L2ck0GFBBBl,fP4m	29-448-767-1310	650785.696
4246	Supplier#000004246	Xha aXQF7u4qU3LsHD	13-169-592-4124	650722.4578999999
9443	Supplier#000009443	vjy,6EUB9nTBC6sv	18-407-362-3569	650669.8411999999
5274	Supplier#000005274	CVAHtph1pESdYsEYP,fO1AF2J	15-619-409-3013	650638.0567000001
9573	Supplier#000009573	cz,oBNKLoI,9hE1u	24-293-594-6031	650535.7283000001
6716	Supplier#000006716	BJaPDjafIrQQlD4cP	23-153-259-3388	650517.3599
6007	Supplier#000006007	BVT8yBgwqcl1 d49SmJ5X DQgw	19-428-244-8363	650232.7515
7353	Supplier#000007353	ka8HKKDbjI, Ok8TBMPf,lk	22-418-697-4642	650146.4190999999
6427	Supplier#000006427	rrMkXW7o0O0U5,CsVTzEKtSRfAWtvhQe5Iu	29-908-367-5652	650083.4797
8703	Supplier#000008703	wMslK1A8SEUTIIdApQ	20-782-266-2552	650044.8486000001
619	Supplier#000000619	CzILYciyb3fdioa9LflK,ADrP	27-505-962-3048	649915.4361999999
9980	Supplier#000009980	NcLNZ0sHf2k5GuCAhY3DsqigCjXrjBS	10-629-997-4692	649675.2715
1751	Supplier#000001751	6jC4PcP6HCs9NMKN	33-309-349-1317	649673.8006000001
4760	Supplier#000004760	WUTG WXMH19FOMmWcZ	23-892-718-2155	649664.4399
6439	Supplier#000006439	HFrNZl6C,ISfJPrjF5tNO7BUP187	17-474-346-5159	649612.1808000002
1335	Supplier#000001335	s408vkeaaJB1P2J1VbH	21-137-592-3243	649422.8809000001
6301	Supplier#000006301	xBPspJhGUvc5Ujzak	19-366-114-6662	649368.5939
9537	Supplier#000009537	R8itHxMd6ZV94bil04Ln	20-394-720-4605	649325.5961
4175	Supplier#000004175	MVBQawEe,35kLvhEdC8F8tJMWenyu,apYhHEDohw	10-920-963-6166	649276.0066999999
3218	Supplier#000003218	VGNS7OvFvDIz4h73xZ3Q OomD19gce	15-395-281-9120	649223.9318
8567	Supplier#000008567	X3ndLTt8z4Svp4B1HV3d7i	29-731-239-3533	649163.3737
733	Supplier#000000733	mUdSdgmayvR	28-634-280-5540	649024.9375
6680	Supplier#000006680	6P ,,FjHsgKlqSuGA0BEXdy XfYSl	25-937-193-2337	648834.8777000001
5715	Supplier#000005715	ZW R6zxZtBFRoeaZtQw8YifUBoqSv16hG	23-268-174-1595	648806.1222
1548	Supplier#000001548	1v5gKgtjgE6BAATavPOmjzus20h3r4u	20-589-983-6951	648734.4759
8871	Supplier#000008871	ek1wFrXzUZd	10-512-544-3389	648701.6824999999
8777	Supplier#000008777	9ypeSvnkjBbpy9r7c,BAQ82sxjk	22-865-963-9453	648420.5203
9446	Supplier#000009446	HwZhB3eURV	20-717-662-4961	648261.676
8039	Supplier#000008039	FZ T0P2ZR9kOgv20bhQvICsLtbkY	19-829-475-1177	648254.0181
6578	Supplier#000006578	YsksCvxXZYMfY7t12P	34-177-278-8859	648182.4161
6813	Supplier#000006813	7GFCEnduSKDJ3u	15-270-267-2414	648138.9457
6071	Supplier#000006071	ojOm7rfzVPqx XWyF0rvU3wbJ	28-951-903-3383	648048.8711000001
9888	Supplier#000009888	xTvFi75MqmFoMefzp0b	31-556-379-4280	647923.1996000002
4381	Supplier#000004381	0ZtvVIB4StpIeqEBeKcC,Bu626DbgO	21-468-647-8373	647881.3486999999
1355	Supplier#000001355	OmfBiXdFaTc	12-815-691-5142	647873.4434
3590	Supplier#000003590	sy79CMLxqb,Cbo	13-868-737-3600	647845.1232
3310	Supplier#000003310	c7fj5A  AZFI1CXmBVNHILDV	33-582-553-4093	647809.6440999999
588	Supplier#000000588	e3yF5zmSj y81I	24-180-601-5741	647687.4566
1776	Supplier#000001776	T3DN kKgRFwZQAfUuH1rAWw8qS	16-950-181-1597	647621.2583
6145	Supplier#000006145	YN8CD22,RU3,LytJj0JMsbXi7DGyU2U	34-851-907-4799	647547.142
5949	Supplier#000005949	01sG2UA6athk798u6nwhBdwi9W5g9q,S,wONC6B	20-126-905-8626	647532.25
6403	Supplier#000006403	VVR,QQ0CKk 59JyAMgk3LG71ZU2L8oFM3	21-609-223-2042	647501.4988000001
2179	Supplier#000002179	1bSbNinI5914UbVpjbR8	16-270-342-6959	647434.1880999999
416	Supplier#000000416	F,9zQapGlzjmqRhVTj1DR	21-245-879-3004	647387.9582000001
8364	Supplier#000008364	X yetf1hqluKnG WOKCUTYGXPaz3Z	27-190-288-3784	647350.4132
2798	Supplier#000002798	OYEhScazzY0d6B22YYByDoznCzVkdqwH	12-945-745-9514	647315.843
2977	Supplier#000002977	9NZKyvtwgBN,rXTIh8s759t1H4nVbN7,YamaJ4s	11-983-724-5780	647307.9742
1769	Supplier#000001769	u4FB5bCSMFbef3ef4hiPPzH,Dc	23-244-220-2703	647257.7751
4909	Supplier#000004909	wouHOhyOu CyDKlNll,fGn7Y0	11-793-193-3798	647091.3770999999
8340	Supplier#000008340	kWKYCAcZP8nnnUeiPQBVCkNZIwA,g	22-465-488-3487	646912.7688
2611	Supplier#000002611	Hu,yHVcjcpK3x6IA1pja5FEgFtqDGVuCT1o,x	20-556-126-9439	646896.1959
3333	Supplier#000003333	q2aUaUcXVCmrsnC TdFY9M0 pEzC50 tXm3	34-727-789-3039	646805.1595
8335	Supplier#000008335	dsmwQ616A2Fg7frTRzWtXys54mXmb	10-930-286-5692	646772.785
3038	Supplier#000003038	F5Tz7P juuCbABDuW8JGomRFxqVHBWyQrsLwg4i	31-160-454-6537	646767.9782999998
8527	Supplier#000008527	TYA0XEMpN,g2UedCfXz1o	30-402-236-3658	646736.3065999999
4243	Supplier#000004243	vXJjRIpbdTsDaIcQC,2EewOhhopeHq6xDTjRg	25-821-326-3980	646635.9651000001
9361	Supplier#000009361	GlnC 2nWxt	27-525-357-7776	646441.0090999999
7709	Supplier#000007709	SmHoGfrBDxzZR2I9K	10-422-603-5883	646396.7135000001
2099	Supplier#000002099	xpHU3PIuVz5UfoiaKiQtIxqbmln5zf	10-763-945-1271	646255.7426000001
8429	Supplier#000008429	IKsf2rgK5C3HZXjuIvNNT2rAFdkfx	20-553-284-9567	646227.3310000001
8383	Supplier#000008383	zTLHVaxfp1F8aVbKyAWl2b10jVtROE	25-539-565-5305	646174.1474
4976	Supplier#000004976	rh2cBdhFDyoI8PzP,2rgNb0LJ	32-854-553-8711	646059.7042999999
1909	Supplier#000001909	psjAOuc2l9PBkOND6sD3eObHL82SezS7emj	19-563-689-2789	646030.2478999998
1036	Supplier#000001036	SZ8jSo8Mr34	19-113-246-8057	646022.6936999998
9097	Supplier#000009097	SEYCPcjWKFr5EYfCfbL4WdHo7w9T3A	33-158-636-7238	645996.8638
3112	Supplier#000003112	9b0LhC9HYkb5clk8Nwn8st7ym0f2lpnRIYytm	33-739-982-3555	645970.7982
712	Supplier#000000712	u0ZzFkqHLbJbJ	20-433-125-7032	645958.604
803	Supplier#000000803	,IXoixqcMluU5OEK7RhD,mDrBE2E3ygs	25-347-400-8216	645944.7881
2608	Supplier#000002608	k5SMIxuhT0k	34-464-161-5429	645935.8356
4885	Supplier#000004885	e,bwHyd6HTKcbj4ScUx7GbuPloK7y6	10-837-773-1530	645924.5347
7364	Supplier#000007364	IHaD3oLzh sUP4fQSpviOWk3	17-665-996-9676	645769.7627999999
5035	Supplier#000005035	6tCE9az7TfoPv6qAUKdw2vRtVTVefQLJ4nO1yer	21-165-300-2587	645695.9915
9007	Supplier#000009007	39UHgveOhYkEwzdIr,hDui1EcCnlhD6iF2wO	15-645-562-3510	645585.1656
5251	Supplier#000005251	OAOfy3S9Q OUjL28,FVs	23-237-944-7853	645396.1565
6185	Supplier#000006185	Wvmk27YkwJ5iUuGFMSkZS5f	26-463-874-7768	645317.7148000002
1626	Supplier#000001626	UhxNRzUu1dtFmp0	13-239-682-5714	645247.0131
670	Supplier#000000670	z2NRPuuVeu1jmuuyzoMOlpoCI6P	30-364-864-1141	645126.5315
9609	Supplier#000009609	LV2rJUGfr0k3dPNRqufG1IoYHzV	31-665-869-6806	644883.9693
7605	Supplier#000007605	0aWoD lZmEwNfcg8cj60u2hp	17-497-385-9346	644877.8798
8986	Supplier#000008986	bNndZKvRwEdZ47NsGFFwv2NI CvCKNAvtHR	33-188-323-6178	644772.3819
1784	Supplier#000001784	WwxpO7ccLORAYgPyH	16-690-399-1778	644687.3035
825	Supplier#000000825	,9nqq,JWR0ztG0qp4rlDHgtShbP7AViBj	30-486-346-1320	644640.7021999999
6848	Supplier#000006848	W5Vk6EiCzsZ0	28-216-244-6996	644583.0903999999
1894	Supplier#000001894	dPRr4r43oK3EWdk1UmEmutjV6aXtcU	18-885-377-1684	644463.8062
6887	Supplier#000006887	SJ3DVcv4HILypegf9	28-121-512-1798	644430.2945
8783	Supplier#000008783	M8ZImbCJo2jWJTGkhlG,yqQuc2I8tQi	24-460-391-2928	644356.0394000001
5770	Supplier#000005770	qbm8KfRcTTye	16-159-435-4344	644347.1148999999
2540	Supplier#000002540	fpd9A3WsslyUkKypgdpVs69	30-301-816-1967	644233.6674999999
1341	Supplier#000001341	yv2NImPAHKZrk,Bb0VfZP1193Q1	32-219-885-5812	644162.7402
1614	Supplier#000001614	Qw0p3FZDls8WqXRjvs2Q6wu7	22-788-900-8919	644149.9914
6080	Supplier#000006080	aLvjFiysSAnKIB375JQGV7,nDTvP1Oxgu1zG	12-345-557-1296	644071.3093999999
4518	Supplier#000004518	vAr,embfAOX GPSvPJvGQeo0qnNsrpA	27-238-507-2455	644050.7772
8951	Supplier#000008951	IfKLAjU17yYGF2 PBWnT3idBkNTXEYG	30-624-675-4219	644047.4826000001
3037	Supplier#000003037	aBPbT4XfxDheA	32-150-300-6644	643908.2251
2727	Supplier#000002727	kLi RyYaUPXk IhCUPulfm1mivvPWkfFPlEFq	18-299-626-4348	643899.4562999998
7409	Supplier#000007409	orXUe6dWG3qpH8oo543k60	23-874-588-7225	643800.7345
3947	Supplier#000003947	lHoIZSTuK0sJxoQ,xC0XVrbd6NAbRJ,6H	12-617-332-9152	643764.2618999999
7854	Supplier#000007854	RAwjGaqKjgYiV6LhI4SBOnaQ8BtGR0C BfnaFmq2	20-144-639-4321	643547.0883999999
7953	Supplier#000007953	0qNL 8Z858aPLRY	12-313-889-2000	643517.213
7837	Supplier#000007837	tMhT9m4e3qgs	21-874-773-1649	643502.0256999999
8328	Supplier#000008328	TsfSkDtBVRLwIanb	15-432-476-4924	643447.4235999999
2472	Supplier#000002472	WkNfcNCiE5L3bpukI4C Izk5hTqDpcZ	24-919-741-1591	643393.0477000001
539	Supplier#000000539	GG5N3GIdNmmvhKs52Y	11-844-496-3836	643380.9831000001
2037	Supplier#000002037	u736keYss0RxcTKy79yefcn	22-779-411-3215	643326.0014000001
1822	Supplier#000001822	oEyc8RCrulnWTCFbEGmhI 5vrxqDL0oe95z0	10-996-906-4890	643101.1527999999
9183	Supplier#000009183	zGVAmov0l,gmKOA1eWmRQktpZ1C8 fgkXgq	22-770-139-6261	643079.3619
9355	Supplier#000009355	ATw43gXAnm3QIHdlX1S	27-371-891-4773	643034.1106999998
3324	Supplier#000003324	1 4gzl4buhm7sHa3QabsltK8UJCZBBYHK666d2pl	20-620-939-1569	642975.582
5367	Supplier#000005367	K66v dDhXxYH	15-531-938-1725	642932.2276
2543	Supplier#000002543	WKxIzDMHU82botDW9TRVqqQkxWyDmB3XCM1TP5K	24-355-893-5866	642828.4255
8756	Supplier#000008756	cs50kLQEky4gv	29-880-355-6540	642818.2355
6229	Supplier#000006229	xBtJZwxIvrC	19-453-638-3838	642779.6073
1446	Supplier#000001446	lch9HMNU1R7a0LIybsUodVknk6	13-737-922-1377	642761.9261
436	Supplier#000000436	MV8Xu3m,93IINpPlE	30-253-200-6170	642743.9887000001
6103	Supplier#000006103	l32l8iaPdbHgRXoq,kdjFAj3hZk2d	31-282-540-6922	642564.7568
4905	Supplier#000004905	4Uzp PgtwP7LE	18-785-170-2196	642510.458
9758	Supplier#000009758	ammQN61k,nhUCxON5KO2DcjjwmrnmH6	30-626-624-5534	642475.6216
1046	Supplier#000001046	4EmyZsmUCKuMN5mkCrobX5IWXZ5	30-110-909-6014	642279.7131
5468	Supplier#000005468	0hLPUma0KcXFojba3LOfWg	16-313-737-2837	642167.2356
6375	Supplier#000006375	O32whHBMXNKe 6Rm4	12-288-665-3977	642025.1318
8949	Supplier#000008949	bnFmDdpFen,dYubmHvuJuxQkaSr OANifA9Q	33-510-996-1338	641813.8655999999
8616	Supplier#000008616	XM,Qh xf0WHFR	21-407-501-2425	641741.1797999999
5612	Supplier#000005612	W,,4BNEF2Gbr,e9	23-519-359-2038	641715.1942
902	Supplier#000000902	VrxG9VHAp45UMWrL	32-382-410-6632	641713.9504999999
434	Supplier#000000434	endL6N 85uU0NemLv4L3mSEH4LT2BF	15-763-277-6054	641619.2524000001
1177	Supplier#000001177	2x0ov,dvKpVcgK5PrG7XKHkv4zLIP	18-769-434-2561	641597.2404000002
7744	Supplier#000007744	o koI8Mp1em5NliKRnjm6rAtUgSIe8mo6J	25-867-154-4522	641520.1824
679	Supplier#000000679	qLzdFRbVDeEH	14-771-110-7666	641509.7080999999
5651	Supplier#000005651	3aN TCaHK3R8iSw2tfXlXxfZZaenwbqT4NvtJQv	23-935-891-8618	641485.9603999999
2033	Supplier#000002033	gYRnEl6exTtA	29-267-366-9503	641483.9176999999
6008	Supplier#000006008	y0BjyPzky7zQ456w38UuA4eNG	29-164-591-2533	641400.0763000001
5040	Supplier#000005040	7OncAZTGYjs7XgHAx	10-223-907-3269	641370.8127000001
2132	Supplier#000002132	zHk4g0UXmvKDpg45kmXJL6L7F	22-206-137-1944	641366.8577999999
6647	Supplier#000006647	MGroKuG,dU52	34-231-410-7689	641310.4767
1537	Supplier#000001537	ZgxRuN5Jp,X8JmW3WHJbjy2nlOgUqlKEDO9a	33-900-377-4530	641256.7064999999
9203	Supplier#000009203	0k 3o4VZPgncZO9RXthKBBk	15-184-963-9482	641208.4194999998
9055	Supplier#000009055	h9R,KyJVzCBLgj9En5mxOd0sJL  XWE	14-136-356-7916	641035.2157
4296	Supplier#000004296	lGv5AitD162GvCml5	25-592-414-6464	640997.2211999999
1275	Supplier#000001275	UDPJ3Nhq1YnrOrYMKlug48KwfFGFStAsIE5	21-179-324-2213	640991.4115999999
1042	Supplier#000001042	uk58OAP,HfaV4HMKV3YIDCPfZvNf3IJ0gC	19-314-738-6331	640939.2997
6829	Supplier#000006829	PLr pxVMR1mk,IGWwSe7MiEk19r,Cn	29-340-513-9131	640931.7318
5289	Supplier#000005289	62XeOur9SnXgbdjGwb9E1aJIEBr5PA9	31-400-894-4035	640837.5018999998
6222	Supplier#000006222	CxUruV3DvLzkph1lKug,iNuT0vj sLHeR1u	14-435-963-9851	640778.5515000001
2642	Supplier#000002642	hI,Q Fj7Iv3QSp04x7ka0LS1EAtrnFSKMHJ2MeXL	12-502-238-3518	640733.9451000001
5523	Supplier#000005523	loM,UvBG0qY86VDOroyLneGZkMx69nKO9	33-179-120-1158	640706.2631999999
6058	Supplier#000006058	t9uuW6i2,ZiwrLrk9S6bGRHWRC	32-860-405-2238	640652.0745
4943	Supplier#000004943	x8duiqMOaVAjMxHCMbroi dMau2Kx1PgI72K8o,	10-869-616-1546	640650.6503999999
3149	Supplier#000003149	axCWHGuM6s  HGRQmQ5dSfXZRJuB,aj	24-145-488-1805	640623.9693
5507	Supplier#000005507	v4NTIK3S qTuP	32-416-130-1867	640470.5687000001
403	Supplier#000000403	TTVlcRcFrglnhCffA11iw l6bZyyaI9xcRF	19-513-268-3908	640433.5958999998
7137	Supplier#000007137	mxQHehO5rwAP	29-749-311-2489	640420.3987
6791	Supplier#000006791	3mzLq8uKh4nce9fv4cJZZyGzjCHF0,sLBc8AmTlB	17-778-162-6650	640338.444
8432	Supplier#000008432	bNJp NFRcxiMrDRLqFk	21-243-719-7560	640264.8918000001
2918	Supplier#000002918	4w rdIiue3sCYPd93ZwfJ9C6r20BjAtmhwXwiv	26-661-662-2802	640239.2292
8344	Supplier#000008344	5AYCoZKgsB3byN7xd1HCXv1N	24-788-298-8071	640143.6076
6640	Supplier#000006640	V1hZ8aN7Fn2a1yRwXJtvtMejUDAqcEBXdqWsi	27-556-561-1969	640119.3886999999
519	Supplier#000000519	0zgIDeAmk5976RzKiXZi,kobff8IxQn	29-133-225-9811	640008.4805
2714	Supplier#000002714	YaFQe1MulI1kn2 gp8TD16s Ht5IdlBCKV1	22-662-530-2565	639996.6895
8827	Supplier#000008827	Z2K1FqSMEIVzaBRLYovwC7,kj8SAbHWEH3oIKM3	20-256-286-5898	639961.0495
3424	Supplier#000003424	F1rDXpNdhrAPD	20-458-852-4137	639740.5027000001
3063	Supplier#000003063	kBUdB0mUgc HX2EzKnh	30-532-979-8127	639670.7645
3540	Supplier#000003540	CvZqZfPshuE6mBTPEERtldwPVbWbRMGDvQc	33-371-643-2160	639593.6626
6668	Supplier#000006668	c3En1x00tCL	24-895-273-7175	639574.3882999999
827	Supplier#000000827	AlFjWDq6jDtaSUKnxn54OwQzt8CPUItYbCGztPQ,	19-131-253-5697	639570.8019
3830	Supplier#000003830	S6RWDUy0ZWuua1pk	29-347-363-8660	639490.5419000001
9679	Supplier#000009679	ueTQ9bUt0 iZfFRxiF8hFPwpU4PzVq4SUi8	22-592-240-3104	639345.8169
8205	Supplier#000008205	M6l7kygwSgJHhTv9yQKO3dmjnmWVGpwXN,sHKH	25-727-515-1949	639340.0118000001
8564	Supplier#000008564	kjqlGwW2J3yhj3MLluVp8ywQawNtNEX3TH3S	11-562-252-2472	639310.3692
772	Supplier#000000772	GxfKyTzgm 6bVmhZPQ6nUMCx5NSsl0 ATg1WccX	21-367-987-9338	639299.8263999999
642	Supplier#000000642	eldBmBVYRbcB YfMRBlNyuQe8k0zYK,v Obk	21-775-952-5836	639162.5004
6215	Supplier#000006215	j2iEbTsl,5PWdqWZ7k1yiISb7qtiiZljDIPEo	13-211-960-1484	639002.5005
4972	Supplier#000004972	EkqIooaxrYnvGx54pRzfM2Hwf5G6eh5epVemu	26-598-986-6370	638964.1453000001
6023	Supplier#000006023	QzUNYNJKE1	23-467-863-9965	638913.3141
4323	Supplier#000004323	bjfhIi7O8aupWBcSGrT2QSmJMJusT4t53,2	17-915-630-7352	638843.3339
1693	Supplier#000001693	eyOiCRnurWys75HSWkBONbM3m8u9ESsN3Rml,	13-317-825-9696	638825.9061999999
8113	Supplier#000008113	mmeYi0fc3cruQ1q R62oEivlhgImcyC74vqw	14-722-676-1270	638798.7112
277	Supplier#000000277	REebuerbQmMxlbCXnl2ihK,VyItkTNxU36  c	22-758-939-2357	638798.6326999998
154	Supplier#000000154	gB51OPlY yleFDn,pnDRbsDqy1gYM,SNRbo	23-471-808-2661	638710.0833
929	Supplier#000000929	XYQyy9rraHvHMCBQcoGnAvfw0iGG4jOCMENI	30-190-675-2042	638688.4733000001
5563	Supplier#000005563	tulcd9BHryy5hsned0b	21-484-244-9995	638636.2520000001
7751	Supplier#000007751	k3eAPMx7dqlYNOF2C4b8p8yCjTZ5PN	20-990-606-7343	638585.5623999998
515	Supplier#000000515	5TOuZXAb9df7m3BCW2 TeHMY1Zdf46DqpT2,0t	27-470-220-5233	638555.3707
2588	Supplier#000002588	QBDXWHsFbL43hT6gqU4ynyr0PrIr,sl2	29-974-158-2888	638303.961
7109	Supplier#000007109	ZnKo5yyY0 klRwTy ksV1e3uz	33-192-547-6913	638178.3085
118	Supplier#000000118	BYtvNtFpQAHHoBFWF	10-475-868-5521	638060.4369999998
7396	Supplier#000007396	RBqY8HVamTPASc674Eqtk3Ql,	32-735-362-7935	637834.1877
4303	Supplier#000004303	18UNNewASiYvJp3zc52pp	30-427-742-6158	637758.9183
6588	Supplier#000006588	9S8MN3Z5e6,bA1vL9Icoj7oALFG	11-239-687-8913	637644.7351
1793	Supplier#000001793	e37l8lvsJviZzWt5z	34-625-636-1651	637593.4824
8648	Supplier#000008648	8bi56LCzClknqW6Ocs8swrzAHo58WUShU7mCH,	15-223-150-7533	637575.4906
5343	Supplier#000005343	0JtugdtneLhtOMcZJ60GILnDDv9RS1	21-812-327-2995	637562.3526
9079	Supplier#000009079	WJ0NpgRuusAnQR871,TSE4X	12-833-892-9506	637480.4253
7165	Supplier#000007165	MxTb OhFEHp0CtL42lJKL3elKLcTuIhGrT7faYG	10-422-196-8965	637443.4604000001
9412	Supplier#000009412	0mEfNNYfNFYEDZM7Nu	17-952-891-5414	637441.9382
9069	Supplier#000009069	pJUQfs44ak8WCNutFki	27-890-324-3523	637395.5929
6349	Supplier#000006349	pzREPFv5Qqm2WQFILxyRJyVfARzLmR8B	27-232-385-8198	637358.4086000001
3957	Supplier#000003957	d yi8lsdOXX48fHJX5iTV0	25-673-681-9031	637338.0111
6681	Supplier#000006681	oHMogYLVxq0jaf1f 1p	21-117-184-2175	637279.0647
5701	Supplier#000005701	hRxTGOYJ0a1FyI65S5DxK32rCeUxUGjyTOgMaQ3E	19-590-846-6925	637212.6821999999
5786	Supplier#000005786	BYrOEDobP2SNIpkMH39IbhwFAGEX,X3lzg	24-438-645-1925	637038.0516999998
2040	Supplier#000002040	HGw2YsBJku,YJplIgkY	16-178-801-5927	636994.3781999999
863	Supplier#000000863	TsC9OuodnybJhWXq4PFNdEJf9jx2y181N3ilV	31-589-608-3508	636878.3838999999
5570	Supplier#000005570	xxum0yuMEevd70XpXzA1c962KxbmrfawBt	26-322-913-9936	636829.4722999999
5098	Supplier#000005098	AfuGe4l9jVsZSRUuuIAUQ7q9uREXFTT	11-810-329-5965	636752.5684
6725	Supplier#000006725	m8eAP,MLxqxalhoCeWcK0ZRlGD7j	25-381-336-1918	636744.8372000001
8572	Supplier#000008572	2PC3EaagcRGLoCbK	14-371-272-3628	636668.9294999999
6243	Supplier#000006243	wU9Pt4UnjG,u9CHk7AGsKcyvTXSWdxrJtBi1	21-302-192-6652	636642.2304999998
8646	Supplier#000008646	6ZPPU0du2w8R 9E001GhYwAjSmxLwTL52ByD0	21-600-942-5110	636585.6229
1190	Supplier#000001190	N3Dt82gW2i2qKlZF9uk	21-875-802-4348	636565.1107000001
4340	Supplier#000004340	eKNZibEcZCqmfFZ7	15-936-199-5467	636358.9936
5109	Supplier#000005109	GKW7h2AyqVM FJfQsrJCwLJFht41tHhLQ3T	16-116-377-6604	636340.6312000001
2762	Supplier#000002762	hFPPebJ3MhSGg8Fm8Glvq6rM	11-404-694-4902	636083.0292
3261	Supplier#000003261	KBzIrdRfxoDWv83w8xUHk ZGP,DMW8r7	34-823-103-9370	636050.4715
2930	Supplier#000002930	wMqzw,9XbQeExyiZVbMD	21-991-359-6441	635972.9489
7661	Supplier#000007661	OOWmCewsPSL	17-325-301-9747	635968.5327999999
5124	Supplier#000005124	XMO88ZgYl1X5KbIFAYW 51GFZ12B6T71p	14-415-335-7489	635966.2793
3550	Supplier#000003550	Zlc9iIJr8HG25Fq	16-706-183-7553	635938.0701000001
3	Supplier#000000003	q1,G3Pj6OjIuUYfUoH18BFTKP5aU9bEV3	11-383-516-1199	635712.0138
5334	Supplier#000005334	rr5zrG4zBqvGu41NoGk,6MTdfiSwR7uxhLXD6H9	26-710-997-8158	635603.3601
8181	Supplier#000008181	m68VENaS vYdKj9ZtSkuI,tNUoN1zP	14-223-117-6427	635543.576
6730	Supplier#000006730	plZmlM0yb4Q5OgL11,obH1ycelwAWXx c	31-526-874-2001	635480.0545
7582	Supplier#000007582	XhM0z6DsdvpXzo4Xe67e	16-246-633-4829	635415.9699
5665	Supplier#000005665	UQEs3xf5LpmhFLx4CIHM7JHYkGkYF	10-763-100-5817	635305.6793000001
1269	Supplier#000001269	wsNVDR nlBgHbyQi8hHzUPk6ZRwd7	14-158-967-8025	635182.3179
3059	Supplier#000003059	4L5nNuegCdCY3m,88BFVEut28TFlbZ6hHCj	24-184-213-4553	635070.3676
8078	Supplier#000008078	Efbxz tSftmeMIMO	20-470-282-5491	635050.8122999999
3995	Supplier#000003995	ziDsQHfuoMyaCJhv4WJC7SlqjOOUyFMBeWOOMz	17-630-620-2132	635014.5426
3335	Supplier#000003335	oIh9tPJv9K8SYGBEuk2 DCUftNJh V	30-622-542-7138	634961.8470000001
7785	Supplier#000007785	RPbPiePwd6GeI 6p8	25-397-519-7485	634830.6749000001
3003	Supplier#000003003	8P71Pj89GiBowF,bvouOI vLK74vOCllIy1GYUJ1	14-926-417-9940	634808.1473
2828	Supplier#000002828	amuisQibvSRaYesfuCxr1CM4pt U,POx	12-897-934-3069	634552.1518000001
8096	Supplier#000008096	DEta7opwLcO7Db A	32-126-568-5282	634517.5493000001
5145	Supplier#000005145	nyYvIMs7p WbgO,	12-292-675-8158	634377.7054999999
6109	Supplier#000006109	rY5gbfh3dKHnylcQUTPGCwnbe	13-232-509-4334	634278.2026
3027	Supplier#000003027	s5EizSYfzP2vYQkHI	10-170-124-1414	634212.5667999999
2838	Supplier#000002838	,IDsROC39qrP6m0 oHo	27-123-795-6158	634211.1775999998
8578	Supplier#000008578	bx7za3ymbcxn5aUN9w77uM c3	23-767-790-5293	634195.2868
8711	Supplier#000008711	,jpE5oabRUIkfI1DQ3jfuSQkmveRdWNx	26-768-672-4810	634155.6699
8771	Supplier#000008771	7P7G1qq3hzBz8njAPU7wavtxWCJu	29-429-186-1033	634047.4369
2572	Supplier#000002572	UjDzDmFXJ bXgX UMB	32-734-670-3159	634021.9145000001
1231	Supplier#000001231	zP989Ly4bXqz1m,dXRMLpnUiQigImQQdc6u	27-192-272-3256	633936.4777999999
1762	Supplier#000001762	yI0sWnNPZTDCkoVzFKe9Zsc7,Fo9nV2N	20-193-768-6553	633856.8813
4710	Supplier#000004710	Toj 73zAveh3lY8sPazxBBfJqHTu3BiNQzsh	29-489-471-1872	633798.4631999999
4142	Supplier#000004142	AyAtTNfpIxllZ0oMG	20-534-464-1846	633717.5834
4826	Supplier#000004826	PnUsiXSouy0M8mqtBTnG4s	12-308-489-6465	633615.9014000001
1248	Supplier#000001248	LBMD4udQVK0txG2UE2uO2u6bmq9SfYd57rgkSAw	14-263-397-4453	633532.8967
2657	Supplier#000002657	yPbr8IqeYqsj5l4mwKzX	34-270-666-7655	633391.6219
8626	Supplier#000008626	NlmyS7HMothrQwlUN7JxDo4	27-285-765-6320	633301.7539
4237	Supplier#000004237	d3O4o1UcVjarffpAfzrMnsd4Vzc	26-956-589-3242	633285.885
2860	Supplier#000002860	fgNgVo75YdY8iaz1gHxxOPuGm0ASGP	25-117-806-3906	633218.9045
5702	Supplier#000005702	6wC6dXrpK4,KQ0	22-332-520-1817	633133.6900000001
8895	Supplier#000008895	2cH4okfaLSZTTg8sKRbbJQxkmeFu2Esj	13-845-389-5459	633087.1096999999
622	Supplier#000000622	gCQimU1jYHoQiglDmW1FkQM9wzi YC1P15pMy1	31-421-544-2948	633058.925
1110	Supplier#000001110	RAo58clTXY7Z3IZCtGIGa3HLD84J,9NuUpXOh06Q	11-569-316-3148	633058.4372
8046	Supplier#000008046	AfgBtGOCODl	10-893-233-9673	632949.4878000001
3016	Supplier#000003016	VwqWdkQOKILMPkBiXMKBSza d3pdhk79GjOfO	27-929-687-3620	632912.9953000001
9748	Supplier#000009748	nVMMx1LjFnS3ADCfGlshld90Ekj8N n	17-607-105-1620	632846.2538999999
9419	Supplier#000009419	ltaHUzApJXC3j1YFLoOvzzgG	27-444-956-1077	632692.3574000001
1731	Supplier#000001731	Dqy8LQtY5i8GygrdOC1lt,OVsIgrGoL8Z3PMs	17-115-638-8685	632562.7255000001
109	Supplier#000000109	4 63llZBLxtWRa A	31-405-311-8656	632314.2633999999
1645	Supplier#000001645	3dq6lQRmb6oukvgSbMUgBPt	23-665-168-3606	632288.4531999999
5203	Supplier#000005203	8uIpv041PoCb034MOB LeEzbtOgqY51aK	11-214-499-8004	632197.6783
382	Supplier#000000382	wNasxwKglHa	25-531-651-1411	632083.2037000001
3182	Supplier#000003182	UCmH8hT3ESeCHU,2aIN8YxzLWvhE2c	32-232-125-5764	632012.8878999999
5792	Supplier#000005792	4xj ncbc1,0Sb hK1nB	12-104-141-7027	632007.3957000001
3025	Supplier#000003025	HtCJxqcyYoMKBu7BQ5hRdVXj24Fkw5s8LgGe3	28-337-459-6916	631916.2088
1121	Supplier#000001121	MjWB5MI,wMRY8XfkdCmVkLmi8BuAlcSv1ATjllH2	32-479-804-7210	631735.5713
6317	Supplier#000006317	zmswEUfyQ6a9SP	17-770-212-1020	631704.5011
7572	Supplier#000007572	i6AATMhkMkb244zmrl,,6GY	32-609-773-5192	631513.6010999999
5783	Supplier#000005783	ADa1LuDzf2iskm3z	11-904-393-6389	631507.8282000001
5110	Supplier#000005110	OqU11U5FdpbHKDhiqQ3zCM7,3mVLiQ9eCFiv0Mx	16-915-186-9710	631497.9658000001
4018	Supplier#000004018	LxJTnYMv2NyIRCI1mJgY0rnVNRZ	16-616-621-1011	631479.7039
8769	Supplier#000008769	KiiYCl3QefsoUd,uv0oqOJ4EmWVpp	19-222-817-1767	631273.3377
1252	Supplier#000001252	K4NQhYOSL2fnDgLS3	28-109-976-7603	631256.5748999999
5726	Supplier#000005726	zyIRsW98Mz2G kVAewFLNOhQE0yPnB8R	33-371-634-8887	631202.7832
3937	Supplier#000003937	kqEOwdVW,qJsJdcv6PwDJ6ii14mugDK3OgZN ngI	17-621-453-7063	631146.5819
8185	Supplier#000008185	o5TsjX28c4 sSkcD4	26-842-197-5842	631109.0715000001
823	Supplier#000000823	gC0DrEG5U,v893fp3nj mmXa6rYhJ0tjpJ	31-834-127-5277	631000.9742000002
2050	Supplier#000002050	62jBCB3agVo Q0EbDwOq6hiYcXl58N7z3ODngRD	20-432-928-3484	630979.7419000001
6600	Supplier#000006600	h0rM2C3AFiiZmEe3LZ	11-834-174-2914	630973.0386000001
5851	Supplier#000005851	4mnZHqdy I31JjlXvhpIqvp28KJ2PI2gXTYBQjm	16-600-916-5804	630908.7971000001
6116	Supplier#000006116	IC,0fXQh3eNQC2,xrsH9p4VtRH	17-455-882-1752	630856.1666
6635	Supplier#000006635	VGeWt93EdIE6QmpIExjVLseFt	27-437-500-2708	630778.4934
7506	Supplier#000007506	swINMWWwcXRSltVzV	15-536-477-9412	630682.4974999999
9127	Supplier#000009127	he7i97yMBOz,Mpb8hznvD5zJxidp07KUFrT8mvv	21-656-396-6718	630635.1048000001
8941	Supplier#000008941	MNZt7UI3liKN43oH2Bvf	10-858-545-3580	630588.5643999999
6565	Supplier#000006565	93bSUVzAR7StP1gOL9UdiVGNrH2	34-626-753-9376	630538.0371999999
4740	Supplier#000004740	yM0TXkhfjpObafbQhuWU	31-786-280-5667	630317.2636999999
8957	Supplier#000008957	f2v0skC2m3tQt8heKXi6aficqfV69gFjzQ7o	15-119-290-7994	630150.569
8660	Supplier#000008660	8O0v8,7La8RZZz,1mE	34-821-250-4127	630141.4257
4778	Supplier#000004778	NFVxKobRQOHN B1O0U7U,	23-829-256-1950	630112.7897
9027	Supplier#000009027	99FpBGy3asoY2Dkmd	12-436-880-3118	630084.8403000002
8438	Supplier#000008438	MHX2cideiqjxZgCyenirqSChO	17-510-783-5625	630083.148
4042	Supplier#000004042	lDDnGbQOJb	28-664-662-1771	630000.0144999999
240	Supplier#000000240	yMzL86zw28z6sMa	20-843-630-4161	629926.8539999999
681	Supplier#000000681	ArTNWD5g1KfANCMFDfk83TUlX	22-208-790-6946	629879.2321
1835	Supplier#000001835	JcvmEAl4rgE	10-872-917-4931	629712.2859
3419	Supplier#000003419	yt KX357gL	16-702-659-6464	629560.5177999999
3601	Supplier#000003601	Y8GfvG4U9dUfTFwu1kpsXwapWPvdodRDr0hd	11-798-621-2278	629357.0666000001
2028	Supplier#000002028	2surPcRgmrPV2yO7kyHMWseCBTlc47lL25u	20-286-838-6640	629352.5748000001
8575	Supplier#000008575	JBxuXPNZaP8q	27-440-814-7131	629242.8628
4634	Supplier#000004634	ukp63mlcz4saSWQr	34-196-553-2719	629218.5051999999
2963	Supplier#000002963	iTGObUj78Ni1TSLEWloxS9uC,K9Kvmw0 n	23-827-941-3544	629175.2933
7260	Supplier#000007260	OZFzjVCfHXhBRV6Y1Sn97awPoBwWD31sDzM,Hkg4	11-953-899-5018	629174.4910000002
846	Supplier#000000846	C1Cs3zHlceRMxlaPIBprCC76x4LKVdH3QhZ	30-283-261-2020	629052.3302
8682	Supplier#000008682	LwJN,ypokyyKljmTLMNLDvnFBpd	19-346-776-3515	628732.8864
8062	Supplier#000008062	lARUW6y2IlUZ5PBMO3fV	12-361-329-2413	628645.6531000001
2827	Supplier#000002827	yaziW4tyg4TaX7j	10-570-512-2484	628439.0597
9762	Supplier#000009762	sszbnlE,8rTVV1n5PUnUaX	17-758-315-1893	628426.938
531	Supplier#000000531	fN0ix827c112YajETqxxuofrfl7v VndWB38n	32-950-377-4573	628365.504
3078	Supplier#000003078	WM2MwAU0hKWYd3tY5Y8	21-254-239-1333	628325.9625
734	Supplier#000000734	dsoJfURkkt	20-428-370-2403	628299.0545
1057	Supplier#000001057	2,cJszqUjE	19-146-393-5146	628294.0315
5042	Supplier#000005042	XIdas2upoZVrt8UYa9FsGgq	30-238-387-1758	628052.2566
965	Supplier#000000965	aPiA00HXK1,L2FmArcXVT	17-117-423-8603	627998.8619
3657	Supplier#000003657	QpnprdyZgyW67moCuE muWx8NRB76u3BB	27-382-463-1892	627716.5974999999
3814	Supplier#000003814	vTnXsG9KzNlsiO6tpbL6fp7	33-280-183-9315	627668.0238999999
3634	Supplier#000003634	NIhKhh3almAcs2eLuCVyigUlf93xJZTI	32-841-841-4952	627632.8724
9091	Supplier#000009091	lbaCDQ7 x3WK,kz9P0Mu0wUcpqg1gaAIUU	14-169-838-5652	627508.6516
9629	Supplier#000009629	Gk,sFITaUyqNIpjnJe76YvHGkkOUNuM1fE9mWmE	20-424-554-3707	627506.7782
7316	Supplier#000007316	uAhbZzA6S2VcHy	25-539-229-2317	627316.1185
1994	Supplier#000001994	Vy2W83Uop8MgGn	19-410-152-4401	627311.8252000001
7162	Supplier#000007162	FhVeZZDNEYZH MEcwstpgw7	31-755-574-2420	627298.2066
7918	Supplier#000007918	r,v9mBQ6LoEYyj1	13-615-426-2832	627255.0247000001
4642	Supplier#000004642	q8n,Q1cuji UxsS68haAjAxnG	12-563-848-5053	627186.0399999999
3596	Supplier#000003596	pyXt0UgE4TvoiL	17-179-432-8934	627137.0015
9821	Supplier#000009821	LWcfymaxdRf	12-228-906-8467	627103.5108
1403	Supplier#000001403	f,SYhItYUfLM1XY2LKRuWlGQV4G79BpNXY	18-126-355-8171	626946.8415
4100	Supplier#000004100	Es kTX,qKxc 9rHSvWHd2V	30-786-857-4470	626791.8326
2576	Supplier#000002576	FzLhY1AzB2FGb9rHjNq8vich	23-123-416-6792	626774.0044
542	Supplier#000000542	3yWRklEDbAvfVuidQPgOOe,x7f,4 J5lSp4v	15-378-700-5884	626743.3414
9082	Supplier#000009082	PBE1ryicleQTkevLvkfG	24-782-843-1885	626680.5833999999
2498	Supplier#000002498	VvpYr7G6OozCvtkIW6qdEZBi3918Vb	15-815-470-5030	626672.2261000001
8166	Supplier#000008166	VB3HlzNsC R9rUO5GQ	29-661-385-7757	626653.0951000002
8653	Supplier#000008653	Wn2zVNWn47ofgEd1YMCcdDcKyUMgtoCusxHPGEY2	14-106-598-8327	626599.9198
2622	Supplier#000002622	miUraxxZwzGBi3E8SDavxizLy8si	22-611-122-4693	626525.3179
3351	Supplier#000003351	vb7b9r9na5slC4 MNIQS8hJcWKZga	11-368-852-9514	626490.0436
2603	Supplier#000002603	gDexQYDE8EZTZ	27-102-973-4543	626451.2855
2709	Supplier#000002709	TrDJk3OHXxcrgob4Yf1fF	12-872-274-5011	626336.6486999999
3254	Supplier#000003254	4cyxoaqape1fnXMNNCUyuE51	16-339-926-9564	626321.9205000001
9614	Supplier#000009614	,rSrq2IiWb5VGH,sRw	27-780-247-8960	626278.1076
6164	Supplier#000006164	PwJeAuYCoZGaYAPw7W	33-725-717-4417	626269.3169999999
1037	Supplier#000001037	QrDKVeIxzNFoCDf4	18-415-126-3978	626248.5183000001
7555	Supplier#000007555	iRfBs3APb0CLDswKdNj0,JNCbDOcXZdb97OvD	28-348-356-3747	626232.0908
6141	Supplier#000006141	fAodvT2pNOMz,eRQ49lr5Kh2dcuu,gT08rdoas	23-595-486-7294	626169.3333
2651	Supplier#000002651	1RyML5ukQyVOziwj3jVEZ14xcSjtEZs	28-377-752-2756	626109.9726
9963	Supplier#000009963	yms65U1v,uJoBIMrSyWYVb61wKFv,,lpd	24-279-658-5755	626061.4598999999
9200	Supplier#000009200	9AN1R2aS9g4MEOduFhtStnA	30-967-844-5044	625926.3871000002
2630	Supplier#000002630	ZIQAvjNUY9KH5ive zm7k VlPiDl7CCo21	13-489-929-1350	625676.0980000001
8638	Supplier#000008638	yxj50B 8aMql	31-289-423-9527	625615.0209
5177	Supplier#000005177	qES41LEoMAt6W0cJ	29-602-713-8599	625568.6135
9562	Supplier#000009562	073rt4aydFLO,48ecGgo1vkZ27,oQWrWyP1UKw0e	24-474-154-8020	625568.3550000001
2019	Supplier#000002019	Cv1sLRqjcfNR	12-972-912-8922	625421.0448000001
4633	Supplier#000004633	2qnzswVOnbyY52qQtwGrNZSqZfU7z38m5JXR4OY	34-331-859-3951	625401.3604999998
2940	Supplier#000002940	kCNPx,OJnJWYi6qd32vGytk	17-935-264-7724	625344.7794
2612	Supplier#000002612	QGS9JH6mZxefQuWZ	11-841-636-6934	625323.1939
6804	Supplier#000006804	tLWrHf JErAkH3GiidHmewVkOyyyf	29-180-526-2807	625146.2095
5794	Supplier#000005794	l534i KF5ArsIrOGs2WMl3S,6	23-493-473-6375	625105.7541999999
2796	Supplier#000002796	8KznWokHECGTp	30-504-790-4841	625034.3868999999
2945	Supplier#000002945	H9 ZXkTE7i4J17oCa	18-946-203-4742	625022.7503999999
615	Supplier#000000615	dIT3WOBBwUuakVwd965N4logoVW1A	33-196-233-6474	624981.2085999999
181	Supplier#000000181	7g8adZQXXuHAYdoULLDVKYRtBhdddGqYj7pMzva	24-682-737-4806	624928.9036999999
448	Supplier#000000448	cYzWCXDovaNR ,S3PICo3KYKAG3bYm0YKyqaZVu	34-817-553-5356	624757.7418
8969	Supplier#000008969	Bgr7cJ0x7Ngg1JjVZ	28-370-761-9561	624717.5503
546	Supplier#000000546	YznQGwWvZbNA0O9ZV	32-679-789-3863	624684.6769
8114	Supplier#000008114	drU1viKlfGpQNl9O4voVguy8PqzQkJBs WxbZ	23-550-951-4959	624624.0189999999
5828	Supplier#000005828	Xt0EqDCNU6X00sNsIO7nd0ws3H	20-435-850-8703	624552.7237999999
6025	Supplier#000006025	XjLwtxC0K4ee5blGBn8h36GJHjm0Sk5,tXT	16-124-250-1297	624535.0020999999
6598	Supplier#000006598	VRZvWPH2PbDw4Mfr5in	30-129-445-3409	624451.7157000001
219	Supplier#000000219	f0siVrn1T,dOIJgYU	19-708-346-1944	624439.5536000001
3610	Supplier#000003610	YjjToWCrnEe5en8pIVN92h nq1nOPyMbwroosJw	32-670-281-5775	624342.6778000001
4847	Supplier#000004847	qsHYyZLkySro7Wmc6tfZqN1ycgwq3XF1bA m	13-711-383-8713	624213.2505000001
2848	Supplier#000002848	yxgyfj4kxIoLMs7kSiemccTW3N 4xxX7mT	32-141-986-9817	624210.9908
6046	Supplier#000006046	tIu3fhRLQqQqSJsE8zrn	26-481-166-9872	624209.3306999999
9122	Supplier#000009122	Qyb3Z05AcQyE1tVmk1sstk	19-755-451-9067	624104.8418
2039	Supplier#000002039	fsytgC5z,XCZlnkXmEcZTy61GN	30-803-992-5696	624074.3035000002
5188	Supplier#000005188	Y9oC3,NpTpcLqZFcPzzIbiril5K,VpXWyS	28-325-390-6843	624062.4139999998
7514	Supplier#000007514	VRv6icraoDzTBpx LaNbxf	27-893-116-7923	623841.0852999999
3667	Supplier#000003667	qXG0xhg3kWLm yeNMgUncK	29-126-841-4688	623760.3161
2586	Supplier#000002586	UiAjevd0CTsQiDahrbFrP2 uxMzrbxEpcN0,ot	29-390-542-9908	623743.1046000001
8033	Supplier#000008033	Ar,1f6IxTjR 5rxcydlgeo9lNcAPh	16-692-974-3845	623679.3012999999
1104	Supplier#000001104	fzGxlItJO,KgTJDCOKTJnwniTU LqvU	29-656-386-5539	623669.8720000001
8195	Supplier#000008195	s9TsiDVPstck	24-383-556-7475	623642.4448
5737	Supplier#000005737	dmEWcS32C3kx,d,B95 OmYn48	13-140-578-4599	623346.8834
3036	Supplier#000003036	SifDb5Zv8PqS	15-950-158-1297	623235.5941000001
4361	Supplier#000004361	VpieNNJe36AlthVOrdKZwGZLv4resSU	21-793-613-6444	623165.9373
8263	Supplier#000008263	QDeCVYC1QjgBvY9U4PPOtTInNJG3	14-811-879-2139	623142.8178999999
8111	Supplier#000008111	aQx5,WBgSa8gxF	15-482-752-3234	623084.8637999999
5539	Supplier#000005539	Y2eQnMeDWoJl	27-850-384-5675	623071.0349
5163	Supplier#000005163	H1ru7Slmb6B 2oe3ek	29-940-730-9740	623029.4301999998
4584	Supplier#000004584	rc4aFmmnjUoqFocsC	11-370-348-9815	622942.3236
330	Supplier#000000330	MUxmICc8xS41A	32-845-516-3236	622884.7583000001
5761	Supplier#000005761	qpSoYwQLWcsVIlyVeacQbbgjcEb XjCxG16Qh5d	25-773-316-2657	622859.3253
8796	Supplier#000008796	BeuaOy,783yUTFakya45iURF8tPVQJv8 Eh	23-400-432-2971	622749.6290000001
8077	Supplier#000008077	Z5qb1VrjMqGc2C9kY9NECx3lNJHJgS7ixnafZ	22-255-537-7601	622745.4487999999
2839	Supplier#000002839	AbFEkk5348s	14-913-264-5815	622707.7147
5929	Supplier#000005929	1Fu0ndlDNZt	24-564-377-1415	622661.2977000001
9971	Supplier#000009971	pP5A68oYqRf9aHxF0XrjbVeHdwS	27-957-241-4796	622518.7471
2609	Supplier#000002609	BYITGBp7JW5Zfpb8CQLj8	17-307-925-9609	622499.7637
2228	Supplier#000002228	,JV0VPi607LwPPFPM3alORcB4eh8Vb	26-765-912-9503	622493.0541000001
6870	Supplier#000006870	aHlcaI7YjJ9mMnVE6GvTjBqL5NcWoIjToy	15-736-432-7997	622467.2782000001
3959	Supplier#000003959	4Lhe94Vyn47R	24-291-433-8219	622444.6145000001
6014	Supplier#000006014	ul4swfQuRFt7G	26-231-513-3169	622385.7767999999
597	Supplier#000000597	CKt5G XZ5DBt	34-219-790-3864	622352.878
5491	Supplier#000005491	ZE yuRg689	25-675-752-8437	622274.9099999999
4930	Supplier#000004930	w0kSsrbeC1uvnXyo06Yqlf	10-290-814-6347	622252.7064999999
9520	Supplier#000009520	mbkbB86HvAwDWP MO7o	19-758-374-1549	622216.7815
3147	Supplier#000003147	jIhW4pvcCF4K41rhP	33-399-127-2845	622143.9276
65	Supplier#000000065	BsAnHUmSFArppKrM	32-444-835-2434	622134.0219999999
2260	Supplier#000002260	F1QG3S04NFHXVW0s5	14-828-142-1046	622099.5260999999
6426	Supplier#000006426	uyJ7mouse7RTDny8LBNIesAu4rBjVWMLcMcMFoec	18-465-419-6121	622097.1399000001
1856	Supplier#000001856	jXcRgzYF0ah05iR8p6w5SbJJLcUGyYiURPvFwUWM	13-346-499-2268	621927.3687999999
8742	Supplier#000008742	HmPlQEzKCPEcTUL14,kKq	13-513-714-1723	621838.5193999998
8620	Supplier#000008620	fnE6fyXgoqfP4aqx1LRbQiqYm7854p5jhuZ	17-623-256-9547	621813.4073
9597	Supplier#000009597	NzBmqXeWCAaQcPnn,nldM5XeD7md6G5qBqGQ	10-525-491-6656	621690.7568999999
4561	Supplier#000004561	FD8UvKGGaluDB	25-447-938-1887	621607.0590000001
4706	Supplier#000004706	G bSXMhb0,QoBh	15-137-786-2210	621563.2623000001
6182	Supplier#000006182	b j0rPTZhI,QRpdBbph1uCMGZiMMNpBv3HA	27-130-469-8203	621554.1729
6307	Supplier#000006307	uf2wEQtEHrxWkYEUEo3	20-978-302-4194	621550.4888000002
3048	Supplier#000003048	Cu nnq0xHJm8MfHUw5KwjlYgI	30-282-606-3047	621482.1213000001
7862	Supplier#000007862	rvQsXb ezTrQX5G qLFC2NegdP,LpxCJ	27-218-346-1316	621475.4406999999
5733	Supplier#000005733	u7or44tfqMxCogyNaJLXQ9hHuZTFcWDkkjXOcPY	25-521-829-3189	621420.1154
7670	Supplier#000007670	2Ucw1ITgpK4	29-412-494-6534	621336.2315000001
7889	Supplier#000007889	Y5MRvWgfmCp3 21MlN98j4L22bnPswG5JVKe	30-987-656-7239	621276.0743999999
6734	Supplier#000006734	vmaZ8HNigX9UX	24-959-545-1083	621206.6374
7591	Supplier#000007591	UZ0XaTY1BmcDuetGs8d5ACvAWwsiiO8VSE7,jYo5	32-433-724-1715	621158.2853999999
9338	Supplier#000009338	m3ElPvJHfvIbyFjbTGR6b	17-985-253-5364	621143.3582
4616	Supplier#000004616	9 IFT9AGzoAdA92nIcbyyNoRF2gWCLoqHT4	26-807-998-4996	621051.1431999999
3485	Supplier#000003485	XVkY,cv,02R5jwiAayQvhQ4vz 5YIQzoY4SJU	24-545-692-6496	620975.0992
9144	Supplier#000009144	3T7C1Rrd59Xd7bSaNqk7PGC53JCwTTs	12-876-893-4340	620813.6462999999
4196	Supplier#000004196	M WMlXALjG85VYh9mkvo81,	23-679-372-7879	620552.8261999999
9705	Supplier#000009705	RUQ YXeE7mEogt	32-756-237-8275	620397.8873999998
6544	Supplier#000006544	1yFDGy78U3qRK2fq1S	16-777-983-3958	620335.9170999997
5628	Supplier#000005628	srWVudixc5irMTq	11-744-565-6737	620203.0553999998
2248	Supplier#000002248	7ROwPIg6fkE	21-154-766-2784	620190.4579
2817	Supplier#000002817	bm7o45AbMo	20-416-876-6667	620169.4534
7668	Supplier#000007668	3Ux8croaXj40iasWgdYf6gjBieSz98F7RD6CIgsg	30-790-273-7652	620152.9946999999
4964	Supplier#000004964	OMsqenynW3u7XxruccNIC	10-669-638-8050	620122.8565999999
4572	Supplier#000004572	UEhXFycf0WuFzmWLyAKw8G7HLuydjiyml8O1tdvh	15-476-159-7207	620051.2672
8475	Supplier#000008475	RKZHXR34i8BCbD,qGa3hel9EmHVx	25-646-316-4850	619971.4628000001
5083	Supplier#000005083	ygFclVTpIKWAJEX6yDaN,Qeq6XUZKiKuvLRoNYq	28-658-224-1901	619957.1568
7764	Supplier#000007764	,ZHHIzEdpRlfnfnTXRv30qFnzhWg1rw	27-102-984-2540	619943.2598000001
4394	Supplier#000004394	womSMdrUmZgHk	26-168-154-5389	619899.5147999999
8085	Supplier#000008085	2Aukcd6dFlLAklZRs5ihM5ml Oa1s	20-752-548-4276	619896.1866
3325	Supplier#000003325	rk4bFHher05P22I9BULO5EcAJkXRqFWW	12-308-363-5693	619755.1273
6912	Supplier#000006912	hff1tjJJ8LKrYA4Mp	34-793-902-9284	619727.7908999999
318	Supplier#000000318	Cm5fnQ4M6VeJF17mBbV6iB0XoQL31STrb3Su	34-466-917-6708	619708.7361
6476	Supplier#000006476	t9x1qudRC4	15-381-545-9309	619642.9568000002
2186	Supplier#000002186	VKhSL06Ul4kHi4hBkK8Zm3	15-655-903-2294	619642.0000000001
558	Supplier#000000558	T9hNjrRRRQmkbZomdaeLKDOqmmUcJpAJzXOxq	19-494-404-8664	619637.5875
7376	Supplier#000007376	zWndValk7etbXGziKw8D1KvdjrgL8YipBT	27-934-409-5203	619468.8465000001
9415	Supplier#000009415	3fyJj02swxtfgxdPt6LnP	22-127-774-5625	619461.7803999999
1804	Supplier#000001804	EC02jKzDLPiMYFfQan3sgn	10-393-500-3856	619044.2138999999
2129	Supplier#000002129	bXwx9YXnh08M3EiQe	18-204-903-3964	619007.1313000001
6242	Supplier#000006242	JwTRkySmNoZIdjgWixSAm	25-497-887-5617	618842.9694000001
3034	Supplier#000003034	MSKa6VFpxLB5isjLyUh	21-694-316-9987	618706.3374
6548	Supplier#000006548	A0myAYVJ1uvzV8pSeU8PcQHIb	31-196-299-1842	618690.5292000001
3670	Supplier#000003670	LkBBo8Qfq0r56OHMaS2uV0E	29-896-212-1197	618669.8913000001
1723	Supplier#000001723	6L8Bjhpa4461	14-361-743-9306	618660.4305
4164	Supplier#000004164	f60HY65zdJb6eSCUYOmm	16-161-750-6814	618576.6026999999
4756	Supplier#000004756	8ZXo2bAqOB1Tm982semhdJvEzMtt9Bx	11-495-288-1993	618563.6582
7144	Supplier#000007144	oZkgMoN7PRNEYDM1HBmXQKJ9kmIgj76TM8jkgZxB	31-693-600-3326	618541.9209999999
5291	Supplier#000005291	coaFmwykbqVOJZi,C,Rn3,rZFpZ6CNMWEoX	23-808-160-2612	618451.1057999999
5414	Supplier#000005414	yDLmG4bxYA1iviZ71PkEtzcDoB0KT	32-204-830-9105	618444.9191999999
5550	Supplier#000005550	c5FSo32Sb0CrRwFpK9RoCVTSPEY	21-738-938-7020	618409.5353000001
2157	Supplier#000002157	7Q5LjczVaV4lHl8XnbHTAZVupfk4i7vSp	27-236-706-7304	618353.2396999999
205	Supplier#000000205	rF uV8d0JNEk	13-272-651-7242	618225.4707000001
5734	Supplier#000005734	1hNLPg3gwSld5nRJJHoC	10-571-582-3116	618129.5975
1109	Supplier#000001109	Dc95AaAhNEePMBhnE6 u8fk	17-389-465-7531	617999.8563999999
1592	Supplier#000001592	R7WTSZx6J5eE0QdCP6Xrvwuz	10-352-443-2162	617989.4157
4543	Supplier#000004543	u5lTjMJdEIdwOky3Ucx5San0iSf	19-673-572-2807	617954.3357999999
7161	Supplier#000007161	5H9puOcj,unx4b18uig2d8zy3UhYRAPmym	12-970-314-8423	617878.3336
8865	Supplier#000008865	C78aexH4q5Vl472oOi5eeYKcgu5P54oe6MiQzCpr	11-869-386-7434	617852.5485
3115	Supplier#000003115	2o95Lhh3xn	17-905-443-7764	617850.8811
1153	Supplier#000001153	bmE8XNqYx2n228 QHTeUr	17-587-574-9364	617831.1726
6338	Supplier#000006338	bqDN3c3KhAcaGqkVWZWDK9zcw6hez,sVDSVf	15-557-297-9599	617787.2548
4661	Supplier#000004661	K0pZTfDfq86	29-264-237-1888	617775.2830999999
4533	Supplier#000004533	FFkhoNBaaIQIdC8	29-671-575-5137	617747.2864999999
7657	Supplier#000007657	z91wl9KLdbdTEUaHIy Fze9oy cavNW	14-694-576-1183	617676.6674999997
9304	Supplier#000009304	1, XZttwkmbllozHYC9bp1StcxycsQ9K	12-427-913-3581	617667.6766000001
724	Supplier#000000724	P92abZ6rWSfO2cm	28-471-255-1476	617577.9098000001
4058	Supplier#000004058	v5sj1ZbwPn3M	22-338-390-6980	617518.2257
9018	Supplier#000009018	3f2cOg,VutETPkzSo3cNTONdWkIkqzz	28-230-488-1227	617492.8687999999
3527	Supplier#000003527	1boAwaOOJS9RZ A,WTOioYcITGq	12-111-867-5440	617420.2618
2364	Supplier#000002364	CbuBnUrU,S1294IMIKvqWhqG6nCm	24-226-174-3239	617252.4715000001
5508	Supplier#000005508	vOoE35mRLE8atfruKcNS8r3LvJf7j4zZJjSw7Glv	12-924-457-8744	617248.6123
5521	Supplier#000005521	XgmOG8jUrUrcd cDpQ4T87szY YgGAE,	11-737-993-5777	617188.2153000002
4091	Supplier#000004091	lCHbIdlbMqfUEmDExPjl7WF68jQ4Nf	20-654-710-4514	617178.2675
2437	Supplier#000002437	TKC61Nm9LMg7YDqOFS8U1E7j82gwWkS gimXhZ	25-990-673-7561	617140.7740999999
2149	Supplier#000002149	7psmWKO5V2kZibASWBzU0oK5Rog5str4cDU	34-563-553-1854	617108.4859999999
8715	Supplier#000008715	eCy0m5PA1DSreMUK	29-320-456-1546	617085.9956
5013	Supplier#000005013	pA5sgFBsZ,zvG9DqKDX5LtSJRXhzCddXUxdpiKR2	27-950-281-5960	617003.9868
7710	Supplier#000007710	zFDRlSRWLZ,y3S Jmn4RnN	18-428-344-2569	616986.7751
3116	Supplier#000003116	yWpyR17u75wr0PH99QsdNNM7e92dAsQ0H1J8	14-461-145-6919	616978.5933
1048	Supplier#000001048	f172BTkk1PgyO06NwAt	19-493-938-3406	616966.9588
5275	Supplier#000005275	3EMhwtef3sDkpjm	21-897-590-1873	616900.2097
5089	Supplier#000005089	N6FJJ3hqOurzKReEyY1a	18-698-287-5739	616865.9128999999
2553	Supplier#000002553	2OABGoDWfzEWBPHE SrGOwRuzARtYVVwAFzeA	26-176-559-2109	616825.6469999999
1642	Supplier#000001642	cnOSXV9ehy3u8soGk9P3KHhXNzcT	24-426-583-5934	616781.4692
9494	Supplier#000009494	i8Ym7MV7ftzioDJpZG2JqNcF3La5	16-992-789-3674	616722.7252000001
2354	Supplier#000002354	OifJATleNh13fks7KtW5QsVY26AB0hYBjjQW	24-240-811-2622	616653.3012999999
620	Supplier#000000620	5pd GQ2NTM3c2uR,gCg9NspSE	34-347-881-4300	616652.5316000001
7748	Supplier#000007748	FJL7Pf,GdyKWCqTNwQHnOnNo,yd5k65yw 3	29-535-184-2277	616649.1399000001
2552	Supplier#000002552	n8pviFNw0NBjkz z yERRcE	33-183-384-8624	616623.0685
8525	Supplier#000008525	NBzAj3RpEG5 ,168	22-570-937-7745	616612.1663
621	Supplier#000000621	fjFomMNvcBWHb	16-492-530-5790	616396.8089000001
7564	Supplier#000007564	hCfkBoEdgehPDK3LwO7jTYp	12-965-161-3745	616357.2803000001
7091	Supplier#000007091	dpr XUtSl2fA8pXLZ	25-992-449-4349	616332.6072
7966	Supplier#000007966	hD,5E4m 8AlYs0IyGFPh,ecPthXMTP	31-367-113-9243	616192.8383999999
7849	Supplier#000007849	DuvTpT8wi2yGTQ8gUGSZsm7DhWOjyYV5D0Y	33-953-595-4092	616074.816
1995	Supplier#000001995	EUOX4y1yxYE20JLEYPc06nADD	28-474-543-1631	616062.4527
4097	Supplier#000004097	959 JrnyclmoMkfgiHOn0iEN7p7NR4BUJyeI4la	18-644-641-3609	616009.1487
2514	Supplier#000002514	Ur93sG8TyZehI3UjA4AXhmsmGIso	27-562-380-6184	616000.3758000002
1101	Supplier#000001101	Hr1EBv8bSuV0wcG	20-392-415-6037	615962.7418999999
9263	Supplier#000009263	y5cT48CXI,0y48W	18-809-566-9898	615931.9162000001
1272	Supplier#000001272	s6ACcmRU,Iv	17-399-346-8089	615788.0247000001
4987	Supplier#000004987	UFx1upJ8MvOvgFjA8	13-936-786-7730	615577.5951
8182	Supplier#000008182	KGMyipBiAF00tSB99DwH	14-658-338-3635	615493.3253
2636	Supplier#000002636	aGyJICENjppMbqsejm9wc	24-527-297-5348	615421.9747
268	Supplier#000000268	ApLM6aebtP79LIp	33-863-692-9039	615381.0397000001
2738	Supplier#000002738	uc,zYilzDQIkEmH8dWYJE9M681TmlEPsdFCtB6NY	21-215-533-3433	615253.8622999999
7685	Supplier#000007685	4OCzF9LfDLYGF0pcgW9Z	11-251-650-9168	615203.0654999999
5069	Supplier#000005069	HA5lbMpFJevFg10lH0,a2	25-328-522-7714	615112.4638999999
5888	Supplier#000005888	vinz89pQTZV4rd,rmz1uL6kFErUS5CnJ7qS65t	14-227-190-2807	615109.5481000001
7540	Supplier#000007540	MA,sS2ik,ud48C5QR3SAGyNl	18-829-622-7156	615097.2174999999
6564	Supplier#000006564	2qWFeJqImGoT0Mo9mjuKiLoFZW0IaIlv	25-686-765-7730	615062.3796
9627	Supplier#000009627	uhVxlR2ZdXa	11-459-329-1759	615059.2258
2579	Supplier#000002579	BH80ivdOGxI9plQ	12-310-374-4856	615052.3831
6569	Supplier#000006569	sk5AhyyRnxAczOZ76XvjGU uDEnyHQSVIQ2	30-561-849-3346	614983.6381999999
1758	Supplier#000001758	RK82Bll97WNO,zhVHO94	22-588-254-2879	614969.4222
3655	Supplier#000003655	YCvXBNgPkoNAvD2hHR,njixO1	34-916-618-4033	614914.8858999999
7556	Supplier#000007556	iI1FclAmBLde PCl6d	33-974-496-5278	614895.3038999999
3137	Supplier#000003137	dlR1SeOSy6FG	10-770-759-1402	614568.1246000001
6087	Supplier#000006087	BPDYkTeaG6er4cLOl5uMZysc	30-229-930-8440	614485.4649
4763	Supplier#000004763	W 7kS9LLh4ZgLpk2	31-335-256-6649	614418.0020000001
4207	Supplier#000004207	tF64pwiOM4IkWjN3mS,e06WuAjLx	13-514-410-8413	614358.2274999999
2082	Supplier#000002082	7v7kwZySU297XEFptPDGuBh	26-179-265-4597	614345.3654
3745	Supplier#000003745	h8Y,54J1eu9nBAQQz4	32-412-377-8563	614286.5229999999
6159	Supplier#000006159	cAvSpNwr6Xbv	16-970-884-2915	614241.9373
9026	Supplier#000009026	,yb 5xmekw	26-300-653-9615	613929.2017
4636	Supplier#000004636	C1TCXzuHEbDa6vNFNfc4UTY6HXnBBp	12-986-563-8088	613909.2775
4112	Supplier#000004112	fqKCcsHejokoPSxpJ	30-292-857-7457	613866.4846
8199	Supplier#000008199	mDuP66PNn,oiex1ssUJWkPqKoFvuGc0y7l	18-751-742-1146	613803.7876999999
7811	Supplier#000007811	ohb7JDdYwuHZ3Gwgh0ycSj	11-148-611-9104	613753.3798
2303	Supplier#000002303	nCoWfpB6YOymbgOht7ltfklpkHl	13-358-165-6810	613660.4575
5134	Supplier#000005134	Q861AErQN2rJGI	10-942-484-8952	613503.6337
25	Supplier#000000025	RCQKONXMFnrodzz6w7fObFVV6CUm2q	32-431-945-3541	613439.8322
5765	Supplier#000005765	ZjVSXoThNZRwE	28-206-130-5547	613430.4545999999
5966	Supplier#000005966	SuFErYNcjqywl5DncfjhV8OViSqBbfnYlmKS	18-561-292-3628	613339.4778
7998	Supplier#000007998	LnASFBfYRFOo9d6d,asBvVq9Lo2P	13-832-953-5827	613304.4337999999
2036	Supplier#000002036	20ytTtVObjKUUI2WCB0A	13-533-270-2069	613276.7805
3926	Supplier#000003926	iEskW4EqJRr6lmnL56,D3hfohT72hP4Gx4AU	19-842-211-4782	613196.3031
833	Supplier#000000833	ig2vYxu,8xwEzl0UfA4t5VJ	27-470-524-5760	613058.0974999999
7706	Supplier#000007706	BlHq75VoMNCoU380SGiS9fTWbGpeI	33-481-218-6643	613039.4739
9719	Supplier#000009719	BZ YzlLJU,CqlAhflWqzxr4jP	18-920-315-6826	613035.9461000001
9505	Supplier#000009505	n1pXScGMekx23nPfg9vgGM4Sy8kd7IQmtU,O	29-746-694-1348	612881.5982
5894	Supplier#000005894	x,96zxP3FAMchh8yAIWJq	10-621-434-6822	612817.4827
6656	Supplier#000006656	Bsqlxg0akZ0z5fvveCUNJgaHSHbFVIrCwr7	28-867-807-7373	612795.2633999998
2030	Supplier#000002030	nHJl8Qp1p2	24-805-946-5733	612654.4014999999
4610	Supplier#000004610	G7HRcZ0fXIKP6bA	23-594-493-2109	612397.8661999999
9467	Supplier#000009467	JbdJxWu,7IXIeLdbYYDPqXaBN3MV	28-127-496-1536	612216.7016
6262	Supplier#000006262	T9usrQ2LNhwdQB	12-432-745-5354	612000.9629
7972	Supplier#000007972	WW0GuiWP2N3kUo4f	31-958-906-9709	611992.9674
4773	Supplier#000004773	l bLnfPKIIlBWC8czckJ20HGUh0	11-927-176-6534	611970.8563
3114	Supplier#000003114	sbxYGYX1kDA6Ic xApo4O29CzR	32-129-694-7833	611967.7482
6529	Supplier#000006529	DCIcqQG,v02EcdiZFCN7uc3g	13-747-854-6478	611964.1924
6592	Supplier#000006592	SBoTfwf16wLnaLcPhvOWNyXqeMi	12-173-853-7482	611940.8095999999
6527	Supplier#000006527	ppB3i,lkoK0Jm6r0O6TxV3T0lSo62ph0CrR	26-352-294-4384	611936.7119999999
5006	Supplier#000005006	Xvpl9rlgriF4B	11-843-342-5499	611935.0750999999
6543	Supplier#000006543	u3 yVNH8Fa2hBi,My2	18-570-252-4956	611800.0292
3213	Supplier#000003213	pxrRP4irQ1VoyfQ,dTf3	13-119-676-7364	611775.2988
3035	Supplier#000003035	j12TLg2wqaP9Ii	20-919-155-3978	611739.3109
3332	Supplier#000003332	Uyep2mDFVJn68h	20-304-291-4650	611477.2978000001
5027	Supplier#000005027	gnMiW6xgxZDGyTfGNHr9Y6Gf9Rc	10-713-481-8264	611441.1366
9651	Supplier#000009651	wAez7p,lbPHySWeSDNRbfl4	34-829-936-1955	611416.5236
6768	Supplier#000006768	Y0gGNRSEVWfV5aDW4YlNX5nqz	10-386-623-7588	611366.0561999999
6708	Supplier#000006708	zXJlfd qrkfQltGI8c	26-462-518-7306	611359.4146
4103	Supplier#000004103	EYdd,noRdDff	34-391-171-7480	611227.4619
5036	Supplier#000005036	Ftq,HCpxZ0	13-697-444-7990	611129.3586
2115	Supplier#000002115	CdIw7T8f1ur yJmvm	25-293-741-8460	611042.2305
9162	Supplier#000009162	mQTk6NFXonat5 ocsFkHYFflBe1m6leDm0Q	25-111-673-9641	610994.8265
9923	Supplier#000009923	gk7PQ tkI8d roQRTYJy InZr2,X4okkbGX	33-231-694-4222	610845.9623
6857	Supplier#000006857	tclwRUXRt g K9thunFEfhaVP6wMul8I	27-737-864-6129	610674.8977
3641	Supplier#000003641	oZkYieP6fCKlV6LK5v2Cs6qNYfre 0IVd8Edd	33-802-670-8953	610569.3473
394	Supplier#000000394	5mGD3d,LeKycAyeYbVlrGMlzmT	19-517-731-4139	610437.5086000001
9284	Supplier#000009284	JF5cmh0k 0WFd10	28-679-135-7971	610345.3332999999
492	Supplier#000000492	8wEulEYM zGvMXfDNNEw4B	24-875-296-5180	610341.0667000001
4764	Supplier#000004764	R12rv59MMOGz	19-122-667-8223	610336.2909000001
1114	Supplier#000001114	f,UYBv5a7bpz E4v08Z0i	15-513-472-2380	610244.9778999998
9154	Supplier#000009154	CARD8UKanwytz7 e	11-562-658-6307	610177.9557
3384	Supplier#000003384	o,Z3v4POifevE k9U1b 6J1ucX,I	16-494-913-5925	610168.9646999999
3356	Supplier#000003356	jtlug57,ke9cq9ECwEXA1EKTp	16-135-705-4908	609996.5782
2684	Supplier#000002684	KPsOyszpmQeTDgdsX1vcoO SDbPJxqQC5dgg	30-893-703-5309	609992.4913
748	Supplier#000000748	x3Wq1rbka5LB1UnGMzk0hd5,mWjrLfG49kR	11-549-384-3124	609947.4293
5017	Supplier#000005017	RMaCRF8C,C3	18-252-308-7859	609940.0921
160	Supplier#000000160	LG6VM3F8MhGnmoZUpyqHgsV0IP6gOagh	14-471-505-8811	609834.5900000001
413	Supplier#000000413	GAufsRQQE P,dVCZWIMEUAsm,7	21-875-836-5585	609783.8306999999
6238	Supplier#000006238	uJD8zM90,LL021MxuiS5RP9lV,	25-917-640-2121	609765.2005
3575	Supplier#000003575	dc6eZZyHWCqmiKIpwUWs0VAVQ1ZvTI9gkjgE9p	21-446-180-3000	609752.0588000001
3718	Supplier#000003718	VPtTYIzJwSIEvyOSe0BCtrY6I	10-512-549-2865	609710.2362
5716	Supplier#000005716	AzRV7wmScLO9Or2uJdmiD	16-485-932-5209	609632.5824
2214	Supplier#000002214	0vXe0cRJIkdIkEQHrFXRXEaGPlPaWO2uOlSaah,	31-570-567-1838	609589.8898
8570	Supplier#000008570	tVFRi4Uq,iOEWJcVBrOTiS3naWEDSIMvolIhjW	26-995-212-9357	609586.8
7064	Supplier#000007064	ep lHd3q8kDIWLG R7h,9z7AEcvqxi1GNN49	18-543-384-6456	609563.6722999999
5676	Supplier#000005676	HInJHZisl5svSU1oKsr	31-411-864-6979	609561.6388000001
7201	Supplier#000007201	ieHlvZlpgUFWlK0xdxDgELwE0Jp1ql	26-821-153-3231	609506.1315999998
666	Supplier#000000666	7emVs,4gxuqP95JNK	29-330-510-9985	609500.2898
7520	Supplier#000007520	at1CTEqdKfGubHRPnxVbyFLhQ	24-700-592-7490	609273.1926000001
1043	Supplier#000001043	9k7mX00VqjfxiQZLC	16-533-948-3796	609184.8304999999
2055	Supplier#000002055	h14IqRaCVKW	32-368-197-3979	609125.7282
3103	Supplier#000003103	r7vLesukWuV32ZGgbffKoPiqaopP3,IG	15-501-459-3317	609013.7187999999
8904	Supplier#000008904	8QO ffx0CbnWjULKN6wqq4	21-555-308-2906	608816.775
4171	Supplier#000004171	N UgH,tE,9Bs,	32-137-311-1336	608783.1332
210	Supplier#000000210	eC5 e7DXYBWi8XlnFtBxF,tSWPyQAzqb8gAZ	12-385-448-5157	608702.9237999999
9549	Supplier#000009549	h3RVchUf8MzY46IzbZ0ng09	13-892-235-6781	608364.5574
4680	Supplier#000004680	9Z9k,6Ht66AxyubwcsX0Ryig0QcTQQaqJUn	20-151-872-6299	608137.1257000002
645	Supplier#000000645	blbALMoy2OihlkvD7FtkLXPvTShY9JVtsWT	17-742-832-9508	608065.6489
6853	Supplier#000006853	sc,rPmQqLxnBImN26PwFR7pgfCenQpbiVBcZpRj	23-336-326-2531	607898.6055
9670	Supplier#000009670	0gnjR7sFZm7uVVx	29-608-839-2901	607875.9482999999
3927	Supplier#000003927	fASJO,Hi6pi1wp3ExJCttf3GGZuewRkoBW8V	33-835-635-4974	607835.485
9964	Supplier#000009964	t5JNI1qn yf0LZWBnbLrOMvU82nc8OPOOAHTPF8	11-130-318-6328	607612.8931
8421	Supplier#000008421	x2sr5EHkwDOimr0n9uWd,cDEXyIEXngBLI	16-554-443-4756	607594.0088999999
1015	Supplier#000001015	P4DJu8H4uBwPuxz5	18-358-817-6779	607522.4900999999
5678	Supplier#000005678	34TkeD6GecS4lpxK8JI2V	33-668-572-4270	607367.5483
4529	Supplier#000004529	QQ uftaLsBYd6H8IsTk	17-904-330-6474	607328.6558
7264	Supplier#000007264	UKakjM2zil	26-994-601-6378	607309.5827
8601	Supplier#000008601	Tq2xNb9t22iA	28-110-804-3016	607273.4959
4013	Supplier#000004013	,6B4FqtOOsFeJeDy38eNaRkAr5Jm5CXKthK	24-221-110-6139	607257.0631000001
1053	Supplier#000001053	F69fPuCNvPpsoA8gP3RgIMa  9D1a	30-774-136-2488	607177.2174999999
7386	Supplier#000007386	7OwCfIcamhJtcgiTUcUq0lMGzVT0CWmZvq245G	32-799-168-3188	607149.2085999999
9117	Supplier#000009117	FqQA4qeCJGh SZthzhNDKl3vFxY,A	34-479-107-1662	607110.0386000001
7045	Supplier#000007045	NYbUSz1bQaYt,xhyrfyQgD62OaCOqIG9IC	31-864-135-7407	607057.4702999999
9306	Supplier#000009306	lAjkRXpKye7R2f5qHbPMs,SFZmf	14-650-412-2315	607025.4675999999
3577	Supplier#000003577	LUObOZh2GykMUzj1w3oU2pc,r2fZeLTQsUGUr	22-995-516-1296	607016.8616000001
765	Supplier#000000765	RLsvd,9rVYPSoMUCDBVoB9	34-103-698-2282	606971.5081000001
5093	Supplier#000005093	wubimDcO30UlP	18-356-823-5730	606929.0005999999
2513	Supplier#000002513	nsHTqAc8vuw0sx0Z	29-819-858-5280	606912.4705999999
3514	Supplier#000003514	63uWeHPVfzygvwEivG	33-482-787-8079	606883.8526000001
9131	Supplier#000009131	gDBXgWtg4rTxu0WUJhhV	31-942-710-2719	606840.5815
7067	Supplier#000007067	ceXHONkKVuCiUxjfx2cF6VyE,E	33-413-651-8610	606826.0827
1705	Supplier#000001705	h6 ,T,bEwXf6aww	22-419-713-3468	606817.9496
6098	Supplier#000006098	PMFvhiKYqjx4ab	27-525-181-6083	606792.9672
6918	Supplier#000006918	kaEM1yahLjYbzGD2dlA4lefzCmSTNmAqaOdg06PR	27-656-821-3120	606696.9911
9631	Supplier#000009631	FJECow3o,khLY5f2sc	34-465-941-2862	606671.7975
3246	Supplier#000003246	3YNoAfDXHi	24-150-403-2751	606539.9917
6143	Supplier#000006143	WSDWjg9NFitDnmxvlYnUkNkH27x 66vZLvCDc	26-316-273-3393	606441.638
8443	Supplier#000008443	4NVFgmnKNRe	23-767-598-9866	606415.7991
2333	Supplier#000002333	mmAvPwgc9irA,MG,GWLlsjoaA1CnP	32-100-992-5815	606380.9548999999
3851	Supplier#000003851	7LAScolWqqf1CjlgKMGgH	26-424-853-9777	606200.8611
8560	Supplier#000008560	0ecAr,jIG3F9p8bQ4O49D9S0boSXifq	24-544-801-9413	606200.0138999999
8083	Supplier#000008083	i5yvxpWnKvLsFPhxyySs20lfY 7Wj4	26-482-326-3165	606109.1056
9981	Supplier#000009981	NX1n8lXZ0ouphhFqAPKth58qURAu0XrXxxx	15-151-440-4215	605931.7762
2081	Supplier#000002081	iHnGUIqGqHYOJ,hvR9uSqQ2Iftoj3	22-738-508-9858	605915.6902
3791	Supplier#000003791	bvUwGHnDocDRwhoAIAavU8xQlXmyhpPjNlcI	11-480-272-8893	605764.5977999999
3123	Supplier#000003123	aX,0xfzbndYceq2PDE7Plns75HfJ	20-561-221-1424	605718.5305999999
1250	Supplier#000001250	uum91lnpIZa9Yv3Z IMXbf7TyYlwPYI1ApCYtx	15-552-400-9891	605626.2505999999
571	Supplier#000000571	GMifmfVJba	19-223-236-6710	605609.8883999999
726	Supplier#000000726	jASHnVdyT7e7Lxf6a	26-825-782-3808	605503.2774
3652	Supplier#000003652	BJVxk,zw5nau6FCSum9xWVZ	13-626-476-3206	605469.3826
5220	Supplier#000005220	YQIMhm7NYmeeAOVTOTO,	26-701-146-2726	605276.1483000001
6720	Supplier#000006720	ylUyy,j2,U4UdToTQ08j4E2ltkiH	28-960-228-5409	605150.4205
226	Supplier#000000226	83qOdU2EYRdPQAQhEtn GRZEd	13-768-844-6969	605086.5095000002
6198	Supplier#000006198	BKmrhC4GMB1F6	26-267-228-6726	604982.3573999999
177	Supplier#000000177	IUZ 7G x212nzZY5aQS	22-246-174-4465	604894.4887
1185	Supplier#000001185	khazl747u4Qc4h,OL4BqmkEH4LzrmDsu6vq	33-194-433-6517	604784.3304000001
9680	Supplier#000009680	IKlL2Nkwu IqJV6kF OC TywoDxLDaBuavlXQBTF	18-956-814-3457	604701.1728
2027	Supplier#000002027	QmtD6C2kQF3xRxmt2tOjIK	23-333-668-7439	604628.5626
5186	Supplier#000005186	9OWZt7iQ9zxx	20-801-725-4571	604560.8809
4062	Supplier#000004062	BR,3UXBpQ85yXn,Mdpp	17-829-494-2944	604508.2519000001
8836	Supplier#000008836	BR9s8T,rvpQTvMe0Z0IDe2p	11-808-231-8424	604260.8661000001
5626	Supplier#000005626	bJc AvkL85Qsf9ZcrpTH65Nse05m	23-499-299-4634	604094.4755000001
2026	Supplier#000002026	ZJzy4wu,lfoZugo6,cRgWvbca gFv4SzximYFeG	24-814-878-2691	603951.9077000001
1152	Supplier#000001152	D19t3SK5IpY5q0gJOf4rYAjjTpBjZlJl3dt	30-686-799-5287	603942.8389999998
3586	Supplier#000003586	OxKA5gwi VkWgSf8r4ZUx5KWqMdeaYKQZ	29-223-914-6598	603849.0471
6605	Supplier#000006605	e,4MVOFQkJQiUpyisXkZfP cJD	10-276-155-4210	603840.3968
2284	Supplier#000002284	iPrawnuWekWcu shhiSI	14-201-516-9247	603616.8202000001
1821	Supplier#000001821	3vDimhSK5SNWns6phih5L3jlZyGW,a,0zhr3	31-696-483-8332	603608.2869
8722	Supplier#000008722	IntIqWtVWnMu6SRP,R60CIIk	19-162-892-4701	603521.5399
864	Supplier#000000864	D95VTylwusz7OYesg,	15-293-129-4196	603519.6909
5977	Supplier#000005977	V8rEW7GYlWJM3S4IIO0nmLAclj6SetYsjCEYAlAg	34-138-830-6930	603517.5666999999
2117	Supplier#000002117	MRtkgKolHJ9Wh X9J,urANHKDzvjr	13-319-805-9736	603428.3907
9566	Supplier#000009566	gFy8fwG36c1Ri	19-198-116-3424	603406.009
6714	Supplier#000006714	OjQDnZvu7 ApsqC7h0ohCAbJRKh1ApQZmN8Jr	11-859-742-1776	603375.9986
9029	Supplier#000009029	tMbcraGBCsx6et j8	14-197-738-5698	603324.9401
9376	Supplier#000009376	Gr91X3M1khLCOryjJ8hPe O	34-924-348-7285	603248.1658
4327	Supplier#000004327	aSEg2s hxzlSPcSLpIe9Ur3QQ Yep,IS8DWaZpME	19-813-118-4273	603236.6574
3588	Supplier#000003588	Ho9S4ceJ1J99dh63 pigYI7Sf78Mbkoc7iutI	14-715-559-8344	603205.7048999999
1161	Supplier#000001161	dO6wpXbKpZjRCRo	30-202-116-8696	603099.6806999999
1385	Supplier#000001385	UUD4ymFUhLSjsYHaBwlWf,1zdlh1vFFQH6Tqo	23-503-768-4613	603068.2966
5038	Supplier#000005038	279zLyZkIs17Jv3vrN5,K dZ8tZAu9xZ	34-902-493-9828	603048.8055
7127	Supplier#000007127	3LlA2QAVNr2SyTnDoua2eJgMc8Nlus0atFz	30-922-704-3614	602995.1017
8100	Supplier#000008100	ZUQ4uU,6D9UuL	18-756-778-6868	602973.5264999999
7240	Supplier#000007240	ApzTXaYhoCBqijpuu29od3cEIhAsr	33-140-585-2550	602896.1606000001
6938	Supplier#000006938	NkZxX3c1RYqz2NPR	15-776-230-3663	602743.7902
9984	Supplier#000009984	rLkAcZoRIttWlBOXvI8qA	23-878-425-8047	602671.9917
5562	Supplier#000005562	5e0DbBnKhReDsJHH93wpQNzrKkqTk	32-121-244-8514	602670.3374
6784	Supplier#000006784	mK1m3ZYQydhYyaUmI6y0dFGfXWLliVX6whBvZV6	23-122-413-9616	602567.9709000001
4579	Supplier#000004579	K5nhdAhx6aGpbcRNj0	16-946-122-1848	602545.4206000002
4530	Supplier#000004530	dlyR8vkFME0DB	26-777-914-4325	602514.2254000001
4309	Supplier#000004309	WkrosU8iLiCgpG58VmR6liRUHlu4vbMIPfcpM	11-949-992-8497	602403.1756
6275	Supplier#000006275	b4jthW1EU 4NP5txI3D YX Bj6s1NSwn	16-939-109-4187	602309.6513
3445	Supplier#000003445	gWX6w2yDE10TXisLZkLPcoFl,FN	13-208-253-3605	602281.6434
1890	Supplier#000001890	LC65vJFKdQCXTwHvVMaMu4QU56GBvlt	22-138-829-8813	602201.4970999999
2060	Supplier#000002060	sr8M4zsrs23IzGSuq8IfVlrXkJm	26-246-351-1423	602137.6578000002
9132	Supplier#000009132	CiEFN7xj1txIqH1,MyqSv2	16-903-348-7643	602054.9550000001
1785	Supplier#000001785	fdCWEFK6Qlr fZd 4CFKyXvVnp5krLr5lSu8V	31-360-534-7977	601825.9765
9559	Supplier#000009559	8dQO1,H5piQRBDV,96PYVVCXW2dunI0yKXJJ77Bh	25-566-702-1125	601813.0797000001
8716	Supplier#000008716	UvYM29P,cel1kaSnsBfQY5xTjG	22-338-187-5741	601600.9775
4227	Supplier#000004227	3BO8G2ObAldW4YnuYjoDytLx8CmnYoGb	11-223-593-6259	601480.6161999999
8381	Supplier#000008381	UNI,edNdjZ9IT8DfyjzQqT0va4	22-630-723-6868	601289.4168
3061	Supplier#000003061	GX3lvTUJ,jS6vR5WqZyCv6dRhdowFMxwOshCquq	23-468-814-1685	601251.2488000001
8092	Supplier#000008092	wlPDh5 R7RO8X98djBfFjeXiBzCb5TN4XI	11-567-871-6576	601226.4690999999
6173	Supplier#000006173	hBdratcVfL4LpWxsEpCRP g0AksN0CDhBZ	31-857-893-7518	601213.7969
8739	Supplier#000008739	vwv7Oaf9zPCO	30-741-515-8775	601197.2497
6873	Supplier#000006873	gV4gphLrUceksCZpy,XCVxvh2I7	27-480-892-7114	601181.3143000001
6491	Supplier#000006491	BR71X0IhQaDFXWHZ3rTN LHa,fX4LikF xfK	25-682-162-8442	601139.5724000001
6003	Supplier#000006003	EH9wADcEiuenM0NR08zDwMidw,52Y2RyILEiA	33-416-807-5206	601110.2669
5522	Supplier#000005522	4ZYoGSuNUEUc3	27-941-491-8915	600479.4605000002
7560	Supplier#000007560	ys4A6CGsNL K,9gNPx2MNnG	29-721-141-7530	600457.3407999999
1111	Supplier#000001111	W1uUa109YUVRw6Ch6NuvFnaRcm	23-375-309-6302	600356.4752
2059	Supplier#000002059	Oa4FWTaIHzMV,9M7TuLT7 uX3	19-267-585-5906	600318.4533999999
17	Supplier#000000017	c2d,ESHRSkK3WYnxpgw6aOqN0q	29-601-884-9219	600255.1275
9073	Supplier#000009073	JLQG8zebOLa	16-912-317-6753	600240.7011000001
5172	Supplier#000005172	RG58pSuUcrJJjbomwgF1eJpk0AoPJI5SxZxa14	25-372-629-5030	600169.1421999999
9800	Supplier#000009800	VFwKCiLwHI8u d4W8v 7T6sIZvphLeSRUDBvM	23-392-795-5960	600058.3677999999
5055	Supplier#000005055	Zykd1Z6Eehywxds0Pyqz4J2Hf1RaZR6	31-804-750-3159	599982.1539
5080	Supplier#000005080	,cCNkLr1lSa5sGMJCdr6W	14-680-489-5992	599312.7163999999
4248	Supplier#000004248	nCh1nEMOTfizK fDDo3VTgiVerYbiHIhH2sFRrU6	11-406-712-9604	599246.2814
3014	Supplier#000003014	HfrcgK9O6K,N0z	30-522-592-6417	599233.8393999999
3164	Supplier#000003164	R3AZwhqjRhH	25-326-242-8592	599185.0924000001
6913	Supplier#000006913	ulndzeZ5Ga8xkIV2M6CjSANx26dLHSEhZB96O6H	10-692-656-9129	599184.7188
4898	Supplier#000004898	gevICDmkyqeiZe	22-981-208-9816	599182.1106
1672	Supplier#000001672	eWGLmD19vbE38Wu80O0Uz	17-914-195-9061	599163.9377999998
9471	Supplier#000009471	DbfJ 7VNkFOnU4W,7o	21-578-514-3601	599102.0966999999
1947	Supplier#000001947	ldbSOVHowulGQRaNF3a7zTj9y5N	16-781-356-4399	599042.5882
3789	Supplier#000003789	iDiVfkHeNky	11-732-905-1016	598990.1680000001
9299	Supplier#000009299	UKUpKpXccW5X4r1n1UIIxpjpJH	24-957-349-7082	598888.217
9519	Supplier#000009519	zz6MbTdtLbEZy8yJ3KpNR5Sk4cF	20-995-231-6289	598853.3994999999
5730	Supplier#000005730	5rkb0PSews HvxkL8JaD41UpnSF2cg8H1	13-997-710-9302	598638.8302000001
1593	Supplier#000001593	nyrNd0vqtRsA2mB8 N0B WGupWrAy9WK3l	15-528-294-8640	598631.9923999999
7126	Supplier#000007126	ic1ixYb,R2K2qb	11-745-331-7130	598608.8096
4511	Supplier#000004511	mmkN4DJOYUIVmrmQBevFbXQPJb6a1S,so2h	25-583-107-7205	598568.8942
8193	Supplier#000008193	g1IFVx2xk 2HoL7yafzOT9	27-111-470-5762	598501.4477
6246	Supplier#000006246	bZfRctecsVimCe1Uc8, 1iJ2ZjYV7Yo,Pb	21-927-329-5043	598447.5893999999
3321	Supplier#000003321	pNbmUBQtMLDGyie	11-342-967-5637	598431.5425000001
3154	Supplier#000003154	SHkGms7d9bD	10-209-166-3429	598403.7794000001
1247	Supplier#000001247	szRGANkh3vAfAV	10-650-158-9355	598327.9916
8542	Supplier#000008542	YPhfijxCiFKkm8,S	34-764-457-8674	598261.4535999999
9096	Supplier#000009096	SsWOriAm1ybplhhyP	26-107-366-6452	598249.8154
1330	Supplier#000001330	SId6O3H5X kgMUvmNMQWAzpACakbqenDohX4Acr	21-579-249-1360	598098.5293999999
7608	Supplier#000007608	EUzXTeHOSCKruCLNL2EedQmkXoxIS5oJljEM	19-754-784-9957	598053.4128
4152	Supplier#000004152	CsxW4AcucGTtTdod8FCAPn	16-530-394-9077	597861.9563
5335	Supplier#000005335	BKN QXPN9OfeK	12-429-977-4251	597845.7283999999
773	Supplier#000000773	U0Sh9u896MJve84VFCmc6TLb8RUmg9BzJJBks44	33-321-732-9512	597671.0036
9087	Supplier#000009087	R93KV7UdAptefzXjnqO9pfqgsV ZqpdHcC	33-722-513-3852	597636.8241000001
5656	Supplier#000005656	nYY vwwWaAuXihpyn	16-263-334-4011	597611.8888999999
5118	Supplier#000005118	mBq1ON0bLT	11-539-770-3350	597581.035
1033	Supplier#000001033	A6x1P,56sVHkb4DqVyUw32n,ChI	13-785-290-6801	597493.9754
6305	Supplier#000006305	SKb42tl3EoXxQF4zmvfdUlmNuBCd9T3sonW1	23-181-742-9276	597421.8434
9380	Supplier#000009380	Ka9SQRCx8 KsA	18-852-634-2011	597385.8966
3544	Supplier#000003544	i1wE3ayJn7WW9YClekXHq2Xyjmro4X	34-444-386-4758	597298.012
7094	Supplier#000007094	AB3Ilu 4dGDn4GQULl81L7obQ3TqGZ8pPu	16-777-218-3967	597248.6249999999
9777	Supplier#000009777	EdtUwT6BBgUVlx7Tqq35UG3f359UgC0	19-406-999-1389	597220.6646
9051	Supplier#000009051	rqjg3yDWpJlheWrvkAwt9iADnozWmy	28-823-689-4487	597180.75
5934	Supplier#000005934	3M,bbvuCmW4iPoL7QL95z89R6M	29-187-727-8600	597073.6056000001
7760	Supplier#000007760	JsPE18PvcdFTK	13-639-678-5341	597057.7614000001
9034	Supplier#000009034	oi,JOa0LITaOToR5L,G1eMDN8ZuhLERVo,3O,2	17-351-274-7494	596910.4541
4609	Supplier#000004609	nFb0hCtvR6ePk0g5Brq5z	27-238-471-9748	596906.5613999999
3663	Supplier#000003663	0r0W5zyJGaYCLaxD19CgSa	24-218-659-8495	596862.8842999999
3565	Supplier#000003565	zsLX9sXmmN41pzdYp Z8,InaCs8Hqk	20-367-342-7605	596811.7072
9534	Supplier#000009534	w Q,QHS1dfqs3BBrTlijJuiLQ1I05sWnHWCiiW1I	26-519-835-6320	596679.9093
3143	Supplier#000003143	hdolgh608uTkHh7t6qfSqkifKaiFjnCH	13-556-217-9388	596619.0295000001
3066	Supplier#000003066	rbLg0pp3sKYeZ,Knk8L8oKmon,LKWX	21-190-153-7754	596361.891
1805	Supplier#000001805	cpQy4m COnESQrPhoBvWPbHnCaihk	29-305-293-3380	596344.2691
7798	Supplier#000007798	ZJj16yxfA1GCHfrwZyeSdL83dpY	29-800-160-5305	596292.4491
9765	Supplier#000009765	c5iTiLQekVj135nld6sJuujyk7, DXo0	33-187-453-7726	596285.5876999999
4832	Supplier#000004832	M5CojlGp1 qu0ZGthJJDEzBU5vElXp	21-966-987-8142	596277.8134999999
9568	Supplier#000009568	YnMsjNT7FDi	33-436-335-8486	596157.9163
7066	Supplier#000007066	a rdeYnN1ELxIjkkCRo4UVbJqh2lXmQB2TXBuwPw	16-880-494-3956	596144.0613000001
32	Supplier#000000032	yvoD3TtZSx1skQNCK8agk5bZlZLug	33-484-637-7873	595996.3631000002
5288	Supplier#000005288	AqD0tMyqQg6hudWRPq7fkEClAwchu	26-212-331-6862	595963.6619
3295	Supplier#000003295	GDirhnhOVlplgJ4lrt3f50L l1a	25-313-798-3150	595934.7655
3489	Supplier#000003489	A46,Y89qj47meR4CbcMWNy	29-287-680-7484	595904.6293000001
7543	Supplier#000007543	fC3tBKvOvoCuhc8ZtU1fkwG	33-310-975-5260	595882.5695
4192	Supplier#000004192	93oY1dMuRsP4aaCK0QrsoFgZf6yB9CHy2Ba	17-858-849-2452	595678.3064000001
8920	Supplier#000008920	yo9SyYc810Cw	20-362-919-2936	595639.1709
9904	Supplier#000009904	azEeVY7d1tqsytCwYg0Zqq6BSCg0uRW	11-504-889-1729	595593.3915
7039	Supplier#000007039	W36dcpdHN2GyJSd4wfv	20-152-963-1884	595542.4086
7787	Supplier#000007787	jFzI0KxRKWWPkojrmk5pkU8z3bS0	22-225-237-5680	595542.1178
9514	Supplier#000009514	apzE0QbvdwN6oTQqsq2	26-931-519-3357	595527.8453
4592	Supplier#000004592	6eoAjyJrWXrsoJr2HelM8zc4ZV5sW,d2je	16-245-427-9321	595344.4332999999
6615	Supplier#000006615	61LDepEIpKUZdy9HSV5UFQQB1iAp4,4odqsrUDJ	19-817-277-5263	595322.864
5525	Supplier#000005525	cu,artidyzi3DfH90OuWWJCzky	24-971-946-3756	595284.4393000001
5183	Supplier#000005183	DGEg4PqYMLuJbTf AmfG3zvPcQ,F	10-649-978-6034	595208.6807
9741	Supplier#000009741	K3bZ5BP,9aITan	19-822-261-7498	595084.5090000001
4486	Supplier#000004486	3pRN44BCE5KHVsPFfSVlZ4I1lkqL NFudA	31-620-794-8415	595020.9739
8223	Supplier#000008223	5TX5hx5CQMLXmGQ5cGndcdKe4pcHeV6	11-512-882-5007	594973.1379999999
4271	Supplier#000004271	jDQ3KyKBTobR86UfM7YVOf	28-821-408-8572	594892.6827000001
3373	Supplier#000003373	iy8VM48ynpc3N2OsBwAvhYakO2us9R1bi	13-951-330-3925	594866.8920000001
4087	Supplier#000004087	gT8xS3tEyvgX9P3ZeEuQ	22-944-125-9013	594739.6978
1639	Supplier#000001639	cuGHE O3ck4poWFVVq2gYNxG	25-980-131-8609	594647.7208
7296	Supplier#000007296	j7oSuCaztwM3PYKGk6Nh56	30-893-557-9029	594577.8752
1918	Supplier#000001918	TDY0AufRVvba	11-217-221-7821	594505.0927
4765	Supplier#000004765	LCJ8Mtc6bGYDK7Kg5EKq1tudlQpkT54R8R8j	14-523-229-1984	594382.6434000002
3602	Supplier#000003602	5oNjsyXdigyvfcwal	29-860-295-3532	594269.8551999999
2098	Supplier#000002098	2MCSyt8XGXTLfXRzKGf7	28-314-281-1034	594221.3248000001
5632	Supplier#000005632	j gihsmDXhBPq	23-651-637-8034	594091.6961
8910	Supplier#000008910	oNRhL5p axvIN	31-156-686-8260	594018.0621999999
7717	Supplier#000007717	jXkaR6a 1imfl	24-225-157-2216	593987.6674
3738	Supplier#000003738	4opzzN4Ws F	26-806-697-2662	593904.8529
581	Supplier#000000581	X pNyEcNqxYwiP0gJ7FzkJ,haGkn	28-320-345-9799	593884.4229
4086	Supplier#000004086	KTYGIMlW8QAwgnW3brLo1IJKkT8Jh	18-307-627-1756	593859.9021000001
6278	Supplier#000006278	FID,5jREsaq6JMFk	16-303-555-2725	593812.1945999999
8843	Supplier#000008843	bz0TKDXjotnAk	20-898-404-4723	593792.1742
8010	Supplier#000008010	D5fYYc7e5sDm0YuAuPCBvi96zBfkMyd8aW4rhH	23-627-623-9740	593774.7385000001
565	Supplier#000000565	,oYB9wlD3mtL lj3PJC67a RGXaqh69sHK5G4e	30-487-989-9411	593740.2775
7440	Supplier#000007440	f3YKlu1r9 RL	29-674-945-7616	593735.8419
1879	Supplier#000001879	NHWlAv4FLyCE	23-420-323-6460	593673.5144
5911	Supplier#000005911	8oYfVNd8,PAGo6JyppW	15-671-778-4965	593549.9205
6841	Supplier#000006841	u96uvgvtworeR	25-228-261-9772	593467.5676
9255	Supplier#000009255	QioTMm,SOc6ZnPagEK2	31-359-216-4205	593289.7042
1245	Supplier#000001245	bztTCfHZnsLafgtZWe,isV Gr 4IFg	13-597-902-8280	593208.8859
8134	Supplier#000008134	LdwTvnRUjKNKM	30-972-451-1483	593145.6148999999
5514	Supplier#000005514	pLw yST2myHRwgbkIQztflbIJnKN	15-141-950-6425	593113.4846
6253	Supplier#000006253	8,2GodYdtg5	30-997-262-3199	592946.6806000001
2541	Supplier#000002541	K6QJwctTWE3dTBH3CEMld	16-619-383-9029	592913.1897
5760	Supplier#000005760	C9Q CnGG1Uqj5QDkxF3cDwgj	32-390-528-2239	592616.5249000001
635	Supplier#000000635	JNDTs06uwtXvRZUWQVpDgAz	20-119-524-2053	592482.292
4193	Supplier#000004193	cYVyLCVpDyxrIIwXRjQ3Q7XM aPDzRrn	28-181-213-6182	592349.9088000001
4845	Supplier#000004845	5c1Sb5a9pt	26-786-496-8626	592347.0961
6011	Supplier#000006011	kHzD2,R5QDSF	20-656-493-7027	592208.2491
5173	Supplier#000005173	LbPNUeqSAfeK4VwL5bNNRx	10-694-344-8752	592173.8809999999
4833	Supplier#000004833	Q0YyGmPz4D194q5qIpQ,d3xNwUaf5NcyPiYuPWxp	15-737-550-3941	591998.5437
6293	Supplier#000006293	G8Cl7YvkoXL4jKmC4	28-569-527-9913	591976.6036
1649	Supplier#000001649	,pmB7HW,5DuG	19-665-467-7538	591909.9795000001
8035	Supplier#000008035	,zLgenfT0jr16MbjJt 9WfCU6xm2N3hQy79Migc	32-321-763-7850	591649.2078000001
2652	Supplier#000002652	fAzRSsQ6VnxRSosL7aO7YqSBbHt5	14-882-858-2723	591618.7163000001
633	Supplier#000000633	HhHzqIEl0jP8SQYZ7EybSWCtRFhmytByO7CPNZ	30-502-537-4154	591575.1794
5787	Supplier#000005787	NaJJpY1guXXNL3HF1g3gfqxA50uHD00g	33-503-818-5132	591570.5529
6658	Supplier#000006658	h25j,DUjfGv9,N1iHhAP	33-754-729-1888	591417.7213000001
1344	Supplier#000001344	6iF,zVDNTykohVKcb7FKvn82s74ez	31-213-133-9448	591290.8596999999
8670	Supplier#000008670	4Iz1wROd7UvoCWlirbzq97Ddcgy	20-434-653-3719	591266.1574
4110	Supplier#000004110	MdRKQyBm6DpRtpsUiOIzJX Ug7L1m0oTXAoviQm	19-100-479-8965	591190.4735000001
9066	Supplier#000009066	e3MOn5,2mrRJ1FVYrPHNBhmZn	11-223-726-7237	591167.8124
4054	Supplier#000004054	ezSvqjxZPBEdneyB9XMEAHVFU	17-745-455-9997	591088.3039999999
1120	Supplier#000001120	q0wqSfqabg2SIqziLb1Y YM	30-865-209-5361	590866.9602999999
1906	Supplier#000001906	hiT65fN0ChZx6,rVm1con4zTXDId1B5J7T8ZMjO9	18-738-147-3630	590844.7860999999
4919	Supplier#000004919	xegp3uXfPs7yf7tph30pfHarsSazkylMQv2	15-433-902-1697	590635.9227
5086	Supplier#000005086	WGw6x jIMPWWGLE2i2yLcDa5VTnYEyDO5	22-238-301-7360	590610.3198000002
7626	Supplier#000007626	a,l0vqnWdjZgZwJWAp,krdNplMivgB	30-743-483-8978	590434.9335999999
5704	Supplier#000005704	r0hgXuC3yj4sLzk12m5Vb5EshdHbDTwS2m0VMV	28-165-244-6997	590346.308
5596	Supplier#000005596	D3,itcRfI 1essBcPzRRgArSMtHgHjNo8kc8	18-574-428-7441	590233.5270999998
2719	Supplier#000002719	4nnzQI2CbqREQUuIsXTBVUkaP4mNS3	13-241-286-9786	590224.3402
5159	Supplier#000005159	I5a6e36u3OZv3kkaUZyuu	29-359-857-1642	590095.2466000001
4802	Supplier#000004802	wR6LjrKenZOk5w68CmmjZ6Ub	22-954-859-6358	589960.6178
2822	Supplier#000002822	,aZy8lMNPn5HP0	15-438-209-6013	589804.0042
4674	Supplier#000004674	iRdZI,bEBIF	25-640-960-1813	589734.1420999998
922	Supplier#000000922	V2KIQXPxtYnOkul	23-456-977-9276	589719.8276000001
4430	Supplier#000004430	yvSsKNSTL5HLXBET4luOsPNLxKzAMk	13-979-414-7552	589710.7289999999
1611	Supplier#000001611	s2UJPFHH46tf,QWRXLNuN4UkAL	10-123-465-1292	589686.1333
9053	Supplier#000009053	6h2P5,3j,zDoT	30-485-367-6698	589676.1638999999
8701	Supplier#000008701	PLR2QehcW08	21-747-984-4244	589596.6182999999
1697	Supplier#000001697	37nm ODTeHy0xWTWegplgdWQqelh	21-377-544-4864	589575.7742999999
6292	Supplier#000006292	4W5P7Twl,0zdDFTjjYA2jxi5Zm	33-887-621-6202	589555.4295999999
2905	Supplier#000002905	8MZyNigmh0f bGbvLkFTRd8MNu1E 31JXgb8pk	22-591-903-9061	589460.2367
3700	Supplier#000003700	q1xYaKyPFw4xacddUJtQ1H	21-452-537-2128	589397.093
1567	Supplier#000001567	r37zhS4ghrSTDkfFfFYPF4OwHk694pkunMedMnb	26-561-181-2965	589241.5641
2246	Supplier#000002246	GXk1ttT7 7BgRhvK X,7t	18-257-298-6662	589168.716
8583	Supplier#000008583	X51EuQ7WtA Q1hl	16-973-502-2217	589134.0812
4564	Supplier#000004564	PaLwrQiB9R68qCiz22ZFcaF	17-588-364-7633	589030.1783000001
4540	Supplier#000004540	ca9YQJ0iLbz1S9PKNPg93xOnxHoDp	26-507-778-5227	588854.5665999999
2565	Supplier#000002565	VtH0Ip3xthMV,iur	26-415-528-1475	588818.5763
7325	Supplier#000007325	49QOb4br8oFQPncoWNP4fy4F46kRc4,Tk	20-536-413-4233	588710.7604
4144	Supplier#000004144	nNcfeDcUBUZbwRkYFz	22-365-581-3053	588532.5449000001
7172	Supplier#000007172	GBwCtGvazNkR0pLSqPITAiU	26-724-394-9371	588506.423
7082	Supplier#000007082	9lwYCbYeQ8yywFjuL870VfHcipF3T2	28-577-801-5928	588393.4062
4033	Supplier#000004033	ncsAhv9Je,kFXTNjfb2	13-767-263-7621	588321.8888000001
4051	Supplier#000004051	6pfbBoZ3ShZMK	18-894-840-1480	588233.7649
125	Supplier#000000125	XG eO4Xb4TSF7rj4R6WRQ1v2seTlyga3tvFZaC	12-419-430-3983	588190.4233
5572	Supplier#000005572	o0VYozeSbEyqck	31-829-399-4904	588189.656
2866	Supplier#000002866	x 4Iy1qgbFyct1N3o5qsPNHU5wZhyOD	17-311-244-5890	588166.9195000001
9123	Supplier#000009123	69Yf8,gr1mZR5vgkN	12-391-909-4443	588129.9840999999
296	Supplier#000000296	g,WJbekrbjAcpNtn2QRsWtYx2RNVk 9aY	24-250-680-5383	588033.1123999999
8738	Supplier#000008738	mhYELX8lpq7PqZMwYE	10-725-307-1137	587882.1206000001
6726	Supplier#000006726	nLoBfJ42KEnu 9ZWyu937SyPI,EQJ1mswcORSLrp	33-802-359-4814	587860.3389
4940	Supplier#000004940	UcTbBNn0kUtVyIPeWxG cu3qznz	12-983-845-9545	587689.6537
4734	Supplier#000004734	MAOjF4S,gSeBiN	10-179-345-4423	587512.0153000001
2109	Supplier#000002109	deW6ISdcFQkhbJqqbHhk9,ADM1SCfrdsvHzSvB	15-125-731-1831	587445.3998
5876	Supplier#000005876	gao cf6F4AVlabFh2X8pEJQdVQ1E	21-765-707-6735	587192.9044
1511	Supplier#000001511	KCSUIx2zYSDn	30-284-618-4021	587028.2907999998
9506	Supplier#000009506	YqNm9Ml0j,8NhZntYZKzJgWZdrUxX7t	13-151-102-5307	586996.5660000001
9150	Supplier#000009150	FfA6,tpLupF,FSrb	24-827-297-3280	586987.6307999999
1558	Supplier#000001558	rzsNTnQnD7oSWaWr	26-135-274-9529	586761.4743
9012	Supplier#000009012	iUiTziH,Ek3i4lwSgunXMgrcTzwdb	29-250-925-9690	586685.9248
1092	Supplier#000001092	EkMrbRGvQE91Ljv7sTBWhEtK	29-567-800-7497	586487.1501
5259	Supplier#000005259	MDUZfnUZhfMv5s	19-685-427-3631	586467.4088000001
5269	Supplier#000005269	00WEnXEU42e9L0lmz	19-376-605-9501	586403.4279000001
6630	Supplier#000006630	tIX9iDX2BNAdXfAnQe	22-120-242-1555	586324.8825000001
1047	Supplier#000001047	8uI1e3tZbzJ3YYtevqITi3V	30-137-531-7508	586324.2271000001
6818	Supplier#000006818	JzXudpt6MUt3gndOcUTkl9cQD	14-438-215-6560	586237.5345
3645	Supplier#000003645	b55jNjHerLlegKZVBwdGIu8JDn8PPFA ZA	30-588-257-3908	586190.3411
5371	Supplier#000005371	9iL4ZfNEziWz5NgNRoihE oY	32-499-859-7477	586030.2314
7189	Supplier#000007189	GXYyj1A6V3	29-203-826-7991	586013.9109
4090	Supplier#000004090	vRKDWYYcJ9xGtf4xHcWTjXW22	16-558-247-2116	585997.3836
2810	Supplier#000002810	q17doVYZJqBV	19-891-319-1849	585952.9064000001
5614	Supplier#000005614	ujVcmyldzoO2g36U	29-361-914-1481	585904.7322000001
8120	Supplier#000008120	R2WCFL3A2qo VhrjfAG	34-681-588-2364	585888.7496
57	Supplier#000000057	bEWqUVRR f0mb2o18Y	27-681-514-6892	585863.9713999999
1061	Supplier#000001061	6ncJ56M2LAPDEBGz	20-204-356-2184	585601.0659
8731	Supplier#000008731	RA7nbWrxa zBDi7,Xw JEwJ9SypWkrv HV	28-559-108-8251	585599.2447
8027	Supplier#000008027	Zn8wSn9eSmkvTz,jXB7DiIx3BLsU8D0dFBTy	34-917-831-9173	585487.4181000001
8576	Supplier#000008576	b9gsg96njGJSamE yI0YxidS5yt	12-220-669-8884	585461.9082999999
5517	Supplier#000005517	3JXFFMBtKPMRJ7sg	32-293-825-6891	585281.6792
1045	Supplier#000001045	GYqHNiVWsfYm9U	28-801-627-8967	585274.4272
179	Supplier#000000179	d3le3XaTUC	29-560-587-5604	585252.2399999999
5965	Supplier#000005965	RXgGPHMpLdsK31ygxrY3AQR5U5RI3M6UhX6	19-146-379-9429	585160.249
3821	Supplier#000003821	XbIPHWen658Kd,9MGe	18-239-284-5694	585109.8322000001
1410	Supplier#000001410	PKAsnwIIXk	19-295-387-9337	585046.8065999999
3554	Supplier#000003554	cmXWaaUy 3PMb7NdN5BXEE0UR0TP	11-249-333-7495	584934.684
2511	Supplier#000002511	Ys8TacFEOq1E41NDAHESYmaXBuR	27-852-513-4637	584840.3860999999
6104	Supplier#000006104	lMYW6r9xqIlGLRe,N0Ee	25-138-199-2897	584675.5075
1280	Supplier#000001280	R5rJqsrqclgZpLJ5QCPEg3x7VpfqTb10XNaam F6	11-150-679-8962	584633.8239999999
625	Supplier#000000625	0zW5d Hyogg0z,sXxl1PHS0Ya,muKs4N dS7	33-946-363-3870	584471.6605
358	Supplier#000000358	V3yxhHhHSXqOoc5UPv5TwkVDGKQsG	13-831-247-2584	584452.4530999999
6631	Supplier#000006631	oZJTRXYYSH2Ih	24-622-570-7871	584418.5969
4187	Supplier#000004187	6yf50yi0Nwor,EGB	10-585-511-4887	584410.442
8538	Supplier#000008538	,73mumH eL4AT53bY8dZ2gTFHhiSpL4br5ozQPyT	18-104-429-6314	584373.2557999999
3731	Supplier#000003731	vJYRW63TbvmpOGCeG16w5D	33-849-804-9421	584360.3437999999
1728	Supplier#000001728	0AHX,VyDusbxz	17-263-886-6350	584333.9944
5205	Supplier#000005205	KCpbsRqeQQ36GtHLl0	21-308-705-4634	584246.4848
124	Supplier#000000124	vmVadCZ xHPbQQA2fLxr68T1YhmjVSuRUJKCrcq6	18-313-889-3713	584157.8304999999
2555	Supplier#000002555	GxjCAMEHTP4H	32-447-186-2875	583991.8426000001
9691	Supplier#000009691	K IZD707NHR6Icrq3vpAiFRE75B	16-398-275-5960	583825.2071
1138	Supplier#000001138	cgnz432oKyPA0g7Y26bYorMwHFjbki pjALkt	28-977-762-5445	583787.9941999998
4052	Supplier#000004052	VKdqaqVtgFXhivaNQyUtxnoHNxX4O 03InxbRI	24-287-141-7265	583773.1326
2184	Supplier#000002184	t2Y8XM5flj	28-665-517-6175	583729.5411999999
6556	Supplier#000006556	M7HOWhcG73u7wvkJV5Gs YYuTeBKxcXXrqMmfty	27-491-862-7834	583712.3354999999
6534	Supplier#000006534	JLuCE7ib,ZdF0H0KR6xA1ScfpNk0VB0zgGaj j6B	19-740-622-6170	583709.0660000001
4664	Supplier#000004664	7T8vav85kSMKPfV4xG hc2RvSTbT	20-159-474-2886	583663.4051999999
6044	Supplier#000006044	OngloI0oZQ hujfKtiO26 XQF	34-645-906-4179	583486.9107
7070	Supplier#000007070	p,,oEzctc j2973nbRl8Qiv6xVs84K	18-915-875-2146	583360.9077999999
220	Supplier#000000220	uvWVvuY3tHcE2W34jcO538wy6	29-197-645-8102	583261.1586000001
9060	Supplier#000009060	4i8KTf6YCwNcKtshi2m52R8NtJYxLpAHlCn	10-752-251-9004	583194.0292999999
316	Supplier#000000316	uXJ13cI7fXByGLBoQ8VU9AT	10-382-551-5105	583070.81
6157	Supplier#000006157	bWwHUuQgVo698rHdr9S7tX2czhAepL3Lp4MU1m6W	27-613-662-3540	583002.5926
4428	Supplier#000004428	X,luVfq9zRt26X7FqHlRNS	21-584-883-7259	582810.5586
6692	Supplier#000006692	eNFxFbbCFKdk	24-300-371-1687	582754.5769999999
1026	Supplier#000001026	rggfDIM7RY1sdPft	15-655-974-9432	582622.4805000001
9111	Supplier#000009111	FStUlew1jBP7OKdjZ4q3ZK,fQrEbJWHDFPsmKvD	28-967-390-2289	582591.0163
9201	Supplier#000009201	2bhZzJ0CfQZpIdm4jYeFvfm	27-762-798-5463	582543.4275
9665	Supplier#000009665	KhImEUr9ca2 S1X51nBeIyqBW6bd4AqtrvOUU4	16-939-721-8437	582430.5671
6526	Supplier#000006526	cnKnAomKmY	31-394-134-1288	582421.1442
7777	Supplier#000007777	nAyZoZF,GfnpEtFRV1yf	13-513-149-1172	582420.5365999999
7236	Supplier#000007236	NmUSpgmcSA9eBb1kp7ycjB44jpGzjiwkmZd Qtn	34-752-157-4774	582416.9172
5030	Supplier#000005030	uVh0nT4ewaowwgjRyk8kCQ6blCU LnVqhFlvu	12-966-699-5374	582346.216
7187	Supplier#000007187	qVNA8Sc4tYjVcVr	25-337-390-3003	582305.6436000001
657	Supplier#000000657	nas2fhRwM97W8EEqYpBN	13-546-747-5121	582230.3942
137	Supplier#000000137	j81M1VQCvKcIVnpMnIUnBNVUOm0XYJuJY	28-108-440-4890	582213.5177
6602	Supplier#000006602	ffC7h3Zjhi28cjKA	11-262-302-9138	582202.0819
1862	Supplier#000001862	kS0M,qxWpw2N0uUxqgvTI0z	22-335-142-3917	582128.3904
353	Supplier#000000353	Bo,HYtujUMsMvE,	25-153-823-7261	581948.5395
7943	Supplier#000007943	87sm8qgfLXUhrRvvaPQdHDElKll	12-796-457-6146	581921.4753999999
656	Supplier#000000656	mQXqRMgstvOI	29-633-362-8481	581886.3117000001
3005	Supplier#000003005	7xWPGUbOUoeiPLNo,r	11-352-166-3995	581572.8337
566	Supplier#000000566	hBRvnhCUVIiXQK6dyAZYN,TNZItOlBvsVYCisb,O	34-396-766-5348	581527.4542999999
6136	Supplier#000006136	H5tDfi,XJ8BuciyUcOao1WXbXOWIGBR	29-672-813-5545	581511.9866
1421	Supplier#000001421	NsA09mqAFTnTD6SMdDpLSuRfq4LwHT	34-950-623-1049	581458.3156999999
4505	Supplier#000004505	zTpndt7feYG7HzAYRh	18-475-174-3168	581425.7781000001
6632	Supplier#000006632	TkcuZHSWRFtos 0fylpyqk	29-554-139-5114	581423.3807
5689	Supplier#000005689	HzWfteIlx2qUjb1Zp6m1X 9HiC	33-302-466-6800	581342.1113999999
9305	Supplier#000009305	UJMy,wReN55m8qaO9q5k,l1no52Ox5N	14-608-211-3276	581275.5589
4563	Supplier#000004563	D1EmBMVDK3guuyjftmL2wglpCJdttI05YyiL	12-805-940-5244	581228.3393
8099	Supplier#000008099	Pqy18znGQbk	18-983-205-6959	581226.8899000001
7363	Supplier#000007363	rsRXG1avYTbZZ0rQJSov	17-279-982-1929	581204.8392
7310	Supplier#000007310	b70TwzmoAia 7umUDBk,mfXJWFhxd	33-954-918-2762	581095.2904999999
5397	Supplier#000005397	0B5FAZjYyf5o3jAZeArJskWed	12-948-136-8144	580974.831
241	Supplier#000000241	K3sXvTEnHT9yQSbzZmbPNY0,iPQsmySI	18-213-514-9357	580933.7268000001
9021	Supplier#000009021	2cI86dCJiou	22-277-653-5354	580927.2978000001
981	Supplier#000000981	uf24XV3FD7J0BY5FQ29Nbco8A	29-161-734-6046	580803.9038000001
1237	Supplier#000001237	KskDRrC5imTdN0DCTm3BykGJWZzsNumC	15-830-628-9526	580763.8439
2789	Supplier#000002789	7EkIldjP7M6psSWcJ11tf65GT7ZC7UaiCh	20-842-716-4307	580634.1653999999
628	Supplier#000000628	Gk75kOa26bzFvztn3rgkiOdL M0jTMU	10-599-740-9848	580458.2426
4790	Supplier#000004790	hGIMs7QWh3p1PRq20onLaIKv	15-981-931-4002	580417.5473
1296	Supplier#000001296	dVrQR8phPaMmr3AABR4CrbcvG5	17-626-445-5639	580394.3052000002
2595	Supplier#000002595	k5XWWSZmvUScjcqYMk6k7L	15-858-185-9462	580333.7716000001
2590	Supplier#000002590	IO,ItO vfqkXPHqGr93Nip,xo0Q6f6ws6a	12-549-169-2005	580288.4491
1013	Supplier#000001013	riRcntps4KEDtYScjpMIWeYF6mNnR	32-194-698-3365	580157.8084999999
4162	Supplier#000004162	U1O ZxpOkMI7K	24-652-643-6695	580135.2979
2591	Supplier#000002591	RCENZsjugC0D,5n54w7C0aeQybazo6dl0UopQ	28-878-723-2991	580038.9359
3185	Supplier#000003185	hMa535Cbf2mj1Nw4OWOKWVrsK0VdDkJURrdjSIJe	13-979-274-8468	579962.0032
6115	Supplier#000006115	kc7CCSyKhgkPCsz	14-778-204-8677	579937.1608
1063	Supplier#000001063	cUoXUBJfIxIWhYL 7lLHunPU7U	26-234-743-9528	579902.1023
1555	Supplier#000001555	fG2uWzzAgeimoRAlr2PG5W	19-336-916-3670	579780.8683
7815	Supplier#000007815	pIXH,lXMVPMknhTIXb4owWLtOvOmsdb	22-137-294-1053	579683.8193
921	Supplier#000000921	2dsK093unFO	12-670-146-9689	579624.5403999999
4747	Supplier#000004747	SlTo5iBNO8scvHosXUOaEHFQ4C9K	34-218-851-7587	579540.2736
6040	Supplier#000006040	y,nMWLIFjz6qhR1Rqnlji,8Uf	10-953-490-2366	579528.7574000001
2317	Supplier#000002317	qsqEhtdmvi0qz1BJ00UxYJUM,KkpL94	23-583-194-5524	579527.9172
5032	Supplier#000005032	jIz N2Ybtuqj7J28jS,r1gZiw	28-856-977-3171	579405.9026999999
4119	Supplier#000004119	ivpk4fNxM8zcbv6228Q v	26-580-885-7679	579212.4774999999
6072	Supplier#000006072	5p28ZdH7HLxFDniwyOSXNSB,yZK1U	20-814-761-9484	578723.7858000001
6566	Supplier#000006566	m HQUuYUa4zmWVbcjqTv8	18-726-992-8016	578549.6294999999
1829	Supplier#000001829	CC3jTZymrkpJSYqh	29-598-220-3639	578525.7897000001
7122	Supplier#000007122	xMKInuZNsJ,gLecTyT ROceYfx	13-103-963-7387	578193.2925999999
6387	Supplier#000006387	LpcsMpJYXymD	25-511-449-3281	578084.1487000001
19	Supplier#000000019	edZT3es,nBFD8lBXTGeTl	34-278-310-2731	577997.5242999999
1200	Supplier#000001200	iNmOfNJF ScWy	29-286-106-3390	577627.1487000001
7738	Supplier#000007738	vq4STgP6D50u1mC8sFr	15-278-716-8834	577551.8642000001
4718	Supplier#000004718	t1YKEJQ52LiytbQubjUkSqCrjN2WcUe7lA	28-733-828-2001	577540.7376
7263	Supplier#000007263	malQPdYc8xiup2MiFuKHa	31-733-855-9694	577515.8161
4011	Supplier#000004011	OD8TJY5h ne3M4Q8W3	25-941-875-5346	577431.2647
7193	Supplier#000007193	LOysL3v1UnfSXP,O3drFxmt2eCd2FCQa3	16-365-781-2094	577381.1797
8671	Supplier#000008671	VBlaRlruL4T4u6rHsi4FDhI	30-397-160-6507	577367.7472
5197	Supplier#000005197	sIwLOFSUt8n138AU7ph	16-906-360-1957	577325.6002
6050	Supplier#000006050	WAbDi 8gXQkhTLxSp79Grcl	28-944-838-8126	577322.9718
5344	Supplier#000005344	z0KWYOvRQh5DkVkFwCZvBLIUPpPOv	27-560-765-3074	577184.8228000001
7680	Supplier#000007680	PfdxT3eMtorxsDMGoaqPsHkt2w	28-769-698-7237	577163.8739
5156	Supplier#000005156	oz4CDE3AsHTru75lmD9JTXX2zKq	24-300-725-2234	576980.4371
4444	Supplier#000004444	9pkHLNCjv6v5Np7NrXK3SGxCzjZ3,wFHpHgfAqg	14-775-539-1796	576873.6109999999
6409	Supplier#000006409	eO8JDNM19HrlQMR	21-627-356-3992	576864.6981000002
1741	Supplier#000001741	c jSLhH3ObhUreddSp,9P4HwE 5zm7rU5oN	22-642-922-2439	576789.2486999999
4024	Supplier#000004024	kl3Fg4mghjGogro1OYGt	21-140-220-9155	576724.5968
1646	Supplier#000001646	f0X8oohw5jcmKtacTCX71xgc	33-353-633-6687	576692.3793
6088	Supplier#000006088	PSHhyqTMumGuiYHR3	12-367-961-8250	576580.5367999999
6643	Supplier#000006643	IMlyO8MM4icUuEup5Y	23-752-508-7799	576488.0031999999
777	Supplier#000000777	oJlJ0xr1b9l3t IHmi9	21-502-733-8098	576445.1125
3965	Supplier#000003965	gCrNvnltMP,OjeDDPSP5JUoK,wutPQDg	33-738-115-2838	576374.0996
1502	Supplier#000001502	UdhLqlClUU,G8r0FCi6mELF3eeQ	12-226-454-8297	576364.6823
3561	Supplier#000003561	Zc9L62QD0dCSXxykBJS1K	13-942-547-2178	576331.2110999998
7200	Supplier#000007200	bNY0Sik2xuZVoCQvqA1WpQb8tp	24-482-396-5609	576224.0067
1133	Supplier#000001133	cnqLejGYqbqrMVlxNiaY,JdcqQkHFYeyfum2Nv1w	33-858-158-1956	576204.2615
146	Supplier#000000146	rBDNgCr04x0sfdzD5,gFOutCiG2	32-792-619-3155	576054.0412000001
8981	Supplier#000008981	LStHoDdqo5P7Hbds0RKTUBFfs5R7ZlQ49	34-433-517-7761	575921.0055
5105	Supplier#000005105	oTiURFggd0r,1EoqSN9,P7NcAqJuZ	22-456-148-7985	575864.4219
3249	Supplier#000003249	gCvoob6Ul8x025IjOki458EkDbA5X4yNyt,D	18-931-461-8124	575707.7757
6629	Supplier#000006629	lNsTxICxfK3T06mS5Yf5,QbPw	30-675-996-4698	575696.6708
5348	Supplier#000005348	3bcel5ECu1vsgXf0G 2pMUkHN ndAmZpAp	22-172-249-8131	575694.1288
9644	Supplier#000009644	aNmbaoJ9cHH	11-481-644-1220	575635.6403
6105	Supplier#000006105	MK6GVEuCTdTRr7fy4  EJexX0odsVkWY	28-971-431-9387	575633.3103
594	Supplier#000000594	8GY0oRK64AFmY7pys51Uqm7YbMn9luO,Z	27-826-454-6643	575630.2427
731	Supplier#000000731	dxArCeCKpYV4yBOCZOZb39Y3s7EhIi3d	31-306-298-2911	575456.9561999999
9030	Supplier#000009030	kW2C1c1 MPjvOE3uSrgn	32-968-112-9297	575439.2915
8161	Supplier#000008161	hzp mnLVMLO8MX4XfWbNWQjPpD	31-554-844-1241	575423.4574
6865	Supplier#000006865	Kd pDf1iQh8DZe,08pwRy 3BP12HO	25-864-452-7671	575397.2822
6581	Supplier#000006581	HEE2VBl28eR7OtwV	25-692-584-8380	575234.2949
5207	Supplier#000005207	DW2CUhTSNXOMoLj1FUV7gR4	32-596-629-2272	574968.8315999999
1638	Supplier#000001638	Kvwg58SG5NmUo1Ovy	22-635-832-5981	574649.4748999999
4700	Supplier#000004700	X6CQ0GMaMZ	29-941-483-3219	574639.333
50	Supplier#000000050	rGobqSMMYz0ErrPhCGS	19-561-560-7437	574560.0523999999
7618	Supplier#000007618	lLb8,1p07ZseCSxYpYt	32-642-503-8109	574446.0252
6604	Supplier#000006604	WpvmKwKdhWwK	28-378-810-6675	574433.4477
5047	Supplier#000005047	JsMY4WVF4VwclzwHz2juoKB4qxRvpKLJyW	29-350-386-7303	574350.4739
3748	Supplier#000003748	8F1E1XqrNX,WZZu	17-174-809-4911	574272.5991
202	Supplier#000000202	NALZjSfea6SY zB1,I09OJYGrA8bwR4pU	33-549-918-5721	574218.6328999999
4146	Supplier#000004146	BGWK5FgOxJtuosJnFyvv2Tu7kUS8YT,7bA,fI	25-979-553-1844	574182.9937999999
2334	Supplier#000002334	TRASs4 HRa7BJLxXRms327M	31-806-679-3391	574115.7921999999
8759	Supplier#000008759	j3IjZ7KXrDXB	32-855-661-3280	574053.4267999999
4055	Supplier#000004055	pRj8MK0LkYSIeckmEEHnrV H	22-266-274-3808	574051.8740000001
4608	Supplier#000004608	uRozWbS7jafTAQz4JfJemS7	29-293-800-6931	573758.5948999999
6583	Supplier#000006583	5XubeRuMEEM5o1pBOetTpIcr4J2wB2MXA	18-162-379-5398	573752.6798
3852	Supplier#000003852	H,903oWK0uBieFmm OeFLwc8mn7Gd2YBl	17-310-721-3486	573665.874
4265	Supplier#000004265	MksIfOHfEBMdVppoHM6znnWz8,zKViClfw0dK	20-140-789-8069	573607.1412000001
5754	Supplier#000005754	sNspSyE3ne2Zi,OARwe	23-432-847-7108	573602.2064
4137	Supplier#000004137	uqz8Ch9WbSiYYosWTBRwLaGu Oajq	25-568-662-5131	573446.6852999999
9046	Supplier#000009046	G9I6PPy6WcBpsOPcO4CMORttcmxvbedNG	21-928-727-4078	573350.4448
4796	Supplier#000004796	ZHE3YL7wX9nvhnKBG,M	31-923-800-8786	573285.1091
1274	Supplier#000001274	BhaVtechwkjnu2Bl9SOj	30-238-172-4433	573284.8136000001
9272	Supplier#000009272	VFcTkTcm7NEEenCtro85Bwd7syhEHEZ9Va	16-648-900-1004	573238.263
8342	Supplier#000008342	q6k7RhZrKVhkVq,bWv8PnIGSzkUjS	26-898-246-1774	572976.7895
5235	Supplier#000005235	nftsPk9H2tur0nI3YHMPw4hk	30-346-658-5459	572965.1452
6499	Supplier#000006499	gysyqVaAObZmfBmz	28-237-157-1486	572714.0770999999
820	Supplier#000000820	QoduMcALdP	25-716-340-3140	572683.0741
6557	Supplier#000006557	phvDCgafHUxva1goImFx5TyMUisPY1IWHmhK6M	22-238-932-9426	572436.8076000001
2807	Supplier#000002807	2nGNpyXEobNolKSeuspKvc343Aw,ys	12-830-799-6122	572418.9372
3076	Supplier#000003076	T8pR6AMA3RRjXPDoqZ9CnuY HTZHbutrLh	14-395-910-3054	572321.0140999999
1676	Supplier#000001676	mZ7D3z736uNNMs66KaoK JkGOnjdgRJAklq	28-184-394-2196	572235.4062999999
6794	Supplier#000006794	CIDhQ,JzqcCTauC	17-945-768-1700	572211.7265999999
2809	Supplier#000002809	4sJNoIa81MpdL7vvp95IN	27-115-710-3700	572192.9009
3842	Supplier#000003842	AW6OymN4xrhxYKaP	33-490-183-3410	572163.9219999999
7649	Supplier#000007649	ifREImqBy8	19-179-565-3935	571924.8789
5529	Supplier#000005529	6oBPeuCY9ncw4kUjuuF5Vn Dl8BZCgHtcCN3	22-980-990-1520	571645.8884
4586	Supplier#000004586	IdiDj6697TbZsAr0L9r8,t	21-349-331-2117	571481.7639
7731	Supplier#000007731	f,iNRXApoi,hTD5nXRjNDsy1Yi6bYuTprIie	32-680-537-8379	571457.71
3358	Supplier#000003358	,oj sqX2w1lc1A6HA8sze	10-401-233-2844	571441.7542999999
5506	Supplier#000005506	On f5ypzoWgB	13-542-572-5106	571370.6289
4990	Supplier#000004990	MgrvPgsfLD4Z2CkrORXppETrXWsYT	28-360-531-4238	571248.652
538	Supplier#000000538	KBZ0RSDGTVJQPbWaU6x	27-799-369-5739	571211.4901
2315	Supplier#000002315	A PIXxBK8AIEDcrDps7j0T9O7qhdBa,hiCSUyJM	28-512-328-3909	571115.9068
6645	Supplier#000006645	66atrH65661mtBBwH,zYw2,G	13-972-520-8948	571044.6884999999
6077	Supplier#000006077	RkI7p9xWfSyLWmT3x5CewQCpV1riHuivOp0	34-891-497-4142	571043.0771999999
350	Supplier#000000350	KIFxV73eovmwhh	17-113-181-4017	570980.5792000002
8122	Supplier#000008122	k4bZiP3oc53kf2Q26n3vDOKAGx	20-504-181-7411	570830.774
6688	Supplier#000006688	7la7usoFEFhQRTyE7t71,u,KcY5u8fCJ	21-329-778-1273	570802.8555000002
8877	Supplier#000008877	4uhPAKRHn2VJl4usTdC5Z5sJY8oz	27-132-543-8195	570708.1337
6002	Supplier#000006002	M9DcHXRp4DbiCysFVhV5rP0SbvO4TrN7GQyEv7	14-701-105-2127	570596.2634
1563	Supplier#000001563	grObTJRTIz1LDICvxmD1XjMNbu6E	17-527-374-1722	570540.5101000001
9008	Supplier#000009008	tqXQySU5c4Pvry	25-100-733-5634	570476.9717999999
1117	Supplier#000001117	o5w8DGLyxgw7oKoZjoB1uWvV5P8Rm5on2	28-544-639-9998	570414.2366
7025	Supplier#000007025	MeI6qPkYfn6gzM	29-164-321-1034	570357.1289
3823	Supplier#000003823	4ex,LmqMHTsTXzQmD69P6hcH2AYo9z31g	16-321-642-8507	570218.5061
6070	Supplier#000006070	TalC5m0pDrO6DZbngfmGmqe	13-850-134-1308	570050.9997
233	Supplier#000000233	Pu9mqssUjJNoqiGG4vfLTn3ENJnNPVrBNnXJM5Eb	16-283-737-6972	569775.7595
5533	Supplier#000005533	oWOkKrUHg2OypZKVqZAGc89G1941FDBCAYMn	26-158-170-5358	569698.8891
4605	Supplier#000004605	bAI2O8hXfdMzOrlfZM0Uw3c3Xq0GiEYUPrBKdu	11-719-718-7122	569680.7315999999
1610	Supplier#000001610	zg69 Tqwah38L7u23eK	28-416-322-9988	569629.4826
2621	Supplier#000002621	wemDWzHU w nuGVJ	17-201-263-3636	569617.7871999999
7043	Supplier#000007043	FVajceZInZdbJE6Z9XsRUxrUEpiwHDrOXi,1Rz	33-784-177-8208	569358.3225
8781	Supplier#000008781	6o9yipNkc5i7UBCXlBwm9C7Qaq	26-285-518-8700	569269.2871
6558	Supplier#000006558	JWcbxwFjM4HXUy	27-921-648-8569	569056.2098
42	Supplier#000000042	1Y5lwEgpe3j2vbUBYj3SwLhK62JlwEMtDC	32-698-298-6317	568962.1576
808	Supplier#000000808	B3zlGM54ECUk5MgRzKI9f7F bB8	25-297-954-4894	568957.4005
8629	Supplier#000008629	6xEvD9WJffahEGHuMnyUJHYgMP5FVtuh	27-254-940-1023	568938.5327
1150	Supplier#000001150	Ea5h8EyGzY	25-243-708-2531	568920.5432
7147	Supplier#000007147	Xzb16kC63wmLVYexUEgB0hXFvHkjT5iPpq	13-635-690-5639	568861.1366999999
2071	Supplier#000002071	zLH3QAtZuuOq8AoVNM	31-736-983-4487	568846.9940000001
9975	Supplier#000009975	Y2BWVNmh4TUgOEEUVnlwNdE	27-388-359-6916	568713.0715
4855	Supplier#000004855	m5F9lwXvarXG7by5pwfm5nm32Yy4AYeXRcihvXKJ	14-161-713-3636	568712.0036
8693	Supplier#000008693	roxrGYHhr8alN5OCqh PkwypxqA	21-109-417-4331	568554.6424
8649	Supplier#000008649	ijmXpUdw4SrxvD,qQ,Iyu,umt	24-308-452-6226	568454.7222999999
5722	Supplier#000005722	8gsTxNzb3IBTwguXYHG2Mp	19-364-923-8043	568442.6189
3593	Supplier#000003593	sKgUTcgnr5a7qSkjS9F	25-275-944-7043	568421.7258
1106	Supplier#000001106	s,fPdPCojkKGWBJZvp	28-882-315-2915	568393.695
3716	Supplier#000003716	,euFw72LEMyrS4b9htTFbC,dgok4X	17-937-908-5632	568080.9807000001
8764	Supplier#000008764	jwL8nL9LUXBie	28-365-512-5073	568077.6865
9630	Supplier#000009630	7274mfBUihldBjVPROmLBMZbR2	30-677-856-8591	568070.9813000001
7032	Supplier#000007032	yqobYXgvTSC	23-264-756-2278	567819.2326999999
8697	Supplier#000008697	YFvi0uR6WTuJ74F,	17-823-489-3077	567734.8177
1727	Supplier#000001727	YI0bCXSwEXpz,SUoF iveZ	15-658-818-9847	567580.4735000001
6057	Supplier#000006057	,KYlXBZ1bHc1qP4BUEsulAi,R1o6EBiS99	33-399-998-2497	567512.8931999999
1510	Supplier#000001510	q0zLFh0,TNuluEigsmt9zVg	24-567-454-6556	567346.9229000001
8854	Supplier#000008854	1xhLoOUM7I3mZ1mKnerw OSqdbb4QbGa	32-524-148-5221	567080.6099
2668	Supplier#000002668	vcRr6OF6QVbEeFfy sGqagXr7	31-869-135-5603	566982.3544
4617	Supplier#000004617	KwrEbXCISH1jgJq9vLUDO1,GnoA	17-409-401-1510	566977.8444000001
5337	Supplier#000005337	z nBSOeXSXoEf	32-641-317-1163	566963.4249999999
5164	Supplier#000005164	OWQm 4iCIFMHSBLiocIKzYWd5KUtYe21	33-734-625-1360	566886.2931
715	Supplier#000000715	feMb9HkfGM8e,4i	24-382-559-6937	566829.2507000001
6923	Supplier#000006923	BmLo4 nU11tFm0	21-561-469-4307	566785.0224
5644	Supplier#000005644	yUwPvIdzGnIhyHITqmtaiVEFxLe7 8e	11-976-815-6424	566770.3238
9586	Supplier#000009586	HHhopA7IfRzMwhmr5LQgIkuBjmqdAssWY Ko	29-491-553-2254	566740.7463000001
7486	Supplier#000007486	AjfdzbrrJE1	14-970-643-1521	566734.0807
3011	Supplier#000003011	vfL mV0MTdyozfRIPZkJbM1Z7Lcm2NCPIj6qSgBz	31-773-703-1358	566631.3217000002
8635	Supplier#000008635	zek4Jz SrK3	34-857-521-3294	566616.5656000001
5161	Supplier#000005161	tMgynFzEyBoRhflBYqo	15-585-813-7109	566506.3815
1850	Supplier#000001850	u8APqIJf3BcRLnul4AsNH7ha	15-547-277-5192	566479.4338
5452	Supplier#000005452	4lcA3vhI8skq9ENOusBjH4o1lEBQosW	21-701-262-4306	566409.55
9423	Supplier#000009423	N0Fwn7PKT0vlpkRKDm9Bjmw	27-624-256-3285	566386.4116999999
1083	Supplier#000001083	8KwL2XsO h1JL3oGR2K	30-470-533-2200	566338.895
9605	Supplier#000009605	GkKVjuaqxBJkLtfaldYevgISGjg1eN0es	32-570-408-9915	566289.5214
1240	Supplier#000001240	2qtAAK9sdgjLXrUPXHKqhKk5	23-199-378-9923	565997.4001999999
2074	Supplier#000002074	IwU5OEGT1iGYacID09jnAM,yzTIMpWp04fJ	17-248-717-5468	565993.6849
23	Supplier#000000023	ssetugTcXc096qlD7 2TL5crEEeS3zk	19-559-422-5776	565830.7731
1519	Supplier#000001519	smukvJcjJUSOJOIU7N9H1x	26-892-479-7094	565796.7439
6130	Supplier#000006130	1yf,zRSF7QiHHbMAcw5SZN4a6PYwM,Wu68	21-563-250-9287	565438.3437000001
1623	Supplier#000001623	7QdxGgnQRvPDGSTMtD BpStZts0Xk,pPkqjtN6	19-525-377-5806	565436.8924
7687	Supplier#000007687	rDVqhUFbrOX	18-925-876-6611	565354.1232000001
1312	Supplier#000001312	Qp YSPsVy9ZGyzK3	29-634-823-4679	565103.4158
5114	Supplier#000005114	DCuOgHcVIETSqehM	27-313-761-6035	565075.0551
8022	Supplier#000008022	dCtvuTZupoUigncw9d	28-304-834-4786	565045.9923
5283	Supplier#000005283	5fxYXxwXy,TQX,MqDC2hxzyQ	13-542-389-4193	565043.8277999999
3447	Supplier#000003447	h7En559MI3o454De6Ye75	15-806-372-7742	564682.4475999998
3131	Supplier#000003131	D2geDBAwmRoaL7ha1MTaQTyg1AAS	17-745-613-5999	564523.2360999999
8090	Supplier#000008090	eonbJZvoDFYBNUinYfp6yERIg	13-268-820-6097	564518.0538
2628	Supplier#000002628	0qI4Lll6L V5af	19-518-345-8832	564301.0792999999
6803	Supplier#000006803	g9Dd93lhEp9TH5AicacXS,s8tHU2Sm7VSqh	27-115-320-6495	564195.6315
6593	Supplier#000006593	M NRR7IkrJWxfq9Fph aZRBlWeaIfCLKlsdyZ	11-676-929-1226	564190.45
8207	Supplier#000008207	z2X5MtjZpeDWyT6dgmt	20-919-562-8925	564052.0351000001
5590	Supplier#000005590	gvX4lIaMD5pPI7lZQl	34-604-388-6015	564014.0926
6597	Supplier#000006597	1672 fSWkBvfAP38n1wAx,u5XNCSd4Q0J9m9	10-264-545-2117	563868.7632
553	Supplier#000000553	a,liVofXbCJ	16-599-552-3755	563808.6159
1397	Supplier#000001397	8EdI75YBpNagM4ztO6yU7PKDGcIq	21-333-798-7814	563600.2437
4689	Supplier#000004689	pCDP,Tl0mnJhK	22-455-236-7520	563547.1003999999
236	Supplier#000000236	dZExtd1dlMyrPdSqDC3	25-250-525-2436	563536.3139999999
3715	Supplier#000003715	tEgnSYHQkY	23-414-190-3025	563524.0808
738	Supplier#000000738	dklvCmHEmlCFTuKU5YNnYAi96v,FMMq	32-910-791-4020	563443.5477
7765	Supplier#000007765	qjlJI,ztseRFnn	21-737-931-3023	563431.9419
329	Supplier#000000329	zPg8 aqmUQ4wHGC 8nO39C50AOMB1VxTsJWmpYyz	27-571-511-5321	563419.6651999999
2159	Supplier#000002159	DhZwT2g62r5JoS	17-496-146-9282	563415.9618000002
7557	Supplier#000007557	udLvpjNvIx9qeRNdjL1ZAO0OZNOBo6h	21-629-935-9941	563173.9159
6584	Supplier#000006584	QVFOiAnYb,UOVwtHOdPKk3ZlUfDlqTiDRAcdy8	20-772-795-4434	563160.2865
2111	Supplier#000002111	4SAA5C3tUiXmrYIgZxruUmxRfFHZMRoOZ7,RxA	11-737-158-4268	563128.8091
8042	Supplier#000008042	KikST1B3N6WnLd3gaoqhbgFZAl3	11-732-273-4839	563032.2663000001
7797	Supplier#000007797	TbytYWpsXmK0q7rGCO,	23-155-428-6355	562942.8805000001
616	Supplier#000000616	Ktao GA3 5k7oF,wkDyhc0uatR72dD65pD	16-738-270-6883	562941.1967000001
3941	Supplier#000003941	Pmb05mQfBMS618O7WKqZJ 9vyv	13-668-659-3631	562937.1882999999
6767	Supplier#000006767	Yje6EU5noxDU8o4LUg9vRDHQUiLpt4x9im5N	30-554-349-2194	562924.9671
6690	Supplier#000006690	qth0Sp41EDkhCnGTLN9698YMQyu G	33-403-164-6874	562890.6323999999
4966	Supplier#000004966	URwLiWlI42VUl	28-330-305-4993	562884.4265
6042	Supplier#000006042	CDRx,PoyijFwu4E 6hDmM,ezDtE8SXXPW,	31-432-590-1324	562828.3929
9269	Supplier#000009269	iQk14CbL5TzuTKJEirowP8UBJ1HTBCh5HLkFqp8	14-975-151-9600	562768.1475
6758	Supplier#000006758	4WLcLJOz3DV3	34-988-450-5226	562214.5956
8101	Supplier#000008101	kkYvL6IuvojJgTNG IKkaXQDYgx8ILohj	17-627-663-8014	562166.7544000001
3934	Supplier#000003934	,KA9SfSroSuN5YMb46WxIzJQA	19-683-401-1348	562162.2294000001
3106	Supplier#000003106	74NWCBlio4ROyS5ENqmY CDlazIEtSxIQPb5	25-234-303-6527	562095.5269
40	Supplier#000000040	zyIeWzbbpkTV37vm1nmSGBxSgd2Kp	32-231-247-6991	561969.8769
3119	Supplier#000003119	BesKnh7UtGXjw1SRrhcHipB	11-940-295-5414	561906.5795999999
8380	Supplier#000008380	UAouU3b4cqhOKrmNs	11-258-914-7061	561894.3911
100	Supplier#000000100	rIlN li8zvW22l2slbcx ECP4fL	31-351-324-5062	561893.6866999998
5191	Supplier#000005191	ucNlv,jALhezvmIibpSIuWu	17-792-220-3433	561794.8015999999
7694	Supplier#000007694	vvblmqLSXjvx7mm9WBhaZ6M4muFpXYM t	19-182-788-7695	561635.1304
4123	Supplier#000004123	cj mnWwEmCpO3LHL2	22-394-647-5982	561568.2483999999
6811	Supplier#000006811	u15ozhK1f8FzvhykF9RvW 3z52aj0UT4KB	12-395-942-6314	561532.0544
3101	Supplier#000003101	5mMVwiWrPEu6Hh9	30-504-674-8139	561484.8074
7566	Supplier#000007566	SBuR3PRFvnBZuKYfA5L051M9k6JgCgs8SnRkt8f	28-605-996-4940	561458.9192
762	Supplier#000000762	GRVedLFC19uN9o8bNyNZWwzcbDUo2eT	30-393-711-8623	561278.0328
9285	Supplier#000009285	jGb4qMXlm0Zx4uGGROSAjtnizGIdeH	15-301-927-8192	561242.3536
3258	Supplier#000003258	dbAoQREuaauQXS5KuU8DpkO	29-283-164-4334	560968.5152
3574	Supplier#000003574	SemAqtYkM5ejkSsaR,O2hWy3ANNR86MMfI,ZR	20-612-946-8333	560832.4417
8180	Supplier#000008180	dHrm UdN1,LMt	30-595-896-3672	560669.4108000001
9570	Supplier#000009570	WquWCAaKMObu0	11-524-770-2559	560363.8911
8574	Supplier#000008574	,vEvQz0cbaBQvZ,7eOqQ VY0hzzs3le U,Wlg	23-444-959-5572	560014.3749
8081	Supplier#000008081	a1xOE WQzn,nGC5kBzKRdWxI2cl0D2q	16-623-963-9556	559835.7152
5255	Supplier#000005255	iLfR,F6gzZDX3qrkx	10-587-625-9528	559826.1266000001
998	Supplier#000000998	lgaoC,43IUbHf3Ar5odS8wQKp	25-430-605-1180	559754.389
5116	Supplier#000005116	Cc9v,JkeDbBgx9Lm7aYjL4bGx	19-646-481-9129	559734.581
8669	Supplier#000008669	Hb7oSQVb6tpE2 3gD1OI7pJLNPu1CpDn,QmXP	30-353-587-9193	559670.4802
8305	Supplier#000008305	fo5QkANtn00gbgiailVlt	22-135-901-4717	559606.6871999999
5518	Supplier#000005518	DZpIFpba1VZ5Qn6 BLSrxFrXfytT	10-917-125-9536	559376.8032
7046	Supplier#000007046	qHGfPK7qr2l9zDGJXz	15-248-134-5861	559344.8869999999
4450	Supplier#000004450	cnrtMcKzXBC1VcE0VWpXl	22-386-635-7767	559288.0553
2165	Supplier#000002165	R97gTJLC6froCOjvX	23-967-652-1331	559230.9915
1572	Supplier#000001572	Kh0CQlTLUlsXmjPM1nJ7qSexveaS6gZXo,UtMNM	30-582-134-2161	559217.8215
7182	Supplier#000007182	CL2rjkREMyf2Q txFszNy wXV3fndD2HKgdQlgrD	18-414-221-8067	559158.4295
4684	Supplier#000004684	Wki58fvNf dzCjJD6dSxzP5i	34-253-819-4891	559144.1347
8790	Supplier#000008790	9gYO31Lnq1ViZiP2ykAyTZONRXd	33-719-467-9957	559006.0043
8213	Supplier#000008213	YhdN9ESxYvhJp9ngr12Bbeo4t3zLPD,	23-197-507-9431	558957.2386
3118	Supplier#000003118	ryyoRKcYlBIioVfM4	16-943-521-7478	558936.2324
1191	Supplier#000001191	bRGVgPurgzrGQwKlqrLojLtJlzON7tN YJ	10-746-144-5600	558684.2392
2273	Supplier#000002273	vWz JRynn3djWCIflK5gzLIgjzrBwaBmacSN,L	29-241-430-1113	558446.0496
3721	Supplier#000003721	6kMrz4UiOhnC3BQoLi,swzq	33-694-584-3100	558420.8106
5691	Supplier#000005691	Jr9KBVlbmCuXyXL68OXGyRhmG3I4FCUXgUp eAid	20-335-618-4833	558390.0654000001
4583	Supplier#000004583	7t5SYAhtUcJyMR4pxgccY1K6CO3CDpoSk	23-713-629-1992	557640.9012999999
5581	Supplier#000005581	UtL5rJkRV4x,RfVkCxNqSDppagiQrk5b86p	34-431-817-4279	557606.2668
728	Supplier#000000728	upr7iaSWGsmneQlVWifcSeJQ4	24-789-980-6663	557594.1594
9133	Supplier#000009133	u,3Wjz1dlWL4hfYBjRcPF4h9qDwqyS1n	27-647-753-5253	557545.1941000001
2148	Supplier#000002148	yVDlpqCxG10tM8dm,NNVKv	34-880-232-8537	557401.0072999999
8788	Supplier#000008788	xA,XBK9kurq75ZQZ pM18mUOjWLtoxRjnLvt4pUl	26-848-849-4077	557259.2082999999
4095	Supplier#000004095	tqzTeCdPrAZ2vHGQV1dKz	21-926-762-4190	557245.7346999999
8636	Supplier#000008636	2xyuzIpfVD49Bym5xienpkGwE73Sf4oAd1x52hm	21-992-222-2036	557231.4411999999
8425	Supplier#000008425	MaETn S83sc5RdXg7aQnmDPN	14-606-442-4596	557161.6143
2057	Supplier#000002057	bpQKpW5yJwO80Wr4,4	11-681-744-9905	556967.5612000001
2639	Supplier#000002639	DDS86GEba3puFUBs0g1Mlqyi,m,KatYyy0Nb	18-981-674-2068	556764.5417000001
9517	Supplier#000009517	AaX3LSpYHqIFeMksOH2cbgP3pxA,eUXGi	33-615-803-7174	556589.6948
3080	Supplier#000003080	V3DF4DVnZlS4xVJbx049Hr3 WJRr1UroXUCJAJv	32-704-119-9879	556501.7182
5101	Supplier#000005101	qMrkJAZa9T8jQxL9VLO43oNLQQB8Yux bv8Wwun	26-340-791-7115	556381.7407999999
4985	Supplier#000004985	QoMEe4xIDWcl390k,J99nELirJbX r1fB	15-148-929-1980	556326.6661999999
4489	Supplier#000004489	51uM6mfE1EZCU	30-871-644-3146	556311.1085
92	Supplier#000000092	n48Wy4QI3lml8T217rk	12-701-432-8346	556164.2542
4733	Supplier#000004733	I1QE,rcg 143Fon8X8aceGxMVxrq2 s	28-593-521-6080	555709.2829999999
1115	Supplier#000001115	6O0aDsTBnt1VIzyewtHhfqPSNVVi wSkF	33-889-944-6438	555647.0816
4537	Supplier#000004537	Ac1Iq2Xcl tTCTWf,	23-517-402-3368	555615.4885
8372	Supplier#000008372	tM 6NSmPysNXtzW3y2evAZUVvK vfBO	10-564-193-7747	555393.0119
7712	Supplier#000007712	DyTQD 3ajuOtHQTpI4LsWSF kSd2SE6U4COgYHQ	31-394-117-4728	555213.4384000001
8712	Supplier#000008712	4H9DA2lf8jb qMoWLdSoG5E,bdMc,QpTcNCgTE	21-799-498-6669	555158.7851999999
4844	Supplier#000004844	M0hof7wurIbD1C	25-626-755-3245	555100.5778
3347	Supplier#000003347	m CtXS2S16i	33-454-274-8532	555076.7243
8359	Supplier#000008359	iDql4 k64kPv0o0SauFwWINoM,2UJAdQW6YHveaD	10-640-841-6879	554994.0869
7272	Supplier#000007272	b7cEq4dJGRl2D	20-686-654-9492	554948.1092999999
83	Supplier#000000083	WRJUkzCn050seVz57oAfrbCuw	24-529-559-2461	554917.1614999998
2084	Supplier#000002084	,zeVVYFb6hYoWyJ4kjqm8hT5lzLlW	15-241-499-4185	554785.5443000001
7595	Supplier#000007595	dION7CYxDKcGUJXDlXG0cReNjjGPoHmylMFSjIe	23-824-887-9329	554662.9838999999
2744	Supplier#000002744	elDzXb5qPLhE1Ii8	12-942-618-4195	554650.4351
1251	Supplier#000001251	6vY5KGVIl6VW8dM0uGAM9MgVtgEl9KT21jYiS	30-842-722-2771	554578.3280999999
2791	Supplier#000002791	qN7ZlkL2KHGHsX	20-951-419-1791	554518.3054
1819	Supplier#000001819	4cK2R1q8R8tbBp,tG9UqgYJsmdsjKj8,	25-200-577-3172	554498.2597
4014	Supplier#000004014	Spla6 0RV3oK9Y	13-587-428-2644	554492.1386000001
677	Supplier#000000677	8mhrffG7D2WJBSQbOGstQ	23-290-639-3315	554443.5834999998
6701	Supplier#000006701	eu S14KUaD i	24-639-417-9664	554351.7582
7699	Supplier#000007699	fnbn5zDZD9wc6oD3SW2g9fMQNwEZk6T	11-168-845-2149	554295.3986000001
9726	Supplier#000009726	kmuggXTMhmZZt4nPS1umvzBY	27-516-198-2015	554059.4472999999
4854	Supplier#000004854	eEpp5kzlthqRD6KT, hTiW1bgShQB0aY	28-567-138-7891	554039.3727
5690	Supplier#000005690	5NZzCWcgXpA8J2uAzbxsM0Gxd1pi	25-747-294-4235	554039.3093000001
136	Supplier#000000136	SyWVom9ZFrTA6BMAS	18-175-739-8397	554007.8661
9600	Supplier#000009600	bNbzMM5yGeouk5a12O3Wb7keyDsB3tp1 A	12-989-200-4223	553981.225
5228	Supplier#000005228	ValApyRxqqCdRKHilK591RUg2Y1m6A,2q3A7S4	20-443-286-2665	553875.5413
8852	Supplier#000008852	4CECtC1ewnpi53etUsxb13NGY OOzPboCUCZWUjb	19-448-819-3230	553796.4028
8602	Supplier#000008602	MUSInewxOfFpizzfFeQ7VlOsGc8YJoMRKRiXtjhC	25-705-385-5827	553670.9827
4249	Supplier#000004249	dqjRKOF5zt6IBAEHkbniUdyu4kREGJGqQV9	15-272-365-4305	553655.0589000001
9032	Supplier#000009032	qK,trB6Sdy4Dz1BRUFNy	13-441-662-5539	553590.2368
5810	Supplier#000005810	qEe2y4FokSEJd	17-936-158-2557	553562.9714
9391	Supplier#000009391	gjRrYc6Sgs0LTPfbI3z90P9ylAhOZW00b	18-450-578-2745	553162.3808
5671	Supplier#000005671	GLzbcBZZrKT7	12-720-247-2328	553058.4042
1750	Supplier#000001750	r5RrPrq7oX2xG2xqhHM6tddxzXX4kAPUtwWvYTcb	16-689-978-9301	553051.3206000001
7399	Supplier#000007399	zdxjENOGR4QiCFP	21-859-733-1999	553015.6284
9158	Supplier#000009158	it9tAeDAu9o1xG,G1JH	32-604-740-5833	552937.8158000001
3901	Supplier#000003901	fPUFeXE2Q QjicA09isYtmSve8PC0ie,AnxHRWTV	22-857-383-2685	552606.0543000001
8135	Supplier#000008135	mKPh z1XL4whRyf67Hq8D6UQo3yU	31-501-571-4779	552468.2172
4235	Supplier#000004235	1tL4ZGIjgj7oWDvAgQ0QIaiyIz9Tg6Tfh9V8Kv	24-372-176-8066	552297.4418
7695	Supplier#000007695	p5djXFw2hnJuaFW	34-905-937-5355	551926.7715
9141	Supplier#000009141	SoThM1N5Kez,f	30-945-697-6173	551707.5998
3475	Supplier#000003475	WK9,iCi6p6A9,2Eu Gl	31-259-380-6616	551452.5257999998
1899	Supplier#000001899	A136Zmkh4BV	24-225-411-7898	551439.2719
1888	Supplier#000001888	wAcemOwabF01DQpJotvhkQ2u	29-262-845-1530	551342.6181
9104	Supplier#000009104	vSOV6vQGaZQoDYC,kfUE3,eDRjmcS,jnObSwHFt	20-960-874-8029	551305.2032
2243	Supplier#000002243	nSOEV3JeOU79	13-549-671-9272	551297.5058999999
6118	Supplier#000006118	GN3E6y4Jy8YaBLle,2Tcm9 oiQigXL7VYqv8Zz	12-949-371-2403	550909.2966999998
2049	Supplier#000002049	r,4H5xgCiVqZx3JKQ8	24-214-122-2349	550840.4088000001
3163	Supplier#000003163	1a12bXvGYZs3gFSYsRtTJ7I6CZd5OhHNjvY	18-380-830-5088	550839.6375999999
3181	Supplier#000003181	BH8A77TNeEg4FiHlt1A	24-449-268-8264	550827.4102999999
1595	Supplier#000001595	Aiaxm9qhlurHBe bFojSTsFL3fS0s	30-498-157-9257	550703.4956
2767	Supplier#000002767	TH8T96SZPPsJOC5	10-387-614-6454	550491.4304999999
5180	Supplier#000005180	Z91h3TTs6Fddr	26-683-827-8177	550487.4237
7216	Supplier#000007216	7rOpTpThf08CGwHBVHsVu2dn76w1xuF,fhN	26-654-982-9982	550359.1651
8288	Supplier#000008288	rsTQTN7NUo31tpz	19-122-725-7808	550182.491
3566	Supplier#000003566	vdZqsVZ57Kpb8PK	34-172-569-5987	550136.0879999999
9109	Supplier#000009109	TJWdOCmg1g2RtIU1SlTi3bxP9GhqOZLLmUJb	31-876-418-8871	550122.2612999999
175	Supplier#000000175	Lgv gYbBdu S9	22-392-226-3266	549848.2619
7609	Supplier#000007609	g0BgPne9HMFspF	27-519-129-1933	549847.4071000002
3346	Supplier#000003346	Pqgx1xdKu4In20	14-672-880-9870	549832.5331
2749	Supplier#000002749	Gt43BFe99L4nCmMpYoVEW2xL 5s5R0bwceWV	31-627-908-2351	549767.0041
7553	Supplier#000007553	wAU2Lui w9	20-663-409-7956	549752.9574000001
3220	Supplier#000003220	w,xfoEnCCmNSIjYYAjO4JXhuYSewWqbZqd	30-493-872-2931	549682.0665999999
7580	Supplier#000007580	xWVlA8twBv7qYkUijhaK8Rr5N2fwjMMP8RTc	27-613-651-1393	549597.0194
7087	Supplier#000007087	7c5GtRWIvs5pYndU41WeLHCnHG5mV	25-217-736-8507	549567.0257999998
5984	Supplier#000005984	jopt 5IVOze2jYmlmFhW7rd8rD,8Y8tLV	23-189-979-2184	549546.3674
9553	Supplier#000009553	gPmqyLlLtS	17-786-490-4101	549541.1001
9106	Supplier#000009106	AMxVmYjvWzBZKrrRurkk0q	20-396-280-4525	549533.522
4813	Supplier#000004813	bQCHDBDUfuWdiDxm,28qIs79Sgr23WBX1NqP	18-400-207-7577	549340.1119
6016	Supplier#000006016	OmiSL2cwQ6YGQncYNAj8WZAFgz	16-757-121-2301	549322.1919
3051	Supplier#000003051	W7oijeW6YZpnEAxRCXhA6v27cdR	34-233-112-6252	549251.3751999999
8816	Supplier#000008816	VzifTr4jjSCXIPHsZ6e8lQN9M3Xf43xStQgnq	19-973-919-9040	549147.8542000001
9056	Supplier#000009056	J XULM9ci1dymQfPtHL3O35IDjm	32-702-268-2426	549026.9049999999
7347	Supplier#000007347	MxOzRwSCLP9qtQcx8VYFZBhICEJdGy	18-252-234-1859	548876.2829999999
4550	Supplier#000004550	fFCMU5U1BlLQLVQ	11-116-978-6838	548875.4378
3661	Supplier#000003661	fNvBB3d0A7Nnuo6ZhOf5XPKzTjER O6zm	11-310-974-9282	548785.4347000001
15	Supplier#000000015	olXVbNBfVzRqgokr1T,Ie	18-453-357-6394	548677.0482000001
5045	Supplier#000005045	mUmOiHzG1IBdBlkipTAOeEPXwyoM 4Pev	12-115-703-5920	548637.2214
2016	Supplier#000002016	MMEOcRhawgangGIwtLlVUNi	14-135-829-6919	548467.6184
608	Supplier#000000608	SQ,f89cn6x6g	27-435-165-2250	548061.7004999999
6735	Supplier#000006735	Wjnzex5KZDAFe,NS	18-210-756-1470	547965.2184
6372	Supplier#000006372	FFKEAz5F QEhkDI0Yx RnPngOABPu	12-175-537-4891	547903.3581000001
5543	Supplier#000005543	NTw0R,YuX0KBzDbVhdu7oynMdAA2svLkpG	22-677-629-3497	547803.2807999998
9783	Supplier#000009783	L9ji1BrzzHZHwIHVyZBz7O,Ng8f3g06WR	18-924-397-9573	547698.5262
4435	Supplier#000004435	xxh8,2sRMljSSemU8pLrpBHp	27-577-888-6260	547608.6595000001
3200	Supplier#000003200	cjSOWJGf,LfuxKLRla,fqQHPje	16-996-577-4033	547543.0182
1683	Supplier#000001683	e0AmK5Spfib dgbwokqeuiFuxn2lOVnrup	12-303-331-7460	547381.7805999999
574	Supplier#000000574	2O8 sy9g2mlBOuEjzj0pA2pevk,	32-866-246-8752	547374.1553000001
9180	Supplier#000009180	QSsgXlP6e4STjwk,mQ	33-823-233-6222	547329.7566000001
2637	Supplier#000002637	cpaViP1r,C9aRi0vWscl5N71UrIIylnRMhfMFRU5	27-152-237-5856	547305.7995
7795	Supplier#000007795	00e WVRxo H0pzA H	24-525-507-8150	547211.1057
3979	Supplier#000003979	BfmVhCAnCMY3jzpjUMy4CNWs9 HzpdQR7INJU	29-124-646-4897	547133.787
2119	Supplier#000002119	E8p6oQMDNR7,NNGxqoGDZsoood9sYFt6NEH,	18-518-384-9729	547129.716
4830	Supplier#000004830	X,fXCVLsd,raIX Z0bT12nCk6UnfHfDm9UF5Sj7	17-393-421-1476	547010.156
8687	Supplier#000008687	D8tZnhJ2li	10-969-326-2698	546959.2668999998
7537	Supplier#000007537	HktVUlyzFBQ4bqM4puig 76Gzy1EjahmdVGRtf7	14-236-947-3108	546896.4857
9124	Supplier#000009124	b24qGaEjp95hrQkcsubqJ5WBW2F	19-914-792-1918	546790.362
6106	Supplier#000006106	l5aC,I9W84DdKA394vhGFEQPX6eeQnYOjE	18-460-975-7871	546708.7999999999
8290	Supplier#000008290	Sv0nK5,G331Y,jY7cL	31-144-288-4077	546543.7988999999
3481	Supplier#000003481	6uTNGVc b,n	13-823-970-1031	546298.2538999999
3511	Supplier#000003511	UmDDReXgZCgfQigAdPq1aKn5E6Xv	27-391-473-9631	546078.8443
5558	Supplier#000005558	HOzfI2Zn4hXuxNjS32STTh3ZW Y	15-289-693-5194	546030.6422
549	Supplier#000000549	oy89mLRUwTVCoU	10-377-880-8280	545903.7590000001
1094	Supplier#000001094	Fwxdag75rAW0LrFJp1utUP52S	17-465-579-8886	545795.0691000001
3099	Supplier#000003099	TbcJ00qZ1y	20-251-481-5942	545729.0073
3191	Supplier#000003191	7A3COSS5tlXMcMa3jajZmQfQp	25-886-362-9931	545278.9289
4635	Supplier#000004635	vkwbTz5xklMiRXZJ,UltDZ8	12-182-514-9614	545261.3449
2632	Supplier#000002632	xb34n8O3vDE9	33-982-421-4429	545253.3147
3110	Supplier#000003110	TX6,eAMqVun ed,piJHFzSuK6 f9jvzLiwsxJ9u	15-619-843-4600	545109.0175
9100	Supplier#000009100	aonr5DJ4olXNJ1AWK,CE411m6R7	10-159-653-1899	544922.7316
2018	Supplier#000002018	053ieIpiBAYZoFEmnW6Wo8Kfo55,xcaSaXLV0	16-354-932-1816	544895.3075000001
8954	Supplier#000008954	kjJuxAFghboJrKxgvHpKqY,	16-182-421-2847	544846.8682
6041	Supplier#000006041	iv0m8vViqb0SVsBBH	17-203-709-1420	544796.7203999999
4686	Supplier#000004686	w4kwdV7DRwtgOyEjZy	34-808-762-4544	544647.2717
5416	Supplier#000005416	SUSrSY8WQTcUEYo	23-831-179-4262	544586.6037999999
4	Supplier#000000004	Bk7ah4CK8SYQTepEmvMkkgMwg	25-843-787-7479	544570.3791
9782	Supplier#000009782	w z9a2x4sjwQVALB3QYQho0T,7o Gc,	26-477-762-5288	544442.8620999999
7575	Supplier#000007575	jyBL3LXVnChHCUo82sBc	16-929-131-1821	544213.6100000001
6322	Supplier#000006322	3hJBOqhZ,YsWaVFOaZbi6U3O5gv43 q	15-978-516-4873	544021.1534
8034	Supplier#000008034	rCfxdUWSblVtfexVCO,	32-538-362-5392	543916.7415000001
5647	Supplier#000005647	PGXvFiQiUGrtz0ja1	18-482-254-3271	543897.7327
1621	Supplier#000001621	QrXudFjJgUNHGLm BUzakaXGp	17-495-537-3207	543794.6476
6786	Supplier#000006786	onV6Ztoe99QOOvl7cJukHA	31-930-330-2985	543488.5775
3543	Supplier#000003543	0E6Hi3yS3XtRbHrTG5sL	32-738-785-7813	543483.5926999999
5709	Supplier#000005709	s4D3HaH fHha5HIwd	33-731-294-1689	542893.2529000001
2615	Supplier#000002615	MiGmjZy93D	30-285-851-2800	542834.2598000001
9149	Supplier#000009149	yKX,bKryD6YtvF,cVLIKC0Z6rN	31-872-724-9290	542814.2775000001
2786	Supplier#000002786	72f,5VdQ4nVanOO	34-864-688-6054	542720.3635
1189	Supplier#000001189	xYOLJtZstk3lh 2O8H231cTkSQ8rKbNCC,i9vZY	17-828-994-2511	542717.8575
8746	Supplier#000008746	rPFXKyYGgA M	29-179-898-1885	542675.9022
6005	Supplier#000006005	OUS5xoYCrdAZyqh	25-941-518-2602	542670.5224
5781	Supplier#000005781	iYF7vxZ1yn6U6QETAT UF4w95 Qy52CZr	28-662-305-3322	542352.1732
6054	Supplier#000006054	J8eAsovizNKTFchDunimO4FjM	15-273-681-5978	542287.8726
7339	Supplier#000007339	N8lH6VcOyzGl,O7DogZA,VM008ORQcDdD9j4	23-140-824-8664	542194.7694
1585	Supplier#000001585	ItpE5Is5uV5yPDNEOwWYscn n8V17ee	19-884-914-2018	542123.1857
7562	Supplier#000007562	R5hsqznicQaiAGIxq2cg2J,d9yrdoVUJRJGSdh	14-329-695-6722	542073.8262000001
6753	Supplier#000006753	vkoG26rE,dMq6n5 1tmQOW2wrU,xyXEahegZN,	16-508-617-7667	542073.5737999999
180	Supplier#000000180	JJzFp5wZcS0KpMLM95tYmq5Pv526UBfT8vrfwBk	17-600-237-1665	541865.6977
8870	Supplier#000008870	VCkAyHLTaSIwU,bKuUnU3WQ	26-996-861-4331	541853.4613
7784	Supplier#000007784	Oh6ZsewFySTCL7L 2SM5c1ZHDx6EiUnRICe	20-352-664-9249	541813.7302
9448	Supplier#000009448	GtJQnxMJXtY7avSqfHrnDx0,DSsWyV2	11-945-401-8077	541659.344
9663	Supplier#000009663	VNN6byIi5Ad1LPgRo8JcqwLsB8kb6ajig5s	10-141-867-6340	541631.4825999999
34	Supplier#000000034	mYRe3KvA2O4lL4HhxDKkkrPUDPMKRCSp,Xpa	20-519-982-2343	541584.9447999999
8515	Supplier#000008515	TA12u9cZKAlmzPorkWJgvtJrjus,5	29-357-508-1973	541526.0067
6189	Supplier#000006189	LkbuzKeQK92BH3LxRROqP7A9DMS	20-643-623-1573	541426.3171999999
1790	Supplier#000001790	rVMubJsz50CI6wNNYL2dDE	25-885-394-8713	541300.7076
8543	Supplier#000008543	XyvbucQe9stlJlXSC1WHpQ9C	31-433-501-4783	541288.2997
2901	Supplier#000002901	,vXeXneMMTdGMQlsc78te2gpYUxP1NMvI9XZPLa	29-639-586-6460	540824.2464000001
1195	Supplier#000001195	ktmmzrPFz26tD1AlrKBfe1JL6OaZ4 O	26-123-742-5451	540767.332
1029	Supplier#000001029	6quaw3pjSuzrj5d	15-507-720-2035	540504.0497
2278	Supplier#000002278	6DzCVkMOXEYdq,vxc5Z4IMl6bUOI0JQolZY9	20-171-978-4320	540417.9565
199	Supplier#000000199	k,8F8FGDuN 3udblO	32-268-147-8879	539854.1802999999
1289	Supplier#000001289	xrtlwRNxzz 8J,6	18-840-902-3456	539812.1861
2496	Supplier#000002496	ZuJsU3r4OBQUneIvzg	21-485-518-7874	539747.3152000001
5214	Supplier#000005214	FpKoJu0V7zK7eiMtEgVCgdQ	11-240-411-9546	539178.1438
6513	Supplier#000006513	DD3jWKmxv9PwnLPDwEJ92UPmUBJHrp2JZZTQ0	32-150-700-8635	539010.2004
6903	Supplier#000006903	UgUQMp80h0vqpULCwS0MJ,hMqFXNH3UYkSDZg6	34-349-298-9497	538999.2148
1756	Supplier#000001756	7yyqBNCFy3s,NB4eoKo	14-424-423-5341	538808.4149000001
1233	Supplier#000001233	V26hJzvCaekpg9WP8DL7f,AXiL	20-440-730-2308	538743.6560999999
9756	Supplier#000009756	WgIcZYJP2W1bmBy0Pz84TIDPzljBLjKhqq,	28-964-897-9693	538617.3585000001
8562	Supplier#000008562	mlEKbVlwfdV6lRyzI7xEVg7LTbtB3zlTQC66tpR8	18-247-297-6917	538236.9900999999
9716	Supplier#000009716	VXVt87Jc Eg2w8x8QGk,c3	28-427-307-2561	538197.1047
2557	Supplier#000002557	LBspOqI3Cv616,9Rv75o1c	29-960-502-5687	538058.8815
7206	Supplier#000007206	3w fNCnrVmvJjE95sgWZzvW	32-432-452-7731	537854.1407
3556	Supplier#000003556	orv,fQlamFT EQxgLhUf4nkAaSIN5eQsA9j,	13-668-780-1932	537806.1111
6744	Supplier#000006744	ybeO9yuPgFQ2W4CSQw	10-746-930-8387	537696.3990000001
2296	Supplier#000002296	WJGru63JUSL8HGmctFjG	18-550-820-1088	537619.6246
3242	Supplier#000003242	wywbFKk3ePvF	21-915-898-8965	537280.8654000001
7433	Supplier#000007433	JkFXNhxBeouyBAyEPyG05	21-556-118-4183	537236.7251
2561	Supplier#000002561	D6LnupIqpKTq3QWhs4lES5q1sq	32-684-702-3167	537051.7581000001
2647	Supplier#000002647	32IqHFUOCoPODJZNmXu9DP0XstHVWjZl	30-418-603-4562	537036.6621000001
648	Supplier#000000648	0RXVM8t80LLWl	30-526-602-8400	537003.0174
7106	Supplier#000007106	8qPuqCqQkjPorn4m5fp N	19-183-837-3833	536795.4244999998
6617	Supplier#000006617	S9TqwK9 gNaRQ5s8Kt,1Gu0q1vF	30-151-102-4779	536716.8767
836	Supplier#000000836	KU2O25D5,FXdv	11-892-817-2809	536520.6051
4040	Supplier#000004040	FvCZTd0FQ3cnnE,BfaR7Yg3Xvq1oYi9Ol	15-730-739-4440	536352.0627000001
3603	Supplier#000003603	dlaJMEG5rh8U3MwOzdQO8d	16-210-870-8496	536339.9160000001
4285	Supplier#000004285	Bf3GqASNwv	30-791-206-1171	536294.172
3936	Supplier#000003936	QCBRQcSyomEn7G78pdsb3o,0	33-442-349-3167	536144.2507000001
8721	Supplier#000008721	jHo55qQkn9MejwcVT6	25-576-839-1734	535958.5948
564	Supplier#000000564	IufyqhG4fmo VkgQT w BF4	12-702-995-1506	535777.458
7435	Supplier#000007435	xPZenvNfjvw fnSNYUUTW6f	11-448-269-3587	535638.4867
2793	Supplier#000002793	aJBVO0DwezZsCpS9cD7DwubbGvSON48MGiWW	28-445-136-7777	535423.3511
1783	Supplier#000001783	ac5hhWNSEs9oqWSDfSbjsQBogoFpZI	28-928-569-7762	535261.5002999998
5643	Supplier#000005643	UQbMZV5OsBXdjIktGIh4Re	30-470-173-3247	535195.155
441	Supplier#000000441	fvmSClCxNTIEspspva	24-252-393-5381	535161.5586
7319	Supplier#000007319	awgO5pCDNnL3,7NviK0fpBt2bA2bGOhEh	15-838-867-9396	535146.4988
6272	Supplier#000006272	RqMqHKN,CFODzxIT,Gl7UmhlgEIe12QF	29-831-993-7297	535047.4465999999
9675	Supplier#000009675	psKpKc78VgI,lDggxaDinguyMnF	14-839-438-2833	534693.0800000002
307	Supplier#000000307	3wL9YHFIvddxzh3mwy6SSrpfmzKvwAGmXK	24-499-938-5607	534632.2353
5897	Supplier#000005897	0vftZyNjdMowV7u8UalLK3	20-318-235-6430	534529.9079999999
9712	Supplier#000009712	bUoHY,NdYjKw4NL8PIZH RgM9oQ 0Dq0X	23-374-169-8901	534519.2296
9569	Supplier#000009569	6cZ2S,AnpIftS2xlb	26-497-997-4339	534212.092
8899	Supplier#000008899	MmWq5HAlpyN5pPGMwVDbsTLtADaPfG	26-739-911-2992	534202.2231000001
3749	Supplier#000003749	L7rz3XecCb63AYwHpccbb2FcKXLtN s	15-736-222-7223	534146.0974999999
4363	Supplier#000004363	l4P3TdjquM8tDcE	10-355-720-3279	534127.9464000001
6929	Supplier#000006929	h6q8ma1wYUJsfz5PTVIE,Ms3qf	33-318-546-3182	534076.209
8734	Supplier#000008734	tfvPtg,fT2n5EJ1hrXB,	20-479-741-7495	533982.6007
6197	Supplier#000006197	ldcIIhw,wRVXM4i85LpAk1hxdD3JXqnMT	11-623-824-1214	533951.7170999999
578	Supplier#000000578	bn5J0A4426DpcW7m rQ9,qxqJ1KN	30-105-334-1726	533601.4582
3629	Supplier#000003629	fco32LPL55pLFoH0	28-780-309-4610	533533.3805000001
484	Supplier#000000484	WwSH FFzB2lViwrWli6Z4QVV AN1KH2G8	34-506-254-3252	533531.6359999999
4852	Supplier#000004852	Uwdz2nnPMHBMxJeM9zCsiqo0mxjq	33-384-566-3301	533479.5087
527	Supplier#000000527	udKczd6U1Bm79UVDkA8P2Xa1VY qv9mvsXo	28-894-961-1780	533453.5296
4567	Supplier#000004567	RDXhhMp6b0CckZyeqVEqW5VEPoJBmEbNrjKa1iA	23-151-452-2399	533358.1834000001
7816	Supplier#000007816	1ejcJ545bwLWLuY6Qq4qyEExZIsp0SG	31-710-857-3724	533258.0040000001
6673	Supplier#000006673	mAGjBpXoqVNYqcDlxjYlzWjhmJe	23-836-803-7300	533145.6326
4121	Supplier#000004121	RyVJNHSjgZf05iILX,vBEECitv3AF4S4ND9,no	34-434-254-1999	533068.6211
2421	Supplier#000002421	jIIalqYeEL3ktnsrjTikOYN,EEG,wLWTqOD4	18-486-744-9142	532708.0384000001
535	Supplier#000000535	aiq9Honllr6hFt, YJ6	20-121-889-4500	532594.5054
1541	Supplier#000001541	rPUV63BMAmT8Y2qhs 5Z9IT D8zjCJeBHZjW	16-290-201-5378	532589.9608
822	Supplier#000000822	0NJZiE1bKnpzqT j,0	16-795-236-9887	532415.0818
6068	Supplier#000006068	bToNEQv4zKzQ1NypZj00YjzYhrm94W2,sOYruF0	32-155-311-9768	531953.9168
9196	Supplier#000009196	rzIRgKBKPfPtz1 06C8kIclix	16-611-625-6484	531740.2860000001
1154	Supplier#000001154	lPDPT5D5b7u4uNLN, Rl	16-156-502-9672	531711.7739
7697	Supplier#000007697	4lzQlXRJgy 9s1oDSf7yMDlotyh1qy1Wx4vLXd	16-123-112-2857	531678.6013
5352	Supplier#000005352	PP9gHTn946hXqUF5E7idIPLkhnN	23-557-756-7951	531619.5694
8584	Supplier#000008584	VFUIyZAK34P1q7OYwf4u Il6HPsI	33-835-785-9186	531475.9897
59	Supplier#000000059	N8lKbYjMnVlEHmTPRmBgtLiX8rrJx	27-249-395-9123	531368.3804
4480	Supplier#000004480	Y5IH27lNQEwL2PG6Vd0Lzpg49l2xJXNeD	31-991-148-7977	531263.5346
9166	Supplier#000009166	,TE,42HKhD gj2c2LufLBUkkMK8uX	33-601-592-2411	530733.6213
3752	Supplier#000003752	srn8lPVy08QV0i7EXkKbu4YAURhu8u8	29-181-700-5552	530688.7141
2045	Supplier#000002045	3GVjWVjXkGXUeF82afLa,A	24-956-242-7409	530627.0848000001
768	Supplier#000000768	P,qwP7pGhJVoeq LJI	32-493-564-7451	530199.2325
2685	Supplier#000002685	OEDQNNMQ6zU2xkppSXM	14-996-206-9950	530194.8348
3555	Supplier#000003555	mx1puagouYCETNPNERVuC5lBMWz	31-313-659-5450	530145.4206000001
261	Supplier#000000261	vUT2UDI,GAqIA	10-547-567-3297	529703.6097
8875	Supplier#000008875	hRdOqKqyU,sHq	29-132-904-4395	529561.9101
6457	Supplier#000006457	L8ka6BZ3JZfCDmNRPk3mSV,h3	28-597-963-3831	529252.9079
9125	Supplier#000009125	IQbCXbN1mmght	31-864-673-9551	529164.7716
3265	Supplier#000003265	qypLU3dq2lpOkKGoY00pkmNWiK10zip06sAL	25-314-489-3975	529102.9091999999
2135	Supplier#000002135	Y4pCXfDzFcQhpNWnEmcKfM4flq2sIE8cWtrDVE	19-668-614-7265	528949.3606
439	Supplier#000000439	dTnCcwPBKS J WRmt,Emi KnILcwcR9YOrdLuWD2	19-415-856-7881	528730.9739999999
9254	Supplier#000009254	kAcH5hHmspYh,aA	29-780-238-7086	528666.3903000002
2467	Supplier#000002467	wVcklXhlbHBSm1kX1wsLngqvc3rVC	26-210-933-9923	528473.5408000001
8725	Supplier#000008725	pRZKl 8XxGE	20-224-405-3175	528440.8666
5292	Supplier#000005292	sRBWIIavn0AEKUn,tc	10-208-943-1119	528414.8545
3171	Supplier#000003171	hSq1EeyBQOBMzq1tJLDABbRjOQasUwcxsk	14-477-430-4257	528082.8156
3520	Supplier#000003520	EZawP6B5zHL9miN80qSKugkd,GPL2	15-847-816-9775	528080.6029
2289	Supplier#000002289	ZNrbGM9zL7vKnvuRIOj0gY9NhEiL	32-130-274-3202	527726.5466
7447	Supplier#000007447	d0c Qx09cNNYAhiGS19aqb,99lDaJtvszE6Xn9ra	23-114-669-2987	527604.856
8406	Supplier#000008406	,qUuXcftUl	32-139-873-8571	527588.7227
9822	Supplier#000009822	AUkDrXor8W	23-590-235-5159	527561.6435
7019	Supplier#000007019	2GQsALzRiTt2BQum6bocdeGawkOrsjNIZ	31-277-340-1713	527546.5966
8678	Supplier#000008678	Fw0ipbBZ38EsmGcIEUjc5WN8ZWmRPScfYJnI	16-725-806-7361	527284.3515999999
1307	Supplier#000001307	MPZXf,9fmn0H5Bgtfyv2c74pCy	27-897-389-5613	527093.0499
5023	Supplier#000005023	Q755r z94jtz	23-820-227-6379	526974.4678
22	Supplier#000000022	okiiQFk 8lm6EVX6Q0,bEcO	14-144-830-2814	526840.5102
33	Supplier#000000033	gfeKpYw3400L0SDywXA6Ya1Qmq1w6YB9f3R	17-138-897-9374	526799.5352
8596	Supplier#000008596	vuSX2muycZqscMe	28-931-478-2730	526778.5105
1612	Supplier#000001612	79DAQCPIgHZ	12-797-511-5255	526753.1801
5130	Supplier#000005130	GhwYHR8ZBbrM28CrR,fMdeH8wgO2la	10-224-684-9502	526716.1357
8211	Supplier#000008211	3KbqokDH,3NtaxcS	16-479-596-6995	526645.808
7561	Supplier#000007561	rMcFg2530VC	13-520-876-3751	526327.8175
5674	Supplier#000005674	Ogh5,d,hT0rIFWW7	27-503-368-2294	526167.693
1116	Supplier#000001116	0or65bKUZqty	14-523-628-1676	526146.8803999999
3732	Supplier#000003732	BQZvWD1FJb94fu9DC66zN	27-491-104-3581	526130.4146
8255	Supplier#000008255	qU4odHKWII0zA UP7a0Sfm9yat	22-188-396-2763	526084.5133
3859	Supplier#000003859	E3g IbuGPaCIZ3grVU95Kfr7HzjZ	11-545-322-2116	525682.3186
4049	Supplier#000004049	4bGbv74ARNjKp,qFqi00	21-266-753-7608	525628.7093999999
3157	Supplier#000003157	Iu8Z1STN zdULK	15-865-233-6191	525620.0989000001
2645	Supplier#000002645	DhTKpVgrzHa4NcbuJtK9ZokCfxuCrugCY	22-288-789-8442	525496.2043999999
1105	Supplier#000001105	bCpmcscVvexCmGtp1w0 Picp,9huGL	26-916-849-7204	525332.2407
3699	Supplier#000003699	yb8xEBvbGVfElnxjzZPSxZ mUbWq8oWOCmbErLLx	10-373-811-3558	525200.1353
8545	Supplier#000008545	dCE06YfPKks38	17-669-333-8409	525081.9319
7610	Supplier#000007610	6rHKTuNXVP dEM NIAYDeRo	17-916-883-5873	525049.2381999999
6613	Supplier#000006613	f,BpmOBBdvPnllIpNvvY6	24-288-900-1987	525015.0459
1203	Supplier#000001203	jHCBBvYw1DqzKRAV7T1bGz	10-295-590-8708	524920.6774
4079	Supplier#000004079	liy8fz UzaIQFzpgFU6BEq5gutXjZhY	26-459-882-1161	524880.2467999998
9249	Supplier#000009249	gijfGaYsh,C	32-910-117-8243	524851.0543000001
3082	Supplier#000003082	vLhIfPUhiW1Y rYmcj	33-680-262-1683	524749.9602
1752	Supplier#000001752	Fra7outx41THYJaRThdOGiBk	13-725-402-4911	524708.657
2799	Supplier#000002799	lwr, 6L3gdfc79PQut,4XO6nQsTJY63cAyYO	13-757-175-8800	524623.2115000001
91	Supplier#000000091	YV45D7TkfdQanOOZ7q9QxkyGUapU1oOWU6q3	13-604-986-9056	524611.3067000001
9801	Supplier#000009801	loKjUMxr,JZC	22-293-385-2049	524608.9145999999
7092	Supplier#000007092	,Gjn1UH1OfR9N3xs4RCDOx4DSV67YWL	32-400-807-1421	524528.6701
6102	Supplier#000006102	APhYFpQ5j2m	11-580-909-9223	524442.4014
5399	Supplier#000005399	duTHo0k0yN5I100tQw,6rqM7h,4e1gF	27-797-520-8028	524296.8126999999
1711	Supplier#000001711	Jx,uiFpJX8FOhY2ntifFomrTkbwfmJc17	23-217-649-7762	524136.6735
252	Supplier#000000252	xcaKgadrug	21-860-636-2585	524085.33719999995
2136	Supplier#000002136	JlqwzADX kuO2KNMHn9wxRGJX7aSY71ZWv6	14-235-236-4239	523998.5453999999
2532	Supplier#000002532	y2ZpNRiaO10wmkyPvFweSC4TzxvX5qm5S	18-274-299-4827	523967.5815
1466	Supplier#000001466	ARHmacYHsfIRRxVdonchVtjf6zLe1thHGa	28-580-167-6865	523910.93090000004
352	Supplier#000000352	LsVcltEi9NYu10ByH 5grND	26-911-452-7918	523602.1120999999
6976	Supplier#000006976	ld8Ibdnw6TJ6I	33-705-178-5183	523578.41099999996
1266	Supplier#000001266	lwHRpzssxFZW9	20-985-871-8162	523512.51470000006
1331	Supplier#000001331	6 n,NZ875vge3mSHRgD,	16-106-285-4570	523478.8042000001
5241	Supplier#000005241	YNh ,,HpYfRMND5TwWJrr4Oe1Hdc5lu2ra6lqx	10-234-545-5083	523332.0627
700	Supplier#000000700	K5l3kvvjnRQJJ,	15-648-846-4789	523143.1415
1002	Supplier#000001002	bzwzvRnMTA2IEIv,AKydTru0vsbETQkhV	32-102-374-6308	523132.6387
8558	Supplier#000008558	XOtoPKUMX4wHJkQj	14-109-690-3294	523070.2107
5890	Supplier#000005890	uvY58i9fnlwZca90lKl	20-594-416-4451	522689.69109999994
8414	Supplier#000008414	jkNFVmWI3VWZThBU,gb nlSsaSp67yU	12-900-269-8590	522649.00560000003
3523	Supplier#000003523	QliqObPv6XqEWceH4Q3Bj	28-678-138-1714	522637.9507
6727	Supplier#000006727	6z1So4EzSpV7MLcfChPq 4j	17-590-653-8773	522580.21309999994
37	Supplier#000000037	cqjyB5h1nV	10-470-144-1330	522357.78599999996
9851	Supplier#000009851	Tqq93iG5UsYWC1kFNIuRMsfbXJX86HVCZn0	14-139-773-9129	522339.5793
8622	Supplier#000008622	OiLHSLVlZ9r	18-380-541-6284	521988.3674000001
4331	Supplier#000004331	uDff,rpaiXyRnD5ZyKfIkx7f1raW,	26-797-748-3053	521904.3827000001
1107	Supplier#000001107	osYWPXbB4Jvh68UvinCY06SkHE18gqzDAG0rYT	27-902-546-2619	521379.2544
6029	Supplier#000006029	v2zM32stD8DvFa	11-488-306-3669	521349.8399
9560	Supplier#000009560	c39bMVAzQ kCPl	12-502-695-6531	521053.5051
2349	Supplier#000002349	VIwEmd2PeKy1	32-139-397-9180	520831.8963000001
2830	Supplier#000002830	,tuLnQTihW	24-143-923-5463	520715.9989
1082	Supplier#000001082	tAz8EuLYT5Mr,xNW1ipX ARdj4Q0VqmxIKTe6drU	19-217-624-4050	520654.58160000015
5061	Supplier#000005061	K7bbuYZol8GfTjEnOonzZukNi2ffx	30-257-188-5259	520577.16920000006
4799	Supplier#000004799	3vtM1bd2RzE6eY2LWK	28-505-332-9341	520560.0674
5138	Supplier#000005138	DxnEEeuXwJn7xDdH1igbCtSIwiEY,H0fzlhZAP	27-516-189-6187	520441.26239999995
6650	Supplier#000006650	OiU5XM3Q8L1lI	32-192-761-9702	520174.29649999994
9146	Supplier#000009146	lR2SxF36dZW6FMwBHXDg0exr	34-201-396-9834	519918.2219
4911	Supplier#000004911	swyExOqO zMc1Wly1ZSYn341QvRdfFg	14-867-277-4507	519748.6752
6545	Supplier#000006545	vBsEn74Yl5Xh0n87Jy	20-375-299-7293	519503.0293
1720	Supplier#000001720	ZTDR6fE4HR3fDSKs	10-339-599-1876	519460.3616
7422	Supplier#000007422	scnZzhg0YdHUIdf	14-723-980-1437	519201.18820000003
3763	Supplier#000003763	pj1BzZfawlj8 zLBiX b	28-672-268-4052	519141.35209999996
2236	Supplier#000002236	hoBL6XyHJ4GY6P	19-207-926-8639	519071.10839999997
5564	Supplier#000005564	Y s2t94EuIwMYM9ZnelwxmQMA1WDM1Y3	11-413-101-9840	518941.0116000001
1325	Supplier#000001325	5WM czPfNenJJoIQOfmUFlOh1W7V0FzBOvk5o	24-712-179-2193	518867.59089999995
4057	Supplier#000004057	c8VlmzJTjjFd6mbhxDUn6AR,v096mUn	27-629-618-9634	518118.7808
159	Supplier#000000159	xftQu5vkiD6BF	14-606-224-3002	517998.47449999995
5878	Supplier#000005878	A,IadYxfPUwdtq64l0IdYyn	18-848-904-5029	517961.28320000006
5133	Supplier#000005133	8rsLVQ3lT7SssypCwtt	19-842-527-7983	517918.7849
5524	Supplier#000005524	yQUF2VQmVgsJy4dAifWzYT	21-709-399-8312	517917.7867
5467	Supplier#000005467	NfJBlcUJVG8lGL	10-403-707-6568	517884.261
6728	Supplier#000006728	U8c2Hu4L1OG7ARgvc0eI4S	13-143-487-9465	517679.04049999994
9240	Supplier#000009240	xNRyBB09ybecSGN	24-518-252-9537	517661.1578
8003	Supplier#000008003	dkknyQx2opL	33-849-525-2924	517576.3620000001
5031	Supplier#000005031	8Ik mASiUsfaZ9aoSIy0sYBVs6Xedzid4eDc1	14-974-110-2768	517574.5301000001
5077	Supplier#000005077	AoD06AAcIfuPu4B6YzUyFOYgVyb6	10-852-519-9875	517469.9268
2876	Supplier#000002876	fJCG0fzsc,wRDttm3YiiEDSuK75h jPih1p	34-971-270-8904	517449.87249999994
7114	Supplier#000007114	s9s4YLeLWo7fLRO3rdQKFfUnZhrZUPjOC	31-808-386-3612	517370.0293
2792	Supplier#000002792	si64pUzgf3NdY	20-155-471-4831	517293.0828000001
3184	Supplier#000003184	QePnLXsvlZR9BRYx,ytc56igzNcS,8lFUT	18-163-694-8341	516646.156
8208	Supplier#000008208	cc6IsCnCP6aaAez	28-521-874-4048	516626.33759999997
6073	Supplier#000006073	t rFESd1J5EGq1TDbV5X4F0NO5 za	25-589-567-8857	516476.5956
552	Supplier#000000552	JP3ebtH5epPwpU2lVQqKNZC3NTvnTlrhLy5eeGN	22-861-905-2401	516476.4956
347	Supplier#000000347	zg0m5HrQtl D	18-932-818-1269	516431.9729999999
5349	Supplier#000005349	qbFEY2kp37p pHc,SxJvTWM1P myw,	10-485-956-7509	516273.90499999997
8555	Supplier#000008555	yJWU0ZtPOIuv	11-878-821-5627	515739.3472999999
7191	Supplier#000007191	y62XYc3,bw33tqGBua2LqHCd8pIXNL3xO jH,	29-327-376-6773	515639.57989999995
1575	Supplier#000001575	A2VO9TlYeAr6XeBELX8e9Ubcfh	23-960-614-7292	515543.39339999994
3340	Supplier#000003340	2YpvPC0Foz4750wOE0ZPaRt	28-190-411-5979	515491.99569999997
2654	Supplier#000002654	XVHK7aKCY,JCeefZXuxxYWp7wMeeHT j5dAZrjHe	27-644-402-4455	515476.86759999994
9707	Supplier#000009707	Yi7VYA90iDUyiAfq3	17-541-100-1953	515462.11089999997
6817	Supplier#000006817	txd0Gjo9v4vG9of9RTlfFhg3YzBcCx,N	34-717-369-5926	515262.2847000001
2537	Supplier#000002537	IaF gQatYacP2Sgjnj4CsbaUqEmZvoEkDKPV3	21-277-778-4471	515041.40030000015
5528	Supplier#000005528	3q3AXP2IxBsMXWsQ nk3Pt6WphMWu	22-867-532-8065	514668.7468
5574	Supplier#000005574	4QHqvBFxNsWoSBo9tLr6pLNhz1SZCloduHRf	21-700-670-3508	514475.3042
7479	Supplier#000007479	ROwWDiSbA rsvex1Ptz kV5Ft	33-358-933-6532	514374.2301
4672	Supplier#000004672	WESubepwEnt	10-875-268-9253	514265.9102999999
1008	Supplier#000001008	Dw3V1HADKPrGZb90fWTDBpvb	29-218-505-4622	513804.8976
1538	Supplier#000001538	pB38h5flEq7qC7sFqTYjhMuFvJxoRc6eY	15-344-384-1691	513781.27499999997
1257	Supplier#000001257	FEcdXx9dQIygWfKnJMi,hl3	23-545-989-4692	513697.59589999996
1534	Supplier#000001534	,rRNXQRJQd6JXzpwnEuKkKn	30-891-630-2295	513555.0620999999
6287	Supplier#000006287	ugzGtAHRSnWiMX	33-637-271-6072	513489.96799999994
2548	Supplier#000002548	UABiGgMCkyTzQnloHsNBCr6da6ITjR	16-886-477-8855	513445.86800000013
6633	Supplier#000006633	ZHottW682gzdgvuAtkqxOwy	19-977-101-9990	513444.8937
1005	Supplier#000001005	MJ59SpLU,OkpgoiBQAUvkcs,cfHx4D3B	29-916-461-8559	513320.5539
5075	Supplier#000005075	L8ykfphBgptEtNl5DK7Syz3HiMoBpK	25-509-888-9880	513207.2040999999
6932	Supplier#000006932	R4ikTRIOmmuFaC,wGmx6iCQa	10-158-496-9309	512993.4926
1609	Supplier#000001609	dqTbeKACaikTyyytcKQtjaHXasj0M7I	19-497-494-7241	512883.36620000005
141	Supplier#000000141	5IN1dvjqFhyfKxoslkY3UL7CrNVPCZmq	20-557-547-7976	512793.1599999999
3591	Supplier#000003591	bhZpobbcKcyc8BXLIiN0hjDgnvZn7	22-921-489-7203	512722.1128
2780	Supplier#000002780	I6AgeoI10 c0N03didb2NhzddiUg	17-482-626-4174	512380.10189999995
7245	Supplier#000007245	5VOUnvxlJeOJ	21-663-724-2985	512221.16510000004
5039	Supplier#000005039	tGYc0O9spcV2dLHSAQMBNqDLEzfe6yHKh	14-924-948-3112	511866.00250000006
9084	Supplier#000009084	vFZS4BU4E8BTJ5r8PcrZFtc2pnIXm	10-830-177-5803	511839.68059999996
5062	Supplier#000005062	lWEM7ahnU0lkmdob5OvpqUfvITPG	12-577-644-6360	511782.0457000001
1315	Supplier#000001315	tG2KWW3xDZaTc22	23-296-446-2673	511612.64619999996
7708	Supplier#000007708	TXCbF4BwDio7F7cU1O4KJU	18-228-676-1304	511280.423
257	Supplier#000000257	BjFRji2XvSyOVe MHMP9r5vC2eP4kfF GXwBe	26-806-563-6761	511217.4343
9606	Supplier#000009606	vgEUU5IA1h	22-596-455-9041	511203.8857
7125	Supplier#000007125	xTeBXQnpesVl,D8N0gi4FcUFkIgEicmKvhP3v7	29-478-622-5217	511160.2895000001
4665	Supplier#000004665	QzSYyKSw9A wbnA,jhfFLombg93XzkonrJEDJk	27-771-184-4878	511086.95670000004
8706	Supplier#000008706	JgrjzbA2s27F	17-588-630-7533	511026.3127
2527	Supplier#000002527	HaYSaQW,vH0L	23-861-343-7143	511008.2104999999
7119	Supplier#000007119	XhWMs0ow6WYtZvE1gGdc	22-705-492-4532	510669.26710000006
7184	Supplier#000007184	AKfsS0cnFq64dK	11-750-116-8427	510651.50560000003
7577	Supplier#000007577	1UtrIecA68zVCgTtI,xlz3Txi3,E7ZGAE	23-275-725-5449	510481.39219999994
8173	Supplier#000008173	PJqdiLWUB1gVSSf1twWpxzy7q6up	21-130-371-5053	510252.34580000007
2021	Supplier#000002021	t89NPGwaXrWJ6Hk7K	28-396-825-3921	510091.2696
9550	Supplier#000009550	rsOABl2HDhHUl4kpPsj0gbZPONYWOrfbs8	19-471-689-2492	510024.0784999999
3594	Supplier#000003594	vH EF6ltzb4KcGc9qpt	18-433-804-1742	509983.01969999995
7584	Supplier#000007584	huGf5x6lxo8OwHoXAephYfb7TH	12-954-925-2810	509865.698
196	Supplier#000000196	TQX4fMwB5tXoz4Fi4CEhALhi6	28-430-406-1127	509864.7954
8654	Supplier#000008654	3dYcEMsFs9Ek f6w Bby2f	24-564-233-1813	509792.5046
93	Supplier#000000093	wd1djjKXT,4zBm	26-528-528-1157	509658.3082
7188	Supplier#000007188	9V2cDltKfOErZ	16-681-517-1402	509652.6099
821	Supplier#000000821	O HVe5AKfowNLnep8qd2brd9fbZm WkJuc9Lli	30-472-667-2703	509463.7356
7725	Supplier#000007725	XOi C9s28HqjETNXQBB	16-302-143-6532	509377.06359999994
1234	Supplier#000001234	pbSHCpwfeRTI0amiSd2vmkK6,io5P29uCLWv1qds	31-946-737-7255	508969.58759999997
6698	Supplier#000006698	gyjSPCY4GC nc x	24-695-425-3045	508867.68749999994
7294	Supplier#000007294	EyOgjdxcfyTvyw4MIs3YQoREk4FJ9Vt	15-863-561-9005	508642.0068
3573	Supplier#000003573	kwtzuhsdpNt	31-324-183-9738	508595.09329999995
4288	Supplier#000004288	yGXGVQybcGku GbzCgSunk0I1VwuJhr0i	21-289-951-8826	508233.7588
6205	Supplier#000006205	LytAiNadMGGz7U6LT K1e2K,	10-874-309-9056	508218.3372
703	Supplier#000000703	QQ Z27PMXZP	23-876-543-9729	508166.41349999997
1866	Supplier#000001866	gJ9bAJPfBjX0s5x9dU,qA	16-943-270-9329	508117.9208
3255	Supplier#000003255	4TB2q kbKyVY3	32-693-382-9279	507875.7267999999
9362	Supplier#000009362	ReNJhH k9lB3GU2PNVpSLwOu	24-536-333-5374	507759.5573
2564	Supplier#000002564	lZUJcDjtVMbdaBJ0w82CN	10-921-690-4190	507727.27040000004
2210	Supplier#000002210	0d33LZm8ZLYk75cFPd7jxAYZb6	18-112-483-3374	507543.3634000001
747	Supplier#000000747	0XGddxTld5cBDIN4Z30Je siitSCbFC	22-543-907-2770	507530.02059999993
790	Supplier#000000790	HSYD9,gCfAwpsgCLKGhf,Z4SH8GSYOc	15-189-744-3618	507409.84530000004
9107	Supplier#000009107	DT9ZkOPMlednufUM5tJeuuhp9hDmXbhq qmLdFf	29-928-638-9549	507377.30600000004
377	Supplier#000000377	L4SF6EzZ xhyZCQ59onlADR4	26-634-598-9185	507341.0765
7048	Supplier#000007048	1MdbjFx1cBm F vA7GBlAJh5vJKrNyOpdkFB	20-819-904-8165	507256.49950000003
2549	Supplier#000002549	Cw7DOp84cHjMPgkznVhel2XR1kp5g2xkTTd0Xfek	19-496-148-4391	507209.2371
3360	Supplier#000003360	7iFFEaWR52NX qgRcktOcvTzn3N	20-298-471-7908	507000.96680000005
1580	Supplier#000001580	gqwJchO919h1NPd8IBWvNahMtg	15-814-392-7616	506701.8068999999
1020	Supplier#000001020	Zu9g5YKvFjex	11-878-636-2246	506623.52290000004
5136	Supplier#000005136	COFHYLZktt6ACL0C5VEvq2mlR1Bhevo	27-745-825-2995	506598.4558
3330	Supplier#000003330	QU sqh0dv64	24-462-184-8343	506509.8959
685	Supplier#000000685	JgoYDMLdJeM	22-599-473-1489	506299.65589999995
4646	Supplier#000004646	3x1lY3ib1s18KUTLHv62hNuJS6Vvmfzm	11-545-572-2776	506192.63259999995
8309	Supplier#000008309	6P,FQbW6sJouqunvttVO6vEeY	31-805-993-4638	505710.8861
6772	Supplier#000006772	MwWpwKvmrUayCLYwGVtFlPPsm xoNGb	17-248-919-6693	505620.67299999995
6682	Supplier#000006682	d0qmzarF6hAWYJH	30-940-391-6322	505609.922
5766	Supplier#000005766	1biOHW88EfLqtoUoypl6lmgAtUqkDy	23-973-793-6613	505257.57790000003
7653	Supplier#000007653	0CyERxqI,m,WcKPj6sJnFhRk xLjUudBDO	32-633-287-3050	504643.6902
96	Supplier#000000096	Lbxp3WIipye o2wZme1i9iJx,xTt1Mp	22-888-654-7193	504505.71300000005
3711	Supplier#000003711	8,0BJbF0d1TI0D,49d	24-904-562-9289	504466.85499999986
1277	Supplier#000001277	o1TrsGXKksJOyWcY	10-211-466-9198	504110.12559999997
4422	Supplier#000004422	L6ZWIUZrNvFDviRomGMNdqZJj	20-616-226-2192	504108.7071
8026	Supplier#000008026	8a6hfBj9Di53	29-701-123-6976	504106.36130000005
8174	Supplier#000008174	QMLkO0TFlhZ kJhR	23-874-834-6213	504062.70449999993
3069	Supplier#000003069	3jzeLuounYUDGGv9bXg8RNd	12-329-596-8136	504051.2213
3033	Supplier#000003033	4F nwz,wreEqeQrvSNsR0n6N3u50 p8SoiY1dN	23-117-168-6842	504049.2163
2547	Supplier#000002547	ad64YMOBUZC6 Z9XX	11-535-325-9392	504037.5593000001
8822	Supplier#000008822	beRCtTw0gbVAS	14-368-107-1962	503904.88019999996
8775	Supplier#000008775	DmVHIRXagI9vIGM8ncRdHb9Di	27-469-399-7927	503811.8353
1573	Supplier#000001573	yYUX fPcpR9TBPjz	11-442-876-5702	503772.2526
2103	Supplier#000002103	6RnHhF2YEr2p3tBPCxAnNQsw,apIQyilDz	34-998-551-1845	503675.9098
5233	Supplier#000005233	LVx2tybap3pho04RYVA,	22-877-708-6775	503535.40660000005
5431	Supplier#000005431	e0c5oEacjV06Xv5HJ7u6vGM,f	34-875-249-9826	503248.44529999996
1867	Supplier#000001867	YvNHyMcy1wYi3XN	32-419-628-3837	503178.77979999996
4951	Supplier#000004951	Q2a CbVG988HSECXRzv QaI1swqQX3	12-750-593-9417	503092.36869999993
9619	Supplier#000009619	K0RwcJ9S75Xil jqKukFoDNkD	31-359-794-4194	502737.29649999994
7018	Supplier#000007018	mj5AQ2xqjt3dnol6PvQLgMBQLmZcod r6SeQyHU	16-651-560-8892	502444.9199
9083	Supplier#000009083	wVIdyqHsk0UpdWUiW9YGz7HU8j	22-552-431-1228	501957.5575
6062	Supplier#000006062	x5lqzuyqnnDteV5UT1HY0X2 Qjbo,c	20-874-712-8366	501941.48089999997
517	Supplier#000000517	NkRQYLe9d8vEXNO KKk8rxK502OI2	18-577-641-3805	501835.5432
6113	Supplier#000006113	fvnedZO9VSceJB8G	21-910-536-9332	501760.06649999996
5012	Supplier#000005012	H2oITSxE4kqoUQgOKPKUYEM4ZWaZboiV	10-978-634-8748	501388.9511
5106	Supplier#000005106	oY8 g15FH2z87utclizeTsTykGpzmkFhE	14-250-778-8504	501321.2477
4068	Supplier#000004068	w2MniB04fvEPPAHTfEi1bS3e7eQboYSB2bq	22-290-743-7808	501160.4491999999
306	Supplier#000000306	T5EUviO4mqrGO6ruLcIoo29M5S	26-954-209-5690	501154.4306
6017	Supplier#000006017	IUor4VqlDPJqahcVWH6KpmA29cbnu5X0SnD6	25-309-274-1235	501085.9278
2614	Supplier#000002614	If3TvxLfsTCqdJ1	28-238-580-1808	500197.41569999995
7169	Supplier#000007169	tEc95D2moN9S84nd55O,dlnW	13-805-131-6933	500009.9705
4627	Supplier#000004627	70fw74Sx3yIV,Lckmfxn9bG5qJqUc8gLjVNV	11-365-279-1630	499890.6692999999
2445	Supplier#000002445	gVkPmZC9v7zjro	10-325-193-7475	499715.34929999994
8071	Supplier#000008071	Udo,oIzBLGVkEtDMnJf1P0vq8FAc6	24-716-167-1865	499543.8945
1581	Supplier#000001581	Mayh8ynSzPga4xRjsvbA a,IH59HBwE,2i	23-726-930-9372	498913.91890000005
6254	Supplier#000006254	g7OY1vWNUb1vxIRgEl	31-267-164-9506	498804.37729999993
2275	Supplier#000002275	n95 s1Gp37NuIaefRHIuSolsOtRLPlazF8jLS	15-209-306-1486	498788.4859999999
8726	Supplier#000008726	Mhvo,BpNYSHUuZ2khW B2CZ8GsjWM2b	19-670-767-3204	498610.80299999996
8700	Supplier#000008700	YrxRNVhM6c	34-316-575-3775	498530.6638
3023	Supplier#000003023	a2vIsI7JLHFfBvJoSmPGfm	32-598-929-2593	498447.0938
4038	Supplier#000004038	DiFpY311MtBPT1OzcWLPi r9srEjBL ewMrk2d6A	24-952-753-5674	498269.1244
9013	Supplier#000009013	MJ0bHctTH,qRRt	29-513-589-4374	498130.1328
8043	Supplier#000008043	xpjNT1nf4yV6yt7	27-621-359-8967	498046.43309999997
2589	Supplier#000002589	RXJleJvDsIZ2xeVXri8Vy	22-956-336-8515	498028.98279999994
3241	Supplier#000003241	j06SU,LS9O3mwjAMOViANeIhb	13-852-490-4891	497674.762
9615	Supplier#000009615	cfZ4WWa4Pm	21-198-874-8274	497570.64340000006
595	Supplier#000000595	CURZCs4l306M2ir8rFkgeYVg	34-354-570-3604	497568.9770999999
6177	Supplier#000006177	QB4yo2kICrib HomjdgvWKflpDvLqqiP,PD8LSy	16-277-624-1626	497360.6446
6782	Supplier#000006782	Dt4TTM ,rc5mekbZe63Hzf2qx M,2XQsLUREfyyU	34-713-153-5267	497151.5335999999
6400	Supplier#000006400	ifM8MbuxVQ16VGr7B0ACb6n,C9Zi	20-360-877-2726	497057.2202999999
2758	Supplier#000002758	2MJl7GcaHrJA4FEUxarCld9Feht7otlkleD2Bc	24-105-707-1145	497024.4021
3032	Supplier#000003032	gyIGDWCX2KTglZJUW,1	26-323-974-9307	496561.42409999995
8698	Supplier#000008698	qKfxXqaDHZTG2CUJJdNW5BAO,FFNl4d1uHRyBb,n	20-339-957-6390	496223.17710000003
6035	Supplier#000006035	bhR8kr2kzvAV	20-860-448-9043	496194.0459
5669	Supplier#000005669	OCIG1WZEpZHP	22-694-387-8311	496188.83030000003
1566	Supplier#000001566	FxGHzfvgqFzHSvl94ir CrV TzfDHA	34-449-468-8660	495892.9393999999
388	Supplier#000000388	n27XQohXrXlJRLdsyXNoljPS	28-306-827-7902	495602.9403
2696	Supplier#000002696	jcKZe1I4rY2p7Lg,SV b	31-168-339-2310	495530.58619999996
5046	Supplier#000005046	O7YXzzD9nsWNOy3D Yf	33-265-209-3222	495397.80119999987
1708	Supplier#000001708	U9TfwBmHzE8Cwksop,,d37vxvd	14-852-212-5681	495199.91520000016
3653	Supplier#000003653	9t,3txrVc35Sb4PhBF6S	12-747-742-1223	494732.51569999993
5067	Supplier#000005067	vIILkUb0P40EJsPkCgs mU0fUyNiPlcDiNn	29-498-613-2258	494681.6023999999
8108	Supplier#000008108	7CfpSkaAi6OjQsUmAvO2SR5G	29-560-695-8617	494116.2807
4621	Supplier#000004621	YYLVWPlth5Ve7LGwPoWC8e2Osnb8cunXrS2jW3b	15-865-976-9704	493994.757
6413	Supplier#000006413	v,b2O08ar3	18-218-737-9405	493566.2473999999
3805	Supplier#000003805	UgBZkbdqN286S,3NzCtSFaz,2su1HZ55uSq k4	31-550-945-6309	493101.23510000005
163	Supplier#000000163	1MhydNirC ,cuLIZezbkUxJhAC53ii,B	22-980-516-1217	493080.6289
455	Supplier#000000455	de1QmawQjYipd	19-822-816-5632	493016.69159999996
123	Supplier#000000123	IqRn20xsj5ibqAQjb6YNQf0xah	29-602-688-1506	492946.0920999999
6977	Supplier#000006977	Y0A2ta8q6gykgS2,GWuXcBrcvIi6z	29-554-293-8901	492843.5174
7794	Supplier#000007794	uIrh 6AZ3u25ZBB9sqT3R0gCjR9cuDEjH9gQ	33-284-453-7930	492725.43350000004
7457	Supplier#000007457	5aSV83RQFpd,2y1uGvZjGQcM0bFuyT	21-978-479-1723	492396.3394
7098	Supplier#000007098	G3j8g0KC4OcbAu2OVoPHrXQWMCUdjq8wgCHOExu	13-249-810-6460	492268.82309999986
1594	Supplier#000001594	QG2VOcf1nf	33-733-772-1150	492230.63749999995
7393	Supplier#000007393	o93 KCogRzIHG8YznDb	27-616-414-1665	492107.0499
4793	Supplier#000004793	pe8Zl1MUxJumP89KKRGFCLJQyYluacyojBi	30-499-432-3073	491751.43289999996
7100	Supplier#000007100	uepAB9PA3BhNu,THXvIB	18-222-364-6257	491743.19479999994
8074	Supplier#000008074	ri8Kci7sEHhwWlRzXlYTU	25-178-310-4315	491650.5029999999
7026	Supplier#000007026	snAGzZ,Hxa55hLoy	20-828-194-8013	491185.0084
591	Supplier#000000591	iXlVA9y6oX4	34-204-742-6291	490982.5138
9057	Supplier#000009057	9X8yfLTApewvoHy5d	22-542-862-8502	490817.8833
2170	Supplier#000002170	Svxza OMMR2wreaBWPnjCscdmJHE,yy	21-630-104-1587	490638.27080000006
4089	Supplier#000004089	Lsa4Kdr1kJEee2co6A	18-180-548-6033	490582.05850000004
56	Supplier#000000056	fUVtlUVal GiHBOuYoUQ XQ9NfNLQR3Gl	26-471-195-5486	490103.07039999997
3062	Supplier#000003062	LSQNgqY1xnOzz9zBCapy7HwOZQ	13-366-211-5375	489523.69310000003
8903	Supplier#000008903	XD2fYUucZTlX30lijkb3cvh0hVCjLuRDhMvv	20-687-493-3802	489337.99759999994
6055	Supplier#000006055	j666uJusGi4A54fKl4lV1uC	10-911-168-8946	489223.8842000001
6209	Supplier#000006209	j2Ztvy5aeSJhNVBig8EnTgD	16-812-490-7415	488999.3233000001
8087	Supplier#000008087	wp6fVHmipj0u0zlVV4gs1c8X	18-577-263-9175	488964.6336999999
8600	Supplier#000008600	ZYFNk9cRM66qHdcrOR8wNNRKQsjh	17-389-804-4258	488448.5904
8408	Supplier#000008408	Sc9u9mcc2bLTWfHspMScTrbdaut	29-475-811-8890	488421.8573999999
525	Supplier#000000525	GtHZ9ooyeKe	21-247-956-8546	488393.8744999999
3029	Supplier#000003029	aWkIsIRUh3zz8LiwvImuv	16-692-588-9167	488237.91880000004
4332	Supplier#000004332	0nenh1uRWEmG3t VAFLaPM41N0NPdT2eRvRKrun	27-134-141-5401	488114.4196
3070	Supplier#000003070	F0sjr17IwdKH9B7DOZXOnM hjhOsfHy9okdsk	32-581-887-7880	488025.6205
7146	Supplier#000007146	J8I3Pyfc2Usr2tJMJLDbsq7	13-146-899-2332	487886.9099
520	Supplier#000000520	RHuqyeshPnOa6gwEiV3zDhP0o2aYvZ9glQURu1w	22-654-808-2429	487844.03200000006
5653	Supplier#000005653	pJurmYhCxauXpi1DEkr	19-828-165-1703	487798.9325
4280	Supplier#000004280	N9GaeX,haloaFXZbv8 GvkKLtmfEq	22-342-968-1844	487749.5281
3383	Supplier#000003383	XnDy9Rt oA0mmgnr6Fr6	23-114-269-2123	487190.2031000001
9244	Supplier#000009244	JwuJR1YxeCvrrRoApdtY2WQE1kavfjoJb08s	11-205-683-4279	487101.31299999997
5576	Supplier#000005576	UXqU25sDkQRbz7YI8U	10-616-875-3742	486932.5471
572	Supplier#000000572	J,RTwd9mNOTralFovrCrH99 f9rbvsDf3	29-444-247-7800	486881.1792999999
7526	Supplier#000007526	ec OCBW1Amcz7umPbB	23-196-113-9571	486787.6146
7389	Supplier#000007389	BGcj3l88CBqb	29-446-540-7488	486668.48419999995
8132	Supplier#000008132	,3WTBTxiuJblYjk5y1f5vmqrHLZ5AiM	27-245-108-8714	486644.8007999999
8801	Supplier#000008801	BQyr1va pDvyXChto0bhj4ihxzqAv1	11-419-695-2043	486381.7154
7805	Supplier#000007805	6LxaWLIsA9kAJn97S6aR5WMfowcg,n7i,Q	21-938-602-1709	486263.94149999996
9328	Supplier#000009328	DlA43cdkE,QjjUFA50ZdMxW8EoXw8a	20-619-531-7692	486233.1390000001
6710	Supplier#000006710	QTW4Ykw8brmlqB8tfndv62o	21-708-909-2822	486215.4963
8571	Supplier#000008571	ASFEOWTBT3lfFH6Xqr8VeOXoW5o	29-534-738-7942	486094.27560000005
3692	Supplier#000003692	KH fnJjsJVeaZbVkjGLtEvpWpTU2 Y9sHR4	25-535-577-3607	486083.1743
1236	Supplier#000001236	qpYv0hQmP8aiXnIAm1o	20-247-189-6514	485951.1278999999
3569	Supplier#000003569	jt4w8rOANtZ	27-509-980-9173	485949.8823
6373	Supplier#000006373	J8fcXWsTqM	17-813-485-8637	485751.8555
5728	Supplier#000005728	89BeWN6 2R3wLnroAH1XvUazx8VV2rMWNWr OEXO	28-669-329-2958	485689.1139
7864	Supplier#000007864	j77x8tp9jK7ET8dW4NiowgEsH6oEm	27-980-682-8808	485425.5689
2522	Supplier#000002522	n7Zcn1iWbfuwRX49I6e	26-228-116-5164	485353.2959
4769	Supplier#000004769	Iom2IeCJ44BiWH	13-593-676-3451	485332.812
2666	Supplier#000002666	phm2stNKBHUQEfOhJ	28-724-415-5092	485332.30059999996
5859	Supplier#000005859	KwJ 0xkkNHIZmRhsUDcqxq28I6BZMp	32-724-166-1125	484062.6813999999
4541	Supplier#000004541	OJPZxwlH9UaQ,pw,gt9bFwj w7	34-792-190-3269	483514.9272
514	Supplier#000000514	Q4ErX,NN,Z2UDP	24-677-367-2786	483507.01320000004
3470	Supplier#000003470	5SnLW3RZ9s01wm1bzyMWKh0DemDKwGo	24-780-294-7324	483501.62330000004
8802	Supplier#000008802	xFN0wcWSTKZClB0q5KTj	25-772-695-8771	483339.2517999999
7014	Supplier#000007014	QRe,woltmYU8mMk3oSH	29-978-161-7278	483323.18390000006
9683	Supplier#000009683	xqKTXr6qGoNbbjKel2ukWNeR	26-929-200-3310	483251.2749000001
5790	Supplier#000005790	hjnO2Pn2HZIiUyuvvrOtK,	12-201-826-9391	482950.2294
8733	Supplier#000008733	DPJbqn40Q,	20-474-370-5903	482892.0793
2835	Supplier#000002835	rCYshZ3VTcDy	27-999-990-2918	482696.68400000007
2012	Supplier#000002012	eckc4QQiaZyIQp1jW5DDDamHTp,,L5M6uP6zT0eY	12-211-688-9124	482611.4926
84	Supplier#000000084	DcYjWMiZGQqEKOJi4wAmIV08ikx	34-869-118-7803	482481.2286
14	Supplier#000000014	EXsnO5pTNj4iZRm	25-656-247-5058	482398.7465
8579	Supplier#000008579	hMJ9jiSdp1H M7h7xpGOjT6VHBkI QPVYUDV	13-698-342-1983	482334.08930000005
8999	Supplier#000008999	fpMNdR7m9gsgyg6jK6kwAAIQ	28-972-543-7523	482325.6145
6037	Supplier#000006037	lb2Pbs9ECdqIEBApdgj91LF5v6jB	18-704-875-5171	482315.00249999994
7120	Supplier#000007120	QLaIDxZrAI2zWl2	33-964-286-6586	482295.6833000001
4211	Supplier#000004211	2wQRVovHrm3,v03IKzfTd,1PYsFXQFFOG	17-266-947-7315	482240.13619999995
1262	Supplier#000001262	xxUP5uBcJ6	14-305-294-8872	482181.83259999997
1568	Supplier#000001568	V7Pk75s64GORPR1BbwN 2I1xawVm6C7OpGRa	22-726-915-2985	481980.7319999999
4596	Supplier#000004596	ZTq,wSuzJJ6qXC3vu DJ	23-786-524-8317	481684.1356
176	Supplier#000000176	OLVnGuOx8m6NfApzODj4 JP01JJIm,qI53BChmgQ	20-970-245-2712	481671.075
4345	Supplier#000004345	p,LAXgSm x19	19-934-108-4550	481569.4701999999
2856	Supplier#000002856	Gu,arFye zY5HBZkjf5yPGnQdMYLuVz3HcA3y	21-193-297-9577	481553.4815
4391	Supplier#000004391	pcsiJBhSEHuFHNAxR3K c	31-930-718-6023	481524.9221999999
9958	Supplier#000009958	ggiiSA4CSyvhwQUYjdJhWlKEY9PAfs	31-196-571-6111	481269.03859999997
8218	Supplier#000008218	7hQ5Yk,vC6a C1Kir7YhdN9E8n2t8K70	10-985-426-1248	481234.11300000007
4120	Supplier#000004120	N42zLM6QQ,zI3dh1vF9XJSROd4Fwe	10-145-515-7985	481150.37580000004
7390	Supplier#000007390	29wYY3Dz3y6GB0k	20-132-165-2168	481144.3468
2218	Supplier#000002218	nODZw5q4dx kp0K5	13-587-588-9916	480934.19499999995
7259	Supplier#000007259	S1U6lyVlF4HUUwbQyo5JzCxL7Y mcodVZXj hA	20-445-712-8250	480813.8875000001
248	Supplier#000000248	vDPBiu4L7hPZxwaEoNW u,zHgXVHvBXFBdfuek	16-646-663-7202	480767.27739999996
8544	Supplier#000008544	sXjb2fuyyDJ1Ka65tD3IcAGPkKpMwmyLr	32-244-321-6139	480173.2006
3706	Supplier#000003706	Nj0WKcb8eLEoK4e gJSZlo	16-153-912-3529	480099.32039999997
1103	Supplier#000001103	dtQlaRi69HTRWj9	22-349-205-2657	479949.8133
1718	Supplier#000001718	,OgZ,mA3MSew1 OJvM6UBn	31-256-122-2861	479687.2217999998
4557	Supplier#000004557	l6HoViEM EZ7fETpoO	27-179-479-9723	479638.75059999997
1637	Supplier#000001637	2D8ZlHb5bLmK,YIrlEIOY8R1	31-921-265-2668	479396.62139999995
2643	Supplier#000002643	eDN6YjGtp2dcj0IF,BKEEYjElO,sUjjcNI	31-979-945-6354	479350.95469999994
8549	Supplier#000008549	FMsXzKfMDnRHpsjdVb	13-339-338-5688	478886.1214
9052	Supplier#000009052	,,TuA03FajJlRCj080K5aYL9V71cnqL4Pk	10-184-936-8351	478845.62029999995
82	Supplier#000000082	WyTKA7ZpF15t1aCNlT3	28-177-572-9691	478673.9419999999
7778	Supplier#000007778	eHG8kfOA9PRfMA2DHOCcGf8UEzP8	14-502-949-1661	478558.0949
1716	Supplier#000001716	l1HQoaudWVp6	31-280-113-9095	478544.2554
1041	Supplier#000001041	ZNny0BQ7n2qc7b6V5	14-565-600-1255	478445.08349999995
3105	Supplier#000003105	oY9vcEXgL9I3zNx9tukxzCQ98MAyvf30DPzJmxP	29-831-521-6983	478295.25980000006
7148	Supplier#000007148	FDxytVBVJllKW	29-216-866-2808	477882.8688
7102	Supplier#000007102	ekYKpMm5f1Opp7wnr2wRyxutnzkRV	16-609-979-4437	477412.67720000003
2531	Supplier#000002531	4aZc7CD0nvPmCCjmjkg8K0w3QcwwbFz2 4PSsokq	17-315-767-5536	477381.876
6428	Supplier#000006428	fwLkcQltdvKack735j778yg	20-845-151-5520	477374.06549999997
1794	Supplier#000001794	QY4ygC456AABXtvwTOlMsYUGm0HM	26-114-642-2939	477225.44649999996
2286	Supplier#000002286	C6 Lohr2pUwX3cu9N3wMsTx1q	25-378-103-6809	477131.6858
2724	Supplier#000002724	cMpJhoC2MLoLMAu6FlIisIti0nh5	24-215-299-8776	477121.7542
2031	Supplier#000002031	JpBWuUSDxQY0GPkjS3ckp1GaGwxU	23-454-380-1517	477107.3620999999
1754	Supplier#000001754	cXPInp4HEXQsROE6ogwSSREHQ	18-437-961-2317	477097.80869999994
6934	Supplier#000006934	wnar78tt,IXV	21-760-189-8193	477042.7576
5226	Supplier#000005226	t1kGmBe6n8	33-562-639-9530	476698.56600000005
3531	Supplier#000003531	7kfwtcLBlYSpTOPhwcx	25-171-945-3912	476673.3614999999
5555	Supplier#000005555	OVDFyVFCvGZSMF	25-372-584-7324	476663.7586
6906	Supplier#000006906	kE9uNsC,Rb6,bXmrH	11-460-499-9621	476605.3552
7133	Supplier#000007133	WT4lazsXR mLEWohhl	17-244-746-2199	476471.17089999997
5024	Supplier#000005024	y0,QhJZwQSjhRC6 rPsa5tLcmjRy8LKjuS	29-535-675-8153	476467.37500000006
2371	Supplier#000002371	b72ZYzlEsIZLmGYJxjC4dYUTIu	33-571-287-6263	476445.6533
9666	Supplier#000009666	UcRhPpMLLVceTnrbBkIrg	25-489-460-3462	476010.25529999996
8615	Supplier#000008615	XBXVCbAk2EjUFFw0EEBAz5b19yUr6jC	26-882-209-7376	475788.3176
2583	Supplier#000002583	Gr6WrUG9mY0Yy9	23-890-461-6671	475771.87769999995
2597	Supplier#000002597	8yyFE4QJiycII7AbOPOcH DJYSmTwxG3TK	34-630-617-7051	475581.6797999999
7550	Supplier#000007550	sQ8,IPz6Ev0CzUyjQlRTW1vv6GOIdRQ9qTbo	16-634-657-7800	475537.5828
128	Supplier#000000128	u,I0ayLPI2HKL	33-957-200-2556	474601.71129999997
129	Supplier#000000129	9kWUk5K 7TAR40dW5nVeg i60Fy	25-314-164-7014	474545.39519999997
4721	Supplier#000004721	9ClOEYZoLDciULWl1ljA	27-951-525-7255	474430.48530000006
579	Supplier#000000579	U6sejT6kSPi5p1FUcUxjdJ	29-854-341-3857	474267.8015
3961	Supplier#000003961	rOZqLwnMyYacgiRb2D	12-971-170-5168	474147.5557
7228	Supplier#000007228	sb84OybO,0ucnpN5W8qy2uftZ4sn9MGX7Fi	30-541-928-2531	473892.076
9072	Supplier#000009072	SElQfI7y90sSiv7QyojGyuviKsga8xKExYAWX	24-420-730-4891	473461.0142
272	Supplier#000000272	ywrDqLLTfKUF93	17-209-164-6836	473447.2191
3605	Supplier#000003605	xdRVBnukNC3QIuf,,1lbmd800P5 Gx	32-708-366-5881	472660.5399000001
7225	Supplier#000007225	F ykA n53QblHRXYMEOZr4WwJBF5T7JFLn	10-696-419-5791	472276.18739999994
8891	Supplier#000008891	Yo,jbNbJGJEg	32-103-391-3580	471805.3907
5998	Supplier#000005998	qEAze72pOz8,QNcx	30-145-908-9029	471612.819
3464	Supplier#000003464	EPcvYyNhwc5lGvLXLEGepSL EWkvsQkXJ	15-869-904-6882	471567.39410000003
7579	Supplier#000007579	BBT4MfzsHUeGDY6eME4	30-574-243-2676	471445.69759999996
8974	Supplier#000008974	4JCXOJ3MyPfa51mIf,MQu	31-814-423-5055	471400.7499000001
6659	Supplier#000006659	iTLsnvD8D2GzWNUv kRInwRjk5rDeEmfup1	13-746-779-9180	471369.03699999995
7774	Supplier#000007774	Lquwk2q1ksIRnYdMXs3LR3nCqed	26-476-530-8706	471335.00639999995
9894	Supplier#000009894	pFIDobSjKG90Y8l zJbyu2VJQWWrbMgxilNqhn	25-180-456-5897	471059.0976
9487	Supplier#000009487	KhxgDXsSiapyewwkfB9KDFZo1XIEL6QJq	21-478-786-6858	470925.22570000007
652	Supplier#000000652	Cwyzz7 uW9mWq	22-957-225-7894	470920.00370000006
172	Supplier#000000172	NckigAXBRUXbJI	32-481-329-1585	470847.7788999999
1166	Supplier#000001166	PeY0yTTUfEa84Gf	33-137-834-2015	470356.61340000003
9108	Supplier#000009108	NXBnE30zQRKYuVCWczpKVSlGuHo9Y7	26-637-289-1092	470224.5283
3024	Supplier#000003024	qL7O1fXRUnUP2brTlcjMZ	29-178-209-1949	469144.38899999997
7080	Supplier#000007080	R1vXmHSrTAXaVu7kraZ5	16-957-468-4227	469125.2647
5520	Supplier#000005520	wMiks0Z1elXmYBnpgfWSG4pzAY1pdMyodDO3Hyi	32-967-113-4478	468634.5018
3618	Supplier#000003618	GyUWkSMZ3Zgrlr7pfznrNvrC5HbQAQ	30-998-346-4311	468587.16390000004
6270	Supplier#000006270	KJeGERaiEn8osyqJc0abDnaVK4A,TiUws0Qc	18-622-127-8119	468401.99729999993
7549	Supplier#000007549	BeFGcALqutrV75vC1XwVxtaOv33c0QiNOr4unlX	19-232-712-5516	468353.54099999997
5296	Supplier#000005296	sk,N6IfeiTByYqUGr7n	19-887-791-5636	468239.756
2124	Supplier#000002124	mT2TCWCpXJFg0ISAPlvbQPwrj Gd	32-731-692-4007	468186.0221
6259	Supplier#000006259	cCDmxs1a3,8u,XlkIX,36 tve6ZKcDyAo9	30-100-280-3565	468139.6475
171	Supplier#000000171	eRpB8T GdtMBvJOo	20-229-200-1299	467444.96950000006
6568	Supplier#000006568	DJVrhRFDrVv,alKI3	27-226-930-9685	467295.9002999999
3723	Supplier#000003723	jZEp0OEythCLcS OmJSrFtxJ66bMlzSp	13-730-940-2626	466911.22339999996
8483	Supplier#000008483	v464kLe2m,VtKzOQgm6KlDq0HvRhhxz4TB0i1Lex	18-710-845-2845	466309.2663
5210	Supplier#000005210	Gb1SnzOsnMke d5AIDzIJEooElYL	10-453-269-7032	466238.57920000004
6707	Supplier#000006707	INAEWdWz3CtsdfoO	23-723-452-3152	466091.83300000004
874	Supplier#000000874	xsGhP46dDeavM6wnREIi7Q09jfAUTzucwp	26-826-579-8300	465732.7724
6614	Supplier#000006614	DUg VfHci9UBN2a3k1TyNwPw	25-248-487-9345	465584.21729999996
4115	Supplier#000004115	QSr7SNEvD1e6hgM,	16-858-156-8401	465528.35860000004
2166	Supplier#000002166	AJE9Ch04InHtwRV	34-759-131-9038	465431.07490000007
7648	Supplier#000007648	xijpSa3xolGv2fpo28oXUxABzv5B9FM	28-466-670-5238	465396.7617
8967	Supplier#000008967	2kwEHyMG 7FwozNImAUE6mH0hYtqYculJM	13-478-661-6000	465318.70519999997
7693	Supplier#000007693	imxeuo8vnSW4gLT	11-898-179-8103	465235.9411000001
623	Supplier#000000623	dSSQ3dTYwThbLppbetVUeuPfBIUF	17-593-337-7365	465005.2998000001
5100	Supplier#000005100	OfvYPs3Io,wEvvLHNaLuCX	13-237-801-4003	464928.9077
9798	Supplier#000009798	VaBb,n0TkZBkB,r,UBDqK241uWZDcEb	15-283-773-6941	464635.7335
1542	Supplier#000001542	RsQTMZbEs4j924	19-766-450-1320	464460.3205999999
4004	Supplier#000004004	YGKTXvmYNpxoqdllFqbQjnv69Ydtm7YpUiqQkd	11-463-394-3524	463799.381
1624	Supplier#000001624	ISkTuv6KLp9AcxdWRGJ8 ey,r56tQ9DozGP	13-316-879-7795	463317.9696
8037	Supplier#000008037	xaAnic,DwJs4EGY1daJfhrsUyneUnrA	11-402-790-6442	463028.4916999999
2008	Supplier#000002008	jXfmC1KyP3RL	27-726-611-5754	462880.39050000004
9830	Supplier#000009830	ogbH63pS,VAoiGpDaMDRTSq7coA	19-230-592-9116	462711.316
1293	Supplier#000001293	p3ygA5wAuoGH7a8mqwGpvQycLu,ag	20-132-692-3206	462623.77779999987
6139	Supplier#000006139	jB7XkfKoKSdWr9YM9m4UEkul f	27-976-769-5223	462572.9689999999
6540	Supplier#000006540	5Ei79tKvLpWmzv	16-484-323-6983	462529.7099
9685	Supplier#000009685	EUfFMAwEQdmFBC3fTQpltg	17-329-354-8238	462522.95019999996
4078	Supplier#000004078	eem4mxDJCf be7a5EVsJ3XTGGae	10-473-484-5398	462419.9173999999
9265	Supplier#000009265	El1z,MYnP5ckp	10-318-994-4236	462397.6204
2694	Supplier#000002694	MA,zH,ZlgwhheYzQdnJyf	25-668-762-7939	462369.69310000003
7667	Supplier#000007667	rJasq6 x4rVnc	17-804-110-6206	462147.7496000001
6745	Supplier#000006745	aVTZhpRHiqAeX, SrlxjZE34nw1,rFZ	22-609-129-9551	461976.08469999995
130	Supplier#000000130	Rnt93MAs0EpPZjPYQIlGOWNUjk	33-322-101-6260	461797.12010000006
8457	Supplier#000008457	CAvkqakaOWv5OpT0YyRZF81lBDl5tpjHL	26-398-482-7559	461341.27390000003
2730	Supplier#000002730	lIFxR4fzm31C6,muzJwl84z	13-102-220-1137	461308.19959999993
9223	Supplier#000009223	3mDusY PPK0Jjr	11-611-493-4880	460738.99140000006
9134	Supplier#000009134	tVtS0RgtgB	21-752-802-2969	460341.6286
1136	Supplier#000001136	33cXkwLN,9qMqFfH,yscLe,EssjSrmO	11-934-752-5769	460107.6079
8047	Supplier#000008047	QFuiPZDZOwOMS6NA	18-766-969-2724	459348.09839999996
8664	Supplier#000008664	mmw03ZF7KUXN 75MMVf8v8xkcTqU8wuzYu	15-529-301-8528	459333.63409999997
4350	Supplier#000004350	zNUzOPG8tpClDjNHo261t6tsoyo8uolPuG	11-991-829-4202	458853.71129999997
4654	Supplier#000004654	Wp2CarCzDh	10-228-513-4385	458540.1537
7006	Supplier#000007006	szR,rd4jftCF	32-587-422-7789	458060.52629999997
5280	Supplier#000005280	NB0MFCA5mH9UklskxDx Qi3oX h39gLySVTK	19-299-951-6016	457841.79880000005
245	Supplier#000000245	8qUceq1TSsNaTol3Ul6TDNSu9yRddanHEL	18-739-793-2096	457537.1189
5111	Supplier#000005111	1hsNHdRSsNQLTdXfzsQykXCs1SCdY3mxs40Yh	14-399-146-5640	457516.4734
4874	Supplier#000004874	B,ZfQ7ZICTQd	26-625-565-3242	457079.96829999995
7095	Supplier#000007095	gjDaygektlbMBE508U3M3mxeQKn mTF iEJ	32-670-893-5903	456573.05510000006
7533	Supplier#000007533	ucjeK PHikh0uTVT	28-889-266-4311	456164.72310000006
4863	Supplier#000004863	lK3WbF5Zi21qYJ3GYR,wj	11-202-391-2896	456037.26229999994
7197	Supplier#000007197	ToRFrjcWLhrKm87NBYbznpivq	22-606-130-2366	455972.05409999995
5511	Supplier#000005511	mD5fEqSyfUHW1dxltuR 7ZBTtZmY1Y	26-956-868-8243	455677.6317
6260	Supplier#000006260	aZhPpMAorL	19-290-560-1548	455534.43389999995
8611	Supplier#000008611	I8aC,ltMm4sWamT	25-311-340-8226	455531.94769999996
9205	Supplier#000009205	aOda ,dPIR352HUA6UlqjhI6GqBmqJMh, ahIgAS	15-546-132-6261	454439.88110000006
3771	Supplier#000003771	fKMoUiWDIp8y mwFuVj7,K	10-321-511-3865	454384.89229999995
5815	Supplier#000005815	S6cu6cspYxHlTz2	31-447-356-3777	454167.3906
6890	Supplier#000006890	nouw9WcbaK7PG3p57ZBmQp	24-479-791-5419	454034.1468
7903	Supplier#000007903	lYp 8NwPsgD59y0T5w06RVy	20-445-158-6409	453930.348
7058	Supplier#000007058	WjxB7gSPQkeNnd3	26-519-546-9713	453760.88060000003
6550	Supplier#000006550	K,Cg3KfeS2VZ1ZOGoJVBtdeG7P3GwCtq	26-527-787-6375	453522.0933
4150	Supplier#000004150	0jGjCmN9fwgJ2jG,	18-994-717-4433	452971.3792
5072	Supplier#000005072	pcAH7lcrrXiT22a8Md2mWiwIaAra	29-400-578-9663	452304.91510000004
9515	Supplier#000009515	thTcYEdId1T5lsReuSB9XZuMY0Vx,dqK4xB	22-100-384-8656	452127.41679999995
27	Supplier#000000027	lC4CjKwNHUr6L4xIpzOBK4NlHkFTg	28-708-999-2028	452097.37499999994
4156	Supplier#000004156	FmZUY0DIA34sxL  Bf	31-530-306-1884	452018.93289999996
1625	Supplier#000001625	yKlKMbENR6bfmIu7aCFmbs	21-769-404-7617	451981.9125000001
6627	Supplier#000006627	FSFCGNcYFZLrCI2xsBepAe9i9,yfQW	33-321-376-1961	451665.80169999984
7548	Supplier#000007548	orY8R6 tWFsTLgAV	33-656-960-6126	451472.3301
4060	Supplier#000004060	YrkOHv5RWoL,oTblG	14-154-817-3962	451301.6234
4177	Supplier#000004177	tlmGv4IoRL	22-661-621-8522	450689.7216
5573	Supplier#000005573	9mTtG4DWSOhmjbA2gU5WSKuY8jwBl9s	16-800-523-3519	450352.8539
5705	Supplier#000005705	Q2B J8,N2uF8yrux7	10-935-168-4106	450286.8616
2	Supplier#000000002	89eJ5ksX3ImxJQBvxObC,	15-679-861-2259	449896.8622999999
8136	Supplier#000008136	kXATyaEZOWdQC7fE43IquuR1HkKV8qx	30-268-895-2611	449649.3428
3899	Supplier#000003899	sLSuM,Ce4yHgzs4llKKAX79S	17-340-713-7717	449376.8867999999
9076	Supplier#000009076	tPB3z0Il783Aok,	29-952-420-6082	449024.82370000007
761	Supplier#000000761	zlSLelQUj2XrvTTFnv7WAcYZGvvMTx882d4	13-725-649-4070	448395.4014
44	Supplier#000000044	kERxlLDnlIZJdN66zAPHklyL	17-713-930-5667	448393.16149999993
76	Supplier#000000076	JBhSBa3cLYvNgHUYtUHmtECCD	24-228-763-7840	448380.6989
1081	Supplier#000001081	TnYIax25gGgVkrbBg9gQPhyKynKLiMRy YQkZ	25-575-555-8112	448065.0024
8009	Supplier#000008009	sFHIdVSVGrziHMFvRSAvq44JiYFvJZhO6,zBTYi	34-353-316-9703	448046.73949999997
4630	Supplier#000004630	G4w9jUoC5 b RFZGZivCWr7MbOSOnfke0SQphJr	18-538-452-2773	447667.6713
1596	Supplier#000001596	HBhVIq44Ayc8uf	11-975-377-2012	447545.8844
7554	Supplier#000007554	Huq0k qKET hByp3RcMcr	21-787-637-9651	447444.50719999993
5441	Supplier#000005441	jPjn15E8lggZpguymEkBK2pSSYOshO4ZeAGzybZZ	16-737-279-8103	447319.98339999997
4685	Supplier#000004685	PKTo2j2iul2Mli3G7Yh5sMA9J9	27-515-163-1892	447122.01959999994
5650	Supplier#000005650	EmtAaqWy,NSasIdmaB0oo5AA4s yID,	19-921-348-6677	447009.762
104	Supplier#000000104	Dcl4yGrzqv3OPeRO49bKh78XmQEDR7PBXIs0m	16-434-972-6922	446946.1933
8547	Supplier#000008547	2IK PvdoGtbZUyFHeQAPqIzYVxXDHW	29-778-579-5144	446709.8864
9668	Supplier#000009668	nntt4TuvakUBxhfNuFg3 sQ3d8	20-933-894-8052	446672.71050000004
2282	Supplier#000002282	ES21K9dxoW1I1TzWCj7ekdlNwSWnv1Z  6mQ,BKn	13-882-982-2553	446631.15859999997
8573	Supplier#000008573	cFz3Iter91KwJcioQiaci7YnzX90N	11-327-567-3040	446457.62970000005
3582	Supplier#000003582	Sh8U4Y56IRO,2r	19-446-550-6296	446097.7962
3431	Supplier#000003431	r4KMmARJ,uRFYDNdHWqz,biMQqT8vxgQjlTJE2	32-189-701-4058	445987.98840000003
4257	Supplier#000004257	j2AGQ7OWa7HZDt8A	22-929-508-1442	445225.59109999996
7134	Supplier#000007134	qeRvNaN0p9MHKs7z0hNd1Yygb7y1	27-827-610-3312	445069.06000000006
7883	Supplier#000007883	lHEVjn RqfnL4Lk,bPLs75RonEqP	26-136-979-7523	444777.4293
9168	Supplier#000009168	Lv1a0iORe8g6hpQ0Z,oZqGL6nExjpL,	27-747-919-5811	443775.9002
2001	Supplier#000002001	Z9 IztWNMiBsnQiwykwX2	17-362-184-9185	443605.81799999997
8265	Supplier#000008265	Ig x7 AsU,sda27UWa	34-831-958-1126	443204.11189999996
8505	Supplier#000008505	Glk1OiM44v6CB0CpAzrf	17-461-783-2686	443042.02599999995
543	Supplier#000000543	P10rl2 o A0jtJQDcB	25-433-303-6328	442939.1663
1003	Supplier#000001003	igHYuUv LqmAM09j02tF5epUICqYdWFFkW	20-763-167-9528	442711.7506999999
270	Supplier#000000270	PM P65mhBoeFWkFMi9,	33-682-295-4727	442631.2851999999
169	Supplier#000000169	ycymrfB5JV1vU,swPXggAt	23-698-509-1073	442383.7358000001
8044	Supplier#000008044	uVZlh XFXzpo	22-952-525-1962	442343.9467999999
4163	Supplier#000004163	2VnQypC7pJPJRu6HzYRg7nAvhzckcYAQFbI	30-544-852-3772	442210.083
4872	Supplier#000004872	rzX92i5RX1oSwuhTsF8 ZX34v	21-523-435-2797	442122.03209999995
2570	Supplier#000002570	X3PL1AZMSUGm	25-442-175-1791	441944.5561
4729	Supplier#000004729	rv3NUIuLN778dpyyEb695K	17-697-212-2208	441593.06889999995
7441	Supplier#000007441	58PkaXFO4wMIdteeUGXpuYYFf9JnQs3NiD3GNg	30-877-114-7161	441419.2707
5840	Supplier#000005840	5056ztykbhkawZOeJMKyxyv	22-500-573-8261	441076.0765
53	Supplier#000000053	i9v3 EsYCfLKFU6PIt8iihBOHBB37yR7b3GD7Rt	17-886-101-6083	440945.86779999995
4704	Supplier#000004704	c,AFOIbNtRT2vA769DW4baD	22-365-568-5640	440880.1227
1477	Supplier#000001477	hTs1G2aU6anxQb	12-867-686-8944	440756.0066
555	Supplier#000000555	TfB,a5bfl3Ah 3Z 74GqnNs6zKVGM	13-607-927-7514	440589.3382
8405	Supplier#000008405	1hYhzpvXK0uslRJ6CBUZqm a	24-465-424-6781	440332.35280000005
8631	Supplier#000008631	CYmjUKWaOad39X3qc HB	27-858-492-6923	440329.04300000006
9049	Supplier#000009049	g4dvfWujwb	33-903-164-9041	440259.9337
4065	Supplier#000004065	7nABVd ntFsyxn6yImDb,cb iTjWUpZ8v	14-391-849-5143	439933.8667
3026	Supplier#000003026	La4dO0Ey1H2mXK8 N	29-673-539-2157	439710.9291999999
2225	Supplier#000002225	eBLDBdK1NpeIfBwP	30-440-141-2654	439605.58709999995
805	Supplier#000000805	LXWtvxudFJf56Uep17HO,NYC4A4mlr	18-407-342-1685	439187.1806000001
672	Supplier#000000672	iu9d66fGNBYX	21-299-539-7383	438858.3100000001
3538	Supplier#000003538	i9YJEjDfWE0As55QBPjpWo,r qQDz	33-835-987-9769	438811.865
3595	Supplier#000003595	Ch8fr3a56ybpePFgHOKTAbCKiq1	21-376-292-9197	438786.2441
797	Supplier#000000797	3kcPU9j dU i	24-356-955-8704	438750.87520000007
9528	Supplier#000009528	n,bNmusFFl8LmLRWMSBkDwj2Hr,rhhBGFdV,Tr3r	12-181-831-1307	437925.5479
3040	Supplier#000003040	xv4jkaRH0sYJZ0X0dsqAu4p 2Yw	18-683-528-4003	437720.48439999996
4056	Supplier#000004056	cHP8axhX4jEhoLR2j	18-954-925-1625	437297.86649999995
1300	Supplier#000001300	UqX4pArRmxHi3LSB	33-890-567-7030	437240.3623
5538	Supplier#000005538	TBbJ4x2cFWVrB,3fxD6OHfKVilf,c,	11-123-902-2596	436818.1863
3046	Supplier#000003046	ZsTNXVjY6mqeQeYT4oW1vb KfBj0	27-323-628-1319	436152.71760000003
4768	Supplier#000004768	FtgVKBvrUGC73zRo,28JZig9	17-237-505-5779	434046.09199999995
3679	Supplier#000003679	CtP5pEp8k7H	13-871-153-4001	433910.5506
3643	Supplier#000003643	DPMM fUKicM rvf3pg27FFtux,XG07bcom5o	28-892-419-1661	433621.61989999993
6149	Supplier#000006149	ovulwnjZUCBbdoEtRsIj	29-682-230-5166	432906.5988
7027	Supplier#000007027	63OZHEQLfvOuly sC7SPVf3MRqQ5cb	16-553-679-7517	432552.1097
2559	Supplier#000002559	JVO7bgmYiLfwrH2o5HFx6wPuheD	22-936-317-1641	432135.77520000003
2533	Supplier#000002533	3ZSYvP04QM	16-751-912-9737	431602.28540000005
2385	Supplier#000002385	ZoMa,NXhLAlQ	27-818-153-6387	431501.7211
5026	Supplier#000005026	QCWzn7yqZuyTPEv3xGZc,	27-492-930-4855	430669.9378
9147	Supplier#000009147	rOAuryHxpZ9eOvx	13-447-299-4722	430395.9652999999
7118	Supplier#000007118	8TSZe1lL3xQRr8xZoqbJeti,R3	11-780-159-8657	429936.67329999997
576	Supplier#000000576	Plc2DypORn4qNOTpZ	22-316-723-5789	429550.9988
3226	Supplier#000003226	LU3K lPME2EQwpEkLzZF4Ezvi	25-339-545-4349	428737.56279999996
2051	Supplier#000002051	XQIC,vrISmxlbW,F9YtdWcMAQC4TrhXVZxKvY i	23-305-823-9298	428538.4428
9673	Supplier#000009673	vQNWXjmUyVpce2yMWmtQXCBML2r	24-343-921-5889	428242.76819999993
4080	Supplier#000004080	qt0UwJjCCqm8F3pxUO	11-889-871-5275	428074.4746000001
678	Supplier#000000678	SLpBfeoHSImv	11-465-565-3513	427843.1049999999
152	Supplier#000000152	jTZy8PjLJqfLxgHm7,fDoJu7ZMs luO2YmN63	34-659-493-1274	427245.0006999999
1629	Supplier#000001629	kUeaD,ZEdnrWnc3qKMvBetl,y1cGrBaBvFI	17-883-412-5490	427239.703
968	Supplier#000000968	6idVVWn8RbFoZgPeyVJlQOJ	14-431-296-9521	426384.5055
9784	Supplier#000009784	1Hc8s1MUWHwmRZ	26-434-843-8501	426305.05040000007
1308	Supplier#000001308	AnhN44X4KIZoTUAgc 73R0bMS	18-839-553-9361	426250.8672
3234	Supplier#000003234	1916uLszlZz	30-583-104-8386	425952.5011
9112	Supplier#000009112	KTSqjcziaRQckd8R,NOwD	10-993-409-7001	425749.3543
3018	Supplier#000003018	1vxIseSmPRpCXvKpPbCJhFDgPZVLAXODdix	18-268-925-6512	425466.45849999995
8106	Supplier#000008106	fr9i1v,cE4PDKiwEJ5sqX3q 6s8	23-981-593-2596	425200.8587
3646	Supplier#000003646	M9Gjke9gEVzL eCx48n 7V	30-649-186-3927	424630.1812
2655	Supplier#000002655	i6v8dkQBuK0NSCeqQCE8	31-276-987-1638	424579.21930000006
7062	Supplier#000007062	DGBGsC97WZ uHillDcuwPuK6qYr3vw	18-314-204-6543	424379.7413
7035	Supplier#000007035	,pChjEjn3Slu tkv3nlxG,g	11-243-514-9527	424365.0139999999
9660	Supplier#000009660	ex4DrVoJVSMmeHuypWIK1bG96XXnDmpo0F4	21-175-384-9834	423719.1631
9288	Supplier#000009288	251AA4ziZ3d7TTWXLGnXjb4BnXv	31-284-849-1216	423213.52509999997
4888	Supplier#000004888	7gvcHmNXy35L49	30-936-409-4815	422850.6710000001
541	Supplier#000000541	Nxggufcm ,hR	27-914-557-6989	422654.6202
7801	Supplier#000007801	69fi,U1r6enUb	13-235-541-2569	421862.6179
4479	Supplier#000004479	ukMOheLNsNsdikC8Z3V,pzIDD07	22-337-564-1555	421754.8876
4520	Supplier#000004520	Gzt3 AP,69	10-306-516-3320	421335.9361
1773	Supplier#000001773	o5pATriiuzDNwkBIMdKkn4PaW7F K	29-968-453-1832	421234.98990000004
3090	Supplier#000003090	bIUASui5l2t2MvJMEV6o2MHk0iZWSWdtuBuq	31-945-900-7711	420621.8709000001
6546	Supplier#000006546	GWVVgkQ8axWn	14-917-296-1241	420492.33239999996
5686	Supplier#000005686	f2RBKec2T1NIi7yS M	13-976-667-8260	420382.9412
3044	Supplier#000003044	2zldvYuxlCiK4	25-761-914-1310	419954.93749999994
5530	Supplier#000005530	2f2CgHMQWVrfbCTjHZTSYwynknmTDMghQAB	19-903-770-1219	419882.5403
482	Supplier#000000482	LkVra4orMCs	24-516-940-6953	419191.58540000004
4158	Supplier#000004158	Z 2zg8MRUx9JttwvUXCpSEoEa4Ym9V8mWF	29-465-570-9335	418447.5964
4591	Supplier#000004591	fZx3auBseAnpUTPWcLD9r	15-483-963-8657	418381.3733000001
2635	Supplier#000002635	QWtNr1h9jyotgBhsFgHlZ4QbqV	15-141-516-7435	418207.2788
9736	Supplier#000009736	vGscTUEx,Ssr3vDDPtYTnmEyVRmNoVD	11-524-874-6454	417291.0946
2261	Supplier#000002261	jhGiJYH8xFOniPzhoB4TO4HV,CEt	31-965-646-7762	416822.9886
52	Supplier#000000052	WCk XCHYzBA1dvJDSol4ZJQQcQN,	29-974-934-4713	416736.4103
4782	Supplier#000004782	KcoOp,TPn3IDs2Bbc4JcdLkelSaWG vUv	26-453-885-3125	416721.197
1811	Supplier#000001811	PWGxEBBCod1q48XnM9YFRz0hxSV3FUdMjGk3Ps	11-386-195-3467	416591.3459000001
6024	Supplier#000006024	oRpraJFkxy ptVsFMwZW31ehtiLMSkcGVF3	28-307-686-2668	416291.0614
5084	Supplier#000005084	3uuAO49y ROyS	28-691-821-6777	416031.98
9360	Supplier#000009360	1NVjjX8zMjyBX2UapDTP0Sz	31-476-643-5790	415852.3887
2029	Supplier#000002029	UthKA FYjx	24-503-782-1114	415701.838
2052	Supplier#000002052	nwydan6swETj9O5Jv0iVk	11-224-324-5343	415553.35260000004
5140	Supplier#000005140	8zjhdOxG W0fTytk2FtNrR4aa0ZI,rQ M0V1eZqx	18-304-303-2247	415455.6769000001
8088	Supplier#000008088	NM0PY,XgTAPeZGqREwzhl19k43P	13-809-992-3191	415252.9763
9193	Supplier#000009193	ZAoRBc9qPjGjxYCUfPQcNoSG8,0buSV	27-506-209-6288	413808.89119999995
6528	Supplier#000006528	Kd8Qbk3b0IWegm8vNV0cXXre5	29-191-918-8100	413777.4258
6587	Supplier#000006587	i8kzRBraWO5XhLQ2LSRpZeAFo6GXnm	16-661-419-4572	413594.68629999994
8119	Supplier#000008119	DsrX61kRbCIv1 oxhG4sqC30goVvQZXJofjKNcD	12-161-275-9492	413334.096
2678	Supplier#000002678	nnZNHDMCnZKTm	21-411-717-7148	413310.11939999997
2633	Supplier#000002633	RJbm8rMRyUesH	11-157-698-5285	413184.1934
9169	Supplier#000009169	LxflkGFBwmNEca	29-475-686-3568	412985.7702999999
9561	Supplier#000009561	f,hPXkNNv5bFThwlF	30-146-794-2416	412608.24489999993
6138	Supplier#000006138	y6un5si3ymHurd8n2mGZ0w3	21-795-823-6659	412517.35349999997
7239	Supplier#000007239	knFmf6ucf8Y3KjefyQGwBdJS	16-810-863-5667	411733.1999
3624	Supplier#000003624	gbXvyWmGOMR2g,UizoehIDlhoWKN8Mad47X	34-926-564-4481	411542.10339999996
2247	Supplier#000002247	sBGZhF UGzdk6st1ryZYuv 1Nkv1mVi	28-209-560-2049	411452.6412
1809	Supplier#000001809	4weEsVM4veMgcw2IQ4PjuuKygWRDxjJ ILBYP	30-463-470-6459	410321.8077
1072	Supplier#000001072	OXPUJIe70k	27-579-309-4798	409301.1211
1486	Supplier#000001486	49e4IjfGtKnxW5qYdNhbIuFqGdh	29-277-611-8007	408194.2888
9197	Supplier#000009197	kTmXwb9rsaQU3sJiE65	15-441-453-4938	407949.8581
6036	Supplier#000006036	wYdBw5ugskHp9E8g0Sz	25-380-824-8807	407932.6648999999
7017	Supplier#000007017	a5W2DYj6EnoAwTEgk	24-509-475-2517	407080.5973
5830	Supplier#000005830	AFO48PCLrBgkBY3iSbpA5uvVTx ju8d oA	10-880-688-4405	405977.08340000006
2687	Supplier#000002687	bfA0yTgLN6MHtwVjEknzyZA	28-619-694-1343	405130.7501
6083	Supplier#000006083	THtqkIcNIM8wApJuIk71hwJfFK	33-949-571-8118	405008.9364
7053	Supplier#000007053	HztwJXj6Nej9qn62zWiISWGj6SJLRr4wuS	18-305-502-6678	404792.0443
6256	Supplier#000006256	NStlIT1xnwfoNy,V6Tr8nSrGgDkzyZphYEzNZupv	23-516-827-1769	404172.36480000004
8244	Supplier#000008244	JxgZVJH6BOBa9ErhOUAham4JTS	22-130-530-4865	403632.17500000005
3534	Supplier#000003534	vGLHyvqDzoGJ,9QF4S	17-420-181-2025	403491.58629999997
2801	Supplier#000002801	AeOzk8VQx5WiMjV,P	19-733-439-2229	403109.1228
4724	Supplier#000004724	lljIGbk5L5dtN3mTFhSXIhi1o6GzBUyC9	28-181-636-3740	403029.7947000001
7534	Supplier#000007534	RCtYZug8JZGO	24-601-575-4324	402791.8536000001
1271	Supplier#000001271	hKhoKhSiqgKKIfEF	22-869-665-6701	402727.9844
5549	Supplier#000005549	BJ3aqeHYo7psALHM12UaVYr37xlsAnd	10-487-269-2604	402711.5136
8609	Supplier#000008609	,5hiAiES6wzPTZGZBHWfTYE,5	24-240-591-8887	402370.5763
7701	Supplier#000007701	J7,8suS2TWxrNTVDHn3noD	11-767-398-7074	402119.9644
1547	Supplier#000001547	bgbQboa0uUWjyXQlmtmHvXh	10-509-209-3829	401919.59339999995
3564	Supplier#000003564	tYOfapsdmZRAq VMX73Mc9BsGa	16-720-599-1105	400948.231
5135	Supplier#000005135	lmDG6dKYLGrlR 7pJKTtgx	32-303-648-8880	400595.26279999997
794	Supplier#000000794	ZUzPptVa1Vq9Xo9Pq8rPENR,0KGFd1Q214Hq3dJ	14-851-370-3696	400355.2884
7052	Supplier#000007052	EvvMY80H5gifhB5a82U4Q0FtttnZ3npEYJ	21-562-180-1409	399700.0298
9036	Supplier#000009036	tATCI,XNX4X7ED	17-262-703-4783	399650.67409999995
9572	Supplier#000009572	dRAhJ GXEdFjiZ	19-760-265-9900	399537.0689
4695	Supplier#000004695	g6KTg6OgozXMozTjPx0	34-613-953-3572	399470.74989999994
1151	Supplier#000001151	BSqCbpIU0taQWNnD23Z0MhygBLy p0	20-604-120-2619	399174.4455999999
7518	Supplier#000007518	JbzpdeQoBLXf,2MURMK7l,3e	10-480-739-8890	399044.4839
9682	Supplier#000009682	9lp047LVW3K,G1HG	15-435-370-7884	399010.68600000005
7324	Supplier#000007324	vf9OE3AZ,Q1vLaP2 u	19-293-838-7328	398960.438
1574	Supplier#000001574	010G9zS4hWlWkl1X3 F7Ha2 Vnq2Qc2	23-997-787-7515	398793.34489999997
7772	Supplier#000007772	AiC5YAH,gdu0i7	33-152-491-1126	398579.4652
8073	Supplier#000008073	gdE1NN4kHdh,MbLCAqPA4K9NCtezqz	31-669-638-6225	398504.936
55	Supplier#000000055	OqdYSiOQeG4eGi636Tj	34-876-912-6007	398288.37799999997
7850	Supplier#000007850	AynI1tvQ0MDmkvi150qu	15-879-894-8543	398068.76939999993
2772	Supplier#000002772	fiBJLxZW7th1rnfiLATfh D2m,i8GdROIf	25-484-519-3754	397125.1989
1912	Supplier#000001912	jBTlNhDe2hI Hfwi p2Vsz48cE	25-456-469-7524	396198.2078
1560	Supplier#000001560	sFprTfclLzUUXcEZT5e8mKMHHPi7Vy1qshb	29-662-669-8767	396099.43019999994
2097	Supplier#000002097	wCI0NPCvbpLQctpTYOm3J0XDr9ytCrzrIXnSJpZ	14-858-312-3546	395629.00769999996
3153	Supplier#000003153	zZjHS,4cNlNAK1KFaFTNpYh9Y5Ceb	16-690-660-2374	394953.043
780	Supplier#000000780	,G6UHU26b8dkvwpYiM,	16-367-150-9939	394549.9934
8691	Supplier#000008691	tqAgYLH3heebryx3buenTEzlpPx86Hz	16-671-409-5178	394032.2219
4732	Supplier#000004732	O0lNJuF1HyRHPDn76GCxEmeBUzop3A3oXZu6Tdxz	17-631-234-3786	393491.8894
4379	Supplier#000004379	VmRefjQS 4Gmb2K6gHO TvQE2hI3	20-842-501-6553	392511.4029
7029	Supplier#000007029	4wLP6R1LH8anLTvVYd MKHWfuqAv6FDul	20-559-853-5034	392450.405
1570	Supplier#000001570	QF2XhOAWwJeg21avqIRl8E2gi1mXAN75U9a	22-348-472-7053	392131.8939
759	Supplier#000000759	1wnIv4xlR2,zrcb495qI0gcXrJyVPrQjNU	18-430-878-7018	391089.33259999997
5843	Supplier#000005843	PdrNI2F59l0otH55I5mu0S,OVnm47Ihbb7rHhV7	16-263-365-3876	390875.85039999994
2459	Supplier#000002459	qj5N6aoCeaNWR64Bcb4AVnnoGLi4ybkcklvTh	20-807-908-1295	390122.59410000005
3803	Supplier#000003803	PyP 5Qdwy8x	16-619-989-3845	389426.0525
1652	Supplier#000001652	RSKj9qiJ0xZBwW4	20-895-421-3569	389405.3691
9695	Supplier#000009695	a5jfiVzGrKnNxceRfJXWjy0l7kSH,tsvLu3C	27-219-832-3236	388726.57420000003
568	Supplier#000000568	z70Hj8qVi8jQu	20-162-593-6831	388680.25860000006
6751	Supplier#000006751	kLs225lhdhLLN1P	28-878-158-9686	388367.088
4582	Supplier#000004582	WB0XkCSG3r,mnQ n,h9VIxjjr9ARHFvKgMDf	32-587-577-1351	387580.5939
6266	Supplier#000006266	XWBf5Jd2V5SOurbn11Tt1	23-363-445-7184	386940.57660000003
2032	Supplier#000002032	r9cG90yX2I874Bw9	32-659-685-6157	384824.42539999995
1130	Supplier#000001130	gaw3h9cwNJTDhzgND3Ivew9mM	32-181-510-9827	384766.39570000005
784	Supplier#000000784	Or3 KncT1AHPPb	10-734-420-5738	384035.9184
5019	Supplier#000005019	4BJhH,Wczz	21-301-472-5208	383840.7146
2176	Supplier#000002176	3CEC2V6bwVMq05nVAOLzrDBXAIhZ4e	26-713-680-7576	383693.54439999996
2560	Supplier#000002560	gC4t9RFtBMoItUG5dPD	16-519-901-3498	382008.11760000006
4620	Supplier#000004620	z,Qym,C,goAXpPmM0L9s1Slv4	10-304-508-9294	381347.9098
126	Supplier#000000126	CaO4YuZ oSkzemn	24-728-670-3468	380732.8852
1507	Supplier#000001507	JnqoaK,6Qg	18-859-766-6843	379698.1865
7117	Supplier#000007117	hzd0TYPCB,nZ2ASLT5LxU3SpsJ tablXhsDuZTGq	33-117-972-7830	379418.1719
7093	Supplier#000007093	ZkZJTAjNMSo5MhOy	16-131-789-8723	378859.7833
4750	Supplier#000004750	uPd2OHndWaXR5P2K5qJYGMl5B3uBp4gDo5veZL6	26-786-191-2324	378722.6672
5842	Supplier#000005842	USS85,wP8t QZmSeKzfP7F2Nxim,nsA4MXvOeDVe	30-375-408-7853	378516.2385999999
5526	Supplier#000005526	OwCmHN8lyC,cNsDN0I3vB3Ax5UPe	32-845-855-9220	377386.2123
4094	Supplier#000004094	sQasHEwkxpKs4hY3QlCdaXplmDg	27-668-190-5473	377364.50070000003
8105	Supplier#000008105	Eb6N a4qQvPoRf2IYEjgif	30-955-663-3339	377201.6292
6134	Supplier#000006134	CJhdo9NAF6 w	14-365-815-2475	376641.13289999997
174	Supplier#000000174	e1NMjwAq6RdyIKeA	32-840-184-9487	376580.8203000001
5081	Supplier#000005081	exVAd8XCFvfjruNqH	14-876-138-3641	373870.4376
9788	Supplier#000009788	m4eWogtlGCzvMfAtEiehqr030E5rAlZV	23-365-597-2009	373787.9802
7586	Supplier#000007586	Pq1 SpXCLkeIw9ISg2Hs5jo6L8ySmrInx	28-165-802-8314	373416.58849999995
4717	Supplier#000004717	H,Suh5pN230Ol,ggx0QEh3rrvzyQsq050Lat	31-779-145-2016	373366.94610000006
4263	Supplier#000004263	DTd4Cftgq4BgEnbTW0	34-837-771-4937	371966.61549999996
4374	Supplier#000004374	wjl9sEGLUm	32-808-498-8611	370464.69680000003
9039	Supplier#000009039	y6FMC2poCxAqi	11-980-238-8041	368997.5229
4333	Supplier#000004333	v EAzCeG7P687EbgPsepV2qMx2c	27-231-133-1020	368300.95119999995
4519	Supplier#000004519	Z3Ak,pdQgQeaf5ni	16-984-534-8641	368208.0405
2550	Supplier#000002550	2DZFnvi1 nXSreP	31-677-917-5353	368103.4399
2152	Supplier#000002152	K4jEHXF,fhFizp,4fR2f0,GLPY1IJ	16-240-121-5978	366477.8542
5999	Supplier#000005999	vy d AZoRC0QopXCb67K8ciDL3BG	10-264-460-2285	364508.0002
3697	Supplier#000003697	EBQJU8cRZVBZE8e 3M7	19-595-924-1110	364316.2535
4307	Supplier#000004307	3B4MszlyIqQd7kHWL,Nl5X473Q4	22-283-448-9282	363951.0647
7170	Supplier#000007170	9vABqu hZaciXSCQrbTj	31-132-516-6122	363345.0796
5807	Supplier#000005807	y4OEw7UCy05r4q4O3x,pOPD2S	21-819-445-6675	363098.06080000004
1760	Supplier#000001760	Jhn SKQIsJEAU9Szs9N8LRzeEf5XEJh,,w	32-639-688-8314	363077.9741
2154	Supplier#000002154	2VL iJ2kCPHBl00eBuEoOl5yP HuDy	16-372-645-7267	362356.4695
8104	Supplier#000008104	8gnTXvubyQ86LOyHvlr4Bx	21-278-672-8988	362145.5374
1655	Supplier#000001655	S4coCIhdb1y,xbBL4NbuTjXaDgB6 hchz0	15-449-908-4417	362013.85449999996
6090	Supplier#000006090	QOutX3sX5ybnB27RkdDWXCs3	16-152-633-9427	362004.7156
5	Supplier#000000005	Gcdm2rJRzl5qlTVzc	21-151-690-3663	360526.2802
7049	Supplier#000007049	sVoraaxoGuK4FOiWQ,I	16-565-172-5107	359515.0549
85	Supplier#000000085	Ckls9RtlzKSF	17-167-806-8199	358783.39340000006
8103	Supplier#000008103	mRDFHLzmdMCL3vEiwfk	26-424-806-6121	358507.2361000001
6560	Supplier#000006560	iKk468EaypFxNorvhzXa3S2j	27-494-461-3214	357835.2811
1084	Supplier#000001084	BIOIy5q9CGeI	11-649-814-3238	357015.7078
830	Supplier#000000830	5DHC2QScT6P6lXgRtHajXOfztB7ddjYH1LLUC3	20-415-380-4083	356526.6362
2551	Supplier#000002551	VXntNh4UX,Z8dJ	15-457-583-6333	356459.05899999995
8200	Supplier#000008200	KhbY27dqsfm2AAIEU9xCt8Y	14-179-315-7099	355687.1807
3349	Supplier#000003349	wtTK9df9kY7mQ5QUM0Xe5bHLMRLgwE	21-614-525-7451	355236.2319
8535	Supplier#000008535	M82fIolbV6dpmRngfMN18OpwWFL0n	20-988-914-2469	354876.5323
6049	Supplier#000006049	9 ZuCU120T2cXkg7XS9GwC91J	11-991-560-6553	354709.12940000003
1102	Supplier#000001102	LRXta86ao,jqc3x6PcLdhE0QH28kXkU	20-630-132-3089	354063.8356
8183	Supplier#000008183	NrwlwxBuTKL,hHok2UEkZQa15uLu6R,1aSva2	32-452-571-9926	352450.97209999996
5725	Supplier#000005725	0iiEmSAM,OBNaTLQREpJdPXZihyIkhCZ,1mn	20-516-236-4922	352392.89420000004
5584	Supplier#000005584	yVlen4zXsSVtrwi1	11-492-434-5408	351709.07540000003
3764	Supplier#000003764	888kpdqayPqPBrSZ2aKNh9fSY,aaFPQb	15-733-458-3598	347777.94090000005
1651	Supplier#000001651	6rJNoWL9YL	31-836-779-5458	347088.8793
7335	Supplier#000007335	CrWf0Gob0n6LVIKhmGv3WawLORNjg6scbZ Dl	26-130-174-8524	346969.282
4118	Supplier#000004118	gb,ZOOVw0yzEK4QWf7YLOHzV0n05Qh0	33-572-732-8810	344165.92600000004
9033	Supplier#000009033	JSTh,gcJINwyiY4o8wfW 9QZzu	27-835-350-7270	343906.20080000005
5050	Supplier#000005050	ibgWwWw,kD6NrOwn2Y4zoCOTEhyDV	24-498-493-3159	343268.5316
2139	Supplier#000002139	G,W L ld7P 8p,gc2kxSWba	18-542-888-6924	340941.3317
2128	Supplier#000002128	6TPUo9sOHU NyT kkbTXv61 4YXbteyhNIi	11-399-786-1151	339941.71910000005
4047	Supplier#000004047	YH7KD9kGfJ4zQSm4r9fxlTwOg,MB,7c	10-469-620-5086	338529.91120000003
3542	Supplier#000003542	N1IWhZiIIlKYcimMD a6	12-751-653-8957	337874.0873
506	Supplier#000000506	hnXNVHB1ao5rlGLkrS64kBz5C5rx7 R4dqO5CNv	33-582-741-7991	335924.20979999995
556	Supplier#000000556	g3QRUaiDAI1nQQPJLJfAa9W	16-951-842-4482	333930.59229999996
6110	Supplier#000006110	taGUPVJ5RlSFvrKyKKpts,C8k5T2Z j	22-365-553-8610	333220.76
7072	Supplier#000007072	2tRyX9M1a 4Rcm57s779F1ANG9jlpK	13-507-453-9808	333181.3892
3077	Supplier#000003077	RXoE5UdenTMwvmqDmkI8XL,WPT	22-313-342-7068	330415.0408
9739	Supplier#000009739	k,4s66CcySj7J	22-767-176-8701	327111.4211
4036	Supplier#000004036	X4Fs 3LQIxqypZcSIm mxMz9A2qvhM	17-571-841-6977	324129.0859
8665	Supplier#000008665	OeZ15ORrY8aqhuYWNGIo4g685newxhnnnl	25-913-283-7897	322344.8426999999
7068	Supplier#000007068	vgG0WFNQvJHf9CG,1R	22-670-400-4945	321758.6194000001
2803	Supplier#000002803	6pUdfifEqaKeD3rScPUlSApW1TbxYlA5NleGhl	11-452-177-8866	321280.3777
1075	Supplier#000001075	xL8o5RMVz5	20-925-260-1988	319667.82680000004
6329	Supplier#000006329	pS,19ulEFGhc2dc6q	22-544-832-8536	319100.7286
2939	Supplier#000002939	20abidKcKK t,Ujv	22-901-588-7686	316720.1597000001
9642	Supplier#000009642	H6Mp3wghJzc61Rb	10-456-788-2625	316497.97170000005
4254	Supplier#000004254	jRDRD68ax iCiF,Zz7ZVu ROeotx,i	15-163-912-9576	315691.3831
256	Supplier#000000256	ma15idU1PzO7itP67W1Rd	21-370-961-2170	311095.25080000004
560	Supplier#000000560	rYTPbri8qJ49rRfFmChtnDIQ	27-261-214-5284	308474.9918
6669	Supplier#000006669	NQ4Yryj624p7K53	13-828-116-9742	307932.2075
9048	Supplier#000009048	ubrsBzWtANP80ndOC8AjYB9WX jiohjOdK0	28-818-961-8706	299793.67049999995
2712	Supplier#000002712	wfZXyCtlYU5tg	25-883-422-7510	296555.80799999996
4655	Supplier#000004655	67NqBc4 t3PG3F8aO IsqWNq4kGaPowYL	13-406-810-5265	294035.0321
183	Supplier#000000183	zAAIv68BEXvllrfgsW,i8e	10-842-403-7954	293408.28419999994
9595	Supplier#000009595	iaM0r6M1JBwC	14-968-467-7333	288035.85539999994
1054	Supplier#000001054	1TaZy4jWpPn 8z4Lm0vB	30-373-143-7187	287051.9849
3704	Supplier#000003704	Ipq oyCih25j9LaPoKpE2eqGBZSnN	34-131-384-1909	286917.4157
4781	Supplier#000004781	2yTiPVvJWav	10-862-832-4887	276778.55799999996
62	Supplier#000000062	bSmlFYUKBeRsqJxwC9 zS6xpFdEf5jNTb	29-603-653-2494	269567.70420000004
7585	Supplier#000007585	6kpn41RCTreOmCNM2ykYoc4TqazalUr9m5AXm1Wu	34-990-303-7174	257574.826
9713	Supplier#000009713	RMZd04phxn6j9u	22-637-786-3479	236790.2515
9470	Supplier#000009470	O5PU2sjqusThzdR3QFGwA	27-230-749-2592	221684.26299999998
6114	Supplier#000006114	6482 iaFjFugM g,kq3DhWWRn1r	18-416-950-9698	213248.0876
8068	Supplier#000008068	suaMcZxYQ21wvMDFOd7	33-135-280-3856	152346.21380000003
