10000	400149.4
100014	1347193.17
100015	191786.4
100020	2461958.87
100032	835954.0700000001
100043	1434468.48
100052	5469178.5
100074	1473235.47
100076	2301692.94
100079	897860.32
100084	999313.2
100098	2220294.9699999997
100105	511360.2
100108	1631242.46
100110	4629769.56
100114	4274948.2
100116	4570771.92
100119	4359673.56
100130	868543.78
100134	7247294.78
100136	364638.41000000003
100142	1945383.72
100147	7163788.44
100152	310028.5
100157	3353048.0
100161	1173190.46
100170	1979383.35
100172	2951887.35
100179	3699838.2
100181	2403254.54
100192	422422.54000000004
100202	10696675.55
100211	1262016.15
100214	897507.52
100215	8395906.61
100221	1028993.4
100226	8769455.0
100227	568145.9400000001
10023	1424461.28
100231	4085673
100251	649837.7000000001
100253	1283015.16
100257	2224883.05
100269	5121828.239999999
100271	177010.80000000002
100278	5052574.24
100286	3807708.59
10029	143211.83
100294	638512.2
100297	2999471.0
100299	3611988.96
100304	3915700.6599999997
100308	8105837.04
100309	5046586.93
100312	1427488.5899999999
10032	1016809.5
100325	1231136.9
100327	496535.92
100349	4568061.62
100355	3485948.0799999996
100368	30396.28
100379	6822465.09
100382	5489536.33
100383	7843878.449999999
100386	915906.88
100389	211608.32
1004	543142.24
100401	1289814.24
100403	3536768.06
100404	1167039.78
100406	45871.35
100407	117920.67
100408	6066350.26
10042	572956.72
100420	3259539.75
100426	4166372.21
100429	2523749.67
10043	5990594.02
100431	520723.98
100436	1202385.86
100450	1411854.5699999998
100455	1800335.57
100458	2703736.8
100476	4228675.92
100478	86985.72
100485	5896800
100510	480499.1099999999
10052	589303.44
100523	1164434.54
100532	526095.0
100553	2022821.4500000002
100562	2361733.11
100568	2647420.7399999998
100570	400462.72
100581	1877738.03
100584	6443603.220000001
100586	1552057.42
100595	2193257.52
100597	6572218.58
100602	410121.28
100604	7754414.33
100611	8559995.85
100620	3881773.5399999996
100622	4900765
100625	3942028.8000000003
100628	1170651.21
100631	145219.03999999998
100635	6163418.5200000005
100644	365351.51999999996
100648	9212185.08
100653	3316339.04
100658	5287345.2
100666	4683941.1899999995
100732	1556308.1099999999
100735	1863269.16
100740	3611772.18
100755	366959.19999999995
10076	1647970.24
100777	5752613.55
100778	1819759.36
100781	2287767.0
100789	244874.69999999998
100794	581706.09
100799	1394631.76
100814	298681.14999999997
100818	1435440.36
100832	722912.0499999999
100837	1142694.96
10084	5428231.62
100840	4192002.08
100844	3777776.5500000003
100857	1052032.08
100860	3786119.5
100864	317652.77
100878	990418.12
100884	2188844.52
100895	96733.52
100901	5989318.96
100905	7765575.859999999
100907	3308175.0
100922	2138002.34
100924	19086.86
100925	3124228.5999999996
100928	4583299.859999999
100932	3784362.93
100933	533656.0
10094	1691537.5
100952	59551.13
100954	4407032.96
100956	8024179.300000001
100958	705499.6
100960	8419403.46
100963	1336561.24
100964	3349627.96
100974	388190.88
100986	5568460.5200000005
100989	4603614.399999999
100995	2379757.8000000003
101006	1197543.04
10101	44804.479999999996
101013	2478005.72
101014	7426352.01
101020	7359244.8
101023	154675.19999999998
101034	5130413.88
10106	2206993.65
101069	1282195.6199999999
10107	3556650.52
101070	394338.96
101085	639389.4199999999
101089	1290854.58
101093	1214246.7
101095	1574613.5
101103	4605429.36
101105	1322368.1099999999
101106	4114923.1
101107	1711458.0
101108	4551522.43
101112	1655364.9000000001
101113	7280867.100000001
101117	575925.75
101127	1971155.46
101152	31215.99
101160	1322828.1
101166	356902.5
101175	1770473.16
101176	499785.33
101178	1008940.96
101188	417065.48000000004
10119	10980015.75
101202	15480.14
101203	5013129.99
101205	4305305.06
101206	3383688.75
101213	1945238.4300000002
101223	68925.25
101225	5336171.2
101229	1552551.0
101237	3083297.79
101242	2335939.58
101248	8048855.49
101256	2193255.6
10126	414814.08
101261	6071751.44
101262	4145807.4400000004
101271	1289743.4
101275	2922268.05
101277	685986.38
101278	2545162.63
101285	7396424.25
101288	3616787.38
101292	722856.68
101293	5190260.04
101295	1349041.62
101296	9135657.620000001
101299	1461785.88
101300	2348561.05
101311	114746.15
101314	354460.19999999995
10132	9770930.780000001
101322	1268956.5999999999
101323	1757013.7200000002
101326	1031901.12
101330	1882410.85
101332	6350555.41
10134	5627578.960000001
101341	1421357.8
101352	1132647.48
101355	1800890
101371	1715970
101372	904219.12
101377	279702.07999999996
101388	448402.71
101399	4176597.69
101402	1361485.05
101407	1032360.12
10141	5104576.08
101418	948151.84
101426	1223972.8
101427	1097392.5
101435	1068357.29
101449	1187515.09
101452	5786862.26
101469	1654631.2399999998
10147	478475.86
101473	870381.1499999999
101478	2577116.42
101484	338694.9
101493	4996575.899999999
101503	2205041.08
101505	838033.75
101509	1519135.75
101510	955101.72
10152	22016.44
101525	1574295.7999999998
101528	6153339.779999999
101543	322301.21
101551	3532460.9400000004
101553	2189576.34
101554	3692163.75
101558	767763.08
101562	499726.4
101568	564134.51
10157	7897046.25
101574	2911693.38
101590	8304555.420000001
10161	404711.42
101620	1959431.57
101624	4457553.24
101625	155928.87
101628	2755001.18
10163	1568799.96
101649	25968.56
101650	1192920.48
101653	2492776.22
101657	4894604.340000001
101663	1293795.93
101671	1819252.4400000002
101674	7879324.6
101681	5045988.12
101689	5125198.54
10169	657060
101692	1322215.26
10170	239717.06
101700	1655844
101703	289032.47
101706	543651.6
101710	1201108.53
101712	477211.68
101718	3261413.82
101726	1372035.76
101727	10473558.100000001
101730	2647207.71
101739	5217516.6
101744	2199591.9000000004
101750	758820.3
101751	178579.19999999998
101755	1882265.31
101756	205308.38
101764	786288.26
101766	1177732.8
101770	2727782.1999999997
101773	4953930.84
101776	1765882.85
101780	1787862.57
10179	1820624.2000000002
101807	4613345.3
10181	13445148.75
101812	6868684.56
101817	92286.81
101823	413519.7
101825	159355.96
101843	137284.4
101847	1171392.03
101853	322212.2
101857	348678.75999999995
10188	498061.48000000004
101881	35504.36
101891	2884547.82
101893	1078630.56
1019	878372.84
101903	49446.0
101905	1287427.4000000001
101909	33580.56
101910	7165328.4
101923	93752.18999999999
101926	6653828.6
101928	2462117.46
101934	419742.0
101935	1958208.82
101963	5200724.16
101966	647944.92
101971	6114165.2
101982	412456.86000000004
101989	178266.66
101997	1250989.74
102000	1066595.74
102007	1498229.74
102008	5573112.88
102018	1327841.5999999999
102022	374195.5
102029	1745362.8
102035	898859.9099999999
102052	4269209.96
102053	3165416.48
102056	4179954.54
102073	6048849.64
102075	1842048.0
102082	768326.96
102095	6131466.24
102105	46027.51
102106	1681286.4
10211	5468102.92
102112	4955937.07
102114	443039.04
102117	2280096.08
102154	1680550
102158	536954.74
102160	1554833.12
102163	7814399.159999999
102176	3223636.22
102180	3120727.98
10219	4047713.2800000003
102193	70638.26
10220	1989890.98
102202	5811518.4
102203	2670863.9699999997
102211	1524408.34
102217	373836.12
102218	155861.85
102220	7597940.13
102221	3512729.1199999996
102223	184733.00999999998
10223	701506.56
102231	6498327.12
102237	8089103.22
102251	33219.33
102254	1131432.84
102257	1798786.74
102261	440991.6
102266	3105384.96
102271	1948656.6
102274	2092555.52
102276	574936.6799999999
102280	3695493.12
102284	8458652.44
102285	424220.22
102292	58244.75
102299	3759109.25
102306	1288174.4200000002
10231	215061.30000000002
102319	1323137.76
102321	983498.0
102323	3017729.2700000005
102326	3163424.7600000002
102342	5526357.5
102343	1250102.88
10235	1471088.8399999999
102379	5379105.6
102386	2986887.09
102387	1983265.92
10239	7122227.84
102393	3726984.3000000003
102398	2300307.25
102403	1789784.8800000001
102406	5434353.600000001
10242	1413501.1099999999
102438	3222968.52
102439	1941588.24
102449	3632214.5999999996
102459	2419771.5
102470	4500798.2
102474	2718534.0
102488	795524.15
102500	2245052.83
102502	78996.87
102513	7367403.2
102522	1085379.96
102524	2402194.34
102525	833366.1
10253	736572.34
102530	2765734.13
10254	541378.89
102546	869037.37
102554	3283716.48
10257	846497.0
102584	1924577.82
102586	4033306.2399999998
102589	10034784.36
102604	1093842.75
102608	2901015.0
102615	2444789.77
102617	6430662.0
102618	3287635.02
102620	2315600.6999999997
102624	2875610.32
102626	723189.0
102627	3148494.7199999997
102640	613566.72
102644	4196039.96
102646	7528846.9
102649	1589412.74
102651	5430802.86
102652	1703541.78
102662	3179761.4999999995
102671	1251761.46
102680	325961.34
102681	2478272.58
102682	468366.6
10269	3147756.03
102701	3208455.25
102702	5637317.2
10271	1534397.3399999999
102712	7209639.0
102723	870931.89
102724	6612364.8
102725	1340536.5
102727	294125.58
102731	16809.92
102736	108151.17
102737	497291.94
102741	3860570.93
102761	6418446.18
102779	3065316.6
10278	501472.8
102788	1029510.5
102795	471722.58
102796	5859404.46
102797	3071028.75
102804	5506323.37
102807	461235.99000000005
102809	1107907.05
102814	3065194.5799999996
102818	96265
102819	7391059.15
102822	728393.17
102838	8509527.69
102853	3000489.8
102856	33729.54
102859	1854985.4000000001
102865	2866670.87
102873	3279751.56
102878	3720890.43
102889	461260.80000000005
102892	138364.18
102906	1190838.53
102911	3033277.62
102914	2963224
102916	5757250.79
102917	1405740.3599999999
102930	16491.36
102936	7749443.8
102939	4459513.66
102941	892554.02
102946	1678658.5199999998
10296	1228165.05
102960	952960.8600000001
102965	220023.75
102968	2386033.06
102988	2378995.6399999997
102995	4323343.84
103002	2539112.1599999997
103020	2100873.8400000003
103023	1097268.3
10303	996565.68
103032	6104172.75
103033	331833.88
10304	7228070.44
103056	3250227.4
103067	4829313.5
103078	2520641.3400000003
103080	786606.7000000001
103086	974667.51
103091	1606035.76
103092	613357.8
103094	2748669.6
103098	1599554.25
103105	1257906.81
103107	6130752.8100000005
103112	3526177.2
103114	4657075.890000001
103118	337150.66000000003
103121	1826046.61
103123	1478636.8
10313	977379.9299999999
103135	387816.66
103141	340296.82
103145	899046.55
103168	2821035.3600000003
103176	2385572.25
10318	2523497.68
10321	695291.49
103210	3230964.95
103225	3116002.0799999996
10324	299066.72
103242	877274.27
103245	1920665.52
10325	1235223.3599999999
10326	737083.15
10327	6137612.0
103284	5697392.390000001
103287	2772658.3499999996
103288	6457166.16
103291	731851.12
103299	2437855.9000000004
1033	4344781.68
103304	1564317.18
103309	464518.88
103310	6495411.0
103328	614221.4
103330	5338697.43
103342	616723.9400000001
103347	1317947.4400000002
10335	1106343.97
103354	1967800.0299999998
103365	3896140.08
103367	3184164.9
103374	1722992.6
103388	9239218.08
1034	1006043.22
103402	4599199.16
103411	754348.98
103415	9113128.620000001
103417	8411541.12
103428	4415380.54
103432	5118881.04
103433	113084.4
103434	5621158.16
103435	5594143.8
103438	5154864.0
103442	70559.45999999999
103443	6003658.76
103462	7166224.5
103464	969871.0
103465	77213.25
103466	705701.4299999999
103470	1906448.96
103484	1123339.6
10349	848868.44
103496	2740515.9
103499	8056978.0
103504	533534.17
103516	1963463.9000000001
103523	2006319.1400000001
103524	889541.24
103530	2004544.85
103533	3600433.12
103544	6481118.52
103563	3647966.08
103577	257068.19999999998
103578	4166151.5599999996
103579	2047113.18
103580	767591.82
103587	6767123.81
103595	596151.12
103599	4123061.5399999996
1036	1073347.2
103605	4693337.64
103613	3598638.1199999996
103615	6806516.7299999995
103616	387795.2
103622	7126357.6
103623	129418.29999999999
103637	4414736.24
10364	2222626.63
103658	470762.26
103670	5686445.100000001
103676	5173919.84
10368	1068010.11
103685	4154900.1199999996
103686	2507120.0
103688	3763699.7399999998
103695	763003.5199999999
103712	914352.4500000001
103713	1688516.2
103715	1871663.7
103716	424178.79
103723	575169.84
103733	1048347.06
103739	168525.52
103741	201170.34
103745	151888.56
103747	3028966.65
103752	2111120.46
103755	763372.5000000001
103758	255124.1
103765	3059994.21
103766	4797209.25
103771	289063.32
103772	2771759.91
103787	2382587.46
103788	5408234.7
103792	1903013.6400000001
103796	283040
103798	4061155
103802	3102616.31
103803	3756096.9600000004
103806	7430821.29
103809	3390258.2
103810	6604058.04
103821	3219034.8
103824	4035248.28
10383	4697866.470000001
103833	2277357.81
103840	1471844.36
103842	768843.9
103851	2828577.93
10386	4863623.5
103862	5730287.84
103865	2842758.7800000003
103869	3727741.6
103881	253961.30000000002
103887	209937.41999999998
10389	1469004.46
103897	4259757.48
103898	4786057.54
103905	5195778.199999999
10391	670662.41
103912	618692.1599999999
103928	403240.61
103936	330778.12
103959	6781474.850000001
103962	3631573.77
103963	1418727.5999999999
103979	4613295.4
103983	153226.53
103988	807394.2200000001
103994	2161605.6
104	2457281.22
1040	11243.7
104013	137212.76
104015	4542967.52
104019	305408.27999999997
104020	3160583.12
104028	1500922.5
10403	13988.16
104032	1986223.05
104035	711549
104038	1632019.7999999998
104053	4853009.8
10406	3943081.45
104061	2794939.92
104063	5320035.59
104064	34318.56
104078	5525758.140000001
10408	1224698.4
104084	1545411.5
104090	819761.38
104098	1567502.09
104100	696875.31
104127	5725824.99
104133	248625.15
104134	7771632.18
104135	6369555.079999999
104141	4074046.86
104159	207159.08
104160	2333100.0
104163	99751.35
104184	11436657.440000001
104188	8808211.02
10419	2795562.7199999997
104191	3468780.3400000003
104197	569735.1
104199	1215206.8800000001
104200	1494666.0999999999
104202	1939451.3599999999
104209	2971050.68
104210	4507702.04
104213	4785319.12
104216	6153299.75
10422	656842.54
104220	1038923.28
104222	363162.87
104236	7518399.45
104237	148486.16
104254	208890.9
104260	8408516.55
104261	492139.68
104265	904232.06
104266	3010539.6
104274	464015.33999999997
104276	1852618.6700000002
104280	2966300.04
104283	549257.84
104286	749704.93
104287	2625576.56
10429	1461260.6400000001
104290	109097.51999999999
104317	118564.98
104322	492131.88
10433	4069574.76
104333	1414787.5799999998
104335	3492699.08
10434	4171653.5700000003
10435	1545941.1
104353	1138985.18
104357	568505.72
10436	578429.0
104363	1068887.82
104367	775776.9600000001
104373	3680232.3999999994
10438	4448858.399999999
104391	2138368.86
104396	3545189.28
1044	1660108.77
104401	2001542.38
104403	446389.59
104415	7508380.19
104419	1188610.33
104420	2389905.63
104433	2105115.74
104436	32315.359999999997
104438	39174.24
104441	1591933.09
104444	6346034.88
104445	958169.85
104470	2428817.79
104473	325192.5
104478	7916253.600000001
104492	1227997.54
104499	4959311.22
104507	2481325.56
104517	4426839.600000001
104522	6128289.93
104528	5187380.0
104532	1637575.68
104539	3840176.64
104543	3058519.4
104545	98272.44
104552	883127.76
104563	2892116.96
104566	77990.5
10458	175012.72
104585	2616759.0
104587	6651239.64
104605	4210866.36
104615	687539.79
104616	4425335.2
104622	2585141.24
104624	185437.2
104628	124953.51
104630	984377.23
104650	1625597.5000000002
104663	220989.12000000002
104664	218214.36
104673	8903682.0
104686	377564.01
104701	2973735.98
104712	552743.1900000001
104713	1690420.39
104721	1825887.1
104727	4866150.48
104728	4546513.85
10473	4155149.5799999996
104730	433659.56
104731	1065645.02
104733	355316.58
104736	1514880.64
104741	193409.03999999998
104746	190310.0
104747	1670273.28
10476	2092766.48
104762	528205.45
104764	4361352.6899999995
104767	5722913.56
104769	372300.57
10477	901784.5800000001
104771	712121.4
104776	252182.07
104781	118429.98
104784	122893.65000000001
104786	1756553.49
104790	1610224.5
104793	275786.88
104794	517504.95
104795	71208.58
104829	1183027.8199999998
104831	1625859.06
104833	1318621.72
104836	71706.88
104849	1200372.2
10485	1484648.31
104852	3109638.23
104853	3595455.9
104857	287652.42
10487	2540695.28
104876	1045243.7400000001
104886	1171474.1400000001
104896	5948373.600000001
104903	7447172.949999999
104908	1367345.75
104913	946918.3200000001
104919	3692588.24
10494	1005040.0000000001
104944	2671672.64
104948	4541152.91
104949	2514960.0
104958	1121148.48
104969	1138589.24
104970	4227977.149999999
104980	1231107.6600000001
104994	3704283.5100000002
105000	2114968.16
105012	2921870.5
105023	28222.489999999998
105032	2891728.48
105035	222787.56
105056	84570.24
105064	8527491.6
105078	4252420.550000001
105090	5358457.44
105094	4396733.72
105096	753602.13
105099	4732925.970000001
105114	1875421.26
105125	128172.6
105127	174910.84
105128	1510616.38
105134	68286.95999999999
105136	2403139.44
105137	406501.12
105141	187105.46000000002
105150	3859800.3000000003
105152	791530.88
105154	4968126.649999999
105156	250389.87999999998
105159	5306242.41
105161	5068110.88
105162	122351.13
105172	2680083.0
105182	134582.8
10519	290256.61000000004
105190	1993591.53
105191	130996.48
105194	6856539.2
105206	100248.25
105211	2632196.8600000003
105212	2345438.66
105222	2135610.4000000004
105233	4886496.5
105235	7897829.9399999995
105237	2302954.08
105241	870977.66
105247	3528075.68
105249	107590.56
105251	951770.0499999999
105274	5937261.6
105284	507076.36
105289	188491.80000000002
105292	317523.88
105298	2059138.04
105305	1731710.34
105306	305640.0
105307	2067917.8199999998
105317	1023656.4899999999
105319	5467946.4
10532	155342.46
105328	313409.25
105329	2965512.42
105335	18703.46
105348	4396399.5
105362	2349243.0
105363	692262.91
105366	1069807.44
105369	2262693.37
105383	58683.74
105388	4298410.64
105399	8193122.63
105400	4732316.470000001
105406	4908898.140000001
105409	3842077.92
10541	198115.37
105416	3658049.01
105421	387630.0
105424	2428268.9
105426	985376.84
105427	4359656.5200000005
105451	277128.15
105456	1489329.13
105458	358177.95
105465	503236.81999999995
105470	1173749.6600000001
105475	3191698.56
105478	872899.8300000001
105490	4292294.4
105512	3255396.48
10553	718099.2
105533	177075.52
105542	3528356.64
105543	4242681.63
105561	2386597.5
105566	5117773.149999999
105577	5155052.78
105582	142027.68
105584	172948.02000000002
105588	1150480.87
105590	1334962.5899999999
105591	2217926.2399999998
105596	2864762.56
105600	2115328.2
105602	3630567.69
105604	1998498.9200000002
105605	101377.11
105608	6922670.85
105611	337396.93
105615	3286341.6900000004
105617	80265.13
10562	4050894.19
105624	985970.55
105628	201043.92
105633	558175.0
105678	2632546.56
105686	1781353.08
105712	8233571.859999999
105720	2229822.09
105735	3842149.98
105755	1753865.55
105758	2389965.44
105794	446043.08
105797	6613955.2
105798	2648147.46
105801	217146.72
105809	4939000.640000001
105812	1646736.0
105814	1272522.9600000002
105819	3059114.5
105820	2524519.2800000003
105824	383839.5
105837	5812388.09
105840	1214409.98
105857	4461751.5
105858	222277.49
10586	2852575.91
105864	1427295.78
105875	120137.64
105881	794205.64
105884	1548621.48
105885	1917130.0
10590	8249227.4
105908	4006042.88
105912	2805501.9
105925	6678498.16
105927	328364.07999999996
105936	5287255.069999999
105938	2067491.92
105940	485062.13
105942	5568051.84
105943	8056698.75
105944	3877529.51
105945	3030886.04
105952	626099.58
105953	3839751.3000000003
105966	8582308.790000001
10597	5904181.52
105972	1983446.4000000001
105974	1177553.44
105975	7629718.74
105994	2342556.78
106003	1302475.57
106009	3618796.32
106014	6724813.800000001
106026	1716427.2000000002
106033	307067.63999999996
106034	352601.05
106040	1083232.92
106054	780838.3999999999
10606	773159.8
106065	839791.56
106073	36208.15
106085	6039082.63
106087	340147.27
106088	34663.4
106089	2212388.46
106090	4744998.73
106097	141664
106109	1459328.72
10611	6870821.83
106115	3144445.08
106123	947464.08
106126	1069682.22
10613	556336.41
106132	6396783.45
106133	2386899.9
106140	265212.83
106147	4442194.8100000005
10615	1506540.0
106156	6519922.850000001
10616	438327.65
106168	147166.88
106185	1041798.8400000001
106186	281324.12
106195	345294.0
106198	2664385.65
10620	4876837.71
106205	2028536.22
106209	3153626.2800000003
106217	2136681.3
10622	4384005.32
106222	2574942.1100000003
106223	3545769.5700000003
106226	6724993.38
106233	68635.2
106243	1535034.62
106251	1725919.56
106255	3716812.5
106265	6605585.28
106268	2588893.65
106275	2392782.0
106276	544079.03
10628	173190.9
106281	3403077.0
106282	2363838
10629	3925510.0
106297	126142.12000000001
106298	84554.2
106302	5651686.89
106306	230186.55
106312	2757587.6999999997
106313	4203388.1
106316	1335805.31
106319	1277799.56
106320	2817267.6
106321	589928.13
106331	2160636.48
106332	1417307.5199999998
106334	901273.8600000001
106335	5030634.0
10634	1586756.0
106343	7993087.76
106350	1074870.5
106352	23605.56
106368	2542100.1999999997
106372	2021314.9600000002
106379	6433132.12
106391	4908096.720000001
106397	1889513.5
1064	3790717.36
10640	3472047.81
106406	6148884.75
106407	154591.00999999998
106415	1536097.12
106422	270239.2
106427	7299489.75
106432	1439336.86
106438	7306370.859999999
10644	4480674.37
106464	1026960.0
106469	3955424.2800000003
106473	2384054.75
10648	3417414
106489	620553.9600000001
106490	2547246.5
106493	902084.04
106498	591600.93
106505	3252695.15
106523	49075.85
10653	2093388.7
106531	1336257.0
106533	356257.2
106538	86483.6
106542	5447864.73
106548	2154508.44
106570	2079868.56
106574	1096605.08
106588	396296.25
106594	335641.58
106600	141003.8
106604	974384.55
106608	2107328.88
106637	1902273.3599999999
106643	1903221.6700000002
106645	4940454.3
106651	3410680
106654	1298195.2
106661	5652317.0
106669	7637285.31
106670	71873.42
106673	2006316.0599999998
106680	2113353.4499999997
106690	4894563.49
106694	485370.2
106698	3989272.17
106707	7085806.4
106710	1111791.93
106712	45530.64
106719	3547056.8000000003
106723	970314.3800000001
106724	3268758.18
106726	7669304.5
106732	5830556.38
106744	7612200.46
106746	1840015.7000000002
106747	1608800.05
106770	709517.93
106771	1824567.92
106775	4018168.1999999997
106776	1008620.62
106786	2305388.8000000003
106790	1219128.12
106792	3948288.75
106793	5765672.07
106796	251260.51
106797	4649202.09
106800	2202415.3600000003
106827	3272686.7
10684	4552945.72
106843	473014.15
106845	516427.68
10685	5819481.92
106863	1631432.9
106873	1336860.1199999999
106877	6960540.65
106883	1658469.12
106885	1069362.9
106889	252718.2
106890	350760.0
106901	400083.84
106906	1902601.42
106911	4280737.800000001
106914	3186261.96
106925	873988.5000000001
106943	2010027.4
106946	1039292.87
106948	4480826.38
106951	142361.44999999998
106955	2303649.3000000003
106969	964440.3999999999
106977	573215.5
106980	595387.0399999999
106988	971593.6
106998	3203942.04
107002	1471052.6600000001
107015	4178574.24
107027	231875.68
107032	3650751.1700000004
107033	6545864.739999999
107042	2857384.5300000003
107049	191777.42
107053	3011324.71
107062	23070.739999999998
107075	3234188.4
107076	799228.86
107086	671075.37
107095	3723900.08
107097	1121860.53
107125	2847872.79
107132	6540361.8
107134	128207.2
107138	3143515.04
107140	308460.06
107160	335549.24000000005
107173	737027.1
107174	135317.88
107183	4056941.2500000005
107196	3137361.96
107198	3505615.3200000003
107201	208535.6
107211	9757586.25
107217	133132.84
107222	3035779.93
107223	1085215.32
107231	1622983.86
107237	10488030.84
107240	3696252.0
107243	756492
107246	311204.04
107251	2514450.18
107254	1832067.9
107256	4065095.2199999997
107272	1260124.1099999999
107274	1802286.4
107279	1402339.4100000001
107281	2196991.08
107286	952252.8
107291	1212701.3399999999
107296	2336094.9699999997
107299	2600879.2800000003
107300	4782557.04
107303	1188731.9900000002
107304	609172.86
107305	6743948.92
107341	8159952.05
107343	1465296.0
107346	461505.92
107356	4719452.4
107359	580712.52
107362	290479.68
107363	267763.95
107366	50061.68
107367	1222172.16
107386	1325028.77
10740	5999809.05
10741	92230.44
107413	5674265.28
107418	8000430.3
107423	7030689.4399999995
107429	293597.82999999996
107450	653276.15
107454	7548940.8
107459	4668277.600000001
107468	80274.0
107479	3199440.4299999997
107480	583693.37
107504	1677933.9500000002
107510	1112394.78
107522	646888.02
10753	6253615.680000001
107533	2941185.6
107542	2260862.6599999997
107545	1772168.6500000001
10755	193116.40000000002
107566	2285018.1
107574	1588449.0599999998
107588	2255585.6399999997
107598	6817653.15
107600	6726335.0
107604	4911425.5200000005
107606	564828.0
107609	3929192.62
107624	9108837.45
107635	973815.84
107637	5443444.300000001
107644	7802350.76
107647	3773640.3600000003
107651	1003048.53
107660	8556696.6
107662	3284844.06
107664	498430.61
107666	3089143.32
107669	1045582.3
107671	3775775.1
107672	405609.75
107682	567685.02
107692	3637944.58
107701	748142.61
107704	1931990.17
107711	567989.52
107716	8561541.56
107721	4620461.16
107722	163443.98
107741	916920.22
107743	1972717.7400000002
107745	1491701.0799999998
107747	5630253.2
107757	11459.2
107759	518352.48000000004
107761	121102.93999999999
107768	3389706.32
107776	7388606.28
107784	473280.30000000005
107794	294134.0
107799	1529534.88
107802	1106416.76
107815	1642750.08
107817	3034578.34
107827	6350796.66
107829	24889.620000000003
107838	1589613.72
107839	2930393.73
107845	893815.92
107858	5504133.9799999995
10787	4806452.8
107872	4637588.640000001
107873	994416.38
107876	1953255.3
107879	4161517.8000000003
107891	2237606.03
107893	4704748.62
107894	487269.93
107898	18486.4
107909	2182517.46
107910	3342176.37
107916	784549.2
107919	5401982.88
107926	5913693.36
107936	4202430.02
107937	6761911.1
107945	3229531.68
107961	248886.35
107966	315627.12
107968	635875.08
107975	287404.32
107980	5510023.2
107988	2227675.58
108	1182720.06
108000	3235473.12
108013	17202.78
108022	694721.67
10804	1894270.16
108043	1182385.7
108052	2018310.25
108058	4109859.72
10807	4306006.0
108071	5927848.2299999995
108076	1245797.04
10808	1149061.3
108085	3820988.16
108087	2263904.42
108092	578966.5599999999
108094	2011872.9500000002
108100	116019.75
108101	7263299.68
108106	3410001.6
108110	2949949.5
108112	380516.42
108114	945478.0000000001
108115	430098.24000000005
108118	5919692.4
108121	4133708.5
108125	4788585.0
108134	2420973.8000000003
108138	3767640.52
10814	2330319.6
108143	3900177.1199999996
108156	1570346.75
108188	856609.6
10821	373278.72
108222	5007291.899999999
108225	3080186.7499999995
108230	456025.45
108245	1126585.65
10826	2716720.7
108268	1291800.36
10827	5513260.24
108279	7030809.94
108304	1218699.18
108307	1414443.6
108308	2576650.5
108311	197287.99999999997
108322	3210639.01
108324	2391305.5300000003
108327	772862.34
108329	964797.0
108330	1340962.95
108334	5353302.899999999
108347	75334.77
108350	4153935.76
108368	1020311.0399999999
108374	2411457.4899999998
108385	104688.73999999999
108391	4171586.96
108394	2659247.36
108395	5351703.54
10840	507788.99
10841	2097258.44
108412	1662617.75
108414	5898766.53
108415	375325.14999999997
108418	302554.59
108422	3685839.38
108435	2008917.3599999999
108437	270821.25
108442	748044.7
108444	2767052.1999999997
108446	1367115.3800000001
108448	956000.64
108450	1435194.48
108453	3568792.5
108454	8520916.25
108463	2839056.0
108476	1205059.7300000002
108485	2828616.33
108503	5541415.04
108504	1419583.2999999998
108510	476346.12
108513	4385534.159999999
108519	833668.89
108524	7321037.35
10853	1045246.8899999999
108536	585847.64
108544	2461295.94
10855	699994.88
108560	3330910.8699999996
108564	3973312.87
108575	4698409.0600000005
108583	4168637.76
108585	5354129.279999999
108595	4714184.4399999995
108597	3210741.4
108598	758256.35
108599	6669410.08
10860	2241291.6
108607	1689712.08
108617	1521703.2
108619	562973.7400000001
108633	1474768.6
108636	2885389.8400000003
108642	1495703.9400000002
108643	1778612.52
108650	1517494.5499999998
10866	6185209.57
108666	1074755.73
108678	235944.53999999998
108692	815182.2
108693	203927.62
108695	3947827.96
108696	3484300.68
108703	805574.7599999999
108705	5955245.7
108708	1381470.25
108713	7849183.0200000005
108715	255851.88
108719	1623175.68
108727	70326.26999999999
108732	622651.47
108738	2118922.3800000004
108751	1933706.29
108761	1576306.84
108765	7905338.98
108775	1850823.36
108778	3081028.22
108785	1098863.4000000001
108786	2789123.47
108792	2025972.0
108807	9536247.16
108808	1776968.55
108812	5629423.8
108813	2134330.44
108816	2470531.74
108820	986599.7699999999
108822	1352111.78
108823	4214219.25
108829	6987127.62
108830	7406565.4399999995
108831	3928009.34
10884	4050330.76
108841	4795544.84
108842	1514327.37
108844	5348820.96
108845	6477137.380000001
108861	669717.3
108862	25577.440000000002
108867	4718380.3100000005
10887	8315019.36
108878	277229.34
108889	2103518.52
108908	1581537.09
10891	1561954.02
108916	350760.25
108917	1309109.2
108925	3589297.11
108932	357048.77999999997
108937	4523088.04
108939	851967.6
108942	2937024.75
10895	6112017.68
108959	1027160.12
108963	34098.119999999995
108974	329052.99
108983	6212067
109	2817662.7600000002
1090	1591745.6500000001
109000	5921832.0
109008	8317836.54
109015	5744899.76
109033	4928653.65
109035	940566.3999999999
109039	2117540.8800000004
109041	4033024.36
109043	2318107.48
109044	6018632.100000001
109048	1689588.9000000001
109052	47480.94
109058	2307913.6
109064	1974275.5999999999
109080	196863
10910	439678.58
109110	2088950.44
109114	3516521.04
109118	6515793.6
109139	3488489.77
10914	3388329.2399999998
109147	196845.68
109153	3058128.15
109155	4899607.0
109161	453181.92
109164	3986814.7800000003
109171	3165253.2
109179	1239624.6600000001
109180	2680388.52
109182	3025349.5
109190	4275915.04
109193	2406671.2600000002
109196	2983260
109200	2640197.1199999996
109208	1744008.1400000001
109216	7564676.58
109217	2018549.64
109220	808971.84
109229	1485785.0999999999
109234	1285768.0499999998
109240	8494617.12
109241	1861835.92
109242	3367109.38
109245	1610360.72
109254	3766557.2
109256	1589598.36
109257	6072279.68
109260	1669888.2
109263	2756152.09
109286	4098405.76
1093	215388.84000000003
109302	233262.78
109306	2166290.1399999997
109307	6668969.76
109310	496370.92
109313	2042125.02
10932	5077818.8
109337	5186556.8100000005
10934	1395234.06
109343	2370803.12
109347	3554377.6799999997
109355	3502454.52
10937	3098969.58
109373	3532985.12
109383	2449713.98
109393	832122.9800000001
109395	6878050.83
109399	2711581.6
10940	2248810.83
109400	1899919.7999999998
109411	3560061.08
109413	851424.58
109416	4405825.32
10942	5228620.46
109421	712479.58
109424	3126202.56
109425	1405181.0899999999
10943	1881727.9000000001
109453	1355003.1
109456	732563.3700000001
109458	1603302.6600000001
109461	6650373.96
109479	8388027.2
109487	1045570.0
109490	10721.22
109497	2700158.2800000003
109498	6735590.4
1095	2192828.0
10950	5188476.51
109508	2179945.1399999997
109512	5641609.12
109519	6612086.46
109525	592288.2000000001
109542	468434.25
109543	5178838.67
109552	1320152.58
109563	1283841.72
109565	5184704.43
109572	5352243.16
10958	2188766.8200000003
109585	1050443.28
109586	406509.37999999995
109596	108024.0
10960	2906511.14
109602	2378196.78
109607	1781656.8
10963	3099314.5
109635	1848570.2
10964	854847.21
109644	1197664.9
109648	1494383.76
10965	2814196.0399999996
109650	7952258.73
109670	3389880.3000000003
109683	4192783.08
109684	163978.81
10969	3365339.8200000003
109693	4014930.7
10970	1576191.51
109706	371425.1
109708	527172.67
109710	610552.3200000001
109711	87726.58
109713	2391148.92
10972	1379052.72
109721	522743.54000000004
109727	2067992.5399999998
109732	18882.96
109741	143433.0
109747	1262217.13
109756	5960665.800000001
109761	2871108.41
109764	2031031.47
109766	2949909.56
109770	268275.7
109774	2884542.88
109775	1680364.64
109782	3174712.45
109784	2955705.71
109789	2503613.9099999997
109791	7252486.4
109796	3837673.2
109809	733005.15
109813	6169221.96
109832	1344315.0
109833	4044917.6799999997
109851	2220681.52
109853	156406.8
109856	4640931.26
109866	1244117.64
109869	1796602.9100000001
109876	4241295.84
109877	3306517.6799999997
109883	2377235.46
109888	4441771.66
109896	3459634.55
1099	312190.2
109928	7246337.28
109933	3700961.2800000003
109939	8709193.16
10995	8845306.56
109960	1912806.92
109964	500791.19999999995
109969	6313680.0
109978	1251076.9000000001
109990	5058845.0
11001	31506.749999999996
110012	3362979.84
110013	753113.7
110019	209301.30000000002
110032	4408530.86
110043	816900.23
110052	4600098.9
110071	2830910.58
110074	3838426.08
110076	7439014.109999999
110084	72120.66
110097	1636085.43
110102	109889.0
110106	3042733.94
110109	3890790.7600000002
110111	3070001.88
110114	6063984.68
110119	228611.75999999998
110127	690860.82
110131	3476138.4
110132	2131476.9299999997
110133	176959.97
110134	5197935.600000001
110139	57211.219999999994
110147	65040.420000000006
110149	1288604.08
110157	1509175.2
11016	1841185.68
110160	126728.64
110168	3253912.1
110171	172339.91999999998
110179	350348.80000000005
110181	395098.82
110189	3473991.73
110200	2117164.7199999997
110201	5541974.899999999
110211	536139.45
110212	2757124.77
110213	378791.2
110219	8085296.899999999
110224	2445260.17
110225	5656908.199999999
110231	4376242.9
110249	1243333.0
110253	592953.2599999999
110257	2220992.4
110268	3374809.2100000004
110271	1655951.2000000002
110276	299471.73000000004
110284	3812212.75
110293	4206832.56
110294	3038354.9299999997
110296	1116402.1199999999
110303	1157478.6300000001
110305	244699.77000000002
110308	2274866.4899999998
11031	5260106.32
110311	7860217.86
11032	2740946.4
110325	5578336.74
110327	799835.4
11033	253007.99999999997
11034	80627.76
110349	209474.56
110354	2640673.2800000003
110368	68106.90000000001
110376	1033090.66
11038	2341097.64
110381	4381263.12
110383	6167694.0
110386	15786.16
110389	284154.06
110399	1229571.8599999999
110402	2976346.1999999997
110403	3047333.31
110404	7213529.9
110408	3433764.6
11041	608298.7
110419	457717.68
110425	1204068.06
110428	6385347.35
110436	1562995.05
110447	3747722.26
110453	4560334.2
110455	2179886.31
110476	163355.7
110477	3123907.92
110484	877332.25
110509	1723019.1800000002
110521	2000602.24
110532	3578124.8800000004
110553	4485632.37
110562	420525.42
110566	1955466.85
110567	967133.1599999999
110580	1306215.96
110581	5768585.76
110586	1533175.0599999998
110593	16430.26
110595	5850797.99
110596	456095.54000000004
110597	901495.8400000001
110601	3622902.1300000004
110603	1285945.0799999998
11061	1305582.21
110610	4707865.74
110616	1587894.35
110619	6873152.0
110622	524419.56
110624	2039911.65
110628	460070.22
110630	3889749.42
110634	354310.11000000004
110644	2594841.6
110648	510725.91
110653	306659.27999999997
110655	5497336.2
110664	432333.46
1107	3238911.9
110731	6949899.18
110733	561569.92
110740	2454031.98
110755	5917310.4
110774	2245818.88
110777	143161.19999999998
110778	1127227.89
110787	2524580.75
110791	694023.75
110796	1148923.44
1108	843558.18
110814	1296674.76
110817	1705119.58
110831	4989794.1
110835	612231.4
110840	994773.0
110843	5369571.09
110856	5543924.2
110860	741735.48
110861	2813500.8000000003
110877	2043858.1199999999
11088	5378619.84
110884	425647.53
110895	3951770.56
110900	4673755.649999999
110902	3199599.9
110904	2192031.3
110920	1646748.0899999999
110922	1913853.2999999998
110923	418912.53
110927	4047909.44
11093	5465440.63
110930	1388053.06
110932	1925792.0
11094	815050.1799999999
110950	415686.21
110952	3161698.92
110955	452957.01
110958	5351523.12
110959	2221021.44
11096	541385.38
110963	1186734.24
110964	916865.7
110971	8029469.7
110985	2739948.8200000003
110986	449492.96
110995	916971.75
111003	3069372.0
111011	5792057.909999999
111018	7340278.7700000005
111022	1532958.88
111031	3715808.25
111034	5895318.0
111066	4646013.19
111068	6714279.01
11107	1123307.12
11108	25709.4
111084	486358.18
111086	345640.32
111093	5485598.289999999
111100	2592776.1599999997
111103	2215523.31
111104	6362406.74
111107	4958530.08
111108	4228624.399999999
111109	5635373.5
111110	4692351.720000001
111117	2176289.4
111125	2262113.4899999998
11113	1244944.5999999999
11114	478207.2
111152	1231845.52
111159	743345.4
11116	3491940.55
111163	130082.76000000001
11117	835517.9999999999
111172	1968615.0399999998
111175	4465393.73
111188	1143048.81
111200	6034360.47
111201	111439.62
111204	3750849.5599999996
111211	2472683.6
111221	8367525.81
111225	178903.2
111228	1866775.6800000002
111236	2876375.5
111241	614471.78
111246	3509717.42
111253	4639799.73
111259	10263256.56
111271	2725037.12
111274	2692096.98
111275	2984117.7
111285	4803921.85
111287	1360722.1600000001
111289	1698760.6199999999
111290	5989356.06
111294	424817.52
111295	10893675.61
111296	1071535.89
111297	466127.80000000005
11130	1947714.1199999999
111308	719685.6000000001
111311	6044649.3
111321	2731037.7600000002
111322	193478.55000000002
111326	1627031.6400000001
111328	490639.19999999995
11133	5340489.2299999995
111332	354373.65
111340	5150721.0
111350	2462336.35
111351	394150.12
111354	620316.29
111369	761442.24
111372	564180.87
111375	63588.0
111387	287711.83
11139	3286824.9200000004
111399	7158271.34
11140	1766620.84
111404	1622526.75
111416	6127161.1
111425	9016198.56
111427	16475.43
111435	716516.4099999999
111447	322844.83999999997
11145	719200.8
111451	439746.44
111467	435635.56
111471	133391.49000000002
111475	2484453.75
111483	1241659.36
111493	7259641.34
1115	8184903.380000001
111500	1543700.34
111502	2437331.13
111506	3305961.2
111509	215460
11152	3522357.45
111524	2804810.4099999997
111525	525653.1900000001
111542	1810843.0
111550	3988281.9099999997
111552	8068184.48
111558	1807435.52
111562	4272673.28
111566	118532.64
111572	591863.16
111589	3254720.56
111620	184594.94
111622	1046299.7
111623	1166698.8
111628	422111.69999999995
111647	7458360.48
111651	3912421.94
111657	999504.0
111663	2813113.75
111671	894019.24
111672	1715460.1099999999
111673	1062531.0
111680	57497.44
111688	2094662.5
11169	6068680.6
111690	3363324.8
111699	580347.2999999999
1117	443048.34
111701	67272.92
111704	3273241.14
111709	1720590.4699999997
111718	3529960.0000000005
111724	428338.0
111727	5059440.36
111730	442964.76
111739	652672.5599999999
111743	350690.72000000003
111748	3519886.72
111749	553133.24
111753	10119780.979999999
111763	2385781.45
111764	2155975.36
111768	6248731.199999999
111771	88380.42000000001
111773	4277160.18
111777	955661.97
111804	1967512.0
111811	3039578.36
111817	2341011.4
111821	359062.05
111822	5712233.8
111840	6962170.36
111846	3689349.88
11185	2449322.98
111851	323205.26999999996
111855	3946007.67
111878	1666294.3
11188	176330.0
111888	615557.25
111892	798470.4
1119	153177.65
111903	3189302.0700000003
111904	120734.46
111908	60151.78
111909	608539.68
111921	53653.6
111925	1678635.2
111926	3902784.4799999995
11193	2698729.6
111933	1932304.3699999999
111962	1929674.8800000001
111966	3702795.22
111971	190589.75999999998
111979	686643.63
111988	3703900.8000000003
111996	174528.9
112000	1715791.31
112005	304954.84
112008	3856393.1999999997
112017	5049053.88
112019	577333.98
11202	999001.4400000001
112027	50115.16
112034	2829066.02
11205	290289.51999999996
112052	2866761.05
112053	4725764.34
112073	7908617.57
112082	4398563.34
112094	586082.35
112102	4688477.8
112105	467162.88
112110	1584064.5000000002
112111	2973029.15
112117	3275727.62
11214	1190941.5499999998
112151	4751068.92
112158	266726.88
112160	8457863.360000001
112173	49791.94
112180	385570.07999999996
112193	100477.37
112199	8590717.44
11220	2673573.75
112201	4290477.4399999995
112208	1320491.81
11221	3510371.22
112214	5909574.56
112217	1410012.24
112218	3733751.07
112220	1202611.65
112221	2781005.37
112228	1538783.26
112231	2075152.1
112236	7750928.83
11224	5159475.05
11225	1607219.52
112251	3053474.22
112256	1050386.86
112258	3602082.12
112266	962894.66
112269	5877610.09
112274	390904.8
112276	882040.26
112278	3030874.56
112282	1155960.64
112283	5585157.49
112292	9701653.08
112299	4724107.359999999
112306	999152.91
11231	486201.92
112318	5743272.459999999
112320	1922018.18
112323	3229525.89
112340	1457604.72
112341	231362.18
112375	1296358.8
112379	5841111.12
11238	1333217.34
112385	2481892.5
112387	1108196.8800000001
112391	7279057.8
112396	2391220.52
112400	3047788.67
112406	7001718.75
11241	9160789.46
112436	457407.4
112437	8236907.5200000005
112449	6229727.78
112456	4660782.84
11246	4166759.04
112469	1137873.9200000002
112474	1872212.16
112488	1298009.24
112499	5552949.62
112500	6249928.100000001
11251	323287.22
112510	1720831.0
112519	727032.0
112523	2763326.92
112524	53936.82
112530	1459349.3199999998
112543	7872626.52
112551	4305535.5
112582	624966.81
112585	1029806.7200000001
112586	753840.6
112587	4792221.63
112601	1520940.9600000002
112608	2565664.78
112613	857217.35
112614	331083.72000000003
112617	842378.8999999999
112620	1196969.6
112622	330518.22000000003
112624	2203840
112625	2834074.57
112638	3651774.4000000004
112642	7248704.1
112643	643550.0
112644	1027114.5000000001
112646	1720099.08
112648	6421040.0
112650	4108387.7800000003
11266	4297181.55
112660	5921098.7
112671	1104553.92
112678	595404.5399999999
112679	1895489.28
112682	2428717.52
112698	454485.27999999997
112700	3645933.75
11271	257014.12
112711	3379197.01
112712	344661.76
112720	1987774.68
112723	640850.8
112724	6557961.399999999
112730	1819510.2
112735	51836.25
112736	358592.16
112738	3592530.78
11275	6885717.48
112760	2001612.47
112779	9231927.360000001
112787	3159717.0300000003
11279	734240.16
112792	3229366.0
112794	2797651.17
112795	1067432.6099999999
112804	3924267.03
112805	4862540.2
112807	9665019.21
112814	404275.08
112816	2989779.8499999996
112819	191816.09999999998
112822	155544.75
11283	1474743.6
112835	5123616.0
11285	1674402.4000000001
112850	1133153.45
112853	1184118.47
112856	4203918.72
112865	1325190.72
112870	60551.04
112875	4582514.300000001
112887	1390838.75
11289	8187354.72
112892	988919.96
112903	951060.6
112910	1745963.2300000002
112913	83464.56
112914	314613.8
112915	4285781.08
112930	848983.1300000001
112936	3821235.48
112939	3184833.5999999996
11295	798392.16
112958	5398776.680000001
112964	4917415.92
112966	8403512.89
11297	1224019.04
112988	4581780.8
112995	5297051.32
112999	7384029.340000001
113020	4912527.99
113029	2637677.0700000003
113032	369465.25
11304	5436377.100000001
11305	4599507.45
113053	2639232.0
113064	548193.64
113077	4178205.0599999996
113078	7282007.04
113083	938891.1000000001
113089	18471.370000000003
113091	2664748.84
113092	1425380.88
113095	2388472.22
113104	98644.18999999999
113106	96823.08
113107	4035799.04
113111	942107.4
113112	1503405.55
113114	1461570.46
113115	1248746.8
113120	1876289.8
113121	3066151.86
113130	2980607.62
113135	634812.81
11314	4837979.52
113141	2221568.6999999997
113145	4695252.399999999
113166	1785832.47
113175	907452.35
11319	4849639.44
11320	2573012.4000000004
113207	1621226.8099999998
11322	1250665.0
113222	6946519.0
113242	2601941.58
113244	6086844.36
11326	6478305.399999999
11327	2463384
113281	5519437.53
113285	4029644.44
113288	5705880.6
113289	585784.9199999999
113298	829603.1399999999
1133	576835.84
113302	246694.13999999998
113307	6500971.22
11332	402039.44
113327	7431998.76
113342	4005873.4499999997
113346	3725970.3
113351	130145.4
113354	3726308.64
113362	4366065.29
113367	1184112.5
113372	92690.0
11338	5091771.55
113388	5130284.9
113399	1128724.8
11341	6143590.1
113411	4292327.76
113413	4136834.5999999996
113415	3364783.3699999996
113425	2489346.72
113430	2213965.7800000003
113431	8646348.34
113433	415241.95999999996
113434	1102659.25
113438	2370244.1799999997
113441	4147432.0
113461	6690470.4
113462	5326358.31
113463	2120963.7600000002
113466	3088335.25
113470	315343.98
11348	6314220.99
113482	1397272.05
113496	3648767.48
113497	3872883.3200000003
113501	693549.71
113514	2246398.7
113522	7809161.710000001
113529	5176465.5600000005
113533	1137734.1
113542	3065308.3800000004
113560	5642742.0
113574	1034076
113575	2167426.94
113577	5551418.0
113579	746820.52
113584	2579963.36
113595	4760150.56
113597	2356945.96
1136	862692.0
113604	193306.95
11361	908145.2000000001
113611	42877.0
113614	923754.15
113615	6083940.52
113619	3262217.49
113620	23120.1
113621	497628.16
113636	5082612.53
11364	2295325.3200000003
113655	1338402.96
113670	518195.02
113674	3813619.2800000003
113683	1349330.8800000001
113686	1963890.0499999998
113692	1695548.35
11370	61600.32
113711	2755811.52
113712	6748404.44
113715	8301533.199999999
11372	1850170.4
113722	532899.48
113732	1156114.5
113738	96051.4
113739	1900038.8
113742	4546399.23
113747	2222209.6
113752	3397815.72
113757	6502986.000000001
113762	14605.92
113764	1979585.3699999999
113770	1107055.0899999999
113785	2885570.8
113786	199020.36000000002
113789	656125.2899999999
113793	6711555.54
113798	163003.5
113799	7185927.49
113800	121166.71999999999
113801	6407519.4
113805	5835456.12
113806	2058865.92
113807	4243259.96
113808	7893353.88
113819	1292516.8
113822	1898753.0
113832	2864741.0
113839	4598984.53
113851	4345257.5200000005
113861	5954792.74
113862	5147714.9
113865	128377.84000000001
113866	442394.4
113880	3352592.5
113886	622798.75
11389	4200427.35
113894	631740.26
113898	2886942.94
113902	7269320.24
113910	2791753.15
113915	3184291.0500000003
113927	890691.5
113936	1792996.9
11395	338030.31
113958	9757065.5
113960	5488961.25
113962	3383529.75
11397	571922.7999999999
113978	6235843.9
113982	3586307.7600000002
113986	3343371.5
11399	684697.86
113994	20820.8
114011	1332856.2000000002
114013	1204951.16
114017	1365114.86
114020	910313.3600000001
114025	8786201.12
114029	5285228
114035	4519310.4
114036	4984227.08
114053	7500909.890000001
114061	1733233.32
114063	3620267.79
114077	1302451.04
114083	387234
114087	425776.8
114095	1962950.15
114100	770371.2
114124	281124
114130	3427919.82
114133	1807208.2999999998
114134	635593.54
114138	3936688.29
114158	5685532.32
114162	145611.22
114183	2520813.42
114184	3074748.5300000003
114185	1876394.25
114191	5123742.12
114194	5506763.6
114197	60980.72
114199	2494000.6
1142	405989.5
114201	274334.34
114206	1819703.04
114210	1676918.2799999998
114212	1550312.22
114215	314023.52999999997
114220	2400602.13
114235	4869705.78
114254	7740168.28
114259	1192300.2
114260	4171356.9
114264	7255589.620000001
11427	1875878.3900000001
114274	1664084
114275	4873627.44
114279	6506359.86
114282	1354359.66
114284	4219273.399999999
114288	405642.64999999997
11429	439169.36
1143	660014.26
114315	1767571.77
114322	1725489.8499999999
114332	2003003.31
114333	1671525.05
11434	961640.03
11435	5108603.6
114351	85317.75
114357	9671017.44
11436	3014589.68
114362	771166.58
114366	3833257.49
114370	1034285.76
114389	451615.31999999995
114393	1018942.32
114399	2311656.9
114403	356283.92000000004
114414	5618280.22
114415	4270138.06
114419	959794.88
114420	1100617.8
114432	2201629.84
114433	2247446.79
114436	899788.89
114438	332692.85000000003
114444	2156106.59
114467	873054.3
114473	2449740.8
114475	1025962.0
114490	1664732.04
114499	112826.87999999999
114507	106698.45
114516	2385122.87
114519	8265493.54
114528	1606082.16
114530	8608471.74
114538	526430.52
114540	1495550.25
114545	1041177.7999999999
114549	2721743.52
114563	946195.02
114564	5412746.819999999
114584	9269698.65
114605	1965256.92
11461	814198.0
114613	2627257.52
114616	686538.04
114621	1839806.7
114622	270722.83999999997
114625	80322.65
114627	2147021.64
114647	5497872.640000001
114660	4604750.39
114662	4399575.15
11467	3807852.9800000004
114671	3533578.44
114684	382733.88
114698	1248234.84
1147	1896088.6500000001
114710	4454629.899999999
114712	1088277.18
114718	284590.8
114719	2471800.5
114725	4759100.430000001
114728	6313037.4799999995
114729	197417.63
114731	279612.42000000004
114732	4574916.029999999
114733	6522276.74
114739	2572550.28
114743	402596.04000000004
114747	6237812.21
114759	3062407.5200000005
114762	1643640.7
114766	8189339.54
114767	3808686.0
114769	181935.96000000002
114773	3049598.04
114780	2757632.22
114784	91720.77
114785	355149.22000000003
114789	8038628.35
114790	9168509.1
114793	1466715.6
114794	127275.06
114829	1083366.9100000001
114831	1525292.5599999998
114834	603925.4400000001
114846	3117487.66
114851	671389.0499999999
114852	7432434.47
114854	180436.62
11487	2631279.71
114873	2284348.15
114886	853612.7100000001
114896	2074688.02
114902	6314018.4799999995
114907	2601544.5
11491	1705453.0999999999
114911	6621189.12
114916	1331467.2
11493	7916722.23
114941	1290639.45
114947	290790.05
114948	3573759.1500000004
114955	3106972.31
114967	6944418.24
114980	221837.22
114991	813009.96
114997	2529234.0
115010	4541758.25
115021	5770621.26
115030	7587246.8
115034	840871.5900000001
11505	1657049.1
115054	2324917.9000000004
115062	1962190.4000000001
115075	2460586.5
115087	2684820
115093	55079.74
115096	7953047.55
115097	2674271.62
115098	1003857.6599999999
115112	1521870.4000000001
115124	517438.93
115125	695324.0
115128	120072.67000000001
115133	27272.339999999997
115135	131377.28
115136	1491603.78
115138	79546.34999999999
115149	766772.77
115153	5682309.44
115154	148730.4
115155	2417569.6500000004
115157	2898270.3400000003
115159	1953848.1600000001
115161	72953.43999999999
115171	2694055.0500000003
115179	4183473.5799999996
115189	1569541.3800000001
11519	4849358.489999999
115190	4860451.35
115191	1567815.0
1152	555989.28
115203	9661018.73
115209	6075880.2
115211	1504375.8
115222	201018.41999999998
115231	5000492.75
115234	4805926.25
115235	4028417.68
115241	1306957.24
115246	1223175.12
115249	399582.0
115271	1017981.0800000001
115281	5997650.22
115286	3286148.96
115289	1458548.19
115298	848636.46
11530	1820403.3599999999
115303	2169986.4
115305	4837186.55
115306	4635177.78
115316	1428174.05
115318	428897.31
11532	6194739.72
115327	7454704.470000001
115332	1518096.1400000001
11534	715644.82
115346	5312409.96
115359	207821.43
11536	3490159.95
115361	862793.64
115364	3190258.5
115367	114041.06999999999
115381	5286322.34
115386	1564239.1199999999
115397	2848622.25
115398	1319328.0
115403	1040511.1500000001
115406	2487755.52
115414	2913108
115421	1469457.55
115424	1921990.0799999998
115425	1787937.9
115426	220635.91999999998
115450	2387809.92
115454	1396196.8800000001
115455	169799.9
115462	2797451.0599999996
115469	7957485.140000001
115475	1323798.21
115477	840176.54
115487	136432.82
115510	2099556.1599999997
115531	435578.08
115540	5868277.03
115543	1928566.51
11555	326756.43
115558	2717086.4499999997
115564	3113182.8
115574	464378.56
115575	525469.98
115579	2754337.29
115581	630282
115588	9532195.04
115589	2616751.25
115594	3599014.5
115597	5631840.4799999995
11560	395781.75
115600	2949900.2
115602	407930.02
115603	3153651.81
115606	3035148.0500000003
115608	1012986.78
115612	2952039.42
115615	1032776.36
115617	213462.4
11562	12931575.51
115622	5751113.94
115626	743552.73
115631	4499100.680000001
115677	2610498.54
115686	231654.24
115709	1063405.44
115718	1309944.44
11572	1360746.18
115733	6455646.88
115755	7491847.52
115792	724681.95
115795	597371.92
115796	1549488.15
115800	3612727.3
115809	3288842.88
115813	1851529.52
115818	9253311.91
115821	2638992.46
115834	3100339.1999999997
115838	1062020.7
115855	917507.64
115857	1670858.31
11586	2259678.5500000003
115862	376989.6
115873	478993.19999999995
115878	439553.33999999997
115882	2802774.8000000003
115883	5488091.7
115905	5910149.12
115910	1982927.7599999998
11592	1201351.6800000002
115924	2396122.6399999997
115926	54649.049999999996
115933	1501465.16
115936	5904124.16
115937	3227249.83
115941	1708904.04
115942	1651461.4200000002
115944	3083182.0799999996
115945	8234811.36
115952	1215853.11
115963	1416515.03
115973	3893805.67
115974	4699180.52
11599	1119307.27
115993	3302477.12
116000	4146987.15
116008	6315408.0
116012	158795.52
116025	7413552.64
116033	11145434.36
116040	6103584.569999999
116053	74566.79999999999
116062	216737.85
116071	962178.36
116082	91729.62
116085	1969108.3
116086	5941682.66
116088	373057.19999999995
116090	2756587.64
116095	667293.48
116108	1545905.8699999999
116115	522750.20999999996
116122	75771.21
116125	341573.83999999997
116130	304623.55
116131	18131.04
116132	3268795.34
116137	8696687.17
116147	6849015.13
116153	3021113.13
116166	2409743.58
116182	7078462.16
116185	1393131.7999999998
116194	3513262.08
116197	1402252.1400000001
11620	1968311.68
116203	6278872.05
116206	1542384.09
116214	1015089.18
116219	5368099.140000001
116222	384301.44
116223	5696394.0
116226	213241.93000000002
116233	6518123.55
116243	1794928.68
116249	1095591.84
116253	521484.48
116263	1830135.15
116265	2374024.14
116268	2209830.08
116273	4565432.13
116275	1610153.6400000001
11628	5755137.2
116281	7376199.05
116296	493846.20999999996
116297	1850313.78
116300	4492886.100000001
116304	4684165.62
116310	804341.89
116311	3692178.42
116312	4696426.55
116316	686334.5
116318	8585910.66
116319	254552.76
116329	4488719.76
11633	418086.8
116330	7139727.140000001
116332	2937159.0500000003
116333	4883293.44
116343	283000.95999999996
116350	3261079.5599999996
116365	5451832.68
116372	1845903.7799999998
116377	1263922.8
116391	169932
116397	494680.17000000004
116403	3030513.29
116405	568174.74
116413	950846.0499999999
116421	246193.11
116426	1477464.24
116429	1156797.5999999999
116438	5568860.4399999995
116461	737624.8
116469	705315.2400000001
116471	2320977.49
116487	6980719.2
116489	2233256.3
116493	3627734.23
116497	1579362.9500000002
116502	389440.8
11652	6377907.5200000005
116520	178512.26
116522	60078.72000000001
116524	5594467.1
116528	5111189.94
116530	2116747.53
116536	3127077.64
116540	6191336.25
116547	5052574.76
116567	101407.35
11657	3006213.87
116574	5204714.54
116588	1456895.3699999999
116594	2624073.7600000002
116598	775452.27
116601	176905.44
116606	68150.15999999999
11663	2579951.29
116635	3160631.02
116641	15229.68
116644	3341831.0
116649	2596651.42
116651	4285802.0
116658	4306011.84
116666	7268798.399999999
116669	611634.24
11667	1668163.0999999999
116673	7041242.49
116677	3570033.78
116687	4922300.41
116694	2973473.8000000003
116696	1346511.1500000001
116705	6631374.090000001
116708	2250204.6
11671	6024727.220000001
116712	5748859.2
116717	622721.5499999999
116721	2717017.3200000003
116723	433971.44
116726	1577348.6
116731	732385.2799999999
116741	515639.31
116746	6861138.460000001
11677	4092452.16
116770	974685
116771	1270807.3800000001
116775	10097750.419999998
116786	3372444.0
116789	1958319.52
116790	563154.06
116793	1688433.03
116795	4934838.5
116799	1949159.6400000001
116824	1150004.54
116826	146408.80000000002
11683	1618542.2400000002
116843	2612188.1599999997
116844	1029580.2000000001
116862	190153.87
116870	1096563.72
116873	2519475.42
116877	6669209.58
116881	1902482.4600000002
116882	277524.42000000004
116886	133809.16999999998
116887	35771.3
11690	534202.76
116900	642588.6599999999
116904	2760112.9
116910	2918863.2199999997
116911	51402.89
11692	285899.25
116925	1430046.21
116940	1008918.82
116943	8181072.69
116944	1353847.95
116947	244640.28000000003
116955	164130.54
116966	2316473.3600000003
116974	235788.41
116978	363656.82
11698	4253848.989999999
116986	456776.92
116995	3031799.2399999998
1170	1210000.6400000001
117001	6754400.8
117012	2680085.2800000003
117027	487954.0
117030	7135330.83
117041	3792468.0
117049	568132.16
117051	1431251.75
117060	429308.8
117072	340791.45
117075	1812146.3199999998
117083	1788169.52
11709	1526411.25
117095	11242535.24
11710	5992683.09
117124	389672.5
117132	4512084.01
117133	776615.31
117136	171892.47
117138	525482.4
117158	242219.88
117171	288036.36
117173	183541.83
11718	2617183.5
117182	1113187.68
11719	649951.0
117195	11077217.96
117198	1106519.04
117209	5600913.45
11721	2581946.15
117214	550273.6799999999
117221	593634.93
117223	3364871.68
117229	172934.7
117230	262073.28000000003
117234	855211.5
117236	5886086.4
11724	2871916.92
117240	135209.58
117243	502542.33999999997
117244	2776492.9499999997
117250	336700.79
117251	4526326.680000001
117254	5920986.399999999
11727	1263058.05
117270	3482441.6
117273	2444340.12
117277	1675574.9999999998
117280	2553806.15
117284	295764.7
117291	4398332.4
117296	164607.7
11730	2327962.56
117300	2881457.7600000002
117301	1296043.1700000002
117304	4095658.0700000003
117305	750279.75
117340	3985802.0999999996
117342	925715.2
117345	1107281.0999999999
117353	90299.49
117357	3653166.4400000004
117362	1327330.76
117363	1667392.3399999999
117365	132371.2
117384	4263724
11739	1852454.5499999998
117413	482627.75
117415	5593572.93
117418	737940.0
117422	1851294.0
117427	765404.25
11744	2406131.6
117447	1218649.5999999999
117452	1833551.8299999998
117458	551624.64
117466	6243233.35
117478	4905706.539999999
117502	4677693.48
117508	4271413.0200000005
117521	160608.62999999998
11753	956994.5
117532	6014993.46
11754	916323.84
117541	438604.62
117545	3323324.62
117563	339431.82
117565	291532.98000000004
117573	4718643.36
117586	1246663.4
117595	1840209.5999999999
117598	1681875.6
117603	78702.08
117604	3694927.39
117608	325593.59
117609	897517.44
117621	4904847.899999999
117623	7682534.08
117635	2973231.5
117636	495663.06
117644	3411579.3600000003
117646	6749811.75
117649	1354510.85
117657	3264293.7600000002
117660	4481302.86
117664	4649708.069999999
117666	621183.7
117668	5047164.56
117670	174640.83
117672	4130202.23
11768	1297410.22
117682	456897.87000000005
117689	3151907.0799999996
11769	2022609.12
117690	907142.8600000001
117700	1251214.28
117702	6710696.85
117708	70567.84999999999
117714	2899820.05
117720	2542867.0
117722	1333621.41
11773	10167410.84
117738	2093764.26
117742	165187.65000000002
117745	29394.0
117746	877274.42
117757	9517882.8
117760	2178971.68
117765	1861665.54
117773	2899094.28
117782	1255013.1500000001
117792	6030211.2
117797	360884.82
117800	2445314.16
117814	1880088.08
117816	1383010.41
117827	1014070.47
117829	61683.740000000005
11783	1270173.85
117838	770533.51
11784	584397.7200000001
117843	1586230.9
117857	1682386.3
117870	4396209.95
117872	759916.7999999999
117875	1092992.48
117878	3514944.4
11788	5357878.100000001
117888	3985139.34
117891	636070.2000000001
117892	579955.68
117897	3230977.1999999997
117908	3372057
117909	3376318.32
11791	2478550.6999999997
117914	1726982.13
117917	255186.27
117925	4158505.48
117936	1705119.3599999999
117937	4258950.96
117942	6058095.68
117961	575710.2
117965	2121114.19
117966	1665369.28
117973	2293520.67
117980	501065.75999999995
117988	3476308.92
117998	858689.31
118010	247898.28
118021	1406007.17
11803	2811843.35
118042	675516.97
118051	1892722.02
118055	598291.22
118069	94558.87999999999
11807	313547.32
118075	5947737.6
118082	2612912.3
118084	4515287.7
118085	6164270.84
118086	3620342.8800000004
118090	3874613.7600000002
118092	5006028.8
118099	5925420.27
118100	296614.68
118105	58368.75
118108	2194009.82
118111	96471.6
118113	4081865.76
118114	2647537.2
118117	5893403.94
118119	3494590.08
118123	3862227.1999999997
118133	1897616.04
118137	15345.6
118142	570278.1
118153	9298606.56
11817	1227044.9400000002
118188	3610468.2600000002
11821	20601.98
118220	427276.07999999996
118222	386478.39999999997
118229	7218599.85
118244	2976437.9699999997
118266	1838086.0299999998
118276	4301783.5
118303	74964.96
118306	378128.88
118307	396824.4
118311	2121217.84
118320	3399525.12
118324	10791788.1
118329	3132793.6
118332	4149719.26
11834	524998.4600000001
118345	247113.51
118349	2785109.59
118366	1952929.2800000003
118373	233781.69999999998
118384	1634566.8
118389	5663698.04
118393	834563.85
118394	3249597.91
118409	5519409.09
11841	3574482.2
118411	1910869.3800000001
118412	202147.69999999998
118416	8505858.36
118419	49316.280000000006
118421	603848.77
118435	200027.1
118437	1096318.52
118439	42821.52
118441	294188.62
118444	7578801.39
118447	1376616.5
118448	2129443.8
118452	1354266.83
118453	3515007.52
118463	3173113.3000000003
118474	605194.2000000001
118484	4283602.96
118500	5802718.7
118504	2740740.6
118507	511956.89999999997
118511	5686065.420000001
118519	1114020.87
11852	804412.05
118523	121924.55
118536	2842650.24
118544	4190690.9999999995
118557	1777015.68
11856	6444427.32
118564	731817.7200000001
118573	3411893.9499999997
118582	4262111.28
118593	501836.26999999996
118596	3464552.98
118597	348167.04
118599	337189.55
1186	7138868.0
118606	1152032.7
118614	3488797.2600000002
118619	1535370.48
118633	6318890.28
118636	779037.6
118641	2095101
118642	1971549.0
118643	764097.5599999999
118648	61826.93
118664	2366535.3600000003
118677	2829521.0700000003
118689	271166.88
118690	628425.0
118693	7171435.38
118696	4167138.58
11870	2205182.8200000003
118700	7797177.6
118705	558885.1
118708	570279.2
11871	2886881.5300000003
118710	589815.72
118714	5127524.87
118717	5060840.62
118725	5482657.8
118730	921272.0
118735	5321191.9
118748	783390.3400000001
11875	1442501.85
118760	3275152.3
118764	8337616.56
118774	597327.15
118776	4789263.3
118783	301212.8
118784	2944005.3600000003
118786	569905.24
118792	4325273.68
1188	1983257.24
118807	1013566.1799999999
118808	7299135.44
118810	3276179.64
118811	361247.8
118815	6608789.76
118817	670146.4
118821	1028797.5
118822	5980277.100000001
118823	346197.06
118829	4404269.12
118830	2794969.3200000003
118839	1252491.45
118840	1803541.9
118841	1231957.34
118843	2621783.25
118844	1364742.75
118858	219640.68
118861	306249.25
118864	751698.4500000001
118876	1165896.98
118888	1022054.65
118905	2825442
118914	3320012.5
118916	5157134.76
118924	1580673.98
118932	45951.0
118936	4880596.8
118937	975442.65
118940	7117023.96
118956	7854223.19
118960	3638172.3200000003
118972	3513692.52
118982	5831637.119999999
118998	961361.4999999999
119	1092687.48
119008	819847.46
119013	3779410.32
11902	3530160.58
11903	1238471.1500000001
119031	2101307.67
119033	6007443.84
119035	73118.95999999999
119039	6815947.53
119041	8622397.0
119047	6357434.95
119051	710306.3
119055	4052438.6199999996
119058	3437489.88
119061	4784896.68
119078	1300379.19
11908	839271.6799999999
119109	1993341.42
119112	931542.5399999999
119117	643618.9199999999
119136	4246359.44
11914	396530.56
119140	2911280.61
119146	3300616.8000000003
119152	1055632.5
119155	1182153.31
119160	906964.24
119161	3156456.63
119162	2177093.14
119169	1188618.24
119177	1053488.27
119179	1413648.6
11918	4475755.66
119180	313141.36
119188	3100896
11919	4209679.44
119190	531918.64
119193	1173803.8499999999
119198	1197579.75
119207	1686293.66
119213	53745.72
119216	5227456.14
119219	167763.56
119228	2623683.15
11923	167390.55
119232	3821277.9000000004
119237	4600230.4399999995
119238	1026348.08
119242	4614909.84
119252	2356345.67
119253	338804.62
119257	2477614.62
11926	8433199.52
119260	2412036.0700000003
119286	173668.25
119300	1519013.9200000002
119306	5892971.8100000005
119310	9776927.209999999
119335	513823.27999999997
119337	150879.3
119340	2030326.27
119344	3561154.68
119355	1198310.43
119373	3138266.2800000003
119381	3309803.04
119392	500048.37000000005
119393	1865912.76
119397	45256.549999999996
119398	513508.06
11941	3185051.32
119410	4589012.16
119411	212878.5
119415	1441927.75
119421	1139016.18
119422	3124406.32
11943	2502329.28
119451	6541131.600000001
119455	1341205.32
119458	3004573.25
119460	1544803.4
119477	3454869.76
119485	5656820.5
119489	889837.5
119494	1501892.82
119497	2758515.7600000002
119506	3660475.17
119512	106414.8
119516	1442809.4800000002
119523	3658811.54
11953	5586742.85
119541	2026413.81
11955	756804.98
119552	614425.5
119562	6305451.14
119571	443195.19999999995
119583	2490308.16
119586	3385441.3699999996
119594	12378.300000000001
119599	553827.33
1196	505674.58
119606	1643910.4000000001
119635	932700.7000000001
119644	620925.99
119647	1258563.24
119649	121639.47
11966	7945197.48
119669	3264534.02
119682	196713.96999999997
119684	444735.89999999997
119690	4820895.91
119693	401518.64
119706	2444187.01
119707	584514.0
119709	4198759.5200000005
11971	997286.4700000001
119710	6169613.57
11972	6068132.31
119720	89853.41
119725	3031782.78
119732	943337.12
119740	498336.95999999996
119741	1605475.27
119745	76103.64
119747	7832066
119755	1218142.1
119758	2849094.27
119761	1886428.6
119762	5539032.899999999
119763	1864811.3399999999
119765	9110768.79
119767	4265605.0
119771	198778.80000000002
119772	3182400.24
119781	9356395.73
119784	1444083.03
119788	543665.14
119791	5593944.06
119795	687850.03
119807	1416884.56
119812	428540.97
119829	3222949.8000000003
119830	464009.92
119851	5727816.04
119853	1462133.79
119856	1856997.24
119864	2448995.0100000002
119868	5017014.0
119874	6698094.56
119876	1496629.68
119880	1162691.2
119885	2953834.17
119895	32474.16
119926	1888236.3800000001
119933	1074960.18
119938	1484180.06
119958	1014916.0700000001
119963	4235964.720000001
119969	4180665.5999999996
119977	45640.4
11998	3723250.9200000004
119989	9273814.2
120	2832677.7600000002
12000	7799702.68
120009	441583.56
120012	403060.68
120018	429970.10000000003
120032	4749489.0
120043	1861836.24
120052	3669864.12
12006	5575809.09
120068	821192.0399999999
120072	5723132.19
120073	4296235.95
120076	1028029.92
12008	617431.06
120084	2842693.69
12009	2457416.64
120096	2743740.72
120099	5371860.600000001
120104	3233007.3600000003
120108	3194998.68
120112	129880.87999999999
120119	194246.25
120124	5097400.65
120128	4769757.720000001
120130	1636001.32
120134	967915.5199999999
120136	3420006.8000000003
120146	8373796.2
120147	6904180.8
120157	1914603.39
120159	4776423.3
120166	3115202.4
120170	651320.18
120179	1221996.14
120181	1062329.58
120186	828370.72
120198	563647.5
120200	578986.42
120209	927694.4199999999
120211	3661429.8000000003
120212	1519023.81
120217	2370176.64
120221	7212806.640000001
120224	3219261.61
120231	1087995.69
120247	1678082.4500000002
12025	32786.880000000005
120253	419291.62
120257	829720.66
120267	1454301.48
12027	2391560.7
120271	2807466.6
120274	1649962.53
120282	1343700.75
120291	131474.96
120292	839767.5
120293	4926176.88
120302	11857707.549999999
120307	29820.12
120310	111370.14
120325	8549976.6
120327	2431298.03
120349	6043609.12
120353	868510.1100000001
120368	6222000.300000001
120373	2773394.99
120380	4511699.25
120383	3337189.1
120386	4040393.75
120389	4888049.600000001
120397	3496073.22
120400	5026826.63
120401	309835.71
120403	735824.7899999999
120408	8768011.120000001
120418	122841.87
120424	172978.19999999998
120425	3019375.7399999998
120427	42026.88
120436	1986851.68
12044	208838.88
120444	4985775.880000001
120451	131786.2
120452	3511555.3
12047	1739408.5799999998
120476	5691771.3100000005
120483	5959327.95
12049	114458.81999999999
1205	2971470.28
120508	3772600.98
120519	3855384.8
12052	8411519.28
120532	496262.05999999994
120553	4283879.6
120562	644193.75
120564	1969768.3199999998
120578	3088473.2
120579	711164.16
120586	876286.08
120591	6110807.18
120593	1951875.2000000002
120595	2267824.65
120597	955269.3600000001
120600	8793558.06
120602	5232182.58
120609	2498225.88
120616	7037830.34
120618	2211459.9
12062	1615787.96
120622	381910.49
120623	1759607.86
120628	886185.0
120629	1838407.86
120633	3160490.19
120644	293163.73
120648	4601299.5
120652	4909945.51
120653	433591.59
120662	1796986.8
12073	576494.6
120730	3611845.8
120731	3807339.9
120740	1116859.3699999999
120755	2330529.41
120771	207017.25
120775	2083177.05
120776	2093776.64
120785	2806135.47
120788	2396031.13
120793	4715003.7
1208	3017968.1
120814	4441668.16
120816	3174168.55
12082	330330
12083	501018.24000000005
120830	640323.8400000001
120833	2532012.8600000003
120840	4210007.94
120842	7871986.78
120855	5651039.699999999
120858	2978726.4000000004
120860	8570610.440000001
120876	4552490.949999999
120884	3592417.4
120895	6245358.72
120899	6736252.949999999
120901	1260137.24
120903	713660.58
120918	690559.72
120920	6149446.239999999
120921	2682125.6300000004
120926	558008.17
120927	395111.25
120928	956428.77
12093	1813510.5599999998
120932	269564.49
120948	1470314.19
120950	2928074.42
120954	849418.68
120958	6634038.459999999
120963	681757.02
120964	866288.78
120968	1289426.4
120983	359431.49
120984	3648664.8000000003
120995	4450528.600000001
121000	310044.56
121008	3080589.4
121009	4099957.95
121016	554995.54
121021	6513849.699999999
121034	1566834.24
12104	1934090
121063	3868580.6900000004
121066	440458.82999999996
121083	3589665.18
121091	7807043.64
121093	4763717.53
121097	2671641.72
121100	6842674.02
121103	2014028.64
121106	2451232.0
121107	2576812.7500000005
121108	1373078.34
121117	2343881.57
121123	1374773.0
12115	6360202.659999999
121152	3758364.9
121158	1504656.9000000001
121160	1830317.25
121169	1885185.72
12117	6735777.0
121172	242706.62
121174	78268.84999999999
121188	474271.5
121198	373399.95999999996
121199	2563800.03
121202	2519255.31
121203	9492601.3
121209	214156.56
121219	4252731.84
121225	1751828.4000000001
121227	1230264.8
121235	434970.25
121240	2743039.34
121244	77301.89
121250	4684233.12
121256	2360198.23
121257	6558048.98
121271	13908336.0
121272	2657614.96
121275	6664241.17
121285	901168.3200000001
121286	2521348.5
121287	748984.64
121292	1612175.46
121293	141490.71000000002
121294	10764225.219999999
121295	383499.48000000004
12130	411954.7
121305	330319.96
121308	1221104.76
12132	618225.19
121322	8612948.23
121326	8359635.52
121332	4736376.84
121339	3654328.86
121348	5272164.84
121350	2348698.65
121353	84943.74
121367	1570093.95
121372	4387507.59
121373	5884622.45
121386	1032352.17
121396	7351872.1899999995
121399	3467730.0
121401	1049387.96
12141	7253061.13
121414	2845787.7
121424	1367385.1199999999
121427	6967559.2
121435	1215370.56
121445	3752258.1799999997
121450	33783.590000000004
121465	368221.95
121469	180972.08
121472	1855016.04
121482	3589202.4000000004
121493	4197546.72
121497	5073088.8
121499	4723957.24
1215	1344383.2000000002
121503	757577.79
121508	3867030.56
121522	891271.3200000001
121523	3378392.28
121541	8275390.260000001
121549	3091963.6799999997
121550	4286990.74
121551	313660.2
121558	4283557.92
121562	8887740.4
121564	684640.72
121570	5241485.79
12158	667703.3999999999
121588	775174.29
12160	7136379.74
121619	688008.0000000001
121620	1368097.5
121622	8018462.17
121628	2998762.8
121644	497513.5
121645	1998310.5999999999
121649	3105914.13
121657	3054502.05
121663	3872618.0999999996
121670	3552677.3800000004
121671	5397534.66
121672	7487430
121679	91869.52
121687	705862.56
121688	1889723.85
121698	2042235.7200000002
121699	4044779.52
121702	1622762.26
121706	7408613.260000001
121708	1721011.5
121718	4627473.3
121721	1612700.6600000001
121722	83939.56
121727	6138030.960000001
121730	4880686.08
121739	933276.4
121742	462302.47000000003
121746	2465702.05
121747	1482138.27
121750	710375.42
121751	45192.700000000004
121762	7456650.46
121766	30396.34
121769	981200.7
121770	503392.26
121774	3895004.0
12180	5501665.92
121801	1531195.8800000001
12181	3830573.76
121810	227655.00000000003
121817	412793.01
121819	5388727.26
121837	1076863.7
121845	2720752.92
121849	4179004.41
121853	6200051.52
121875	235850.77000000002
121885	2441456.0
121891	6337287.3
12190	6041838.25
121901	1082091.2
121903	1482254.8
121907	6821978.399999999
121908	129448.70999999999
121919	2758379.9600000004
121922	1620687.6
121926	4755036.85
12193	4601363.69
121931	4449013.73
121932	2307744.78
121961	4175899.2
121966	86365.44
121971	629403.39
121976	329726.56
121987	1509656.06
121995	324221.12
122000	2586265.05
122003	2264127.72
122008	40404.7
122016	3045060.93
122025	5746829.859999999
12203	1620723.0599999998
122033	3057053.44
122050	5285142.0
122051	1018402.05
122052	2175935.5100000002
122071	3462745.26
122073	841241.25
122082	3294072.8
122093	2303038.45
122099	693040.87
122104	2558676.12
122108	9829949.350000001
122117	4160446.7199999997
122148	9046298.17
122157	2812483.83
122158	1127331
122160	6651011.5200000005
122170	1350315.2000000002
122180	267718.55
122193	185719.05
122196	3173576.4
122199	619661.61
1222	347089.16
122205	1939580.0
12221	1637492.73
122211	2516133.67
122216	7859449.01
122219	9604888.200000001
122225	8816821.86
122231	473921.03
122235	556462.14
122248	4506710.13
122251	3171052.5
122255	10335760.32
122266	357649.64999999997
122267	2708772.48
12227	7142558.0
122272	8580400.77
122276	1891584.41
122280	5684436.36
122281	2287290.52
12229	4418866.36
122292	167750.72999999998
122299	1773153.69
1223	50067.4
12230	2234618.56
122306	2113772.5
12231	5865401.29
122315	997900.0
122317	1354632.99
122320	43451.520000000004
122323	4003952.6999999997
122338	596469.03
122339	5630751.340000001
122374	508757.51999999996
122379	4564529.46
12238	2088989.71
122384	3230054.92
122387	70856.04
122389	2755820.98
122394	168912.0
122397	7947106.2700000005
122406	1012968.1799999999
12241	1038343.2000000001
122433	2871421.5300000003
122436	7074252.33
12244	189649.6
122449	3655520.88
122453	1790171.88
12246	94492.8
122468	54035.52
122474	103028.5
122488	4609257.600000001
122496	2628586.52
1225	4591547.82
122500	344939.43
122507	2316517.12
12251	1878559.75
122516	5566568
122521	1788698.25
122524	4340313.72
122530	3794342.37
122540	802459.0
122548	1581635.2
12258	3450652.47
122580	3681411.32
122583	741655.18
122584	2282320.0
122585	3115803.15
122598	4239680.4
1226	6176020.2
122608	3946189.25
122611	12222812.98
122616	5219178.3
122620	4630921.300000001
122621	7074230.100000001
122624	914719.3
122636	1745732.1400000001
122640	7410986.1
122642	4776423.37
122643	874478.22
122645	2675991.37
122648	383846.4
122658	687776.65
12266	2721604.91
122671	2491773.57
122675	1355113.78
122678	1787253.3
122682	1549780.8599999999
122695	2204382.18
122698	2069192.5299999998
122710	45387.36
122712	1333382.9600000002
122717	8646758.540000001
122721	6113798.25
122724	2548924.2
122729	102321.24
122733	3038901.68
122735	3306565.8000000003
122736	174843.71999999997
122759	899762.6
12276	819782.46
122779	4304639.0
122786	4228668.21
122789	5893345.44
122791	6694552.14
122794	672103.86
122803	2315293.56
122804	7811123.32
122805	4941124.0200000005
12281	762383.36
122813	2519157.36
122814	8711119.14
122819	7888881.02
122822	892633.7999999999
12283	897922.96
122832	3285453.1
122847	3465726.66
122850	3396253.0
122853	2762609.64
122865	1549450.0
122867	3369059.1999999997
122872	2696537.07
12288	3215346.91
122885	373068.8
12289	3857947.25
122892	679955.53
122900	6485575.159999999
122909	2469408.95
122912	5092686.0
122913	2278752.8400000003
12292	2379615.42
122930	1835633.25
122936	386110.02
122937	486085.17
122939	8636378.0
12294	6933671.2
122940	5868762.8100000005
122956	676917.15
122963	1304996.9200000002
122964	6885467.52
12298	1187484.1099999999
122988	6640594.91
12299	2676501.75
122995	1180717.65
122996	6232270.56
123017	889443.94
12302	4390322.3
123020	5189915.5
123026	933536.78
12303	984533.59
123031	24020.75
123050	1098179.28
12306	3768261.84
123061	4634273.32
123076	10161225.78
123080	647836.32
123086	17186.4
123090	5356117.109999999
123091	265524.7
123092	2032351.2
123103	628909.08
123105	458023.8
123107	1748080.17
123108	4623448.899999999
123112	727371.28
123114	71516.25
123117	3235029.33
123121	4047664.4400000004
123130	4926930.6
123135	2928377.6799999997
123141	925644.72
123145	268343.85
123164	5376257.0
123174	112871.0
123204	5430454.26
123219	6422538.72
12323	4860987.04
123242	2551893.42
123243	1298264.22
123278	360515.77
12328	2198425.23
123283	1853161.64
123287	898674.06
123288	108329.94
123297	3331566.67
1233	1653473.25
123300	1631604.48
123304	1656032.4000000001
123305	369060.18
123324	9061870.95
123328	838498.99
123342	5650701.16
123345	297738.37
123348	4089627.06
123354	1964721.5
123359	1605529.53
123367	6547657.56
123370	1098460.77
123388	6537424.88
123396	943014.15
123411	5912197.7
123413	6801196.4799999995
123415	708672.98
123422	3893185.3000000003
123427	470622.74
123428	1092498.5999999999
123430	516880.99999999994
123432	602218.6799999999
123433	2781843.48
123438	5173601.84
123439	1521347.59
123440	151176.24
123459	145399.36000000002
123460	1187684.88
123462	1588885.54
123466	4755638.100000001
123470	2116154.7
12348	5412061.71
123480	6692169.0
123495	3981340.44
123496	5236401.04
123498	7759874.75
12350	1329086.51
123512	2395931.72
123520	8672456.25
123521	3309942.8
123528	67316.48000000001
12353	583447.98
123533	3269343.87
123540	1454752.1800000002
123557	519578.00000000006
123571	2479791.0
123572	1940129.52
123575	806341.76
123578	4237344.359999999
123581	115800.0
123595	6731949.33
12360	1690799.94
123603	1909506.3
123609	561552.6
12361	2474669.08
123612	2969905.86
123615	1284921.54
123616	2409560.37
123618	6271104.38
123619	442348.16000000003
123635	3745111.94
123652	1828840.7200000002
123670	3802564.42
123672	672003.16
123681	641678.88
123684	3525136.2
123686	697481.76
123689	2656073.9
123710	787263.62
123711	1115636.6400000001
123714	956204.7799999999
123715	3262857.7399999998
123721	2465205.6
123731	2977691.58
123735	3845727.36
123739	2616946.03
123747	7187336.4
123749	2980077.12
123752	510065.64
123759	1338629.56
123762	6051176.72
123768	5367281.0
123769	588449.0700000001
123783	2168996.7
123784	402605.25
123786	8239581.239999999
12379	6405245.42
123790	781896.7899999999
123796	3027880.57
123798	8192385.97
123799	3191101.9499999997
123804	6079936.61
123805	1067049.6
123806	3099446.28
123817	906767.88
123820	275326.0
123831	1596998.79
123836	1074542.7
123838	4372054.68
12385	1350864.84
123851	1702822.2400000002
123860	1382160.75
123862	1031805.62
123863	911907.72
123865	1075158.75
12387	1794352.02
123879	3558119
123885	1850271.5999999999
123891	3576274.1999999997
123898	21448.98
123899	2278740.1
1239	2405206.3000000003
123908	8128920.54
123913	232883.28
123926	4278817.4
123936	81636.35
12395	757565.8999999999
123957	5511862.29
123962	47068.74
123977	5558748.08
123981	1310944.8
123984	2246042.0
123994	212435.09999999998
124009	424361.14
124011	339884.86
124015	1417943.1099999999
124020	7548449.89
124022	2835427.6199999996
124026	852929.9999999999
124034	2089575.34
124035	312842.85
124053	716104.23
12406	3222428.1
124061	648820.9
124062	927875.5
124063	1593213.1
124076	60432.2
124082	372976.96
124084	680865.6
124092	25224.1
124100	169894.93
12411	893009.16
124121	5195292.48
124127	2073369.8699999999
124131	2876127.5
124134	1097647.8
124135	57734.34
124156	5004163.44
124157	1561794.55
12416	3902409.2800000003
124161	864091.7999999999
124182	779640.23
124184	1118681.01
124191	4201382.64
124194	5360903.8
124199	1967879.52
124200	6008340.600000001
124203	4250740.800000001
124210	1315133.26
124211	359537.61
124214	968112.2799999999
124218	3462085.64
124220	5700287.6
124233	1583839.8
124234	856114.9299999999
124254	6559546.05
124258	1239851.0699999998
124259	433594.08
124262	2978150.4000000004
124263	3918681.9400000004
124274	7099665.65
124278	6814465.399999999
124281	9930018.9
124282	2618275.67
124286	1898082.9000000001
1243	6252474.77
12430	3453209.44
124313	292274.83999999997
124322	5179182.399999999
124331	2152579.04
124349	7236800.34
124357	459833.22
124361	246867.0
124365	1051743.6600000001
124367	3917148.44
124387	1117558.28
124390	4749111.71
124397	1511751.18
124403	6952186.8
124413	170799.2
124415	853686.38
124419	567083.0
124420	466558.43
124430	3007920.94
124431	3535733.8800000004
124434	1737266.44
124435	2700331.32
124443	76565.55
124444	4448552.43
124464	4090101.54
12447	1088134.98
124472	84587.48999999999
124473	876043.89
124488	1604755.8
12449	2925427.1999999997
124499	149558.8
124507	430525.52999999997
124515	4692719.199999999
124516	3192494.76
124528	3063226.96
124537	8889770.71
124545	277941.01
124546	4692719.94
124562	571846.7
124563	2216901.0500000003
124581	653289.97
124583	2017246.8399999999
124605	790088.6
124611	2496816.08
124616	5144925.87
124620	9838589.14
124622	388339.56
124624	1506236.88
124644	970195.38
124657	1239601.83
12466	75944.82
124660	5122043.01
124669	762456.74
124682	2626910.9
124695	583012.08
1247	2239553.2800000003
124708	1514900.52
124711	8042722.72
124715	136656.52
124717	1538705.2300000002
124723	5148816.96
124728	3397954.7899999996
124730	93861.23999999999
124731	5998988.779999999
124737	683116.72
12474	959550.9800000001
124740	784078.84
124747	877580.52
124756	1941999.2499999998
124760	104884.16
124763	1464539.72
124767	4296964.399999999
124770	5279118.3
124779	913202.5000000001
124784	4687130.569999999
124787	5165918.52
124788	618053.9199999999
12479	4121837.0999999996
124792	8457633.7
124793	1504940.57
124827	6650314.819999999
124829	3992918.2399999998
124832	5020560.5200000005
124843	740418.0
124850	2806129.1999999997
124851	9228982.68
12486	3573306.36
124870	2358355.6
12488	1152103.68
124886	4333251.06
124896	7490633.28
124901	3187587.4099999997
124906	153621.84
124909	1126402.2
124913	4215832.5
124938	1074769.92
124945	317231.19999999995
124948	518356.04
124952	1372010.57
124964	206559.0
124965	5942704.53
124980	2875234.0
124988	8966805.22
124994	29136.100000000002
12500	618248.75
125008	1064707.0
125019	829452.7999999999
125028	265905.38
125033	5140779.63
125052	1424810.46
125060	1028085.85
125072	2662721.6700000004
125084	1961065.87
125092	1526882.96
125095	198185.40000000002
125096	3017493.9
125097	2637353.34
125110	6956822.88
125123	8262732.65
125128	361197.76
125132	883746.48
125133	1820897.1
125135	269871.0
125136	2784809.52
125146	222586.56
125148	2429330.31
125152	2402847.7199999997
125154	3317103.08
125155	4987505.13
125157	3256555.75
125160	1929940.3199999998
125170	1071671.6700000002
125176	1176980.0
125187	4690477.12
125188	856957.9500000001
125190	19128.399999999998
1252	1351491.84
125200	1230862.5
125207	2430635.31
125210	994534.92
125222	29538.18
125229	5657869.29
125233	4153502.8000000003
12524	60950.65
125241	5121382.95
125243	3303028.08
125245	1377558.3299999998
125247	3674242.74
125268	6289069.92
125271	3345999.75
125278	3859327.4
125283	28637.05
125286	53761.68000000001
12529	7379439.6
125298	457548.46
12530	4484033.359999999
125301	4823225.46
125303	530912.5499999999
125306	241777.54
125315	487327.2
125317	1237995.23
125325	2078715.66
125326	3263257.8
125329	9198688.5
125344	3665204.4
125356	3874236.91
125359	2033577.04
125362	2589008.4
125365	5695005.34
125379	1306744.1199999999
125384	1484897.4000000001
125394	2815090.08
125397	1915818.6600000001
12540	4097504.7600000002
125400	4427390.24
125403	1584306.08
125412	1498465
125421	1861732.44
125424	1364749.1
125425	340920.75
12543	569844.31
125449	1041174.8099999999
125452	3982977.0700000003
125459	3150916.58
125468	1208594.6400000001
125475	738715.12
125476	6374976.659999999
125484	6614514.4
12549	1705813.2000000002
125508	1116075.01
125529	391612.0
125538	94874.0
125543	1370096.7
125555	7229774.2
125562	1976411.7000000002
125571	568053.29
125573	5022581.76
125576	2495075.0399999996
125578	1610363.0399999998
125585	3964086.21
125588	6006312.99
125592	930610.5599999999
125594	1671461.92
125598	3055187.16
125599	1886730.0
125602	206182.69999999998
125604	80943.12
125605	2165076.7800000003
125609	662985.12
125615	653605.36
125617	2211384.96
125620	499851.3
125624	1211205.5999999999
125629	91562.51
125676	4863875.95
125686	4057357.85
125706	5564374.5
125716	2011962.29
12573	4186441.4799999995
125731	1057145.01
125752	4035114.21
125755	1327934.5
125790	3989600.58
125792	4027445.55
125795	1239719.76
125799	1523397.9200000002
125806	495013.74
125809	3450154.9299999997
12581	3529362.45
125812	1479827.4000000001
125816	2846744.94
125817	1071339.8399999999
125818	596072.7
125831	5195887.76
125836	2047992.87
125852	1325087.01
125857	124065.6
125860	619905.0
125871	2861141.4499999997
125875	827331.4500000001
125879	2803744.7299999995
125882	4457344.14
125902	2261994.98
125908	662970.35
125923	5916204.44
125925	1254793.54
125930	3404905.69
125934	6857100.48
125939	4759927.74
125940	1538421.15
125942	5862301.36
125944	778666.68
125945	4925967.4799999995
12595	1851000.62
125951	2552336.64
125952	311190.27999999997
125960	582692.4
125971	703711.8
125972	2517838.2
125974	1465944.61
125992	6335866.319999999
125997	6015756.0
126007	1566465.82
126010	4275196.38
12602	878455.7200000001
126024	4832311.04
126032	69925.06
126033	4328671.41
126040	8312623.2
126052	1510137.71
126059	316137.04
126069	3049973.4400000004
12607	2551598.85
126079	4759769.44
12608	183478.13
126083	3401376.15
126084	2671854.5
126087	282134.12
126090	1478856.83
126093	4186323.43
126107	165208.33
126115	2581546.24
126121	5066117.19
126124	1501129.21
126128	1566849.75
126130	76542.18
126131	4343316.18
126134	899624.66
126147	1906877.7
126150	2946017.85
12616	157702.82
126164	1741159.2
126179	51748.740000000005
126184	676040.4
126193	99226.15
126196	694270.1900000001
12620	4942746.42
126201	4660441.2
126203	702972.51
126211	3428264.71
126216	1734256.3199999998
126222	2497995.4
126223	4098630.12
126226	910983.6
126233	89023.37999999999
126243	392952.47
126247	306666.88
126251	3282897.83
126261	2461596.85
126262	722219.64
126268	6303600.16
12627	814207.94
126270	2824887.1500000004
126271	67366.18
126274	356550.72
126280	3353404.62
126281	3568752.81
126295	546892.56
126296	642603.68
126298	323730.75
126302	2154645.1799999997
126308	3235172.88
12631	4542245.44
126310	1569883.0
126311	3928274.0999999996
126315	903760.4
126316	4111065.1199999996
126317	1627345.8499999999
126318	7090904.97
126326	2100346.07
126329	1385554.5799999998
12633	8694559.36
126332	3295572.6900000004
126343	2091614.98
126348	265467.68
12635	1094257.9000000001
126350	4859273.25
126362	4970355.09
126372	138853.25999999998
126375	390222.0
126391	1574780.89
126397	433367.88
126400	7147444.52
126403	780437.46
126411	2712927.24
12642	2496755.4000000004
126420	6133316.96
126425	1142427.1900000002
126426	1668821.53
126438	911064.0
12644	1512350.73
126458	4011524.6999999997
126469	7451035.27
126484	500547.16000000003
126489	1783646.7
126493	2611445.42
126496	3125527.0300000003
126499	6416746.600000001
126517	6788898.55
126521	1814816.38
126523	2250510.57
126525	1713169.92
126527	4816611.0
12653	749696.4400000001
126534	35196.72
126538	850473.3
12654	2842863.92
126546	2555611.5
126564	681053.9600000001
126574	1564082.4
12658	55993.95
126588	2817134.3200000003
126594	6351070.68
126596	2783212.44
126598	1725981.0399999998
126604	1622447.5000000002
12662	8067248.850000001
126633	5721554.44
126639	4818204.399999999
12664	1019368.56
126643	2138075.89
126647	283817.94
126648	3771677.2600000002
126655	2399882.1
126663	5415126.600000001
126668	775988.5
126669	1164075.66
126673	2950405.92
126674	2207682.39
126684	3240558.72
126694	8522783.37
12670	3226807.5999999996
126703	610887.38
126706	5291175.28
12671	2561876.74
126712	2174183.55
126715	6772453.800000001
126718	516781.5
126723	2693058.0300000003
126726	3615876.08
126730	8325974.399999999
126738	8084199.199999999
126745	976859.91
126746	3425540.4000000004
12676	1006469.75
126770	2815093.2
126771	4344940.04
126774	518118.4
126775	1349147.8
12678	4591089.7
126786	1955528.27
126790	3144915.15
126793	1782831.9
126794	1532222.4
126798	655817.4
1268	1819786.56
12680	3386646.12
12682	5220776.590000001
126821	8425180.68
126825	10947.64
126843	8370761.28
126861	449111.39999999997
126867	1847113.6199999999
126873	5777221.8
126877	3972182.41
126879	2631809.53
126883	8611373.42
126884	3071384.91
12689	2794402.65
126899	231670.95
126902	2281473.81
126908	6202122.84
126909	7255572.93
126925	6723096.09
126937	903864.4199999999
126942	3732576.12
126943	2782989.92
126946	2012437.0499999998
126947	765840.6
126955	1826690.58
126963	787078.9500000001
126971	2274180.12
126976	934458.0
126984	3241510.1
126992	131246.7
127000	3626590.8
127009	1624563.98
127027	5115192.62
127028	2660095.46
127040	816211.62
127049	5036978.26
127058	2595781.3
127069	842894.52
127074	2733739.4
12708	1305683.4000000001
127080	2217351.46
127093	460841.57999999996
127095	456723.89999999997
1271	2289526.98
12712	444571.83
127123	2069451.4500000002
127132	3140158.3500000006
127134	184558.96
127136	42419.97
127156	34271.25
127169	6118512.2
127172	57321
127181	1000149.12
127192	5583151.56
127194	112731.75
127195	1015147.52
12720	446455.36000000004
127207	5556303.36
12721	33668.81
127211	3428835.72
127220	144622.15
127223	488616.96
127227	8161344.92
127229	1187938.44
127231	546728
127235	604951.88
12724	2594525.76
127240	2398843.8600000003
127242	5188909.47
127243	1279218.5
127248	5011920.66
127249	546652.16
127252	456458.76
127268	1482439.18
127272	1173131.7
127275	3430871.1900000004
127279	3965783.55
12728	959095.8
127282	2714345.61
127291	1725810.24
127293	7360707.84
127296	4616317.26
127300	3367260.7199999997
127304	4325389.17
127305	4244336.46
127339	397029.51
127341	4380627.33
127344	90842.5
127355	2816502.5
12736	1812003.7999999998
127360	5414818.76
127362	6003441.6
127363	5337384.98
127382	270552.02999999997
12740	1832465.19
127412	3613707.1
127413	3690459.76
127418	3302893.75
127421	1260291.3
127425	6357340.399999999
12743	1610414.26
127444	2274641.05
127450	6193112.32
127464	2122389.65
127476	1588746.5999999999
127477	217869.59999999998
1275	1431300
12750	1918959.0
127500	123779.18000000001
127506	1174210.62
127520	875610.45
127531	1384982.41
12754	1306670.0
127540	1815611.46
127545	5836712.64
12755	1221242.04
127560	5486702.359999999
127564	4949281.13
127572	4601366.78
127584	22418.46
127592	1381367.9
127596	3053143.4999999995
127600	1069769.0
127604	3357122.0
127607	503459.83999999997
127609	1073090.37
127618	3878011.8
127622	251551.75
127635	5063804.5600000005
127644	3459594.6
127645	482245.92
127647	531629.76
127654	2631560.08
127658	1367205.29
127660	7074641.859999999
127664	3393288.64
127666	605971.26
127667	270192.73
127669	2591177.46
127672	667957.5
12768	5589899.44
127682	631315.41
127686	1696082.74
127688	6114086.35
127699	4969647.62
12770	238264.67
127700	196356.16
127705	610570.42
127712	2570227.97
127719	1687924.04
127722	556500.96
127735	1918964.72
127741	4582806.45
127745	9191271.559999999
127755	2110881.5
127757	1714552.0
127759	3221889.3
127770	804996.0
127780	4939313.91
12779	414238.0
127790	2064154.71
127795	1559924.8
127798	6719684.2299999995
127813	840105.9
127815	994908.5
127827	76679.2
127829	198371.58
127837	6467607.720000001
127838	4618563.84
127841	5508092.100000001
127856	1897480.0
127868	3177522.14
127871	724189.46
127874	770523.42
127877	5627670.37
127885	3055265.64
127888	5621740.56
127891	5408994.08
127896	5854684.26
127906	1972530
127909	213265.5
127912	131137.05
127915	4511551.890000001
127924	149061.47999999998
127936	1708084.7999999998
127937	574355.5499999999
127939	61295.85
127961	3463214.16
127964	4661066.569999999
12797	385786.8
127971	7594187.64
127980	81026.31000000001
127988	600327.73
127996	1869230.74
128	3567004.56
128007	497062.28
128020	1573744.5999999999
12804	1382041.11
128041	3648778.9999999995
12805	1745826.7199999997
128050	2563912.04
128052	896773.0
128067	1049167.1
128074	6785473.95
128079	6629188.739999999
128081	2480742.2399999998
128083	2454300.0
128085	491908.35
128088	1130220.0
128090	1935645.6
128097	1975406.93
1281	3793232.4
128100	3008216.61
128104	1971417.66
128106	521331.01999999996
128110	2318927.35
128111	5331105.649999999
128114	4032482.8
128116	6398473.88
128117	4695941.319999999
128121	2755804.9200000004
128132	2077075.0
128136	471628.15
12814	2937862.0
128141	5626544.1899999995
128150	51594.4
128188	1986548.8
12819	655034.48
128218	2081184.3100000003
128219	1047714.8799999999
12822	1911610.36
128228	6700687.5
12824	4814020.52
128243	2082456.6
12825	6161595.6
128264	4253049.600000001
12827	1693327.8800000001
128273	1159378.92
128302	7367975.12
128304	3517231.77
128307	2707988.64
128311	2883200
128318	5057782.04
128324	5523224.32
128328	3460988.3499999996
128329	2775778.6999999997
128330	1553441.6
128343	4462057.16
128348	4618877.4
12836	433218.72000000003
128364	697005.12
128372	955347.36
128383	760058.07
128387	220534.65
128391	54746.549999999996
128394	766545.0
128406	2958041.7
128408	1282070.86
128409	2646058.3200000003
128414	519665.19999999995
128416	387844.72000000003
128420	9328206.35
128435	8004242.88
128436	3150776.0999999996
128437	4067068.94
128438	3935869.68
128442	2159355.31
128446	3812204.42
128451	1827327.23
128452	5484538.72
12846	706367.72
128463	2162303.08
128472	182377.2
128483	762121.92
128497	7579075.470000001
1285	2260852.77
128504	1428610.0
128509	5774901.21
128522	492332.58
128544	3449847.02
128554	899805.2999999999
128564	2710179.0
128571	8106788.8
128579	1501766.24
128581	5356115.38
128591	3551053.32
128595	3694104.92
128596	1018983.68
128599	4578315.3
1286	177536.69999999998
128605	1272043.38
128611	21375.55
128619	4018498.8000000003
128633	456481.62
128636	925379.8400000001
128640	1156030.33
128642	5940042.079999999
128643	3279099.12
128646	328782.52
12865	2894976.7800000003
128662	1591427.25
128676	6022760.13
128686	2098216.2600000002
128687	5694091.92
128690	623850.85
128691	76213.5
128696	3895694.6999999997
128697	5977737.72
128705	1183199.71
128707	9413428.5
128708	3366390.48
128713	323429.10000000003
128715	8606833.620000001
128723	2882001.33
128728	991070.2200000001
128732	1343158.2
128745	2587775.42
128759	1624543.32
128763	3063189.7600000002
128773	894599.42
128774	934461.36
128780	1389952.4000000001
128782	1273506.26
128783	7076162.0
128786	260741.88
128792	640721.0
12880	3181984.4
128807	654913.43
128808	2482198.2199999997
128810	905390.64
128814	8336435.56
128820	7892882.72
128822	60158.799999999996
128823	4718428.74
128827	117294.66
128829	1925059.29
12883	3017701.2800000003
128830	75579
128836	4166424.2800000003
128838	196737.30000000002
128841	6729646.13
128844	602349.16
128855	1747793.6400000001
12886	3040719.2
128860	3613163.5800000005
128861	66156.2
128874	2103517.5
128887	3006381.79
128902	2089397.7000000002
128912	5767968.78
128915	4125942.1500000004
12892	527952.0
128923	2300716.77
128932	2197847.04
128933	1501699.12
128937	3653960
128938	6574277.13
128953	4627152.81
128957	103327.51000000001
128981	2529608.16
128996	722114.1
12900	889110.47
129008	1754855.36
129011	2513812.5
129029	1927722.4
129033	1254862.95
129035	93081.23999999999
129037	1496905.52
129038	927725.6
129039	4819650.98
129046	434336.39999999997
12905	3854767.2800000003
129050	6024949.26
129052	440867.63999999996
129058	11119112.2
12907	2121525.3
129076	1870752.2
129108	1328103.5899999999
129110	1724489.0
129116	3530573.39
129133	1228227.65
129137	8215478.399999999
129145	3558017.61
129151	1341305.95
129155	973334.7
129158	5130496.8
129159	1605015.9000000001
129160	1627705.03
129167	1460177.28
129175	2262290.25
129176	1129710.74
129180	6169035.6
129186	3386447.02
129187	3180174.16
129190	3179880
129196	666286.02
1292	3601384.48
12920	3916908.94
129206	7398580.4
129210	2557003.84
129215	52503.399999999994
129218	1021534.08
129227	353441.85
12923	1260066.3
129230	4200650.92
129234	3715394.44
129235	3146520.38
129239	4520485.2
129242	596589.2999999999
129250	519768.8
129254	2876874.5
129257	3050627.5
129286	6418272.000000001
129298	3445148.9000000004
12930	2230601.89
129305	2204771.6799999997
129306	4347337.600000001
129307	2304890.4
129310	4534319.899999999
12933	3377763.4
129333	28798.600000000002
129337	279009.91
12934	282777.04
129341	2631218.26
12935	339088.88999999996
129355	5511926.279999999
12936	2427881.4
129373	218366.28
129379	209163.50999999998
129389	2388935.1999999997
12939	4649931.300000001
129391	2986450.74
129395	53700
129396	2010894.16
129407	455826.27999999997
129411	4214737.8
129414	267117.24
129419	1060047.1
129420	3032881.92
129421	669951.6
129449	813847.5
129454	48100.149999999994
129458	1621270.23
129459	3218693.94
129475	1931400
129483	860525.8200000001
129488	159289.83
129491	2244299.36
129496	641890.3999999999
1295	3310981.1500000004
129504	1945657.96
129512	929252.86
129513	7277876.319999999
129521	4505924.85
129539	3624000.8000000003
129540	5105140.319999999
129552	5720983.359999999
129559	1253342.2
129561	7548852.0
129570	913298.65
129581	339996.14999999997
129586	7811282.24
12959	1124125.2
129592	1149288.1500000001
129596	2553273.85
129605	93265.77
129635	406149.52
129644	675132.8
129646	3580889.5
129648	257273.52
129668	406457.60000000003
129681	1606125.51
129684	127500.23
129687	2103272.25
129693	1332292.48
129704	2860481.56
129706	1568949.9
129707	5711238.359999999
129719	49790.96
129723	619991.7999999999
12973	2833517.5
129732	1114485.1500000001
129739	3213207.04
12974	218197.2
129741	1756585.76
129743	844561.12
129747	4989531.82
129754	490721.7
129755	5404389.54
129760	17538456.86
129761	1530566.9000000001
129764	909496.85
129768	209968.09999999998
129769	2132943.31
12978	589980.88
129780	4319903.94
129784	66122.3
129787	2955663.7
129791	3037470.3
129794	3475108.7399999998
1298	282054.48000000004
129805	214711.55
129811	514964.25
129826	799903.03
129827	3233985.44
129851	854707.48
129853	3476232.9
129856	388410.99000000005
12986	4326860.399999999
129862	4213818.180000001
129867	4641680.34
129872	6180530.72
129875	3735191.1
129877	1687836.66
12988	5737508.71
129882	5307906.24
129894	712749.62
129924	1470102.66
129933	4363888.03
129937	2524612.4
12995	2862138.25
129956	1262856.8
129962	1353386.0099999998
129969	2552394.2399999998
129976	4374079.2
129988	1286113.8
129989	251902.97999999998
130006	2501081.58
130011	2228186.88
130017	6527286.88
130032	797286.0
130043	2724556.8
130052	2268782.9499999997
130065	304240.2
130070	5348746.02
130076	5555747.24
130084	2698114.7899999996
130095	4349512.8
130096	149078.4
130102	1156069.09
130105	1589383.25
130107	612115.35
130110	305069.7
130119	4837038.18
130121	2091136.12
130125	422243.00999999995
130127	1428726.92
130128	659603.76
130133	1081974.24
130134	236035.78
130143	3574852.07
130147	6388131.600000001
130157	222712.34999999998
130158	1204226.88
130164	2737580.3000000003
130169	654648.0800000001
130179	5022735.12
130181	229611.19999999998
130183	2571797.44
130196	1366122.72
130199	4337585.359999999
13020	1973907.86
130206	5266107.21
130211	2563029.86
130215	6946319.38
130218	61211.630000000005
130223	213759.90000000002
130231	6791199.44
130245	5917908.180000001
130253	3496991.4
130257	1741787.19
130266	2773172.64
130271	2022956.3499999999
130272	99418.41
130280	551792.88
130288	5640039.36
13029	348092.4
130290	3930213.44
130291	26477.530000000002
130299	367239.2
130301	3360044.6
130306	2556693.7199999997
130309	1593034.88
130325	3271654.62
130327	390400.56
130349	4429740.7
130352	4662581.68
130368	431586.57999999996
130370	1986514.4000000001
130379	1946518.3599999999
130383	1376957.1199999999
130386	2161407.44
130389	1992830.08
130395	8027463.920000001
130397	2104557.84
130398	9781674.27
130403	4807558.9799999995
130408	2859904.64
130417	3842067.32
13042	8542717.18
130422	2254673.19
130423	1438992.45
130426	805011.42
130436	1441852.4400000002
130441	5145355.74
130449	605106.4
130475	2663278.56
130476	2445165.16
130482	7338737.92
13050	4297015.8
130507	2842903.93
130517	7237536.07
130532	788257.7999999999
130553	6049210.649999999
130561	4665923.22
130562	822828.0800000001
130575	878692.62
130578	2336342.9499999997
130586	129876.50000000001
130589	4399662.850000001
13059	3519841.5
130591	893268
130594	1182120.48
130597	2645068.58
130599	5805911.100000001
1306	2960379.7199999997
130601	5969445.02
130608	67921.92
130616	8207715.75
130617	2443535.64
130622	322042.68
130628	6744852.869999999
130632	290128.56
130644	4937804.64
130648	306649.98
130649	896058.21
130653	556668.84
130660	8062787.48
1307	3326700.0
130729	4380854.23
130740	1720891.28
130755	41555.25
130768	3171759.75
130772	236451.96000000002
130775	2852632.02
130783	83337.79999999999
130785	3294499.18
130790	4449992.4
1308	1236535.59
130814	2733480.36
130815	314170.48
130829	548825.15
13083	1093400.56
130831	2268173.6
130840	2049670.6199999999
130841	247840.56
130854	8145338.85
130855	3046749.68
130860	3635903.22
13087	5357971.08
130875	1461052.2000000002
130884	8651970.0
130895	542767.5
130896	1230318.3199999998
130898	7237426.1
130902	972112.44
13091	1684831.5
130916	3206980.4
130918	3760536.87
130919	1464326.4000000001
130924	3778972.8
130925	5211549.71
130926	4378167.2
130932	1358062.5999999999
13094	3007009.98
130946	4938364.4799999995
130948	290304.95999999996
130953	700436.3
130957	1048362.62
130958	302995.7
130963	5566353.18
130964	640914.5599999999
130965	5731321.95
13098	3821389.82
130980	3632966.05
130983	3205537.02
130995	80397.73000000001
130997	590371.4400000001
131005	2195335.2399999998
131007	8607394.82
131014	982928.46
131020	4368403.98
131025	721879.95
131034	105168.5
131060	6898381.38
131064	3949785.78
13107	830937.9
131080	72433.2
131082	146654.66999999998
131089	951795.9
131093	1313023.79
131094	4036577.92
131097	4909804.9
131102	2238820.92
131103	2490278.72
131104	335930.39999999997
131107	4479126.63
131108	1086300.72
131117	844797.2999999999
13112	4469624.67
131121	564623.3300000001
13113	439014.87
13114	5894857.41
131152	4180400.07
131157	2226159.12
13116	5580525.72
131166	3498872.3
131169	1310453.8
131173	322317.72
131188	1435969.92
13119	7202985.87
131196	2701373.41
131197	5515757.239999999
131200	3211229.52
131202	4161681.6999999997
131207	2058975.4999999998
13121	5771357.07
131217	6051583.37
131225	3843429.44
131226	7535283.0
131234	9432120
131239	2585775.9699999997
131242	1809783.5999999999
131247	1921884.8399999999
13125	201722.91
131253	6347673.64
131255	3180919.28
131268	1514717.76
131269	416262.28
131271	1488842.56
131275	1828264.3
131283	1059247.0899999999
131284	81656.24
131285	11616953.74
131290	8454811.2
131291	3723760.54
131293	744224.64
131295	4970148.7
13130	1395026.24
131302	377989.2
131305	1991774.5399999998
131317	5187089.16
131322	1231198.08
131324	339999.66
131326	5282968.9
131332	1455036.94
131338	566238.2400000001
131346	6196146.96
131349	1620707.14
13135	1647886
131352	8909053.59
131365	389730.4
131371	6762379.6
131372	18347.16
131385	331595.22000000003
131393	489992.39999999997
131398	2207382
131399	3020620.2
13141	7942730.340000001
131412	722246.1
131423	4917921.24
131427	4823393.1
131435	4613324.5
131443	633480.16
131449	90808.42
13145	2205957.74
131463	1285714.08
131467	1335075.0
131469	734945.58
131481	2097249.12
131493	251802.66999999998
131494	4390688.72
131496	43459.520000000004
13150	3554461.0999999996
131500	1107258.18
131507	1691048.8699999999
131519	3602074.82
131522	299376.36
131540	4082409.7600000002
131548	5214776.14
131550	487563.83
131558	5339183.2
131562	1034524.8399999999
131568	3373287.5799999996
131587	4078935.9600000004
1316	1492373.1199999999
131616	2191808.52
131620	3183887.6999999997
131621	5486613.66
131628	2389935.6
131641	342394.11
131643	4058428.0500000003
131647	6779418.18
131657	662665.5
131663	6776616
131668	1212324.5999999999
131671	770970.49
131678	4407083.52
131686	7532419.76
131697	3841408.15
131700	318361.92
131703	8517215.280000001
131707	3201465.6
131718	4974049.11
131720	293576.95999999996
131727	377468.0
131730	2536366.0
131739	3096653.64
131741	184690.59
131744	3340350.0999999996
131745	678518.4
131747	1761258.7999999998
131749	6237997.92
131760	1514398.3800000001
131761	3377239.68
131764	5673018.6
131767	2197093.95
131771	1359028.54
131798	3502514.64
131809	847618.25
131816	1609926.78
131817	9268570.08
131834	4668530.94
131844	6004576.289999999
131847	569994.58
13185	1920235.52
131851	1468135.5899999999
13186	935351.97
131872	7029223.74
131882	4410933.12
131890	745544.4
131899	331165.48
131902	486813.7
131903	2076231.51
131907	1071793.8
131917	8021604.78
131919	948409.2
131926	6252692.6
131929	1098324.2
131931	178668.79
131960	4094817.91
131966	6358026.989999999
131971	2494573.9000000004
131973	1089943.53
131986	3171235.3200000003
131994	101265.77
132000	453843.60000000003
132001	322716.51
132008	737479.28
132013	779588.04
132015	3868065.62
132023	2446627.34
132032	3790256.31
132047	1133536.3199999998
132050	1079997.84
132052	3885540.6200000006
132069	3420595.44
132073	4167968.0
132082	3421497.4
132092	3767776.6
132096	1618410.7
132103	30571.71
132105	1200825.46
132106	838753.4
132117	345571.5
132145	3615906.91
132154	3414803.16
132158	3586797.9000000004
132160	1829787.3299999998
132167	7042827.12
132180	3590434.6199999996
132193	1890023.64
132197	2469768.0
1322	4594863.35
132202	377724.06
132208	1382443.34
132214	905352.42
132215	123463.86
132217	622875.1599999999
132222	575830.7999999999
132231	2397133.1199999996
132234	917001.5
132245	1983584.48
132251	534702.0499999999
132252	1261851.1500000001
132254	1839195.58
132265	4704920.22
132266	328783.56
132270	436803.36
132271	504615.87
132274	1723252.4
132276	3577689.11
132278	3843082.86
132279	491833.78
132292	5636762.68
132299	310920.36
1323	2829964.5
132306	199947.24
132312	539534.1
132314	352214.72
132316	2820032.26
132317	136249.24
132323	5135857.5600000005
132336	5688570.22
132337	428066.97
13237	6544357.79
132373	4107048.0
132379	3093392.22
132383	163756.31999999998
132387	3581139.13
132392	2626094.46
132394	1398153.68
132406	1972814.1300000001
13242	4195765.53
132430	203248.95
132435	4531050.9
132449	3486085.6799999997
132450	816490.71
132467	3108965.6599999997
132474	5054546.42
132488	1100550.17
132493	4805792.64
132500	918404.1199999999
132504	6828796.8
132513	2338393
132519	2889237.75
13252	8694822.42
132524	386656.26999999996
132530	6280617.2
132537	3765379.2
13254	137658.03
132545	360710.14
132578	61733.56
132580	1750570.44
132583	2558940.54
132595	7782764.22
1326	119882.39
132608	4667132.890000001
132609	3739637.5100000002
132615	7076913.71
132618	7543554.66
132620	2356415.55
132623	5813925.0
132634	709140.72
132638	4713114.6
132640	5298462.6
132641	1290789.57
132642	1392571.83
132646	2585275.24
132656	3228294.3899999997
132671	1216313.28
132672	78352.64
132677	3124083.88
132682	4102354.22
132692	226439.84999999998
132696	450300.9
132709	9015240.15
132712	4006481.85
132714	473768.05
132718	44563.95
132719	1279784.88
132724	1125643.68
132728	3959162.64
132731	3580411.98
132732	2932237.12
132736	4776882.87
132758	1153854.46
132779	1161333.29
132785	1806725.55
132786	2225986.48
132788	5417326.34
132793	45746.42
132801	2648289.2800000003
132803	4306347.859999999
132804	47058.82
132810	563841.6
132812	2957764.3400000003
132814	1387272.6800000002
132819	1810626.7
132822	2181659.2
132829	1443538.4
132844	4295819.92
132847	8862082.0
132850	5317137.449999999
132864	1355688.9500000002
132865	3847447.4
132869	1056250.26
13288	232167.32
132883	3037488.0799999996
132892	1162670.7
132897	5955065.899999999
1329	2305870.42
132908	4647313.84
132910	33763.5
132911	1277413.86
132930	1188859.21
132935	2624174.93
132936	1743463.8800000001
132937	285352.81
132939	4879995.45
132954	3774912.54
132962	5630145.4399999995
132988	1509584.0999999999
132993	1302190.08
132995	2558417.76
1330	7175095.48
133014	4650367.66
133020	2108870.4
133023	502536.4199999999
133030	3936600
133047	1392595.5
13305	4008764.54
133058	5621819.85
133074	84540.15000000001
133075	4332849.3
133077	1530938.64
13308	3502657.98
133083	4427788.42
133088	4334514.359999999
133089	2240033.29
13309	4077648.9
133091	16052.0
133102	1485329.4000000001
133104	1918939.5
133105	1494378.14
133107	8046476.73
133109	5957588.8
13311	657637.26
133112	1711744.5799999998
133114	10415097.9
133121	4445754.04
133130	2550455.28
133135	1808640.24
133141	6601333.59
133145	2311642.26
133162	3443461.35
133173	2783857.95
1332	1919029.56
133201	1408349.3900000001
133216	471822.82
13322	4416112.800000001
133242	3770745.44
13327	592263.07
133275	890613.59
13328	4150600.4400000004
133281	4766511.75
133285	1146844.89
133288	7310010.600000001
133296	117568.15
133298	1094850.49
133301	2973141.12
133303	2951651.52
133321	70450.14
133328	595151.48
133342	7420734.35
133344	3758868.3600000003
133345	2337358.86
133354	1689260.5599999998
133356	399181.53
133367	3821499.2399999998
133368	4280991.4399999995
13337	1116763.2
133388	815905.74
133393	3091495.9200000004
133409	3268771.4400000004
133411	1734910.7000000002
133415	156824.09999999998
133419	501726.19
13342	1014020.66
133424	2534867.2800000003
133425	238039.5
133429	2345840
133431	94066.56
133432	387943.44
133437	2114498.7
133438	8483482.35
133439	1874545.2
133456	5151087.0
133459	3765906.9
133461	563097.2000000001
133466	2752375.36
133470	1197781.2
133478	2576748.99
133493	791953.3800000001
133495	3205059.0
133496	2006091.6600000001
133510	3126485.16
133518	1626561.88
133520	2803570.1999999997
133527	1877377.86
133533	2397938.4
133538	948377.8400000001
13354	3780587.5200000005
133554	4294113.37
13356	5381120.34
133568	1142058.6400000001
133569	2967154.1999999997
13357	19996.899999999998
133573	5928479.7
133577	2615139.9
133578	3586780.02
133593	764611.23
133595	300547.34
133602	588053.2200000001
133607	483359.99999999994
133610	800057.7000000001
133613	4047564.0
133615	500175.12000000005
133616	3334844.16
133617	14136.669999999998
133634	763266.0199999999
133649	5270905.75
13367	775268.52
133670	3322119.96
133679	3253849.5500000003
133682	2280674.88
133686	10213345.76
133709	1163175.3599999999
133710	1163749.7
133713	5904396.959999999
133715	5245537.59
133720	1213509.66
133730	4393071.97
133732	3509980.57
133736	2640433.5
133739	1892258.49
133746	4288550.2299999995
133747	5318383.829999999
133752	1781496.74
133755	292773
133756	3128517.65
133760	1013340.93
133766	5572254.96
133768	174426.12
133781	3073171.82
133782	4389022.8
133783	1264122.72
133787	1286474.6600000001
133793	1093221.8599999999
133796	130766.52
133797	89447.59999999999
133798	1881313.28
133803	2840634.16
133804	6162348.9
133806	942630.7200000001
13381	1728081.9600000002
133815	979576.92
133818	2111587.6799999997
133830	4088267.94
133833	4185740.0
133837	152223.25
133851	271483.10000000003
133859	1129956.8800000001
133860	885195.2000000001
133862	1134560.56
133865	696815.2
133878	4004839.0799999996
13388	5304903.069999999
133884	2611245.76
133888	190810.6
133896	6427176.21
133898	4115817.6700000004
133906	1031176.41
133911	3519638.46
13392	1597336.4000000001
133925	4714286.08
133936	9026949.020000001
133954	3315379.2
133956	3831409.0
133962	156645.12
133976	7667586.5
133980	4485343.680000001
133982	298093.41000000003
133994	3544984.17
134	7530635.06
134007	2240639.88
134009	3508499.0999999996
134013	2160988.31
134019	9390615.15
134020	162835.4
134023	439968.76
134032	879450
134035	2967750.0300000003
134053	95687.9
134061	3250314.83
134063	3893911.1999999997
134075	7052492.9
134081	3499990.4299999997
134089	11399.52
1341	85199.24
134100	115531.02
13411	103595.16
134118	2089412.46
134124	33199.12
134129	4076046.66
134132	868373.0
134134	2065839.6
13415	6268315.84
134154	3702096.3200000003
134156	47013.84
134160	5455277.14
134179	4359106.54
134181	1878203.84
134184	1627918.87
134188	6822638.29
134191	4406243.4
134199	3699896.81
134200	640495.23
134210	10387210.02
134213	5568355.96
134216	233370.6
134220	1931451.76
134231	7644715.3
134233	4167404.2800000003
134254	3177052.11
134257	6608821.46
134258	231014.0
134260	1280420.73
134262	658671.9400000001
134273	1280979.5199999998
134274	295050.84
134277	836524.26
134278	2313140.43
134280	1664205.6
134284	4408406.0
13429	1803528.55
1343	771672
134311	308044.32
134322	1100326.0799999998
134329	6736072.260000001
13433	1908050.76
134330	1520563.3800000001
134347	2351030.0
13435	3768675.12
134357	8535429.9
134360	1665595.88
134364	2063621.62
13438	3510676.28
134385	3236034.72
134387	5953837.5
134395	1054909.8
1344	2859682.5500000003
134403	1092542.06
13441	2274376.96
134412	3371004.54
134419	5113328.220000001
134420	749493.76
134427	2338956.48
13443	1480980.25
134430	5194435.92
134432	238442.88
13444	871691.6399999999
134442	527626.14
134444	504240.64
134461	2387950.2
134469	7713239.04
134473	2541303
134486	9731922.0
134499	494373.18
134507	428883.60000000003
13451	2683484.08
134513	5363492.61
134514	3945866.31
134526	4699565.600000001
134528	3450885.12
134536	919413.4400000001
134543	6982722.84
134545	7520664.24
13455	3066916.5100000002
134560	278267.22000000003
134563	14425.18
134578	171739.35
134582	384328.7
13460	1034141.9
134605	1686372.8
134609	5964516.250000001
13461	8556545.120000001
134616	7075703.97
134618	1491062.5999999999
134619	4813540.88
134621	1184356.86
134641	4465794.56
134654	1002858
134658	6443044.140000001
13466	758197.28
134667	2120392.23
134680	634446.12
134692	414319.24
13470	88819.68000000001
134706	852683.37
13471	322292.16000000003
134710	6308951.149999999
134712	8461781.790000001
134715	7632058.85
134721	7352796.88
134727	3984456.62
134728	4124343.1
13473	167764.30000000002
134730	5074108.32
134731	2069599.5999999999
134735	1744737.89
134737	5841324.68
134747	247151.0
134753	3916320.7499999995
134758	4738262.1
134760	1387298.9000000001
134765	1901794.86
134767	9191444.72
134778	1815672.02
134783	906083.04
134784	1689621.7000000002
134787	1131554.8800000001
134791	4178889
134792	1783551.8
134825	1200560.1400000001
134827	5741080.800000001
134829	8377105.52
134830	3505685.94
134840	1652782.46
134848	3960710.35
134849	1184683.4400000002
134850	76930.76000000001
134867	2094705.99
134886	2314681.28
134896	1449225.8900000001
134900	4733307.649999999
134905	3941263.6799999997
134907	21880.0
134910	4097744.44
13492	7330627.58
134935	1132365.78
134943	943281.9
134948	3678946.91
134949	537806.64
13496	3286173.8000000003
134961	4697614.72
134963	581096.3
134980	345342.69
134985	454390.62
134991	5692324.41
135	849117.53
1350	896081.0399999999
135006	6359630.16
135017	1669392.5
13502	965115.68
135026	1957517.59
135032	5890861.08
135050	904070.16
135058	5852812.9799999995
135069	982691.16
135081	4683931.56
135091	41148.0
135093	2841197.31
135096	3505954.4
1351	2763013.7
135108	1190181.52
135121	1316052.8699999999
135122	6124137.5
135128	515970.78
135131	3464648.7
135132	843355.8
135136	507620.18
135143	1264444.96
135147	1475812.32
135151	948578.14
135153	10179379.7
135154	5459681.07
135155	1934273.25
135159	918194.76
135169	602027.2999999999
13517	3034351.4699999997
135173	2858945.9499999997
135185	6163147.199999999
135190	3127768.1500000004
135197	640344.9099999999
135205	3340891.4
135209	33603.88
135222	5482430.76
135227	126261.24
135231	3275631.82
135232	2006165.8599999999
135240	3294233.97
135241	1791682.38
135244	1159109.47
135245	211654.43
135265	12497.289999999999
135271	2994016.08
135275	2650825.5
135280	1310291.58
135283	3454853.91
135298	8900323.2
135299	1465971.6
135301	6604562.899999999
135306	248298.75
135314	2403103.4299999997
135316	297767.85000000003
13532	1263505.5
135323	7208497.399999999
135325	93599.09999999999
135326	6608116.9
13533	2717798.0
13534	352248.56
135342	5207565.33
135353	392963.06
135357	379658.48000000004
135360	5940224.72
135363	598150.82
135377	40285.060000000005
135382	2277021.12
13539	5063615.41
135391	31389.89
135396	237955.32
135397	2450759.29
135400	2403050.16
135410	924185.9199999999
13542	741797.2000000001
135421	4678415.28
135423	2228983.97
135424	7330104.07
135448	2480737.08
135449	3228610.3200000003
135450	3295953.1999999997
135456	1405010.84
135467	24232.600000000002
135475	1990425.9600000002
135481	115605.9
135506	2322677.28
135527	3860588.7899999996
135536	242931.55999999997
135543	6659210.7
135552	2448953.76
135560	8698137.72
135568	1699304.3199999998
135571	7824670.92
135573	566821.9
135575	1205961.52
135582	151175.16
135587	4864413.34
135588	489532.68000000005
135590	417610.68
135591	983171.6799999999
135596	8563276.309999999
135601	8016209.4399999995
135602	9374251.540000001
135606	2582449.28
135615	1359942.57
135617	4217569.83
135618	4913386.13
13562	1229679.24
135622	294666.75
135627	1728483.1199999999
135675	3962439.94
135686	563818.06
135703	969718.75
135714	6147198.420000001
135729	278623.8
135749	2312642.28
135755	2243763.4699999997
135788	3466976.94
135789	3656422.4
135794	1879464.1700000002
135798	3613456.98
135803	2003177.95
135809	1337607.18
135811	3430016.27
135814	828345.0
135815	3644161.92
135816	1188427.74
135828	3996514.3000000003
135834	3925455.87
135849	378622.26
135857	293538.74
135858	396956.8
135869	905730.1000000001
135872	1499492.56
135876	144931.68
135881	114954.18000000001
13589	2118189.08
135899	7985726.64
13590	852211.0499999999
135906	810781.9
135922	141081.69999999998
135924	3127540.2
135927	24606.18
135931	3152810.43
135932	8905282.95
135937	798861.0
135938	4010182.05
135942	3085835.37
135944	6932059.74
135945	1403435.97
13595	5521268.59
135950	1510096.08
135952	1691979.9000000001
135957	8294389.859999999
135969	398673.20999999996
135972	376710.24
135974	7202167.93
135991	7481217.01
135994	3489899.91
136	3479991.03
136006	780730.4700000001
136008	1128842.88
136023	7472977.77
136031	1102713.25
136033	5590026.100000001
13604	3926507.22
136040	1202134.0999999999
13605	1489215.02
136051	1093752.54
136056	4291711.7
136067	2057687.7000000002
136076	408172.96
136081	118474.86
136082	675948
136086	2147488.1999999997
136090	2018294.79
136091	5382261.4799999995
136106	4762815.51
136115	917040.03
136123	4390426.050000001
136126	2928408.76
136129	342032.32
136130	598723.52
136131	166730.76
13614	2013310.2799999998
136147	3974799.3
13615	883478.6100000001
136162	185588.84
13617	1963165.62
136176	138845.44
136183	57375.0
136192	6438090.96
136195	3111433.1999999997
136199	2303919.7800000003
1362	7789015.78
136200	32347.26
136208	1275753.4400000002
136213	4072385.38
136222	7012785.87
136223	699149.7
136226	1366203.16
136233	218523.55
136243	1058481.01
136245	639238.6
136249	4471245.87
136259	1832352.0299999998
136267	6387359.22
136268	96623.14
136269	449136.80000000005
136273	457282.02
136279	6297219.45
136281	304120.56
136294	92377.86
136295	72550.5
136296	428929.92000000004
136300	1187158.1
136306	4069053.0
136309	2716116.0
13631	5586424.8
136310	430138.8
136312	6388575.91
136316	4502846.2
136317	1231686.7000000002
136323	905477.16
136326	1826206.5599999998
136328	6917113.28
136331	5107923.12
13634	573588.05
136343	878625.0
136346	32925.68
136350	233198.69999999998
136359	2871357.28
136372	934498.1100000001
136373	611765.28
136391	239670.86
136397	4708749.4
13640	1128991.3599999999
136401	345872.12
136409	972392.13
13641	854974.8
136419	203867.88
136423	8551300.76
136424	113877.63
136438	8364065.45
136455	9476241.78
13646	2489104.1
136467	5088073.319999999
136469	1401243.16
136481	3582267.92
136489	2585231.08
13649	2208550.9499999997
136493	5389070.3100000005
136495	3900243.9999999995
136496	394722.10000000003
1365	57470.4
136514	2693648.9
136520	6259900.5
136522	7326035.08
136524	898194.0
136526	579033.0
136532	3128879.4000000004
136536	619179.98
136545	92867.84
136561	966973.48
136574	5337607.739999999
136588	1198061.8499999999
136594	2970900.2600000002
136595	4858542.0600000005
136602	2428398.34
136631	5515220.64
136637	997160.56
136642	292871.24
136645	7637772.35
136652	389746.06
136660	1762244.82
136667	494970.97
136669	3062386.5
136671	3692544.0
136673	1844241.1
136681	2804200.05
136692	447179.86
136694	1363060.6500000001
13670	3652435.17
136701	2891532.96
136704	1129074.75
136712	7134388.05
136713	452970.64
136715	832929.96
136723	819229.1799999999
136726	83165.94
136729	1196354.74
136735	2205798.1999999997
136744	4143186.9000000004
136746	320271.60000000003
136770	575149.3200000001
136771	3571774.8000000003
136773	4093032.0
136775	4366880.54
136783	1580768.12
136786	4633480.6
136790	4601243.8
136791	1335527.0399999998
136793	1033643.7499999999
136797	9222927.09
136818	3335272.92
136824	762742.1
136842	5148358.800000001
136843	419307.48
13685	664388.73
13686	2155249.42
136860	2071845.16
136864	2225263.5
136873	1618158.0
136876	2087228.0
136877	4455731.44
136880	4845474.859999999
136881	4545737.100000001
136898	840054.72
136900	339099.82
136905	1552750.12
136908	834342.33
136925	1519786.12
136934	1173372.22
13694	442613.66000000003
136940	2128101.25
136943	5298597.08
136945	4020558.51
136955	2366377.86
136960	1245712.29
136968	586997.26
136974	8524351.56
136982	1426383.64
136989	605802.34
136999	1350082.8599999999
137006	5497056.399999999
137024	1880196.73
137026	3593354.49
137027	323008.0
13703	19495.100000000002
137039	3447934.0799999996
137047	2166621.6
137049	4768171.59
137056	77131.59999999999
13706	778009.04
137066	5687864.16
137073	3195002.02
137077	1360131.84
137091	2086400.3599999999
137095	3255789.08
137122	1524795.56
137131	3985361.1899999995
137132	10539880.469999999
137134	6454045.619999999
13715	177130.86000000002
137154	7774801.709999999
137167	2929070.34
137171	6761756.399999999
137180	6852429.22
137189	293793.18
137192	295449.83999999997
137193	1270518.98
1372	2336291.38
137205	2850983.4699999997
137208	553590.5
13721	3747804.4
137219	338510.76
13722	3325667.9299999997
137223	1535782.5
137225	1667912.48
137228	6443274.63
137234	3350037.0399999996
137240	6688277.619999999
137243	2366425.28
137245	168008.4
137248	8034109.35
13725	573669.88
137250	731093.28
137266	5640210.24
137271	2029954.68
137273	4573255.68
137278	535127.6699999999
137280	9042355.34
137290	1004433.3200000001
137291	337723.42000000004
137296	1223790.1
137297	7845037.68
137300	2339951.3600000003
137304	206907.4
137305	1891923.8900000001
13732	3730444.9
137338	4218072.3
137340	20324.219999999998
137343	1276107.6
137347	1645032.51
137353	563633.4
137357	4253443.17
137361	4605349.98
137362	1474948.2
137363	1855510.0499999998
137380	719740.56
13739	1259433.36
137409	1509664.0
137413	2383480.92
137418	218220.94
13742	6042617.909999999
137420	2776262.4000000004
137423	478197.76
137441	5223105.12
137448	1668184.56
137456	3408118.1599999997
137462	731836.1799999999
13747	3789943.9200000004
137474	4655353.95
137476	509787.54000000004
137498	3164603.64
137504	30496.18
137519	2644346.42
13752	2468387.2199999997
137530	185059.05
137539	6429607.2
137545	24377.079999999998
137557	148026.47999999998
137563	270064.48000000004
137571	7771320.7
137582	3046174.6
137589	1273267.02
137594	503040.96
137597	8363185.94
137604	5254110.9
137606	1051315.5999999999
137609	670170.75
137615	3388560.08
137621	198253.75
137634	1201759.2
137635	243394.19999999998
137644	3488517.2299999995
137645	2259613.31
137651	8413170.35
137656	1177669.05
137660	874278.38
137664	649359.33
137666	5948260.92
137668	684717.2200000001
13767	1473197.18
137672	56138.28
13768	340125.45
137682	3004995.63
137683	225895.18
137686	1495753.38
137698	3734310.0
137702	2942245.59
137710	263914.74
137718	863421.0
13772	6857934.239999999
137732	446683.64
137740	4334136.9399999995
137744	750039.04
137745	5371063.84
137753	150803.76
137757	2804011.0
137758	3107617.8899999997
137759	4182809.67
137767	602603.04
137778	3084695.6
137788	1397201.25
137793	4638212.4
137796	2834652.83
13780	5569028.61
137812	67246.56
137814	2280638.7800000003
13782	3677868.45
137827	5836406.399999999
137829	534629.5499999999
137836	1562779.63
137838	5790389.0
137839	2132550.54
13784	3419487.72
137855	389804.0
137866	3989354.5700000003
137870	1720064.8399999999
137873	1581160.77
137876	8580641.3
137882	2156477.88
137885	4199581.76
137890	2849424.46
137895	1697847.8
13790	3820496.68
137904	3131725.28
137909	1609282.2300000002
137910	392686.92
137913	2006921.8
13792	3842267.0
137923	69255.0
137936	456965.56999999995
137937	3987990.7199999997
137961	2383666.18
137962	57352.950000000004
137963	187464.0
137969	1104742.08
13798	5141538.4799999995
137980	2510753.52
137988	892164.38
137994	8950916.79
138004	3676177.78
138019	7382583.0
138040	3796108.8000000003
138049	9401262.1
13805	5159389.680000001
13806	6647297.84
138065	2387901.44
138073	5655007.6
138076	2329657.0
138078	4034179.1
138081	2126797.92
138084	5263598.5
138086	5743871.279999999
138088	5163481.7
138095	756244.56
138100	2312183.1
138103	490641.08
138104	3749490.25
138109	3233539.83
138114	173320.74
138115	6602973.02
138119	3884893.65
138131	580225.8
138135	4709907.6
138140	6215304.96
138147	1025264.7000000001
13815	6861931.0
138188	1782310.4
13819	904163.5199999999
13820	2537251.08
13821	2992292.86
138216	7223417.630000001
138227	4479579.15
13823	1853606.3
138242	4810148.96
138262	4122762.2399999998
13827	310023.0
138270	1324052.24
13828	3221453.7600000002
13829	1994393.1
138301	61863.39
138302	840947.5800000001
138307	126610.10999999999
138311	2059074.0799999998
138316	3973182.8400000003
138318	1241349.1199999999
138324	103996.5
138327	1426179.81
138328	3015948.36
138329	4054162.05
138341	53960.76
138347	1741785.8
138362	1293605.04
138371	3712796.0
138382	715488.5
138385	388981.27999999997
138389	2146123.98
13839	2180005.1999999997
138394	725073.85
138403	5678911.05
138405	1738446.2000000002
138406	1604417.4
138412	3421582.4
138413	2230332.31
138419	5479945.9
13842	4433306.05
138433	1059858.03
138435	6555424.5
138437	753396.6
138440	2644101.12
138444	103949.76
138445	826456.0499999999
138450	1035701.9999999999
138451	82773.37999999999
138463	3612237.65
138470	990134.3099999999
138482	33038.280000000006
13849	92367.90000000001
138494	454683.95999999996
138501	5655743.600000001
138504	1285601.17
138507	176108.22
13851	752194.4
138519	153714.0
138521	956251.96
138536	1538453.25
138544	821233.3200000001
138551	57056.799999999996
138564	3331330.4
138569	349929.36
138576	1081762.3499999999
138580	5705858.16
138589	284270.91
138594	356043.60000000003
138595	229593.59000000003
138599	881231.68
138604	9045840.799999999
138608	3450016.1999999997
138619	1640075.72
13862	2286664.78
138633	677416.7999999999
138636	2590722.31
138639	2227140.0
138642	628877.52
138643	2164129.8600000003
138644	1335886.0
13865	136937.95
138660	392589.36
138675	2366835.2399999998
138683	1095517.5
138684	3023263.85
138687	1557720.06
138689	171880.5
13869	3132851.76
138694	7820640.84
138696	321747.45999999996
138704	5330236.16
138705	1806303.13
138708	2599095.35
13871	1468938.64
138712	5325733.71
138713	2913349.8000000003
138721	8301745.62
138726	3753561.06
138729	502087.68
138742	821647.62
138758	3077348.68
138762	5623021.56
138772	8428406.36
138777	2592844.8000000003
138780	1771852.1600000001
138782	709237.28
138786	729188.7799999999
138792	2206960.6799999997
138804	529237.7999999999
138807	1086931.68
138808	1829468.64
138809	6008985.600000001
138811	260071.83
138813	1576811.78
138819	1388226.66
138822	1610940.5899999999
138823	2349280.6999999997
138825	1069578.62
138829	1032462.72
138830	450394.76999999996
138833	2207234.38
138836	810009.45
138839	4629865.04
138841	1592078.82
138844	3606901.7600000002
138852	721344.85
138858	4111024.04
138859	9087719.3
138872	6259104.63
138886	56107.740000000005
138899	579518.8400000001
13890	3112000.31
138910	6550264.32
138914	228569.45
138922	3307744.96
138930	4394700.33
138932	3451694.96
138936	2087286.52
138937	1428890.3199999998
138950	1066156.96
138954	2601706.2
13896	3893918.08
138968	5392050.12
13898	2983784.6
138980	145551.95
138994	80215.72
139008	2550983.84
139009	1502930.22
139027	103867.65000000001
139033	298930.06
139035	15907078.34
139037	4299140.96
139039	122630.40000000001
139045	2845161.98
139049	852629.09
139055	6225252.95
139058	389306.42000000004
139074	1680655.95
1391	6953498.4
139107	2280686.68
139108	839749.38
139115	6401996.1
139130	104371.23999999999
139134	2098160.88
139144	32662.44
139150	330958.8
139155	12220319.25
139158	2612649.65
139165	2577634.4000000004
139173	3861878.6599999997
139180	7182000.100000001
139184	5857196.03
139187	356290.83
139194	7369537.71
139205	4164592.52
139207	323056.57999999996
139214	466484.94
139217	144874.5
139226	998082.66
139228	7138163.640000001
139231	51413.5
139232	535224.94
139236	2493059.52
13924	517606.37
139242	3072085.8
139247	355049.08
139248	256883.94
139251	2455344.0
139254	3328181.4400000004
139257	2079107.04
139286	4336725.92
139296	2832420.9
13930	5191541.340000001
139304	3093736.52
139306	1157449.1400000001
139310	482490.36
13932	5240226.600000001
139331	495955.62
139334	71487.0
139337	3372825.75
139338	3593679.2899999996
13935	4210414.56
139355	2298241.29
13936	865032.1599999999
13937	1826716.35
139373	3448305.86
139377	1149861.1199999999
139386	1539057.78
139389	1491502.5
139390	1017566.88
139393	206035.62000000002
139394	6414687.800000001
139404	2661498.4200000004
139411	2294576.19
139413	1212720.4200000002
139416	1767680.86
139418	5348343.38
139421	2819885.14
139447	8522521.92
139453	5059491.0
139458	5835542.130000001
139473	1648633.44
139481	624539.5
139487	2677714.25
139488	1214753.7400000002
139495	840282.54
139502	5352777.11
139510	3359326.2399999998
139512	6666155.52
139519	4412786.76
139537	4692329.180000001
139539	8434180.29
139552	5234558.24
139556	4154268.3
139560	2058775.15
139569	1192131
139579	1471982.1600000001
139586	2928256.65
139590	760535.37
139593	304995.6
139604	792707.6
13962	4542712.4
139635	2835268.24
139644	839509.2300000001
139645	13742.4
139647	1407374.06
139667	45494.8
13968	3702376.08
139680	7939242.359999999
139684	13535538.719999999
139693	4729340.3
1397	1566635.49
139701	7320341.989999999
139702	4836496.74
139704	438530.63999999996
139705	993466.3
139706	1465152.96
139718	641892.51
139721	2312263.8000000003
139732	1762084.8
139738	1598256.12
139741	6786069.119999999
139747	783881.2799999999
139752	5851639.3
139753	166867.89
139757	1996821.75
139758	4610677.14
139761	5792282.899999999
139763	3995527.08
139765	9074755.89
139766	3897350.73
139779	7003761.029999999
139784	2290009.1399999997
139786	3219607.2
139791	155393.55000000002
139793	119399.36
1398	20307.48
139803	3459314.7399999998
139810	1381932.37
139823	5076819.3100000005
139824	3929828.7600000002
139851	673136.64
139853	7144381.98
139856	613254.36
139860	33231.33
139866	1545392.52
139870	3683403.34
139874	6344174.029999999
139879	4532516.78
13988	1586245.0199999998
139893	3235092.1300000004
1399	6013936.5
13990	2885846.94
13992	5728133.92
139922	5345094.81
139933	5284866.0
139936	1788571.53
13994	6346612.4
139954	4659358.57
139961	903441.8400000001
139969	8316551.54
139975	56597.94
139987	128304.0
139989	3017565.85
140003	4179557.1999999997
140010	169731.2
140016	991933.0000000001
140032	2171899.6
140043	5190009.850000001
140052	814418.71
14006	6041899.46
140062	2347491.9
140067	3357552.2399999998
140068	1869324.26
140076	128336.31999999999
140084	4303251.75
140093	1056925.26
140094	716573.25
140100	591676.68
140102	789439.4500000001
140106	767961.54
140108	4372208.49
140118	3107324.19
140119	4257984.06
140122	4457749.52
140124	1826334.48
140126	3523914.5
140130	3791927.6399999997
140134	746486.1
140140	2623222.79
140147	6073245.819999999
140157	5470966.92
140162	665639.9700000001
140168	3000261.2
140179	4611362.4
140180	1202227.84
140181	2661942.2399999998
140194	1316090.85
140198	506540.3
14020	1304749.54
140203	7676894.430000001
140210	1316566.4000000001
140211	1177789.2
140213	8209831.800000001
140215	769601.6900000001
140231	3289257.9
140243	5938229.72
140253	412308.07999999996
140257	6029679.319999999
140265	1084468.9
140270	293240.08
140271	404829.32
140278	4820356.8
140285	1951032.41
140287	77064.0
140290	991146.04
140296	2888010.82
140300	5378972.67
140305	6140089.2700000005
140308	222148.74000000002
14031	481206.08
140325	3483473.74
140327	4153037.29
14033	1374304.75
140349	4982683.91
14035	834749.5
140351	2360779.02
140367	2131536.0
140368	212557.53
14037	3596788.0000000005
140378	3828873.9600000004
140383	4131540.0000000005
140386	3075504.0
140389	2459880.7800000003
140393	2200621.03
140394	739228.2799999999
140395	1394047.0999999999
140396	5432914.24
140403	2402000.64
140408	161066.67
140416	688729.02
140419	2960103.3600000003
140422	117299.04000000001
140425	5102244.4799999995
140436	3933066.46
140438	4956867.3100000005
140446	8499514.24
140447	3183980.8000000003
140474	155189.1
140476	232265.04
140481	422152.07
140506	400582.91000000003
140515	3106279.2600000002
14053	285678.52999999997
140532	4898010.06
14055	3246910.41
140553	4115924.4
140558	4446325.04
14056	1375696.0
140560	571365.76
140562	7005346.74
140572	295935.64
140577	5221050.22
140586	3503381.7600000002
140587	2952271.5
140589	2814987.48
14059	1743767.55
140593	392199.9
140597	1429131.6
140598	3906451.62
140600	1476818.4600000002
140607	4306201.17
14061	5914563.04
140616	3606775.78
140621	1435521.75
140622	1394232.8399999999
140627	1007012.1599999999
140628	2036674.35
14063	944085.2500000001
140631	1518386.4
140644	37661.08
140646	992003.7599999999
140648	3123483.12
140653	4751616.78
140658	971027.93
140727	2183966.82
140728	585847.2
14073	6960143.06
140740	9215329.200000001
140755	3784684.3999999994
140765	1059644.9500000002
140769	373432.32
140774	506122.38
140781	2258718.0
140782	8720378.75
140787	278548.41
140814	6235618.720000001
140828	813888.76
140829	4339010.390000001
140840	12896562.23
140852	70234.92
140853	3013112.3000000003
140860	2948918.6399999997
14087	1941746.04
140874	3392822.4000000004
140884	627236.76
140893	1369184.46
140895	7300614.050000001
140897	63670.380000000005
140901	2210334.72
140914	3586219.56
140916	4924388.81
140917	848036.62
140921	6743375.680000001
140924	7562111.23
14093	4067926.1999999997
140932	4506443.64
140944	1594554.75
140946	500105.54
140952	3881951.1999999997
140956	7194455.210000001
140958	58854.02
140962	8047260.7
140963	690816.25
140964	1601561.28
140977	326367.05
140982	2759510.6999999997
140994	8128470.819999999
140995	675933.44
14100	430845.12
141002	2850859.2
141005	354731.76
141012	2317743.9099999997
141019	1365901.76
141022	3411741.46
141034	1237911.06
141057	3500116.65
141062	681625.0
141077	4061638.24
141081	4165004.04
141087	2283958.1
141091	5680686.81
141093	4747255.14
141094	5480264.28
141100	6938889.08
141101	149282.59
141107	4488200.26
141108	872864.7200000001
141117	1219797.9000000001
141119	1224689.68
141152	6976042.22
141154	270707.0
141156	2103235.2
141163	2819020.05
141166	3051908.3200000003
14117	3059629.51
141172	1910808.48
141188	1925501.7599999998
141194	730403.7
141195	1383783.06
141198	8035110.72
141201	7113421.25
141205	3182383.72
141215	351211.2
141225	4189590.9
141233	849121.8899999999
141238	320745.89999999997
141240	532815.46
141244	138727.32
14125	1098222.6
141250	5768727.9799999995
141253	230234.4
141265	5057804.43
141266	3749702.88
141271	782356.5
141275	1494779.56
141280	583495.5700000001
141281	2793364.92
141284	2391171.84
141285	2046363.48
141287	5099678.22
141288	10837130.21
141292	1922178.72
141295	423111.0
141299	3137114.61
141302	4250011.46
141315	3657588.9299999997
141322	2448664.3
141326	18617.13
141332	4407266.96
141337	1486296
14134	6422079.26
141344	5719817.790000001
141348	353007.0
141351	5818547.84
141363	2721826.9
141369	3730377.55
141372	9529702.14
141384	491381.79999999993
141390	4057298.8000000003
141395	663672.6
141399	1720517.7300000002
141410	2398936.2
141422	6356148.5
141427	500988.77999999997
141435	1064488.72
141441	1604465.45
141448	1503728.04
141461	648151.85
141465	1796437.08
141466	663250
141480	1672102.1
141491	2059895.64
141493	8553782.93
141497	544563.3
141506	158691.75
141516	1836665.0
141521	195799.68000000002
14153	4184826.66
141539	1810014.92
14154	4597682.28
141546	451746.07999999996
141547	149857.56
141549	4157366.1999999997
141558	560582.0599999999
141560	1204132.98
141562	1271472.4
141566	341066.76999999996
141586	9206699.22
14160	1417881.3499999999
141613	4433636.1
141620	1985520.56
141628	486204.34
141638	1119888
141641	1604859.4800000002
141645	599915.28
141657	1280848.7999999998
141663	520553.69999999995
141666	4297246.08
141670	304804.5
141671	4702938.8
141677	3392561.5
14168	2465059.64
141684	1934907.75
141685	3967163.1999999997
141695	6710297.359999999
141696	906121.44
141698	3388142.16
141700	1409851.1
141706	2139997.88
141715	2537131.3099999996
141718	3206357.3199999994
14172	57499.68
141727	235330.83000000002
141730	9216370.68
141739	2997668.44
141740	3336386.2399999998
141742	1512698.7
141743	784453.4400000001
141744	2197498.16
141747	887929.8600000001
141758	2502521.5599999996
141760	4236210.600000001
141762	4414640.88
141764	5310712.859999999
141765	2523065.38
141768	4461445.12
14178	134552.35
141795	633403.6799999999
141808	25750.34
141813	1315013.94
141815	934715.54
141817	2711873.25
141831	945560.08
14184	4171382.0399999996
141843	754591.8099999999
141845	2401598.19
141849	480515.54000000004
141869	730403.33
141879	6527521.2
141889	1010375.5599999999
141897	796902.1200000001
141901	4596267.0
141903	2993685.8
141905	3834630.52
141906	957112.2
14191	1120575.4000000001
141915	3075358.7199999997
141916	3503561.28
141926	624675.1799999999
141927	2106884.16
14193	378604.8
141930	3733198.6399999997
141959	393614.36
141966	501880.16
141970	1545075.7400000002
141971	1724209.4200000002
141985	736632.78
14199	3104163.72
141993	4555198.2
141999	2403152.3
142000	4460394.640000001
142008	585895.1
142010	3825813.3899999997
142014	7067863.76
142021	846199.51
142031	4096843.1999999997
142044	264431.6
142049	4066405.08
142052	2735967.4499999997
142067	1947016.2799999998
142073	2930496.11
142082	55505.91
142091	1651558.48
142093	5100027.9
14210	220812.19999999998
142102	763148.24
142104	882367.5
14211	982032.64
142117	1277528.6400000001
142142	4899274.06
142151	1951838.72
142158	6217535.87
142160	2263801.3200000003
142164	2826144.9
142180	2761250.8000000003
142190	2180396.2600000002
142193	315719.17
142195	2098154.52
142199	6566094.600000001
14220	4480203.62
142205	254434.05
142212	1813398.51
142214	1062225.45
142215	9116876.88
142217	790086.4400000001
142219	837659.84
14222	6520076.92
142231	2725764.21
142233	178407.59999999998
14224	2274099.03
142242	2293744.5
142249	499097.04000000004
14225	464204.73
142251	92010.25
142253	5063671.26
142263	6421779.239999999
142266	2952568.5
142268	3894093
14227	268126.82
142270	1265106.0
142272	497748.56
142276	7956790.63
142277	208715.02
142292	795312.08
142299	8466039.549999999
142306	2862682.02
142309	1941388.58
142311	1389047.55
142314	1419837.12
142315	2065630
142323	948069.6
142334	529660.08
142335	1059632.46
14236	5147478.36
142372	2792945
142379	5882266.8
142382	983327.9400000001
142385	1350437.52
142387	770402.1900000001
142390	1089502.9200000002
142391	1531384.6199999999
14240	843921.28
142406	179621.39
142427	1505914.96
142434	7378692.640000001
142447	3459055.5
142449	2641955.52
14245	7080179.86
142466	6494982.359999999
142474	2008086.0799999998
142488	2401701.15
142490	94560.29
142500	259018.41
142501	3145598.2
142510	49509.6
142517	3799674.72
142524	124788.23999999999
142530	4887071.49
142534	1583613.9
14254	1875306.54
142542	3850379.88
14255	850453.1199999999
142576	522729.25000000006
142577	897878.6
142581	1073850.06
142582	2759064.48
142592	11117.16
142605	672971.1
142607	256647.30000000002
142608	3047846.1
142614	4596559.2
142615	2325592.5
142616	2305016.4
142620	2854765.2600000002
142622	3975723.56
142632	110256.84
142636	825927.53
142637	1063406.65
142638	6656872.74
142639	1104873.84
142640	621342.35
142644	48160
142654	207326.74
142669	205358.08
142671	2534856.5
142676	4896228.87
142682	2392930.35
142689	2923095.6
14269	124819.84999999999
142694	2011583.82
14270	3452425.48
142708	1073201.08
142711	8057926.58
142712	3158184.03
142715	3040532.59
142717	3456064.22
142724	733413.12
142727	325031.77
142729	10104748.89
142736	3403804.25
14274	2453195.42
142757	3699279.25
142779	4748096.340000001
142783	1733708.6199999999
142784	2628072.0999999996
142785	3877999.4
142792	258361.83999999997
142799	5524558.87
142801	1715048.1600000001
142804	4223853.62
142807	1144582.8
142814	5027475.0
142819	3956040.4499999997
142822	545565.51
142826	8998297.440000001
14284	5203936.8
142841	5145000.6
142844	297777.12
142847	1285948.4
14285	914825.74
142861	2272979.73
142865	1248212.7
142866	2100648
142881	3121710.72
14289	3182261.6
142892	86523.15000000001
142894	2202211.5500000003
142907	67846.59999999999
142908	8299447.77
142909	1365165.49
142910	304740.81
14292	6688281.6
142930	2699299.98
142933	2722742.4000000004
142934	301840.0
142936	1647451.5199999998
142939	1809962.24
142952	650441.2
142960	6340284.0200000005
142961	3952143.7499999995
142988	2884136.06
142990	4237998.24
142995	946255.7400000001
143011	2585632.4
143020	4111430.4600000004
143029	972086.25
14304	1074565.4
143044	23240.0
143055	2703435.52
143072	4382791.56
143074	2402682.8
14308	30929.710000000003
143080	6588663.12
143086	7513601.579999999
143091	2605554.3000000003
143101	212789.96
143102	85337.56
143103	4999160.720000001
143106	4459515.55
143107	4403323.2
143111	46218.64
143112	5741004.88
143114	2997448.5
143121	3858075.0
143130	1800219.24
143135	5918931.2
14314	622506.64
143141	741013.0
143145	1434451.5
143160	1414707.0
143172	434065.3
143198	85047.12
1432	783141.36
143213	3192503.79
14322	738407.52
143241	6424811.46
143242	1034740.4000000001
143272	6650842.800000001
143279	3766514.01
143283	2920790.16
143288	694663.5199999999
143295	634109.44
143296	3645678.4
143298	1806067.21
143301	1415952.8
143318	1491303.96
143328	5399451.6
143342	4772150.359999999
143343	37118.55
14335	338406.14
143353	1157214.84
143354	5219727.96
143366	309703.60000000003
143367	164096.1
143388	818741.0
143390	200060.88
143407	1898940.82
143409	217501.40000000002
143411	425302.68000000005
143415	1286005.08
143416	2781656.2399999998
14342	900279.64
143421	1080782.82
143422	814104.92
143428	2152523.37
143430	1554022.51
143431	4522845.6
143435	381550.4
143438	4010296.77
143453	1694792.4
143458	1083811.2
143460	250137.9
143470	3697461.6
143476	450086.7
143491	1285240.8
143492	1547663.04
143496	1027845.1199999999
1435	312433.68
143508	2104514.5
143516	1812116.17
143519	5373914.7
143526	1371542.64
14353	2877870.1599999997
143533	317377.45
143536	1265737.6199999999
143551	4654787.44
143565	3546578.48
143566	919600.19
14357	8016906.3
143571	994523.13
143575	1487242.9200000002
143576	6805646.6
143591	805672.96
143595	1770521.7999999998
1436	2492854.65
143601	6715310.399999999
143605	213426.5
143608	313880.24
143610	1198174.2
143614	2908331.92
143615	2422236.89
143633	926068.64
143646	2311335.27
143668	527878.64
143670	605140.1
143677	2333282.94
143680	4087383.65
143683	2045229.16
143686	1013686.13
1437	6442275.06
143708	2877775.59
143709	679292.46
14371	1586061
143712	2798987.04
143715	2046352.56
143719	3154230.16
14372	2186899.65
143729	1351009.4400000002
143733	4030080.2399999998
143739	3426609
143743	856227.39
143747	1196596.17
143752	1247625.24
143753	1377687.54
143754	4860877.08
143758	2790540.37
14376	4924682.4
143764	3459188.25
143767	4116058.35
143779	8247057.7
143780	4834086.38
143784	1150214.78
143790	235833.30000000002
143794	1325404.16
143795	232125.63999999998
143798	2668661.2600000002
1438	3163393.12
143801	5307673.350000001
143802	8676626.48
143806	42657.15
143813	5483131.100000001
143816	1855421.8199999998
143829	1995481.72
143830	3384925.0
143836	1495319.84
143851	207708.03999999998
143857	6550419.4799999995
143858	5144963.88
143862	1394780.64
143865	3289954.48
143877	1132606.0
143883	5601987.09
143885	6380646.2
143893	1956875.8199999998
143898	3039102.8800000004
143904	638510.3999999999
143909	3036253.92
143924	2155780.8
143936	6014544.029999999
143951	173488.02
143955	15686.5
143962	7043411.84
143975	267676.29
143979	5429217.09
143980	3735458.52
143994	1933654.9000000001
144	1963651.41
14400	2259375.23
144005	3166103.88
144007	577663.9199999999
144011	2784752.64
144016	1971397.44
144020	2042378.04
14403	2423141.9600000004
144030	499504.4
144035	3351400.8000000003
144053	4251693.0
144060	7624145.2
144061	8595718.74
144063	2541932.96
144074	3601265.8
144078	3840073.75
144080	2697130.7600000002
144086	5016792.96
14409	4811093.82
144100	3623962.5599999996
144115	3702829.97
144121	1529091.45
144127	827552.7000000001
144129	5535606.24
144134	1462017.69
14415	1528331.6400000001
144152	6048344.25
144155	2611367.0999999996
144159	331840.25
144176	4153354.12
144180	314914.08
144184	1113591.48
144185	3806926.02
144188	125651.7
14419	5782695.06
144191	5036063.73
144197	1560265.84
144198	4656473.25
144199	1440680.48
14420	5374326.100000001
144209	720471.05
144210	3719467.5
144212	6214978.8
144214	3004633.09
144220	4819000.6
144229	1769722.11
14423	5593182.03
144232	4118188.8000000003
14424	6903884.24
144254	1943787.04
144256	33355.53
144257	260563.97999999998
144258	800518.9500000001
144261	650244.96
144272	374036.76
144274	219385.76
144275	189373.03
144276	1134325.08
144278	3786048.06
144279	4527420.04
144282	639931.6
144309	324252.48000000004
144322	4087772.52
144327	6799258.2
144329	4436170.5
144345	3891357.75
144357	2193459.84
144359	6331486.0
144361	5680595.88
144363	255747.66
144383	1158685.36
144384	1650987.38
144393	4669357.28
144403	1512798.08
144411	892862.0
144415	6814795.6
144419	892794.72
144420	2164643.13
144429	878264.4
144430	4057391.5199999996
14444	6125726.49
144441	1163577.48
144444	1901561.75
144458	1292930.22
144466	3474561.87
144473	3256754.86
144484	877731.11
144499	3958559.31
144507	1082261.8399999999
144510	2439299.04
144513	5511049.5600000005
144524	725717.85
144528	785193.76
144531	5581069.99
144535	3187790.67
14454	84486.16
144540	3423894.3000000003
144545	3312852.69
144558	2133879.86
14456	1571202.84
144563	4469886.3
144575	2494121.7600000002
144581	2144270.25
144605	1562120.5000000002
144607	310920.79
144616	12853549.3
144618	5529124.449999999
14463	5078150.75
144638	627853.5
144651	1956276.72
144656	1687511.2
144665	645752.05
144678	3133253.76
14468	1748871.22
144689	6916812.3
144704	585159.6
144709	452146.88
144713	2603770.92
144719	6106823.24
144724	3500451.93
144726	373166.25
144728	4333939.19
144729	1571833.4000000001
14473	858461.35
144731	2427374.98
144733	1573111.6800000002
144734	2691234.96
144747	992632.41
144750	248283.24
144756	6196112.279999999
144757	19638.18
144763	648673.0800000001
144764	5018171.9399999995
144767	1400112.28
144777	2748259.77
144781	2929846.5
144782	429526.84
144784	637348.6599999999
144786	1535873.28
144790	339572.07999999996
144791	3062470.84
144823	3039956.8800000004
144825	157186.47
144828	129659.1
144829	239475.5
144837	2989776.4
144845	5807700.96
144848	267321.6
144849	21187.95
144864	445372.32999999996
144886	6402530.699999999
144896	6867316.0
144899	214215.9
144904	1153026.97
144905	773197.23
144907	3663954.5799999996
144932	11811.199999999999
144941	1009002.59
144946	8240479.8
144948	261793.76
144958	261102.72
144961	1424745.12
144980	2434952.52
144982	4834472.24
144988	5801158.4799999995
14499	1884975.18
145004	471541.24000000005
145015	302473.8
145024	1116549.98
145031	223319.03999999998
145048	4123293.9
14505	2220930.48
145056	8376920.760000001
145066	26360.54
14507	3334132.58
145078	2737026.18
145090	596612.1000000001
145091	846018.54
145095	4169506.77
145096	1283212.8
14510	3265164.8400000003
145106	3239589.5999999996
145119	2739886.8
145121	2531149.96
145128	6854075.26
145129	2362782.71
145130	729498.0
145136	2522838.71
145140	2931774.43
145146	4849658.73
145150	3558459.5199999996
145151	4325747.64
145152	107207.1
145153	8100222.84
145154	30726.149999999998
145158	585185.72
145168	3902900.04
145170	4540184.600000001
145182	1891991.2
145183	2227132.44
145190	7701474.2
145194	3149869.4
145203	326747.68
145208	5115782.7
145222	1586407.2
145225	413112.0
145229	4273033.44
145231	55727.0
145237	1596196.5499999998
145241	415714.18
145243	3505028.9400000004
14526	259167.6
145262	3247078.12
145271	5018491.58
145272	1966795.8499999999
145277	1332864.72
14528	7380291.24
145280	8990941.05
145297	211527.1
145298	1987116.28
145299	6988020.38
145306	4597068.19
145313	526927.5900000001
145315	3330842.4
145321	4591458.5
145323	1727292.9000000001
145324	52126.69
145340	1079819.4
145350	2089754.92
145355	230553.5
145358	1003819.74
145361	827053.75
145375	1777394.3
145380	1494374.4
145388	2904893.2800000003
145394	5587564.59
145395	5160440.61
145397	1135404.12
145408	832660.73
145421	114497.22000000002
145422	6766434.0
145423	267598.95
145424	3694090.64
145446	3448443.6
145447	295941.93000000005
145448	112476.6
14545	8288395.92
145453	2390533.1999999997
145466	233407.84
145474	3283708.8
145475	2939159.13
145478	333784.06
14548	2481004.94
14549	826208.8
14550	6191229.869999999
145504	5758125.52
145525	842843.16
145534	145661.08
145543	1090438.5799999998
145549	189157.86
145558	2217031.85
145565	1928732.0
145569	3988101.0599999996
145570	4391215.739999999
145572	2565155.9499999997
145579	1292809.76
145586	120194.5
145588	2115831.79
145593	2142071.92
145594	4437184.95
145599	5926091.52
145600	3699982.62
145603	435529.48
145615	693483.12
145616	3580987.96
145617	2679523.2
145620	8221371.6
145625	228959.63999999998
14563	948169.5
145674	3156704.2300000004
145686	175281.33000000002
14570	1975062.43
145700	3293107.8
145712	2210473.0999999996
145727	6866312.06
145746	1014792.24
145755	1706661.32
145786	1927039.4000000001
14579	4574848.81
145793	23919.0
145797	2909526.83
145800	1810964.34
145809	2413777.3200000003
145810	245898.84
145812	8119165.63
145815	3081476.24
145825	604748.8200000001
145832	1973813.4
14584	1378470.8800000001
145846	859705.0
145856	3358357.5
145857	1774881.01
145867	2907844.23
145869	944678.48
145873	4088513.22
145880	2109409.18
145896	187345.4
145904	5813086.41
145921	3298066.1999999997
145923	6337915.5
145924	1291977.0799999998
145928	7284196.36
145930	3070669.8000000003
145935	6930323.64
145936	6799855.44
14594	2974199.58
145942	1034414.92
145944	35264.32
145945	1132226
145949	182820.56000000003
145952	678887.9700000001
145954	690531.4800000001
145967	39353.2
145972	7648535.880000001
145974	3665705.1199999996
145990	7412088.85
145991	5955982.84
146005	3424153.26
146006	1164346.56
146022	1243619.3
146030	4276838.84
146033	1486350.7
146040	7957587.66
14605	5904420.78
146050	83116.44
146053	1030729.5899999999
146065	83502.3
146073	1487558.56
146079	3370688.85
146080	4019301.0
146085	2270648.3800000004
146089	1286868.01
146090	34904.82
146105	97689.67
146119	179428.64
146122	1118836.6500000001
146124	1263809.56
146128	546939.22
146129	4216578.15
14614	2955812.09
146144	597663.4299999999
146147	1286637.8
14616	2067714.26
146160	1819171.45
146173	1307498.4000000001
146182	3279330.0
146191	4374518.5
146194	5184983.64
146197	2412354.3000000003
1462	390433.96
146205	1909996.16
146210	550754.8200000001
146222	100049.71
146223	1699541.12
146226	3442032.93
146233	4178371.72
146243	2428316.6999999997
146247	3746129.8499999996
146256	1463597.66
146257	1246019.76
146264	909681.1499999999
146267	1286415.52
146268	2663023.2399999998
146272	3525540.44
146278	202626.76
146293	1275598.17
146294	3840696.66
146298	4903891.199999999
146304	974041.65
146308	7685956.0200000005
146309	5907863.26
14631	1873015.3
146315	1498735.2
146316	12215800.61
146320	5069991.6
146323	1402672.5
146327	8887836.23
14633	1369658.74
146330	4044217.88
146343	1574846.94
146344	7458897.449999999
146350	3971368.1599999997
146356	1694216.7
146371	4235030.44
146372	598687.6
146391	5469849.54
146394	3703719.15
146397	346839.95
146399	2481021.1999999997
146407	850962.4199999999
146418	5492242.600000001
14642	494318.04
146420	6658897.96
146423	1077726.6
146438	632338.0
146452	2708824.83
146465	28753.28
146469	786436.24
146478	2005984.4500000002
146489	1089964.44
146493	10444291.58
146494	415483.74
146511	6321623.0
146519	5134264.8
146521	6717173.28
146525	6971501.01
146530	7905336.6
146534	4511857.8
146544	104163.28
14655	1921024.3399999999
146558	509415.83999999997
14657	50639.939999999995
146574	24669.5
146588	1144652.04
146592	1988618.36
146594	6764686.7
146600	1273635.92
146629	7053602.4
146635	1041163.14
146641	2425047.36
146642	720594
146643	2859131.92
146649	75392.76000000001
146657	3304254.66
146666	7162168.12
146668	3469354.8499999996
146669	921280.3600000001
146673	1641372.96
146678	111010.95999999999
146690	1142360.5999999999
146694	2862364.89
146699	7929167.4
146702	2423349.54
146711	3511188.34
146712	5665106.3
146723	6671109.06
146726	1087869.6
146728	2463554.28
146732	976236.0
146743	4472279.04
146746	878026.86
14677	125890.31
146770	3096439.71
146771	1852638.9400000002
146772	7377950.36
146775	6670200.24
146780	504718.89999999997
146786	2172627.2399999998
146789	4181893.92
146790	4141191.86
146792	7712394.24
146793	930336.6599999999
146796	4800589.319999999
146815	2581737.9000000004
14682	267687.89999999997
146823	552877.45
146841	531288.03
146843	1824207.0
146859	5764695.3
146861	545896.6
146873	3078858.3
146875	1296537.44
146877	8118266.16
146878	3736879.6500000004
146897	1775122.2
146898	6612609.0
1469	3207473.6399999997
14690	1758439.04
146902	5642394.96
146907	561822.7999999999
14691	1522362.2
146925	8454887.91
146931	393390.5
146938	7824822.66
146943	7632004.13
146944	2648733.0799999996
146955	4049739.54
146957	1590264.5499999998
146965	130455.36
146972	4860719.5
146980	3502160.25
146986	2528382.8
146998	1227616.94
147	6989079.88
147003	9234847.99
147021	105056.59999999999
147024	3168730.7
147027	2957063.7600000002
147038	2014561.95
14704	423366.12
147045	1541424.78
147049	7227805.2
147054	52914.4
147063	4775207.62
147072	527175.52
147074	3732398.78
147089	5028033.100000001
147095	542875.2
147121	70564.72
147130	3639184.33
147132	3431856.95
147152	5117446.57
147165	147964.32
147170	693230.58
147179	2831899.56
147186	3990528.48
147189	5810184.84
147192	383098.1
147203	4381581.64
147205	1850046.0
147218	1326651.48
14722	4571753.13
147223	7012179.09
147225	781958.87
147233	716467.5499999999
147238	2294580.0300000003
147240	7764791.58
147242	7579404.44
147243	5400937.319999999
147247	1603522.44
147248	9205654.95
147264	2487109.68
147270	4337657.7
147271	3479635.1999999997
147277	114963.25
147278	7192560.99
14728	4277950.38
147287	999279.68
147291	4975544.86
147295	4221270
147296	1444016.07
14730	770265.65
147300	381829.95
147304	4331954.82
147305	6697587.4399999995
14731	3409689.2
147337	3606171.36
147339	1852231.24
147342	170257.92
147344	1363092.4200000002
147351	115213.28
147354	4857765.06
147359	5443266.55
147362	628645.32
147363	598588.68
147378	454246.60000000003
14739	3496626.27
147406	223772.04
147413	988553.7999999999
147418	4275989.76
147419	383051.75999999995
14742	241697.69999999998
147421	456998.25
147438	4507097.24
147446	2961715.2
14745	2239153.76
147455	1769632.4400000002
147460	900635.3999999999
14747	4012665.54
147472	6818710.08
147475	1225177.38
14748	4314906.41
147496	1171859.36
147518	252256.91999999998
147529	619569.76
147538	203432.91999999998
147545	184116.84
147554	747456.13
147562	2719017.6
147570	853419.2000000001
147580	3209929.38
147586	2337961.0
14759	4542030.0
147592	3078608
147594	2420230.5
147604	6641537.76
147605	1673080.9200000002
147609	1059237.52
147612	1626639.95
147620	3849765.6799999997
14763	1087972.8
147633	72305.61
147635	92129.59999999999
147643	2863900.6399999997
147644	4410699.02
147648	691416.0
147654	1367987.15
147660	552184.7
147664	1038149.16
147665	1095364.6800000002
147666	60015.0
147667	74649.16
14767	3026127.5
147672	196917.12
147680	321887.97
147682	4534845.13
147684	27171.97
147696	825213.12
147697	195065.28
147699	93919.51000000001
147708	618334.2000000001
147717	1545498.24
147722	1143495.36
147729	386253.08
14773	8500598.28
147739	3051516.48
147743	5339496
147745	4718972.4
147751	1913991.54
147756	3927550.0
147757	3029132.29
147764	2221327.44
147776	124496.1
147786	244485.92
147791	2383774.6999999997
147794	1613604.0
147811	5788649.35
147813	546981.2999999999
14782	7249059.739999999
147827	1209365.4600000002
147829	2596023.1999999997
147835	6389148.600000001
147837	4272244.56
147838	309299.32
14784	3152483.04
147854	551304.0
147864	118987.2
147869	4322476.9799999995
147872	1271978.7
147875	2780439.06
147879	7169202.6
147882	6942439.26
147889	2009433.78
14789	1773763.12
147894	3193014.24
14790	4240633.92
147902	774392.76
147908	771732.5599999999
147909	4506607.56
147911	968131.6399999999
147922	3829462.27
147933	7676314.24
147936	6079129.2
147937	1919486.2399999998
14795	3735347.11
14796	6921466.2
147960	1640802.1199999999
147961	4236158.56
147962	3959509.4699999997
147967	1155597.42
147980	3434313.6799999997
147988	2126864.56
14799	8342236.75
147992	1922215.9000000001
148001	69221.86
148018	2773934.67
14803	3703435.11
148039	3047231.88
14804	255587.30999999997
148046	658777.5599999999
148048	5085000.15
148063	3366344.0
148072	2367367.2
148073	4347656.779999999
148075	3813563.44
148079	1247360.8
148083	507627.39999999997
148084	5634820.4399999995
148086	4897279.26
148093	4557477.6
148100	1526675.6700000002
148102	5203789.88
148107	667156.4
148108	2871589.8000000003
148113	178105.44
148114	3712463.8600000003
148117	2258260.17
148130	1939790.16
148134	168955.74000000002
148139	1208471.02
148144	1562881.39
148188	4410243.1
14820	2276795.2
148213	2056341.9000000001
148214	1807409.4000000001
148226	196802.76
148241	2594221.12
148260	3309565.92
148267	3993853.5
14829	1039582.92
148300	5432709.890000001
148307	89405.75
148311	4474860.989999999
148314	1474771.9500000002
148315	3316660.4899999998
148324	4344168.78
148326	1121703.6099999999
148329	2481066.7199999997
148339	7669371.6
148346	453478.6
148360	462297.55000000005
148370	699688.7999999999
148381	92738.56
148383	6703168.5
148387	467099.0
148394	988325.8
148400	977871.7000000001
148402	758054.08
148403	5492935.5
148410	5746757.380000001
148418	3046724.6399999997
148430	1491577.9
148432	197138.61000000002
148435	3379868.4
148437	2943773.62
148438	4423913.28
148442	1856418.4000000001
148444	5051162.74
148449	1723861.23
148450	3530525.15
148463	1229738.0
148468	4442429.55
148481	1432525.9
14849	930530.7
148491	3280921.8
148498	5747469.470000001
148504	970362.64
148505	744738.72
14851	440816.79
148519	13171.920000000002
148520	3647810.4000000004
148536	1420250.0
14854	6641931.899999999
148544	1834929.2000000002
148548	1926624.0
148567	6941343.78
148573	5180682.0
148579	7984889.56
148587	63851.4
148593	3399788.3499999996
148594	1865659.3199999998
148599	250321.38
148603	2405692.1
148605	3841391.87
14861	1078978.5
148619	6281726.8
14862	1769244.4000000001
148633	2761465.65
148636	1190618.34
148638	6997754.5
148642	6035972.279999999
148643	1013887.6000000001
148658	3868006.0900000003
148674	4923951.5
148680	1669921.02
148681	7417649.12
148687	2234958.96
148691	2538149.4
148696	5727049.9
148701	4030529.3499999996
148705	224381.28
148708	4083105.1799999997
148711	4813495.73
148719	1061454.33
148724	2646915.2600000002
148726	4503405.75
148739	879513.7999999999
148757	3013432.04
14876	5221598.08
148761	223351.28
148770	5031396.9
148771	6879464.899999999
148774	104124.15
148778	4661564.88
148781	1576206.55
148786	3804007.4399999995
148792	526999.77
148801	4292777.399999999
148807	5490767.88
148808	2465126.6
148812	3984309.45
148818	2338271.4299999997
148822	588395.85
148823	2103211.76
148829	993641.91
148830	3931370.45
148834	3413154.87
148837	540596.2899999999
14884	223906.25999999998
148841	5657370.48
148844	2837305.35
148849	2802477.92
148855	4737244.68
148858	1572134.76
14886	522774.01
148870	322758.4
148885	3727534.72
148896	730280.3200000001
1489	270982.0
148908	6919196.85
148913	754522.1599999999
148921	4240352.16
148927	1385590.3199999998
148932	443014.08
148934	369495.2
148937	818910.62
148947	77654.28
148951	1840801.8599999999
14896	2327000
148966	77923.84
148979	1363444.0
148992	3233385.0
149007	1441020.72
149008	3581117.2399999998
149025	2226946.47
14903	5889093.84
149032	576087.8999999999
149033	25419.440000000002
149035	10826130.02
149039	333806.4
149044	692764.92
149046	388007.14999999997
149048	983692.08
149052	2379773.34
149058	3524290.8
149072	688926.77
149106	543391.8600000001
149114	1795129.6199999999
14912	9803102.2
149127	6136375.6
149131	4183169.8200000003
149143	4397542.64
149149	5745766.26
149152	1759440.96
149155	1812854.4000000001
149156	6673326.72
149157	325419.98
149163	29578.64
14917	291102.51999999996
149170	6905067.84
149171	2478326.4
149180	1750789.26
149181	6871738.79
149182	1055438.46
149184	1397949.3
149192	1117613.9
149204	3313908.8000000003
149213	1094690.52
149216	1751829.0599999998
149225	814660.16
149226	2068160.22
149228	1940013.79
149229	3074359.4
149233	3068546.13
149242	781522.64
149244	2797982.0399999996
149246	2009796.3599999999
149248	934543.5
149251	994453.4600000001
149257	2483784.0999999996
149286	2955182.4
149294	291769.52
1493	4571050.65
149301	1373200.56
149303	862911.96
149306	6274111.5600000005
14931	880045.04
149310	3464238.96
149329	2270928.14
149331	1167655.86
149335	30115.739999999998
149337	2571197.24
149355	538599.67
149373	2758806.4
149375	1721684.2999999998
149383	2274012.12
149387	7334617.8
149389	905493.2799999999
149391	1744960
149392	8049675.6899999995
1494	904735.84
149401	2231258.64
149411	3706446.4899999998
149412	5708754.16
149413	2627933.6
149416	5547348.8
149421	70438.90000000001
149445	588364.29
149452	978565.46
149457	406774.13999999996
149458	1422562.68
14946	72675.4
149471	4687144.46
149479	5412677.399999999
14948	4353213.15
149485	2589597.12
149486	3531089.04
149494	1778325.92
149500	2031919.02
149507	2082057.04
149512	18888
149517	410835.6
149535	947603.1
149538	1344845.44
149552	5117101.04
149553	8285714.88
149559	5723691.489999999
149568	1287386.4
149577	1742003.88
149586	2047154.97
149588	1105057.24
149590	1093738.4000000001
149603	589887.12
149635	68865.03
149644	3978893.4000000004
149646	2283283.17
149666	954393.5800000001
14967	901272.13
149679	1132784.72
149681	98315.97
149684	234340.54
149693	5248877.53
149698	4082087.0999999996
149700	631609.35
149701	1486857.0199999998
149703	6757369.29
149706	164082.35
14971	5178688.45
149717	4034348.37
149719	4764380.4
149732	7317297.28
149737	2376257.92
149739	3629265.36
149741	116310.77999999998
149747	520220.60000000003
149749	3957829.85
149752	758746.26
149754	594602.88
149756	3526066.8299999996
149758	4036272.9000000004
149761	4188402.9899999998
149762	1104611.6800000002
149763	7779182.72
149778	1752345.09
149784	2786534.0
149785	6189392.0
149791	2172150.86
149792	1545130.9000000001
14980	2224632.92
149801	432976.95999999996
149809	733005.45
149820	1002988.91
149821	941277.8
14985	255848.19999999998
149851	858504.6599999999
149853	2692120
149856	47572.08
149858	1328860.6400000001
149865	1669928.7999999998
149868	390431.93
14987	1622535.6
149871	1384590.3
149873	27537.79
149876	212660.0
149892	1170651.15
149920	281061.77
149933	536836.95
149935	3782797.4099999997
149952	3345590.7800000003
149960	4097217.28
149969	2590554.34
14997	32000.36
149974	7696958.46
149986	5415172.28
149989	285431.19
150009	163040.88
150015	381506.07999999996
150032	5012187.36
150043	2410930.44
150052	1922875.2
150059	5974837.62
150064	3354288.1
150066	2910146.4000000004
150076	2312645.06
150084	1430955.5599999998
150090	5125759.99
150093	4065468.23
150098	2663417.42
150099	3474087.4699999997
150105	1953189.04
150106	1176307.0899999999
150115	1612335.25
150119	8663403.54
150121	6598021.58
150124	4818318.96
150127	1703019.78
150134	377204.56
150137	1226638.5
150147	6975822.81
150156	3858953.7
150157	783083.68
150160	1450752.05
150167	5183633.28
150177	1727355.4000000001
150179	2618292.7199999997
150192	324845.75
150197	2846177.2800000003
150200	5688592.92
150209	2673717.5
15021	1596095.74
150211	2345052.15
150212	2083741.24
150221	965223.4400000001
150231	336929.1
150241	6094464.4799999995
150253	336039.02999999997
150257	4904920.8
150264	7448877.800000001
150268	8494188.379999999
15027	3605611.41
150271	2545023.6
150276	199191
150282	1675915.5
150284	481383.24
150289	2193375.52
150293	5335691.15
150299	281096.82999999996
15030	4302065.16
150304	201300.06
150307	3073982.5999999996
150325	5304499.2
150327	815249.1599999999
150349	1100011.29
150350	204690.24
150364	7040358.5200000005
150368	507450.24
150377	309887.44
150383	9332576.75
150386	245805.13999999998
150389	1933482.96
150391	4145669.35
150392	744053.4
150394	1351663.92
150403	5349668.49
150408	42734.45
15041	1804495.77
150415	2299781.5
150416	1313433.28
150421	1297182.5899999999
150424	3125167.5
150435	1190815.1199999999
150436	11407.14
15044	3321098.9199999995
150443	5847353.12
150445	11154.990000000002
150473	435789.36000000004
150476	1623240.84
150480	1305548.86
15050	5199461.28
150505	3492704.25
150513	3638520.3800000004
150532	1751814.0799999998
150553	510354.0
150555	452412.6
150558	1637026.5999999999
150562	2112066.54
150569	3227842.02
150576	8562794.1
150585	590647.32
150586	4779639.04
150587	10588.76
150592	1370249.78
150597	5074200.0600000005
150599	2783311.88
150606	826042.5599999999
150615	22762.48
150616	1106946.26
150620	3082920.38
150622	55826.659999999996
150626	184019.22
150628	392324.59
150630	1415633.03
150643	5664844.17
150644	201026.28
150648	981479.06
150653	444278.46
150656	550965.6
150725	8985686.16
150727	5921441.55
15074	565078.7999999999
150740	2871199.25
150755	7474788.86
150762	3133552.52
150766	747421.5
150773	3351754.12
150779	1102418.16
150784	1840877.64
1508	1505402.92
150813	1313981.52
150814	4792446.13
15082	181399.03999999998
150827	10503810.48
150839	993888.0
150840	447818.35000000003
150849	332282.88
150852	1444842.35
150860	5761006.0200000005
150873	6113938.6
150884	566305.83
150890	91114.51999999999
150892	105053.4
150895	109144.17
150896	6718787.2
150900	4494414.12
150912	4545580.199999999
150914	183443.4
150915	806029.6
150918	6913931.15
150922	100710.84000000001
150923	4480744.97
150932	6573340.8
150942	164315.46
150944	382165.47000000003
150951	1105366.2
150955	910351.8899999999
150958	2479245.54
150959	1735427.2799999998
15096	5424302.899999999
150963	5083860.74
150964	508149.35
150974	2909557.3499999996
150981	2250906.23
150991	352167.28
150995	1859922.54
150999	3147084.2
151003	1666393.02
151010	1579619.4300000002
151018	3744717.7
151019	7415047.2
15103	2449861.1999999997
151034	1734623.26
15105	1434342.96
151054	952030.8
151060	888522.31
151074	2013659.51
15108	2741637.69
151080	2218688.91
151085	5211050.399999999
151088	32311.35
151091	2968654.2399999998
151093	7180783.649999999
151097	14539.36
151098	2297595.08
151100	2168860.5
151107	968253.0
151108	441464.78
151117	6755152.99
151151	4164994.68
151152	723792.96
151155	510179.68
151160	1140293.7
151163	1113740.5
15117	2567912.04
151171	1274885.1900000002
151188	2350987.0500000003
151192	1853171.6400000001
151193	3348146.34
151196	4011988.19
151200	1023126.12
151203	653843.16
151213	1660583.97
151224	1822163.9000000001
151225	3844124.0
151232	1148610.53
151237	446321.0
151238	753434.22
151241	5011852.53
151247	1149252.41
151251	106694.28
151262	387200.34
151263	3406924.56
151271	6774207.48
151275	548627.6699999999
151277	4951527.58
151278	4789881.600000001
15128	1297004.04
151283	4612676.25
151284	8283526.649999999
151285	4665259.48
151286	4252359.600000001
151291	311717.25
151295	8616671.02
151296	1077072.08
151299	2133530.88
151313	132305.34
15132	5247934.8
151320	1996422.43
151322	3811373.82
151326	5489519.68
151332	1884533.7
151336	4693580.64
15134	195075.04
151342	1254262.68
151347	2455979.27
151350	1470085.71
15136	780916.35
151361	361239.83999999997
151367	2655419.1
151372	583669.23
151383	745878.25
151387	4364451.84
151392	330531.57
151399	4726431.0
151408	5059072.37
151421	311800.73
151427	1073594.06
15143	1492039.75
151435	2739467.4
151439	536254.16
151447	5691515.83
15145	718381.3
151459	666457.74
151463	2728941.0
151479	6195671.01
151488	437343.99999999994
151490	2376852.8000000003
151493	2362689.4499999997
151494	4082170.56
151505	323788.74
151513	1923038.4000000001
151520	3673903.52
151538	3481492.49
15154	447587.45999999996
151544	111978.49
151546	604281.51
151548	3684027.1
15155	3173303.1599999997
151558	2225319.6799999997
151562	2408233.14
151564	4000384.76
151585	7518883.5600000005
15159	4901293.600000001
151610	6219940.31
151619	8182909.05
151620	7735704.899999999
15163	3880339.64
151635	659020.3200000001
151639	3693246.93
151643	1127024.2
15165	6043115.87
151657	7524043.62
151663	283716.0
151664	8014821.96
151669	2819205.18
151671	682872.64
151676	532456.74
15168	2045987.4900000002
151682	2864336.4499999997
151684	762926.58
151693	8833807.64
151695	4935818.91
151696	1434097.8
151697	4396997.3
151705	272425.26
15171	1794148.72
151712	160636.98
151716	4724003.79
151718	1451000.46
151727	29822.48
151730	2561651.8200000003
151739	3443436.6100000003
151740	1114188.56
151741	5083462.17
151745	229503.04
151756	4697254.59
151759	1105197.19
151760	1938921.04
151761	7344239.88
151763	83480.1
151765	223519.91999999998
15177	684266.6599999999
15179	4183060.7700000005
151792	2553511.32
151807	3857536.2
15181	1855607.1400000001
151810	3088422.36
151813	1755938.77
151817	287737.83
151828	2417617.02
151842	1659637.47
151843	741332.76
151847	2898869.82
151866	295410.33
151876	180737.6
151888	735592.48
151895	497342.16
15190	672488.25
151900	1060787.94
151903	1602688.12
151904	6329255.399999999
151905	3712209.48
151913	8869321.17
151925	314162.28
151926	554954.61
151929	223626.0
151958	539295.57
151966	3301131.0599999996
151967	177685.34
151971	443007.04
151984	174029.0
151992	4475595.56
151997	818793.92
1520	1618821.0
152000	4310130.399999999
152007	575816.76
152008	2501520.32
152013	2504396.16
152019	2846066.25
152030	4049090.65
152041	1252241.5
152048	8330638.99
152052	308366.76
152065	7843737.779999999
152073	6215475.46
152082	27687.199999999997
15209	9403245.31
152090	4385039.31
152099	589394.61
152101	8734432.76
152102	2548449.4
152117	586031.04
152139	6312484.2
152148	159352.38
152158	1142848.72
152160	1189117.5999999999
152161	3426411.0
152180	2182485.6
152187	18450.6
152193	1613664.1800000002
152196	385341.3
152202	5127321.75
15221	1409848.72
152210	489684.26
152213	9494756.96
152216	1556553.0
15222	2318703.32
152231	7616955.4
152232	2110317.09
152239	988135.52
152246	2372267.28
152251	216392
152252	851351.5499999999
152261	284933.45
152266	964788.85
152269	205171.76
152270	1329096.51
152274	5095509.96
152275	5650281.0
152276	3869933.1
15229	2403315.1100000003
152292	5800743.5200000005
152299	1223246.64
152306	4438788.8100000005
152308	8903244.08
152311	7367957.399999999
152314	430945.74
152323	5899365.36
15233	4685955.2
152332	1138370.64
152333	329879.7
152371	6749725.59
152379	90685.28
152381	1760770.24
152383	6999437.18
152387	5411300.48
152388	10830977.82
152406	5048101.36
15241	925954.74
152424	3270380.19
152433	39645.64
15244	1214594.1500000001
152444	2221517.34
152449	3290957.5
152465	25959.52
152474	1417338.85
152487	3472643.88
152488	4578506.0
152498	3096407.74
152500	5948442.3
152507	84400.5
15251	5094318.81
152515	2283372.0
152524	845303.36
152530	2112265.6
152531	1617019.5999999999
152539	3480926.22
15255	2866324.7800000003
15256	932138.82
152574	2545332.7600000002
152579	320210.7
152581	3553282.88
152589	2550569.32
152602	1620946.08
152605	366420.16
152608	3734723.72
152612	7940663.71
152613	2594217.72
152614	2182194.0
152620	3681016.4000000004
152621	2634335.79
152630	493424.64
152634	9282184.57
152636	8184530.720000001
152639	2799667.66
152642	5886701.5200000005
152652	6063628.75
152666	1450598.24
152671	7142749.199999999
152675	1334898.41
152682	609324.33
152686	2185682.68
15269	3547098.2399999998
152692	5328019.06
152707	4670546.03
152708	1321312.89
15271	11406.24
152712	2139759.87
152715	5540092.92
152724	6928200.68
152726	6572562.92
152727	6171776.3100000005
152736	90226.47
152756	6453413.199999999
15276	3332951.7
152779	5341869.600000001
152780	1542624.72
152782	1235001.5699999998
152783	3294395.64
152791	8697325.8
152797	1205801.2
152799	2074728.63
152804	3681251.2
152808	73388.16
152814	1285721.9200000002
152819	1575427.98
152822	13491.18
152823	3392781.5100000002
152838	1240386.34
152841	1005508.35
152844	1063574.4000000001
152858	1923771.1900000002
152863	3998685.0900000003
152865	256413.87
152879	1436847.3099999998
152891	1728354.0
152892	1191851.27
152906	2480772.58
152907	3152173.11
152909	1558336.6700000002
152930	3004753.5999999996
152931	7267522.989999999
152936	805021.0800000001
152939	962883.52
152950	616095.48
152958	61937.46000000001
152960	1269814.5099999998
15298	797487.2400000001
152987	338881.89
152988	835898.16
152995	1653706.8
153008	416886.75
15301	533177.76
153017	1284040.0
153020	216087.04000000004
153028	9067010.51
153041	4201080.399999999
153052	467001.21
15306	2094455.61
153070	115747.83
153071	2992949.76
153073	2727899.79
153077	5447026.3
153083	5747794.359999999
153084	976787.46
153091	2941243.7800000003
153099	1071712.5999999999
153100	6019081.83
153102	1577344.2
153103	965449.09
153107	779242.5
153108	4619227.45
15311	187398.0
153112	2591345.6
153114	2892472.24
153121	2062926.06
153130	4519626.4799999995
153135	3821165.04
153141	8719407.51
153145	1519909.6500000001
153158	604527.28
15316	2760625.68
153171	370426.24
15319	571503.24
153195	2734920.0
153210	2615847.7399999998
15323	1728226.94
153240	1129274.82
153242	399130.0
15325	1316461.34
15326	3532714.85
153269	533478.83
153277	189758.1
15328	1240615.0
153281	2129038.56
153288	900043.3
153294	6728165.09
153295	5083246.899999999
153299	1660323.8399999999
1533	464174.22000000003
153315	2725606.49
153328	17151.97
153339	2926205.92
153342	5571896.370000001
153354	4682479.2
153364	5742768.24
153367	2427769.8000000003
15337	3346433.0
153387	656794.44
153388	546224.46
153405	2713513.71
153407	1151596.7999999998
153411	6310800.72
153413	7332303.72
153415	709174.98
153418	427770.0
153419	712827.0499999999
153427	50398.2
153429	1504819.4
153430	5327743.680000001
153433	191743.14
153437	55497.5
153438	17746.75
153450	924576.75
153457	1584320.76
153459	1059570.72
153466	744583.4
15347	3722895.34
153470	2474653.39
153474	5858811.12
153489	5752616.9399999995
153496	3500387.92
1535	819711.75
153506	5276732.85
153514	5390381.12
153518	6174173.95
153525	2175438.36
153533	3828537.51
153534	1914521.4000000001
153548	2946532.8200000003
153562	396000.83
153563	1398542.88
153569	4867424.88
153572	420953.61
153575	1277527.09
153589	3230974.74
153595	1453524.94
153600	190340.1
153603	4739079.18
153606	714987.0
153607	3980393.92
153612	256551.25
153613	934076.5599999999
153615	6348108.72
15362	4759043.38
153632	1452909.36
153643	4832951.49
15366	8388907.8
153666	28326.14
153670	577756.72
153675	390691.13999999996
153678	3899354.81
153680	1265735.1
153686	236186.1
153707	1166429.81
153708	3248167.23
153711	144781.78
153715	272597.76
153718	1393602.84
153726	3491078.94
153728	7128102.6899999995
153730	495591
153739	2853791.06
153740	2755883.84
153747	4202307.0
153750	1468626.4100000001
153752	4219704.96
153753	3926568.96
153756	1589811.41
153762	4561917.7
153766	772043.4400000001
153777	1553632.95
153778	4006339.44
153781	3400680.36
153787	7967535.58
153792	3172037.31
153793	1049465.34
153798	115020.01
153799	958317.36
153800	2078455.74
153801	392668.24
153806	21259.68
15381	3132648.15
153811	5551025.62
153814	6263112.62
153827	7076077.83
153828	1723365.99
153835	4347771.7
15384	85445.1
153851	6156194.32
153854	4803593.5600000005
153857	1294932.08
153862	691369.36
153865	2384015.54
15387	6768955.2
153876	701490.1
153882	2644946.04
15389	1907650.78
153890	2281375.75
153898	6751870.4
1539	154770.99
153902	3157833.08
153907	1545148.71
153923	75123.71999999999
153936	3616814.92
153948	1966641.5999999999
153954	4632406.68
153962	2390394.5100000002
153974	4889190.04
153978	4797969.79
153994	571708.28
154	7023789.850000001
154003	4721708.48
154005	3922539.6
154009	2625536.7
15401	249453.62000000002
154013	142018.81
154017	1023882.2999999999
154020	829430.8
154028	2235791.6
154035	5733544.239999999
154053	6906900.44
154059	576920.3300000001
15406	589917.0
154061	5328043.16
154063	1564973.27
154073	4667527.699999999
154075	1137505.28
154079	2767010.06
15408	772700.3099999999
154083	2034765.92
154100	4099031.78
154112	3973204.4999999995
154118	4441664.98
154125	2145477.18
154126	2804100.3200000003
154134	1917108.83
154150	462128.39999999997
154154	229652.7
154158	479970.4
154173	2775992.53
154179	267552.01999999996
154182	2589434.0
154184	1283729.2
154185	1165403.7
154191	221117.25
154194	2401445.04
154197	137866.19
154199	8074940.76
154208	682082.33
15421	3250105.3499999996
154210	4943467.9799999995
154211	5639372.279999999
154212	5358006.9399999995
154220	4373646.48
154227	7085931.82
154231	1347145.74
15424	95839.11
154254	71466.8
154255	2567103.84
154256	2437528.2700000005
154260	2843418.2399999998
15427	559346.5499999999
154271	4974843.72
154272	911639.38
154274	571950.31
154275	2092553.68
154276	8771733.91
154278	86454.72
154280	1552294.4
154307	9012571.2
154322	2608657.44
154325	2870584.14
154328	2104371.72
15433	1348722.06
15434	561081.78
154343	19502.100000000002
15435	984030.8
154357	1414498.12
154358	15212937.879999999
15436	2638025.62
154362	3342835.86
154381	5526789.109999999
154391	5901162.569999999
154403	6252671.15
154410	921493.92
154415	114716.56000000001
154419	997743.0399999999
154420	4473381.0
154421	4901070.600000001
154426	4509460.2
154428	3586480.7199999997
154440	1113831.8399999999
154444	4046369.52
154455	4073019.75
154463	659295.0
154473	718148.46
154482	346428.72000000003
154499	453835.19999999995
154507	6099208.04
154512	1950021.1600000001
154522	936903.0
154528	7387957.66
154534	4655651.28
154537	584944.5
154545	4671783.600000001
154556	1687686.4000000001
154563	2697930.0
154572	2959901.21
154580	668114.7000000001
15460	549674.1
154605	593573.38
154613	563315.3999999999
154614	166777.65
154615	4385272.64
154616	107234.52
154617	7251596.880000001
154635	1282975.12
154648	4041616
154654	214261.32
154663	244447.74
154676	1791590.2
154686	427488.81
154702	784975.5
154706	2949443.87
154708	3734630.3400000003
154711	204852.6
154717	2379604.2600000002
154721	4380872.8
154725	1674879.57
154728	3277356.8600000003
154731	7888301.33
15474	4403445.23
154747	14407580.68
15475	7573337.82
154754	2278683.12
154761	7279813.9
154767	6288190.35
154776	575483.15
154778	855035.54
154781	89963.73
154784	728405.63
154785	4396443.78
154789	144259.68
15479	219665.88
154790	2245934.7
154821	2177707.37
154823	1045706.76
154826	198104.53
154829	1351107.2
154834	325561.2
154842	639147.6000000001
154847	2372935.46
154848	2403754.0
15485	253187.43999999997
154861	12230.400000000001
15487	3557732.75
154886	5340771.0
154896	2746214.35
154898	1352623.86
154903	5693097.21
154904	1140783.71
15492	5680902.600000001
154929	6430807.12
154939	324957.14
154943	5175966.0
154948	4149723.06
154955	1273412.84
154959	6222292.8
154979	7542439.14
154980	4496921.9399999995
154985	664835.32
155002	2303788.5
155013	5863810.399999999
155022	3698632.7399999998
155030	1326946.56
155046	4938918.49
155054	1421050.0799999998
155063	4423725.54
155075	4288778.4
155089	5459928.6899999995
155094	239630.54
155096	5681225.85
155104	241585.88
155117	3732582.16
155120	6362993.92
155126	1648426.38
155127	5343900.23
155128	453294.52999999997
155129	5372024.13
155136	70811.0
155137	5468161.35
155145	1400537.31
155149	7707781.78
155151	4950341.210000001
155154	3245106.02
155157	1508632.02
155167	4260053.44
15517	3342644.7600000002
155179	269422.27999999997
155181	5018696.1
155190	2909044.25
155191	6966319.92
155201	2810119.0
155207	3305848.0
155222	9186469.16
155223	1177700.19
155227	5223154.32
155230	887473.8
155234	3100185.6
155241	8725429.86
155242	509357.45
155259	5511622.48
155269	2302133.4
155271	6035769.78
155274	408784.72000000003
155277	1181572.8900000001
155295	3089218.5
155297	117884.09
155298	1914908.73
1553	685104.36
15530	5948916.88
155306	432791.26
155312	2808318.76
155314	2847414.4
155319	1315040.72
155320	68458.52
155323	4308981.95
155338	25575.9
155347	7131233.52
155353	2636353.6
155356	2536702.4
155359	2474958.7199999997
155373	6174803.08
155378	4897731.96
155385	47373.840000000004
155391	7395479.21
155394	3074971.47
155406	2197486.2
155421	2469136.54
155422	810011.7000000001
155424	1349056.58
15543	3592008.81
155443	1216953.36
155446	10852764.57
155450	2883057.0300000003
155465	5047347.33
155473	285897.37
155475	2541967.83
155502	1412505.21
15551	2832287.22
155523	1308197.61
155532	2150184.66
155543	126008.18000000001
155546	3659102.4
155556	3568296.42
155562	4665741.75
155567	5859563.92
155569	5470527.04
155576	250486.52
155585	3830852.19
155586	15299.1
155588	1699034.94
155590	2894818.6399999997
155592	6875368.5
155596	1099346.55
155598	2883974.6599999997
155599	1464655.68
15560	9017687.28
155600	455100.8
155614	3247235.56
155615	3412535.12
155617	4006867.2
155618	1810672.7799999998
155623	2038206.44
155673	1855050.05
155686	3368313.75
155697	3497631.1599999997
155710	919748.7
155725	4184130.0999999996
155743	4335147.54
155755	2480966.55
155783	2983758.83
155784	493601.18
155792	287781.94
155796	1687001.1
155797	906115.74
1558	1905070.73
155809	9235410.84
155810	4514253.08
155814	2812248.9
155822	3790413.8800000004
155830	1504766.8800000001
15584	5153990.640000001
155843	2241976.46
155854	490666.75
155857	850363.7999999999
155865	1582307.55
155866	5565367.100000001
155870	815321.2000000001
155879	1599339.06
15588	5489218.26
155893	1033379.0
155902	7041669.28
155920	5481788.399999999
155921	6956139.39
155922	2046840.5099999998
155925	1601414.9
155928	85470.68000000001
155933	7158092.170000001
155934	308197.12
155942	4541880.899999999
155944	939200.24
155945	2156708.54
155948	860703.42
15595	3511992.2600000002
155951	1413337.8
155952	3109628.61
155965	5103861.44
155974	5465722.85
155988	2869670.72
155989	2316300.54
15599	6185016.5
156004	9215557.9
156021	942696.6399999999
156029	274170.24
156033	2705834.52
15604	2539297.5999999996
156040	4951776.66
156049	2385025.92
156050	55362.04
156063	846534.1499999999
156070	2241273.03
156077	1625853.56
156078	1654819.2000000002
156084	3090983.4699999997
156087	4236965.32
15609	1989195.6800000002
156090	38385.9
1561	2954721.39
156104	6860492.3
15611	40701.96
156115	594338.88
156118	6822161.5
156121	4796137.9799999995
156122	455078.05
156125	4156576.6
156127	351581.76
156128	1952352.88
15613	4068646.5599999996
15614	974160
156141	2234583.91
156147	1049096.32
15615	1936378.56
156158	2524215.9000000004
15617	6894157.03
156170	4720848.16
15618	24497.0
156181	627508.42
156190	407234.88
156193	933131.2499999999
156194	1328968.5
156195	1110480.25
1562	1325604.28
15620	164191.16
156202	3531454.08
156207	23285.07
156222	2316062.87
156223	2418398.4
156226	3007365.27
156233	36328.5
156241	1604788.86
156243	572301.6
156245	1144620.48
156253	4056076.5
156255	6896918.7
15626	440469.0
156261	4298500.640000001
156265	1351293.2000000002
156268	475601.73
15627	2773392.9299999997
156271	7708191.74
156277	684285.0
156281	3465648.72
156292	685049.25
156293	7172700.6
156296	1594803.6
1563	2408855.4
156302	2159869.6
156306	4758580.75
156307	5576152.05
156308	1719251.64
156314	18549.99
156315	763682.64
156316	3008612.26
156317	172095.9
15632	4114259.52
156320	4156404.5000000005
156326	3599056.99
156329	6751603.3
156342	3982297.3
156343	1755699.99
156350	2057926.5
156353	7081460.91
156369	211020.72
156372	4334365.38
15638	3909278.4800000004
156391	10839810.379999999
156397	12260623.5
156405	3769370.77
156417	799570.01
15642	4106869.8
156422	626854.65
156438	5706561.08
156449	2712079.92
15646	1605187.26
156463	277619.34
156469	187485.0
156475	2790293.6599999997
156489	1460595.92
156490	4010855.36
156493	855338.35
156508	2153616.54
15651	1141497.93
156516	6200829
156518	3128517.1799999997
156520	2522110.25
156524	2661079.2
156528	1604015.39
156532	537721.35
156543	4459041.6
156555	7636415.84
156574	6747302.9799999995
156588	1020173.25
156589	99055.8
156590	107172.92
156594	1327633.86
156598	75417.84
156627	1759520.67
156633	2315220.8000000003
156639	68090.88
156640	2738782.02
156641	167420.45
156646	1821614.98
156654	67687.88
156665	1861208.9499999997
156669	4182327.0
156673	1268804.9500000002
156675	878310.2999999999
156688	379711.36
156694	1319537.5699999998
156697	560461.4400000001
156700	1868085.5999999999
156709	4751505.300000001
156712	96187.05
156723	472644.48
156726	3409776.48
156727	4844936.16
156729	2074344.48
156742	4155810.03
156746	2615633.0
156770	471741.2
156771	1585728.9000000001
156775	187624.41
156777	1609221.52
156786	1971965.21
156787	206306.46
156790	2396358.16
156791	888009.5700000001
156793	6283974.32
156795	890583.43
156822	92456.59999999999
156840	6197496.88
156843	6357509.52
156858	4280743.58
15686	18622.28
15687	2738924.06
156870	462620.16000000003
156873	8899429.1
156874	274237.44
156875	755229.82
156877	6733621.06
156896	3819069.81
156899	2114831.25
156906	938195.2000000001
156925	6213337.02
156928	4726833.5
156941	407831.0
156943	5379337.15
156954	2026961.4
156955	145904.65
156962	4764839.38
156970	5096492.22
156978	1146712.32
156983	600890.4
156997	1549885.42
157	2000148.16
157000	720257.5
157022	3358304.35
157027	929473.08
157037	1344112.52
157043	2717879.84
157049	173261.76
157052	418117.7
157060	995106.09
157071	4253238.01
157087	3678038.1
157095	3802134.2700000005
157120	1479484.52
157128	4113025.0
157129	8405730.08
157130	159469.18000000002
157132	1662725.3
157150	141405.15
157163	1082808.24
157169	2159072.43
157178	2594704.0
157183	386181.60000000003
157186	5605838.01
157191	510368.87999999995
157201	186825.59999999998
157202	8788287.879999999
157217	6199973.08
157221	803535.59
157222	5876332.100000001
157223	3431882.9000000004
157226	1378758.6800000002
157232	2240494.5300000003
157236	192251.48
157239	5393729.88
157240	5584386.96
157243	633103.02
157246	7147562.92
157262	2057809.6
157269	5697186.72
157276	3334712.2800000003
157284	973772.49
157291	842804.9400000001
157293	7166222.7
157296	415355.04
157300	356643.04
157304	351963.89999999997
157305	1087249.8
157336	4399644.24
157338	656416.88
157341	5099503.04
157349	3208154.39
157351	119883
157357	791093.1
157362	333610.8
157363	5171793.569999999
157376	5611584.029999999
15738	318341.04
15739	2854316.6
1574	3591374.4000000004
157403	44818.840000000004
157413	502474.56
157418	3385410.1799999997
157419	454421.25
157435	6281700.52
157444	1622778.4
157454	8897339.2
157458	1132929.25
157470	566129.88
157474	1685512.8800000001
157494	390857.99999999994
157500	663830.52
157517	2199344.91
157528	350453.69999999995
15753	2550610.1599999997
157537	1396537.23
157545	980698.22
15755	5210481.24
157551	1910731.28
157561	152473.51
157569	4751470.62
157578	1505465.4600000002
157583	360472.0
157590	8772006.45
157591	6191381.3
157604	3386942.53
157609	298177.05
157619	1226298.57
157632	4218964.75
157635	2214086.35
157641	1482125.07
157642	353888.96
157644	233564.85
157645	3353795.47
157652	2376944.98
157660	1155495.9
157664	3556518.2800000003
157666	4181904.5599999996
157672	349709.16
157677	1412910.17
157682	4941833.79
157694	1088439.04
157696	1261944.85
157706	5290147.2
157716	7039142.82
157722	155518.08000000002
157726	461637.04
157738	1070952.8
157742	1745035.38
157745	4345133.76
157749	296003.16000000003
157753	518428.68
157756	1736442.5
157757	2236299.54
157761	6256122.600000001
157774	7385222.38
157784	602521.15
157789	7528542.56
157792	1230222.84
157810	243158.7
157812	209815.86
157827	4491001.8
157829	1385846.6099999999
157834	381834.0
157835	1880941.65
157838	3806011.78
15785	10395.24
157853	47678.4
157862	7632582.21
157868	146268.75
157871	320361.9
157874	4804153.2
157876	7681949.279999999
157879	4196700.72
157888	3545560.8
157900	3864366
157906	314292.84
157909	4082632.67
157921	917206.92
157930	3835290.2399999998
157936	1141321.02
157937	1191178.46
157958	5283296.4799999995
157961	3652539.3000000003
157965	5604269.5200000005
157980	6103456.08
157988	8460123.200000001
157990	1070404.56
157998	4759037.4
158017	1973335.88
158038	1602172.0000000002
158043	6147802.8
158047	4549892.75
15806	2297860.56
158061	162828.03999999998
158070	3667314.1199999996
158071	2898737.92
158072	3792369.42
158077	664749.4500000001
158082	4343778.9399999995
158084	4486600.8
15809	809565.03
158091	1293401.37
15810	1500753.52
158100	4902992.38
158101	3186387.17
158105	2240206.4
158107	72304.14000000001
158111	3169313.4
158113	1478993.26
158114	1486651.05
158115	297303.89999999997
15812	3144770.7600000002
158129	2092364.8
158133	76937.28
158138	7495236.54
158141	717039.7999999999
158188	1103104.0
158210	1220812.76
158212	2886897.63
158225	2059998.26
15823	2595704.22
158240	1064736.0
15825	731345.44
158258	1534763.43
158264	2254901.25
15828	3238480.73
158298	1923393.78
158299	394538.24
158307	99057.08
158311	4020982.2899999996
158312	3599009.61
158324	11243442.72
158325	7950728.3
158329	944823.12
158337	1038798.92
158345	1228897.3499999999
158358	1428656.58
158369	837771.3
15838	3050645.95
158380	7675931.9
158381	1330787.25
158385	58219.44
15839	3292904.44
158394	3732334.52
158397	375856.5
158399	3377279.62
158400	2003288.43
158407	6123080.050000001
158408	7125763.53
158417	157527.48
158427	8288938.0
158429	65021.4
158435	697555.25
158436	405272.92000000004
158437	3336534.96
158440	1714906.3
158443	6370585.76
158448	5321006.58
158449	30372.16
158463	1531835.9
158466	2228018.32
158480	764454.8
158488	9227216.4
158495	1662127.98
158503	3790693.63
158504	540105.9
15851	636766.04
158519	4444669.68
158536	493773.47
158544	5586907.800000001
158545	2486350.7199999997
158564	4664522.640000001
158565	437101.56
15857	946514.4
158570	545475.84
158578	1046723.26
15858	151559.19
158585	3364736.6
158592	3385720.08
158593	772286.81
158599	1251267.08
158602	2026186.91
158619	181777.05000000002
158633	784918.4
158636	697276.8
158637	2384336.96
15864	3091185.18
158640	376363.77999999997
158642	246695.68000000002
158643	176398.65
158656	845812.8
158673	3415157.3000000003
158677	2435884.43
158678	2695492.54
158681	3268822.9
158685	7035484.63
158688	3684903.88
158696	1976055.6199999999
158698	517747.86000000004
158705	2728675.84
158708	7044133.720000001
158709	5893649.6
158710	4621284.75
158717	2222710.21
158722	7220654.640000001
158723	2526626.52
158736	2267845.1999999997
158756	3123848.39
158760	1635094.5999999999
158768	8796422.95
158770	4105345.61
158771	668839.5599999999
158776	1008394.94
158780	679464.6
158786	590661.28
158792	2680922.58
158798	374532.87
1588	590191.4
158805	718288.2000000001
158807	2654274.21
158808	1056079.94
158811	5912212.04
158817	4997802.29
15882	4842421.0
158821	3362100.36
158822	1116423.6800000002
158823	448724.50000000006
158827	8180470.899999999
158829	1153989.48
158830	4075162.0799999996
158832	6619366.2
158835	1050885.12
158841	1307535.7000000002
158844	398590.5
158846	2276514.2399999998
15885	3891595.0999999996
158852	3994273.98
158857	298255.32
158868	4289256.0
158884	973258.83
158893	370749.24999999994
158906	334571.88
158912	3629533.65
158920	86531.54999999999
158924	408767.8
15893	928385.96
158932	2697910.92
158937	246312.33
158944	169979.32
158948	474634.88
158964	1588631.34
158978	2659990.3400000003
158990	1344460.0799999998
159005	7574595.6
159008	3794424.48
159023	6154680.4
159029	1509571.25
159031	158718.56
159033	3453414.24
159035	1774205.6400000001
159039	788530.08
159043	590007.46
159047	4348065.6899999995
159049	219417.69
159058	1393178.85
159070	4271874.95
15908	19827.99
159104	5705998.49
159105	1127150.64
159113	3242146.5
15912	2743416.0
159124	3113449.1
159128	795808.96
159142	271270.02
159148	3560997.9
159149	711720.8200000001
159154	3526499.97
159155	7127194.88
159156	1165613.82
159161	5401989.359999999
159167	869793.79
159169	1292778.9
159178	153615.49000000002
159180	9883744.43
159181	2582806.0
159190	1383976.74
159201	5649293.12
159203	109450.05
159212	1914487.68
159215	2993987.0199999996
159224	2596950.0599999996
159225	1645337.76
159226	7333594.840000001
159230	330742.62
159241	1713453.14
159242	513785.58
159244	2401522.48
159245	3179440.6
159248	1677922.0
159257	1770969.48
159286	3732300.2399999998
159292	3306212.5599999996
159298	1322473.1500000001
15930	766022.4
159302	3514078.59
159306	1963986.88
159310	929450.94
159327	1813728.12
159328	2520567.5
159332	497602.39999999997
159337	8366092.260000001
15934	5062542.72
15935	705754.91
159355	476997.0
159373	9416950.149999999
159380	4187202.2
159385	823090.32
159388	610754.27
159389	5354214.600000001
159390	2624457.0
159398	8584821.0
1594	704995.0
159410	4414000.26
159411	2567606.71
159414	4362976.87
15942	7051239.72
159421	1036207.12
15944	2354055.2800000003
159443	1436794.06
15945	9731096.45
159451	1290336.84
159456	1659071.87
159458	1800152.96
159469	2930037.81
159477	2099178.0
159482	1262097.0
159485	1355920.86
159493	112669.4
159498	465802.32
159504	439815.11
159512	2248318.64
159515	507689.82000000007
15952	1642870.48
159533	815849.7200000001
159537	186710.16
159550	299972.33999999997
159558	2040189.16
15956	840492.77
159567	1651838.32
159575	1188609.5
159586	12001505.840000002
159587	7825865.850000001
159602	4375385.76
15961	165467.53
15962	2565128.8
15963	2969356.86
159635	5936157.0
159643	4001568.48
159644	5440655.359999999
159645	4677243.199999999
159665	4063051.52
15967	761939.0800000001
159678	2273487.6799999997
159684	4080408.0900000003
159693	102428.04
159695	2511991.02
159698	5929300.609999999
159701	242571.62000000002
159706	288222.48000000004
159716	5836181.04
159717	4888753.28
15972	321486.0
159732	2766346.98
159736	3331520.8000000003
159737	315557.1
15974	7517616.24
159741	4898728.390000001
159746	452201.86
159747	6597731.0
159751	13306614.48
159754	995048.7
159755	221111.52
159759	1178661.5999999999
159760	23398.5
159761	4543286.899999999
159784	7431225.6
159791	4235279.12
159799	35850.36
159808	686068.5
159817	3057459.16
159818	4526648.96
159851	183921.9
159853	2595067.3400000003
159856	7809415.63
159864	2430448.36
159866	103609.8
159868	2344839.8400000003
159872	2470026.9400000004
159873	2005956.18
159891	3849283.54
159918	1585431.8900000001
15993	4755344.58
159933	310655.36
159934	1316471.93
159950	1176671.47
159959	130822.56000000001
159969	4369967.16
159973	5406209.0
159985	478974.8
159989	1988545.69
160	5993758.4
1600	2093280.89
160000	4429280.52
160008	928475.52
160014	426268.16000000003
16003	2594454.75
160032	4643863.149999999
160043	897182.63
160052	6676818.5
160056	868163.25
160061	5072394.8
160064	1963700
160076	1626806.72
160084	71871.06
160087	869122.8
160092	323011.92
160096	4578622.140000001
160104	6483780.02
160112	3263338.9000000004
160116	194909.22
160118	1914942.0
160119	3100882.16
160122	1448670.92
160124	3189221.66
160134	3554500.1500000004
160147	2136261.5999999996
160155	2298874.3600000003
160157	75294.56
160158	5719272.2
160166	3810159.21
160174	124857.92000000001
160179	1080308.25
16018	4102169.4
160181	1065173.02
160190	697189.12
160196	1624331.18
160197	3247497.9
160208	337752.53
160209	2240951.07
160211	282409.92
160220	2961659.4
160231	369771.0
160239	2790167.64
160253	2094948.3
160257	4841303.94
160263	868854.34
160266	2609321.4
160271	1560155.4500000002
160274	3593634.0799999996
160279	1054841.94
160281	508607.04000000004
160288	1152126.19
160290	3152641.6199999996
160298	5698202.06
16030	7118476.47
160303	2158776.1
160306	678442.56
16032	1882633.7600000002
160325	567895.65
160327	324093.16
16033	1116409.5899999999
160349	1028144.54
16035	2787237.6399999997
160361	312585.52
160368	819879.2999999999
160376	1255951.0
160383	5664328.07
160386	269808.0
160388	1328467.57
160389	5264723.64
160392	2542922.5599999996
16040	235862.4
160403	1353278.56
160408	331089.88
160413	871336.96
160414	5319632.88
160420	297965.18
160423	886839.2999999999
16043	5725527.92
160432	2758795.44
160436	420801.27999999997
160440	34420.78
160443	2172049.32
160472	7830206.82
160476	981277.2
160479	919182.24
160504	1679538.42
160511	3666681.0000000005
160532	6831474.33
160552	2502305.62
160553	413309.98
160556	5257104.93
160562	4119668.08
160566	956328.9400000001
160575	166166.0
160583	9303515.92
160585	5919639.4799999995
160586	4184108.63
160591	1778536.6199999999
160596	848035.36
160597	4960734.48
160598	2954579.7199999997
160605	1594228.8599999999
160614	3715643.68
160616	1129397.06
160619	952017.8
160622	4536625.5600000005
160625	561986.25
160628	5051371.56
160629	2086709.7
16063	4127541
160640	924095.7
160644	4161278.04
160648	672050.63
160653	5774081.600000001
160654	4450993.0
160723	765551.0700000001
160726	4143009.09
160740	8852685.43
160755	5400545.71
160759	764417.88
160763	2066982.75
160772	1088894.0
160776	576126.7000000001
160777	3359542.62
160781	1568989.95
160812	324533.91
160814	246660.47999999998
160825	1189148.06
160826	9446754.84
160838	2376525.0300000003
160840	4781709.92
160846	4792383.3
160851	3703916.85
160860	3245829.84
160872	940226.82
160884	1175581.76
160887	2332734.7399999998
160889	3010742.8
160895	4915875.5
160899	502803.72000000003
16090	990678.78
16091	4086965.94
160910	325436.74
160912	2538881.6
160913	1397278.3
160915	7618050.180000001
16092	2344326.4
160920	1617603.0
160922	56032.83
160932	1902812.0499999998
160940	696287.5499999999
160942	1944186.77
160950	1582320.8
160954	9520359.45
160956	1535594.5
160958	2748509.08
160963	180945.76
160964	826053.12
160971	4573634.22
16098	3073108.42
160980	1886255.9100000001
160988	225308.61
160995	2215223.35
160996	4080156.3000000003
161001	3748166.04
161008	639508.0
161016	5252714.88
161017	6137492.430000001
161034	286180.29000000004
16105	4423311.69
161051	2254782.9899999998
161058	749092.61
161071	1573825.26
161079	2681989.2
161083	2196524.6399999997
161085	4012754.57
161088	4241542.83
161093	2024964.02
161094	2206567.7399999998
161095	5176071.84
161099	2732149.1
161107	33234.46
161108	1105887.36
161115	307616.52999999997
161117	1650435.6
16112	1711154.4600000002
161148	1657815.9
16115	1895947.4400000002
161152	2626102.0
161154	1029672.84
161157	3738953.79
161160	367601.52
161170	104726.3
16118	2277875.9
161188	1415099.25
161190	6638674.699999999
161191	881492.7999999999
161194	3459792.9699999997
161199	16814.7
161211	1546936.56
161223	328351.5
161225	595649.34
161231	7688643.4799999995
161236	3527844.45
161238	1431569.9200000002
161244	96654.54
161249	291362.39999999997
161259	525184.38
161260	5328287.64
161271	4125098.88
161274	1700776
161275	9634313.71
161281	3401580.4200000004
161282	8866661.43
161284	1882785.52
161285	7649165.920000001
161290	99719.28
161293	1169194.74
161295	6189725.5
161296	5156835.68
161311	1098132.68
161318	65789.28
16132	120421.84000000001
161322	4695823.75
161326	180581.05
161332	5126296.63
161335	832454.0499999999
161340	970164.7999999999
161349	3635329.6
16135	4571162.600000001
161359	7865523.2
161365	3685788.54
161372	5575170.4
161382	1578049.04
161384	5512333.5600000005
161389	3898874.88
161399	593351.1699999999
161406	3760004.4099999997
16141	369593.63999999996
16142	16507.2
161420	87044.41
161427	654674.02
161435	6013794.079999999
161437	4305705.319999999
161446	1968709.45
161457	6764198.0
161460	2118319.7
161461	2713577.81
16147	50376.48
161478	403371.8
161485	6122745.51
161487	2329028.5
161491	3178556.8800000004
161493	6648102.449999999
16150	1758272.4000000001
161504	1587041.0
161510	3672965.79
161519	2577211.7399999998
161537	301922.64
161542	836491.37
161545	953722.78
161547	154745.52
161556	7645358.1
161558	6707412.399999999
161562	10996371.690000001
161584	38567.229999999996
161607	3530617.1
161618	2750004.6
161620	795482.3700000001
161628	535397.52
161632	405579.24
161637	1975299.54
161641	1511903.2
161657	3833418.81
161662	3239566.1999999997
161663	428638.86
161668	3998090.3600000003
16167	8067495.239999999
161671	4778452.8
161675	3924362.58
161680	849193.7999999999
161683	4575126.4
161691	2207372.38
161694	6392877.720000001
161704	601275.15
161709	410315.39999999997
161714	5297142.24
161718	190651.9
161727	3691866.0
161730	2944769.3
161738	4080147.3200000003
161739	3918296.54
161743	2197637.21
161754	850924.4400000001
161758	16101755.54
161761	2887412.87
161762	231882.84
161789	975082.5
161806	3646969.1999999997
161807	1065951.8399999999
161811	170027.21
161817	2016115.9200000002
161825	3005053.9
16183	1418751.96
161841	875820.22
161845	525990.2999999999
16186	1446833.78
161863	1341158.33
161873	936234.88
161887	4987095.149999999
161893	1404056.17
161899	2613213.44
161903	1571294.5499999998
161904	673072.56
161910	6634789.49
161911	1502273.52
161923	1634300.8499999999
161926	5177397.42
161928	680225.96
16195	5520973.12
161957	4414283.68
161964	2639482.32
161966	4001928
161971	18427.71
161983	1877067.5
161991	451397.7
161995	7910874.27
1620	3949895.0399999996
162000	4966539.100000001
162004	1715988.23
162008	5712352.68
162012	1509000.5999999999
162017	1530250.14
162029	4279965.36
162038	920599.1200000001
16204	774835.5000000001
162047	872726.4
162052	1154847.81
162063	3711968.04
162073	2153907.14
162082	6564493.300000001
162087	3119938.56
162089	2125437.6
162096	5515059.92
162100	1931544.3199999998
162117	1565626.65
16212	5933292.220000001
162136	1927998.6
162145	9327722.88
162158	3109420.54
162160	521974.48
162180	297183.0
162184	9068835.780000001
162191	5221772.25
162193	4566416.82
162199	3759040.0
162208	3036836.68
162211	240463.34999999998
162212	3164084.15
162213	1335237.28
162215	211106.72
16222	3083181.88
16223	1834379.05
162231	3332933.9499999997
162236	1050637.08
162243	4376931.25
162251	4950996.24
162259	2806230.8899999997
16226	3472409.82
162264	6886278.0
162266	834989.2999999999
162268	5792728.9
162272	341191.83
162273	9085296.48
162276	2598762.24
162292	4919783.75
162299	5824676.779999999
162303	373193.52
162305	2305063.84
162306	3553359.1
162308	3424994.63
162313	634722.0
162323	9367566.51
16233	668222.74
162330	2086829.85
162331	2354039.8699999996
16236	1171072.41
162370	39178.0
162379	206143.63999999998
162380	4614108.68
162381	2522312.32
162385	24731.52
162386	688010.44
162387	3945885.02
162406	3743973.24
162421	3248342.24
16243	3029625.22
162432	310482.06
16244	3147357.6
162441	139529.16
162449	3897296.5
162464	2010703.5
162474	460744.61999999994
162484	161585.1
162488	3523944.1599999997
16249	4296434.22
162495	2375577.6
162500	7757947.86
162504	3506772.6199999996
162513	4158018.13
162524	1735645.1400000001
162528	841991.8400000001
162530	4661264.88
162536	1991037.5599999998
162571	1801485.75
162572	2026344.8699999999
162577	1454736.1500000001
162580	234156.28
162586	3551903.4699999997
162599	3716788.8400000003
162603	7190854.57
162608	1914830.2
162609	8011241.0
162612	3627936.6100000003
162620	10814275.68
162628	2200234.82
162631	4734190.529999999
162632	4172501.5
162633	2427471.75
162634	2177259.3
162638	4954165.640000001
162640	6076238.38
162650	2706580.2
162663	1665521.31
162671	6830663.76
162674	7294638.239999999
16268	1014893.8800000001
162682	301834.56
162683	794120.9400000001
16269	499352.23
162690	48109.1
162705	4169707.7399999998
162706	119223.71999999999
162709	2073111.3199999998
162712	1396234.56
162713	5944774.64
162723	1664290.86
162724	1708699.2
162725	7047579.790000001
16273	1688359.5599999998
162736	2373646.44
162755	7624855.44
162777	752779.62
162779	4027073.9499999993
162782	1465717.26
162790	3078644.4000000004
162795	320158.41
162797	591578.4
1628	239833.44
162801	4342477.0
162804	693627.65
162806	8508906.05
16281	843273.36
162814	5203598.89
162819	1013507.7
162820	3424085.1
162822	2327377.0500000003
16283	3400220.58
162835	3078444.6
162838	802509.72
162841	64283.28
16285	413946.72
162855	3000788.64
162860	114151.18000000001
162865	1079325.54
162877	85542.22
162888	2366467.04
162892	949675.4099999999
162904	519612.08
162905	2783350.08
162908	3513429.27
16291	3782348.4
162928	2949797.55
162929	3102708.0
16293	3883557.72
162930	232567.65
162936	52803.869999999995
162939	469308.0
162948	1860528.96
16295	483674.01
162956	3214780.15
162959	779039.4400000001
162984	242277.6
162988	69205.5
162995	52006.68
163005	4069468.48
163014	1088236.0799999998
163020	7375130.07
163027	7453210.86
16303	244951.74
163038	413426.88999999996
163049	7071679.82
16306	6991552.88
163068	8431116.4
16307	1735508.34
163072	7690600.34
163074	6252019.83
163080	9304916.96
163082	2785299.39
163091	3682458.9299999997
163096	11804.65
163099	2387757.5100000002
163100	2820349.8000000003
163101	5085324.239999999
163105	2058852.2
163107	2064838.8
163112	49804.89
163114	343358.58
163121	495169.07999999996
163130	346449.6
163135	542537.45
163141	5987349.029999999
163145	2736178.38
163156	3738985.02
16316	2045879.88
163170	4588086.6
163192	2925260.8000000003
16320	1595452.56
163207	702287.9
16321	2697334.83
16322	700428.89
163239	1424782.6400000001
16324	781062.36
163242	5849511.2
163266	3117204.86
163275	372052.77999999997
163279	429201.0
16328	1138072.32
163288	708460.26
16329	2395935.33
163292	2401924.12
163293	1990138.24
163297	3199432.3000000003
16330	3580515.1199999996
163312	4629115.619999999
163328	1442152.8
163336	955732.18
163341	917520.4800000001
163342	2053114.6
163347	1198860.0
163354	4225200
163362	2035306.98
163367	1841986.0
163384	846687.8
163388	421713.25
1634	5009370.6
16340	4295528.44
163403	840414.7200000001
163405	1346422.0
163410	39044.8
163411	804354.8099999999
163415	5353443.91
163416	1964731.2
163426	2336103.0
163428	139253.12
163429	3854515.32
16343	4211645.28
163431	6017734.15
163436	3378331.72
163438	1257825.25
163447	2875643.7
163456	3001205.1999999997
163458	1929816.52
163466	7272150.99
163470	2021834.8800000001
163472	305855.0
16348	990128.75
163486	119201.16
163487	806809.74
163496	250960.72000000003
16350	72205.02
163504	3498681.9899999998
163512	2664349.8000000003
163517	2976671.1
163524	788402.7
163532	223546.7
163533	5738168.3
163545	1013361.6000000001
163559	1113102.24
163560	3305508.96
163567	1954679.98
163569	2082809.28
163587	5861176.28
16359	696749.04
163595	72898.82
163599	1977894.2
163601	428920.8
163604	1238785.12
163610	57758.42999999999
163611	1249365.76
163615	8484985.01
16362	1626850.26
163631	5181317.6
163640	2230823.6100000003
163664	2731800.74
163670	4918773.100000001
163673	1815751.8399999999
163676	350264.6
163677	1667690.6900000002
163686	2637166.6799999997
16370	826955.1799999999
163706	1578777.96
163707	4282986.25
163710	198493.62
163715	1408578.52
163717	4961012.94
16372	232985.91000000003
163723	2347278.6999999997
163727	4874839.17
163737	1661923.4100000001
163739	1056670.9200000002
163747	6793761.720000001
163752	4986683.12
163754	8235471.16
163760	6005142.92
163765	1420194.0999999999
163774	934444.62
163775	4176696.72
163776	2520066.33
163778	1202318.13
163784	8730514.34
163790	5448248.32
163791	153299.9
163797	791505.0
163798	5643697.68
163800	217279.04
163806	994533.3400000001
163809	1041879.39
163812	4278432.06
163824	1100949.79
163827	1480686.84
163834	170821.8
163851	9522808.83
163856	4539950.32
163862	1864893.96
163865	156569.91999999998
163875	98129.04000000001
163879	2716035.84
163881	1720220.48
163887	1007633.7
163898	718748.91
163900	9040848.48
163905	57540.450000000004
16391	296877.21
163922	821201.0
163936	4679272.9
163945	35218.56
16395	252279.12
163953	3379416.6
163962	4453543.08
16397	7553915.51
163973	801385.4400000001
163976	780736.45
163977	50078.92
163994	2682186.0
164	196486.92
164001	326662.77999999997
164003	3497955.12
164007	310675.68
164010	3867559.14
164014	1621634.04
164020	706170.0499999999
164026	1696533.6400000001
164035	37479.0
164053	4955401.399999999
164058	5243465.7
164061	1397691.3599999999
164063	5497261.95
164072	4195769.24
164078	1886441.2200000002
164080	5342714.37
164100	1062170.14
164109	1712664.5799999998
164115	859393.26
164123	2902875.64
164134	5332725.21
164148	1997429.1199999999
164153	5432376.399999999
164157	2954655.2
164170	2674228.8600000003
164178	5732877.6
164179	696833.74
164182	912846.55
164184	581214.1
164191	5084185.7
164196	2970730.3400000003
164199	5068259.5
164207	952103.25
164210	6522392.87
164220	219563.5
164225	7490798.26
164230	13075.2
16425	7540768.0
164254	8169632.35
164255	1660484.3199999998
164259	2393674.61
164269	6826809.63
164270	5065827.26
164274	8149869.93
164277	8454838.5
164278	152624.16
164305	1963107.43
16431	483039.48000000004
164322	25775.2
164323	84751.65
164327	8784503.860000001
16433	5977448.619999999
164341	688332.66
164355	4139405.82
164357	5123921.85
16436	3022860.92
164361	1129440
164378	1074008.8
164379	6017247.75
16438	689544.18
164389	6175213.0200000005
164403	2255619.01
164409	525987.6900000001
164415	97065.51000000001
164418	13949.9
164419	253152.0
164420	795026.4
164423	5814278.24
164426	38543.52
164427	3939042.4
164439	4805589.74
164444	685511.3999999999
164452	6133105.25
164460	101622.36
164473	389667.74
164480	5768297.78
164499	8167512.08
164504	1409410.98
164507	1169582.78
164511	5226041.4799999995
164520	534224.08
164525	4677185.92
164528	6301280.1
164533	1596790.44
164534	1579024.02
164545	3886316.62
164554	1510675.92
164563	1421205.26
164569	1576986.72
164579	4009641.84
16459	986031.9299999999
164603	4851766.72
164605	2385571.56
164610	686679.8400000001
164612	303960.12
164616	5726298.59
164632	3213183.12
164645	2821316.5999999996
164652	185557.88
164661	6600852.72
164674	3757790.89
164683	679231.5599999999
16469	4390668.1
164700	315422.8
164703	224110.37
164707	4797631.8
164709	1885848.16
164715	3588897.9
164718	1478419.8199999998
164724	2417951.8
164727	5334269.04
164728	2027430.3900000001
164729	481921.0
164731	4724912.0
164744	524026.48000000004
164747	4886927.1
164751	684945.0599999999
164752	515093.2
164758	2394473.56
164759	1308205.0799999998
164767	1113923.5799999998
164775	9821424.44
164780	4979971.85
164784	193082.82
164788	3056713.52
164789	513720.06
164819	6800234.24
164821	56261.57
164824	642642.0
164829	5980473.91
164831	2173727.49
164839	4895389.2
164846	2531051.6999999997
164847	542941.75
164858	1681472.24
164886	1020108.6799999999
16489	832053.73
164896	897603.3600000001
164897	60473.700000000004
164901	3204859.41
164902	4290792.03
16491	2280175.6399999997
164926	10413.31
16493	3215564.0
164937	872408.4
164940	1338122.31
164948	791892.3
164952	559132.4299999999
164957	93294.63
164976	34700.4
164980	254500.80000000002
164982	3313816.8
165000	2090304.3599999999
165011	2856529.0
165020	2705112.75
165029	2082447.3599999999
165044	4993883.180000001
165052	361604.16
165060	1946785.4999999998
16507	861655.76
165072	3354502.14
165087	264010.89
165088	4708728.899999999
165093	29360.18
165096	3131214.73
165102	1340197.21
165115	3888283.63
165119	1950585.2400000002
165123	965008.5
165125	2822564.6
165128	2431313.42
165134	1115936.8
165136	2990087.1
165144	1788343.0399999998
165147	3979380.0
165148	85890.0
165149	350341.52999999997
165150	4571523.88
165154	1101844.62
165156	5432437.680000001
165164	3743039.9000000004
165166	5363751.5
16517	1294019.68
165176	250074.24
165179	2797500.2399999998
165188	199959.75999999998
165190	256528.15999999997
165199	2234084.43
165206	2652863.64
165221	1570108.8199999998
165222	6458729.95
165225	7500567.47
165229	3400278.4
165231	1009798.2
165239	3811342.8400000003
165241	1230788.62
165256	6693538.5
165266	4467547.44
165271	8456969.01
165274	5911836.32
165293	9050545.700000001
165295	8571121.92
165298	1111197.01
165306	1325445.12
165311	3044788.23
165313	288230.0
165317	7265241.879999999
16532	9886529.9
165322	1796206.6400000001
165336	41326.4
16534	513540.08
165344	2020570.86
165351	5376164.76
165354	5359958.41
165357	1977559.5199999998
165371	61589.03999999999
165376	83771.61
16538	1872103.8599999999
165382	6500166.96
165388	4371782.58
165391	871883.04
165393	7590712.5
165404	376545.60000000003
165420	6393515.4
165421	4571695.279999999
165424	5160056.34
165440	838746.6
165444	354910.41
165445	437239.12
165447	3119517.0300000003
165464	8114571.8
165472	4802432.51
165475	2847191.85
1655	80623.34
16550	41043.24
165500	1687075.8299999998
165521	181692.0
165530	9426193.68
165543	4227072.109999999
165554	936574.39
165559	2796022.6
16556	27901.08
165564	2720552.64
165565	628038.4400000001
165566	377142.44
16557	3387629.44
165573	326614.95999999996
16558	813273.33
165582	3494209.44
165584	10273705.89
165587	269688.48
165588	834487.82
165590	5378215.45
165593	1431381.5999999999
165596	873124.3400000001
165597	5122446.67
165598	3533823.42
16560	10425574.74
165612	204825.11000000002
165615	214863.31999999998
165616	6213959.37
165617	3519163.2
165621	3695942.5
165672	1002088.2
165686	3326084.85
165694	4073055.8400000003
1657	5004286.6
165708	815816.4
165723	1729903.77
16574	1080165.6
165740	5421067.96
165755	203596.47
165780	1444090.6500000001
165782	844056.72
165791	1764225.26
165794	394688.16
165795	649983.4199999999
165806	259858.02
165808	5108577.96
165809	114020.7
165813	169980.40000000002
165819	1828547.84
165828	6329132.04
165840	957500.4400000001
165852	8268312.600000001
165857	241660.63999999998
165863	6372802.55
165867	90849.03
165878	1185392.9800000002
16588	2558155.6
165890	423721.76
165900	1101427.25
165918	9379510.44
165919	4389504
165921	5010547.5
165922	727520.64
165926	6081595.2
165931	408279.9
165932	1353827.88
16594	7015746.5
165942	4136059.4599999995
165944	464434.73
165945	912418.59
165947	1656884.6800000002
165948	1776224.04
165963	1145682.6199999999
16597	8623357.05
165972	4626018.24
165974	60545.94
165985	1197528.8
165988	59539.2
166	4239796.54
166002	5612121.84
166003	105302.15000000001
166020	800782.5599999999
166028	6078820.95
166033	6063786.17
166040	879143.4
166047	259939.56
166048	632031.15
166061	2335727.64
166067	222544.21000000002
166075	5897495.4799999995
166076	4520854.1
166083	4421346.93
166085	1524448.3099999998
166090	2527549.64
166103	630505.81
166115	114407.3
166117	3532826.4
166120	12876927.22
166122	379505.55
166126	1648968.75
166127	316779.94
166138	2472152.83
166147	6771328.35
166156	1922041.0
166167	246770.55
16618	4721861.16
166180	484695.6
166189	2348083.5
166191	39262.740000000005
166192	5178003.0600000005
166193	1404994.5
166199	658404.72
166204	3133299.1999999997
166222	241788.96
166223	323405.76
166226	2151143.28
166233	4077658.5300000003
166239	152395.6
166243	4747734.3100000005
166250	294854.56
166253	1441020.2
166258	102193.5
16626	3655290.54
166263	2276773.18
166268	812467.48
166270	2786251.6
166276	720301.35
166281	949417.92
166290	173447.12
166291	2155822.02
166292	5653826.64
166294	3569367.27
1663	3773512.58
166300	2956950.81
166303	2427245.73
166306	7660283.35
166307	4151916.2100000004
16631	1589377.68
166313	4981329.71
166314	2491266.84
166316	2290483.52
166317	3008204.38
166325	47814.36
166328	2874100.7100000004
166340	4828160.91
166343	3992804.6799999997
166350	5949468.82
166367	3175064.5
166372	1731285.7200000002
166388	1988840.3599999999
166391	1936207.3499999999
166395	387006.72000000003
166397	1180398.9
166403	798937.8
166414	335154.44
166416	5401525.08
166421	2121435.27
166438	1548674.14
166446	612182.13
166461	1596285.57
166469	4388882.68
166472	4627395.75
166487	2296210.4
166489	3592819.8000000003
166492	4943339.100000001
166493	8031902.399999999
166505	823150.8400000001
166513	2827727.92
166515	142037.1
166517	4258016.64
166519	124453.78
166523	1343652.0
166526	2743144.38
166530	3697641.25
16654	331260.98
166542	1542111.16
16655	3378734.59
166552	1556827.02
166574	3186820.0
166586	501187.16000000003
166588	8796214.379999999
166594	984737.03
166596	1275510.99
16661	6705588.600000001
166625	174902.4
166631	339442.72
166636	3434576.5
166639	2519010.9000000004
166643	3453213.34
166651	4469770.08
166662	442810.17
166664	3746571.12
166669	1219868.48
166672	2805356.2
166673	332427.16000000003
166686	3758881.0700000003
16669	2569903.9699999997
166694	471745.15
166695	1004972.75
166698	400364.8
166706	6844643.6
166707	4557462.5
166712	3220987.6
166723	651538.94
166726	16503353.92
16673	3809063.68
166741	4221432.15
166746	636674.2200000001
166770	1208536.12
166771	2309180.9
166774	1032480.0
166775	4830229.2
166785	2172826.1100000003
166786	1450199.52
16679	1349057.71
166790	1758946.8900000001
166793	625086.26
166794	7913842.0
166809	110821.77
16681	1151244.27
166821	296233.77
166839	2405596.44
166843	8861200.8
166855	343445.60000000003
166857	3436072.24
166867	873750.8999999999
166871	793611.52
166872	2606586.2399999998
166873	2940224.1
166877	1187256.0
16688	6019233.779999999
166894	1296075.3199999998
166895	3808167.7199999997
166896	1057380.24
1669	513932.46
166905	395736.0
166925	562879.26
166934	15992.76
166939	27255.36
16694	2139413.36
166942	390985.92
166943	1155468.3
166951	1213574.2
166955	662482.45
166959	155453.16
16696	126024.96
166968	4756743.03
166976	2153383.49
166980	304381.89
166996	2866979.7
166997	2674696.8000000003
167015	46754.4
167020	1673247.5899999999
167027	376475.80000000005
167036	1374725.8800000001
167041	2168964.72
167049	4064400.7199999997
167050	2416547.9
167057	4494785.79
167068	5956021.62
16707	5121587.66
167070	1456892.64
167085	4646744.5
167095	121005.28000000001
1671	3093892.6500000004
167119	5528090.04
16712	1702944.54
167126	498252.26
167128	1850659.0799999998
167132	195500
167148	4248403.57
16716	4658149.4399999995
167161	2027440.8
167168	43913.369999999995
16717	1960530.0
167177	2914692.0
167180	432539.04000000004
167183	533272.24
167190	8347238.699999999
167199	9557413.08
167216	2135745.36
167219	1697815.6099999999
167223	1663319.61
167225	1247748.63
16723	3517120.3000000003
167231	2441312.1999999997
167234	3312051.73
167236	9352973.84
167240	648018.08
167243	4260938.22
167244	553077.72
167245	605418.86
16725	1540948.5
16726	3521694.11
167260	18259.5
167267	554528
167268	5419908
167274	2018351.7399999998
167275	71027.28
16728	265614.39999999997
167281	366794.33
167291	8667556.18
167296	2555747.6
1673	76311.66
167300	1047928.9600000001
167304	4016779.2
167305	233747.80000000002
167335	38148.96
167337	4144993.4400000004
167338	5321084.34
167340	748417.1799999999
167347	6510240.25
167348	1149439.85
167355	1066865.53
167362	114881.75
167363	423424.82
16737	185164
167374	5672087.69
167400	253146.96
16741	5329352.0
167413	1368189.24
167417	12046637.620000001
167418	1302807.55
167432	4823763.84
167442	195600.0
167453	1597615.95
167456	2568018.04
16746	3620129.58
167468	108195.12000000001
167473	1825940.08
167492	1215362.4000000001
167498	300663.85000000003
16751	2087935.52
167527	338928.58999999997
167545	1062037.68
167548	1806506.55
16756	1118368.76
167560	1157174.2
167568	4629451.4399999995
167576	102965.93999999999
167580	2070519.3399999999
167588	9484741.11
167603	4175662.42
167604	5508841.5
167606	2614438.9200000004
167609	2076513.6
167618	959016.96
167631	6777286.24
167635	1338912.54
167639	9161165.0
167641	5835316.63
167642	5670723.66
167644	2714041.64
167650	2689519.56
167660	1382722.66
167663	1409731.96
167664	2817935.52
167665	1409050.84
167666	2725117.92
167672	10359.9
167674	446892.16
167680	9052908.76
167682	2028264.9700000002
167692	1721606.0
167693	4945820.9799999995
167695	7008792.199999999
16770	5508069.46
167704	1849172.28
16771	3122320.78
167715	6323013.9
167722	2771339.2
167723	6709999.35
167737	1249149.5999999999
167741	7265452.649999999
167745	5949190.800000001
167747	3108937.3000000003
16775	2972118.2399999998
167750	3505452.12
167755	5172042.149999999
167757	14993.7
167758	1149194.8
167772	6173707.82
167782	2335107.4499999997
167787	8040075.779999999
167790	1641826.26
167809	1809574.25
167811	509355.97000000003
167827	2828092.29
167829	3597428.64
167833	5911360.08
167838	793844.58
16785	102090.23999999999
167852	1273267.94
16786	1130074.8
167860	5131033.600000001
167867	9194022.719999999
167870	706276.08
167873	9419024.489999998
167876	573127.59
167887	6070947.62
167892	4455315.04
167898	5054586.03
16790	516637.55
167904	3834238.2
167907	6866103.33
167909	220224.33
167920	666791.34
167927	1938619.52
167936	3381340.1599999997
167937	1549879.47
167956	6234948.850000001
167960	3922505.88
167961	6123726.0
167963	1261134.04
167980	3342951.15
167988	2486844.77
167995	2566422.31
1680	2311187.1999999997
168016	56043.0
168037	1769540.82
168040	2736980.82
168046	6524821.8
16805	717644.24
168059	355610.27
168067	1147987.05
168069	694445.2
168070	767101.5
168075	524918.95
168080	1147194.14
168081	2741309.69
168082	2590953.76
168089	6087976.4
16809	4065892.7399999998
168098	273516.4
168100	4627899.52
168103	803424.99
168106	794931.2599999999
168109	2665919.2
168112	350284.37
168113	339996.78
168114	8402764.56
168128	1318877.4
168132	1621503.2
168137	4535932.0
168138	897277.9199999999
16815	636809.3099999999
168188	113988.16
16819	3178867.45
168207	3631604.3400000003
168210	2800165.8299999996
168224	267762.60000000003
168239	5964825.0200000005
168256	539396.0
168261	6307057.12
168296	2105564.4899999998
168298	546351.12
168307	387069.48
168309	2607373.98
168310	1271688.26
168311	1864782.06
168322	8786670.73
168324	9535647.99
168329	4684199.2
168335	1035028.2
168344	5724020.42
168356	870129.0499999999
16836	9075715.44
168368	4131932.2800000003
168379	6929785.91
168383	6679552.44
168394	2017638.93
168396	3522909.72
168397	137827.5
1684	38499.27
168404	861851.7
168406	3464828.1
168416	789364.3999999999
168424	1520674.5
168426	640807.2999999999
16843	3221404.81
168434	3451438.9299999997
168435	7603068.829999999
168437	642295.88
168438	3559891.86
168442	2942657.6
168447	34768.4
168448	2054550.9600000002
168464	547173.02
168479	1183345.6
168485	225921.30000000002
168492	264947.76
168501	2609233.34
168504	752623.8400000001
168518	7505548.5200000005
168519	219381.3
168536	257435.25
16854	4452373.11
168542	3332989.92
168544	3489198.9600000004
168563	908934.0
168564	450185.45
168567	716351.61
168577	7145871.85
168583	788620.8
168591	2182214.12
168592	1959871.92
168599	5940929.7
168601	2242446.12
168619	1966274.47
168633	2671837.96
168636	901484.59
168638	504229.0
168642	5141697.1
168643	827885.52
168654	2071269.1500000001
168672	3894090.9299999997
168674	5839793.89
168675	3221017.44
168678	1602872.4000000001
168683	1971028.6199999999
168685	2356880.4
168695	1332884.56
168696	1361589.82
168705	5821900.010000001
168707	889757.68
168708	2251265.1
168709	1797187.2
168715	1084273.22
16872	903326.25
168720	701939.5499999999
16873	680921.44
168733	1079481.96
168755	2035031.1
168759	2002282.92
168766	7124301.86
168768	175931.91999999998
168769	4512908.399999999
16877	4767237.99
168774	447071.33
168779	4966124.3100000005
168786	757963.92
168792	359857.07999999996
168795	1270120.45
168802	661220.1
168806	1820141.84
168807	3003197.33
168808	4177604.1400000006
168810	3998815.07
168816	6455051.89
168819	442584.11999999994
168822	2996027.85
168823	5047857.489999999
168824	43198.079999999994
168829	890100.9
168830	4471404.34
168833	4050232.0
168841	376231.78
168843	270833.42
168844	825648.75
168849	181391.08
168856	2243065.04
168866	1777647.58
168883	2841962.7600000002
168890	6808848.5
168904	619815.2
168911	2184803.28
168919	77302.62
168921	4489396.08
168932	6284711.22
168937	1719344.3399999999
168941	3497101.85
168945	1253179.2
168962	4364114.51
168977	1761318.9000000001
168988	4857208.9799999995
16900	1117617.6
169003	5127776.5
169008	3849063.93
16901	1816267.32
169021	2606634.41
169026	2404885.92
169029	3441619.72
169031	3169746.19
169033	3008415.0
169035	4272245.01
169039	809484.72
169040	7184155.81
169042	995203.0
169046	5162029.540000001
169058	1013202.04
169068	1357473.81
1691	2261159.92
16910	1383351.75
169102	1076787.78
169104	3363555.6
169112	6546175.72
16912	84961.33
169121	819072.7
169125	1967223.5999999999
169141	2339965.88
169146	3590172.3000000003
169147	1293296.52
169152	2545280.14
169155	9175176.09
169159	507928.32
16916	1283669.49
169164	1603815.95
169167	751845.17
169175	1811502.0000000002
169178	10648522.8
169180	4593109.1
169188	2006244.0999999999
169198	869250.6900000001
16920	2297221.2800000003
169202	2514513.76
169211	5986164.6
169214	96562.84
169222	1304944.45
169223	3096860.17
169227	6284443.01
169238	5310663.02
16924	5451830.45
169242	2245921.74
169245	1200109.95
16925	3585179.52
169257	1379977.41
169286	4822180.65
169290	1743189.58
169295	3452502.2399999998
169301	1737048.88
169306	3264852.3600000003
169310	2559238.9099999997
169325	4921602.5600000005
169329	1188638.08
169337	255277.68
169355	420345.10000000003
169371	2425028.3200000003
169373	8718609.06
169377	4379811.68
169383	2104956.0
169387	1261716.2
169388	3844518.72
169395	2279286.0300000003
1694	376443.98
169407	480625.92
16941	611033.5
169410	4314108.42
169411	4321689.0
169412	3368043.36
169421	746745.15
16943	1383933.08
169441	3138996.7199999997
169450	2469734.06
169455	2842511.6799999997
169458	258214.56
169467	3341784.64
169475	9387639.58
169479	75363.04000000001
169484	416668.07999999996
169492	3747877.41
169496	3153880.5399999996
169501	998928.27
169512	637848.75
169513	3698769.6999999997
169531	3498646.9999999995
169536	647940.7
169547	972077.6000000001
16955	839259.9999999999
169552	1671989.97
169557	1121487.68
169566	1452600.5999999999
16957	2226792.84
169573	282369.28
169584	2768967.0100000002
169586	1347322.0
169601	1179319.47
169635	3316672.8
16964	2188823.52
169642	1244595.5999999999
169644	11567959.719999999
169664	6991264.399999999
169675	298249.92
169677	1681800.9600000002
169684	4765831.2
16969	1876986.02
169692	164034.36000000002
169693	3305802.0
169695	2829398.49
169696	68552.95999999999
169699	5952989.9
16970	1816971.6
169706	651072.62
169715	4461627.72
169732	275273.51
169735	8890085.56
169741	2008054.7999999998
169743	3749947.5599999996
169747	5003336.680000001
169748	2902402.32
169750	323501.0
169752	5204373.3
169756	7756567.850000001
169757	2465458.32
169760	3816221.46
169761	1319249.88
169776	1309064.61
169783	5268987.72
169784	3737483.1199999996
169790	1068202.03
169791	141916.69999999998
169797	3765958.5400000005
169807	2782706.2800000003
169814	7820690.72
169815	2236906.35
169851	2986130.0700000003
169853	3499564.7500000005
169854	4129254.4499999997
169856	2124607.92
169863	2548876.0
169864	2099146.56
169865	2941853.6
169870	2177205.8000000003
169871	2625131.25
169890	5738115.6
1699	494456.89999999997
169916	4250080.9
169933	1432564.71
169948	2153803.0799999996
169958	2078419.38
16996	501801.9
169969	1568413.24
169972	5843844.600000001
16998	1821379.68
169984	288503.26
169989	4849928.61
169997	1368115.8399999999
170007	9345699.9
170013	3211293.1199999996
170032	3115224.36
17004	5917231.12
170043	970178.52
170052	746260.8
170053	2422373.1199999996
170058	98377.68
17006	7647676.44
170062	2688264.32
170076	235110.84000000003
170084	5975191.149999999
170091	3579400.23
170093	4004861.53
170094	6211008.8
170102	1179229.05
170103	3602612.3
170109	270331.25
17011	886474.5399999999
170113	2398350
170115	2910185.9200000004
170119	1456057.08
170120	919418.8500000001
170121	2887043.25
170131	1588834.08
170134	1745610.75
170147	316958.39999999997
170154	1477927.5799999998
170156	6589155.0
170157	559103.78
170165	1445106.54
170171	2364094.92
170179	5596912.32
170181	5219985.16
170188	6823036.53
170194	2866350.9
170195	4882294.3100000005
170206	71849.25
170207	7370564.37
170211	1298779.4100000001
170219	6051134.44
170231	5592953.7299999995
170237	970043.76
17025	318603.08999999997
170253	4608737.2299999995
170257	5007418.68
170262	624841.0
170264	3370616.9
17027	3875482.8699999996
170271	711930.9999999999
170272	3826720.6
170276	2904944.2800000003
170278	116388.25
170287	6786845.670000001
170297	313594.11000000004
170302	5489607.300000001
170305	257863.35
170325	3788554.8000000003
170327	6013615.16
170348	366196.22
170349	1109761.2
170358	5453664.430000001
170368	4727678.12
170375	2479226.67
170383	2859702.15
170385	1593194.4
170386	4007399.88
170387	423330.98
170389	718779.6
170390	339622.5
170403	343612.53
170408	502112.27999999997
170410	5159394.12
170413	336822.4
170419	1366766.61
17042	5380822.050000001
170422	2810069.6399999997
170429	2905957.06
170436	1621650.1600000001
170437	7982370.720000001
170441	1989260.5499999998
170471	3456596.72
170476	2419389.8400000003
170478	5939726.52
17049	2060491.2899999998
17050	686157.8
170503	3761372.9699999997
170509	319942.33
17051	3172397.1799999997
170532	4002716.0200000005
170549	2696036.3699999996
170553	4421361.9799999995
170554	2200205.22
170562	2315828.8
170563	2600638.98
170574	7155886.96
170581	2738649.12
170583	2555969.52
170586	3163470.48
170590	7604648.32
170595	3240213.6
170597	5613010.11
17060	741428.48
170604	2094964.93
170613	3531837.62
170616	300050.94
170618	428752.17000000004
170622	949439.3999999999
170624	2842848
170628	5321678.79
170637	2782009.91
170644	1394817.87
170648	158613.29
170652	1771790.5799999998
170653	8322840.5
17071	961813.4700000001
170721	337030.95999999996
170725	184434.08000000002
170740	697341.3200000001
170755	868676.73
170756	5109995.46
170760	2743438.31
170771	1416747.8399999999
170773	2267718.16
170775	1620557.31
170778	6854924.02
17080	6108006.7299999995
170811	2054159.96
170814	7797392.1
170823	411192.98
170825	1279336.98
170837	2306332.77
170840	4860382.45
170843	2336217.6
17085	765334.23
170850	975674.8800000001
170860	3080348.4
170871	505277.92
170884	12792136.579999998
170886	1503770.76
170894	1193306.5
170895	451821.4
170898	1150722.01
170908	5611919.94
170910	8195558.01
170911	669675.16
170912	1782188.7899999998
170918	980106.62
170921	1641226.0799999998
170932	5712411.6
170938	2587693.6799999997
170940	5088179.2
170949	2371667.92
17095	2402593.0
170953	8696909.19
170958	3033412.5
170963	7193059.699999999
170964	876452.52
170968	7595298.36
170979	305327.82
170985	4706991.54
170993	369523.44
170995	3943295.8200000003
170999	2377134.4
171	1998922.56
1710	811504.38
171006	4330398.149999999
171013	1036064.7000000001
171016	107054.48
17102	362880
171034	5505530.47
171048	3701943.96
171056	1833303.5999999999
171068	3268653.5
171078	802843.0
171081	403136.64
171082	727732.5299999999
171085	8326259.499999999
171091	8282934.36
171092	1052595.0
171093	3863087.8200000003
171098	4188226.8000000003
171107	1265807.17
171108	4096049.88
171113	2591340.66
171117	47871.76
17113	1805765.88
171145	4249994.3
17115	405628.65
171152	3171260.7800000003
171153	3615763.5
171154	7896814.5
171157	1215563.56
171169	3639163.32
171188	4253484.27
171189	2358078.96
171192	8557390.08
171198	4507670.7
171199	2096756.51
1712	8349107.0
171209	877707.6
171222	2173878.62
171225	2265344.25
171230	831265.1599999999
171234	1584244.48
171235	12476538.3
171241	1064623.71
171247	484352.94999999995
171256	3187058.1300000004
171257	1533190.75
171271	3041992.8299999996
171272	3497233.9899999998
171275	4116411.46
171278	672078.0599999999
171279	2805758.56
171281	1215007.34
171282	1117689.92
171285	2080872.6900000002
171289	5403691.04
171290	2083372.2
171293	3069911.25
171295	1669008.51
171309	2994707.5
171316	2153129.72
17132	1260783.3
171322	2855847.64
171326	680973.51
171332	4014405.12
171334	150890.3
171338	991119.9999999999
17134	128488.38
171345	1252710.3900000001
171348	949156.9500000001
171357	2938634.5500000003
171363	1359360.5999999999
171372	4164158.7800000003
171381	12199734.52
171386	2577272.86
171399	2974935.0300000003
171404	864419.4
171419	6612393.6
171427	739243.3999999999
17143	1797395.04
171435	7719968.620000001
171445	548144.7000000001
171455	2476825.63
171457	1763517.21
171459	225673.08000000002
171477	689855.7999999999
171482	1556370.8599999999
171484	3498304.77
171488	3494622.9
171493	1550054.64
171503	1510801.95
171507	1106090.7
171518	4877771.4
171536	1919427.12
171540	4717886.25
171544	292487.39
171546	158756.57
171554	1009044.8800000001
171558	2017548.61
17156	2031731.26
171560	1996223.06
171562	457416.51999999996
17158	1215815.4000000001
171583	5066763.09
171604	1775402.55
171617	461979.36
171620	1037085.0599999999
171628	1545358.08
171629	2774270.34
171635	4206170.399999999
171639	11988.9
171657	21377.86
171660	1869442.88
171663	1052867.9
171667	4072073.85
171671	3940212.96
171674	5467605.42
171678	2355140.55
171682	1169912.8499999999
171689	2999603.06
171691	1361542.28
171692	3780736.08
171693	3042945.21
171703	4351403.72
171706	1183210.2
171712	3540358.1999999997
171718	2837261.2800000003
171727	5576156.59
171730	6113186.6
171735	5401370.25
171736	394176.42
171737	1311673.56
171739	3147597.0
171741	1086535.77
171752	5304078.0
171755	4088047.08
171756	730146.86
171757	4921969.680000001
171759	1985695.1600000001
17178	985980.28
171786	5882881.4799999995
1718	2591021.65
171804	3979936.28
171805	1746510.0799999998
171817	2037310.08
171822	271841.60000000003
17183	2854836.5
171839	168719.67
171840	2716641.48
171843	309778.68
171860	1977931.34
171870	4235055.3100000005
171886	2410673.1
171891	2568769.24
171898	1277000.4000000001
171902	190224.0
171903	2471872.69
171907	2006347.27
171909	1224144.0
17191	3503146.14
17192	1308536.01
171921	617707.64
171926	194564.0
171927	1829662.9
171956	4811244.75
171961	8093538.0
171966	1350847.06
171971	1910023.47
171982	576883.7
171990	2087762.2799999998
171993	1028963.25
172	1141322.93
1720	6079543.2
172000	366608.19
172001	915597.4
172008	2158902.45
172011	17028.8
172015	1242863.4000000001
172028	653796.51
172035	865977.81
172046	8982469.52
17205	3042771.12
172052	1517960.35
172061	2460595.7600000002
172073	624967.56
172082	742768.4
172084	612108
172088	8098138.2
172093	2153854.9
172098	2893190.56
172099	581462.4
172117	1772992.26
172133	21577.86
172142	53045.28
172155	3732886.08
172158	3347316.78
172160	3146247.27
172180	5072740.5
172181	900854.4
172189	417963.8
172190	1568701.28
172193	3722450.38
172196	5300920.68
172206	3464596.7
172210	1000355.85
172211	2156600.48
172214	1441528.62
17223	938067.48
172230	380021.92
172231	304149.68
172233	1511007.68
172240	3740667.35
17225	423011.82
172250	1000401.9199999999
172251	3911001.5999999996
172257	361511.91
172262	3850296.85
172266	2273060.63
172267	724066.5599999999
172270	3779634.1999999997
172271	3856442.72
172276	230541.65999999997
17228	2164691.7800000003
17229	7641151.32
172292	165152.22
172299	451155.92
1723	2809919.7199999997
172300	4735172.68
172302	1379701
172305	3802670.73
172306	12109.23
17231	3317896.96
172312	1745683.9
172323	2000255.43
172328	3339998.5300000003
172329	7778209.08
172369	975322.66
172379	1118015.0699999998
172382	1850764.72
172384	182400.90000000002
172387	1546298.9100000001
17240	810375.5700000001
172406	4769617.600000001
172418	2710487.4
17243	118911.59999999999
172431	757319.2
172438	899692.2899999999
17244	1213478.16
172449	809667.72
17246	502186.62
172463	275919.13
172474	1338846.93
172481	4566354.52
172488	1275496.41
17249	71780.48
172492	2070566.8499999999
172500	3010456.44
172501	3431859.2
172511	8436287.34
172524	6303715.149999999
172525	2174134.1999999997
172530	438546.17
172533	3245897.55
172568	8417955.21
172570	2525088.88
172575	4973811.38
172579	1413286.69
172583	5176191.6
172596	869742.72
1726	4621426.46
17260	2031987.45
172601	864194.1
172606	305365.9
172608	6360872.44
172610	3984637.9299999997
172611	8648217.0
172619	415275.12000000005
172620	44334.36
172626	7844445.760000001
172628	3726724.08
172630	1008730.8799999999
172632	1025481.3099999999
172637	6294023.53
172638	1416590.24
17264	1570307.92
172648	1838296
172660	820834.35
172671	1723296.08
172673	2805758.79
172680	1250191.3399999999
172682	1403507.75
172688	1019346.25
1727	771764.5
172702	200942.04
172705	110986.45
172706	2926281.8000000003
172711	3965991.25
172712	6439370.56
172723	2146504.44
172724	5235443.09
172736	21898.8
17274	173431.05
172754	397390.72
172774	1869730.56
172776	470323.33999999997
172779	1623046.23
172781	1268016.12
172789	199970.16
172793	420026.85
172795	179504.97
172798	2144386.8
172804	1779569.88
17281	3077789.73
172814	1876692.2999999998
172817	21188.8
172819	2084420.31
172822	3242270.38
17283	2729519.75
172832	910592.0
172835	3655283.8000000003
172838	3393414.75
172852	3814678.2399999998
172857	3578790.08
172865	1874824.8
172875	3236926.77
172885	5951622.32
172892	914753.08
17290	12432159.5
172902	91775.09
172903	2393664
172904	500395.11
172907	1718227.5
17291	2161379.98
172927	1368445.8599999999
172930	1833253.44
172936	6003565.279999999
172939	1318892.22
172946	85997.27
172954	1820757.05
172958	2331322.2
17296	1746291.1
17297	2172061.6
172981	2934063.8400000003
172988	3095655.8
172995	306867.81
1730	2678699.52
17300	942348.77
173002	5373672.72
173011	1205811.72
173020	2053198.9600000002
173026	1359289.8
173035	129934.44000000002
17304	2917824.96
173046	797293.2000000001
17305	4754606.92
173065	1014549.18
173066	2180770.67
173071	8750508.8
173077	16763.39
173080	2777860.96
173091	2999483.9699999997
173093	1893910.97
173097	3998231.76
173098	467746.60000000003
173100	1543189.28
173102	11387.23
173107	5896660.02
173112	2421707.5
173114	362392.34
173121	798899.92
173130	2852426.16
173135	1226665.44
173141	803025.66
173145	2838069.0799999996
173154	2437000.32
173169	8042224.41
173189	636272
173204	17949.620000000003
17321	3578241.79
173238	2899886.37
173242	977156.77
17326	8689329.16
173263	1068234.84
173273	1545328.8
173277	6366195.99
173288	2376927.84
173289	2974752.0
173290	5225661.0
173292	804425.8899999999
173295	185512.31999999998
173309	8315750.25
173328	3813198.4
173333	287010.81
173340	1785753.25
173342	6275721.98
173344	4373945.3100000005
173354	2540176.4699999997
173360	1873563.6500000001
173367	596851.86
173381	2602833.75
173388	568728.16
173401	69389.97
173403	1524577.9200000002
173407	4739315.68
173411	137561.19
173412	1799640.72
173413	6977787.8100000005
173415	2047639.8800000001
173425	1440768.0
173427	2759426.12
173428	4508480.34
173429	1303443.0
173435	390877.65
173438	3302630.78
173444	23348.34
173455	2510169.0
173457	6832606.95
173466	7778405.46
173470	6204435.82
173483	3221808.72
173485	3761306.8699999996
173496	55045.100000000006
17350	3447656.36
173502	1239094.24
173510	1099400.46
173516	6375885.6
17352	2085870.4300000002
173523	3440737.44
173530	2722022.4
173533	83778.42
173542	958405.7699999999
17355	225495.86000000002
173556	59677.2
173557	6998833.92
173565	5102570.4399999995
173566	4644412.63
173573	5128509.6
173585	1412724.8399999999
173595	2439279.0
173598	3352116.8
173599	1459145.3499999999
173601	2008495.36
173602	2683167.12
173608	699220.52
173609	2334242.4000000004
173615	927833.82
17362	549297.99
17363	455685.93
173630	1254982.98
173637	602129.22
173662	10801.26
173670	4853181.24
173671	3258380.8400000003
173674	6534632.37
173686	4823620.62
173705	5580195.659999999
173706	3654078.12
173709	1411476.0
173715	2721796.16
173716	3812518.9299999997
173720	1108864.35
173724	1664864.25
173726	4226873.94
173734	219845.33999999997
173739	2418986.0700000003
173744	1134043.68
173747	3005858.83
173751	4287916.23
173752	1435426.04
173758	888271.77
173764	1923316.43
17377	5346105.05
173771	569423.4500000001
173773	6961019.6
173774	2759595.75
173775	1439373.8199999998
173781	306132.42
173788	193719.97999999998
173789	191192.81999999998
173795	1120975.59
173796	148430.71
173798	354161.08
173799	7534265.91
173806	7640786.350000001
173807	1185245.5999999999
173810	5470094.4
173821	2625041.52
173826	1802282.2499999998
17383	1242943.0999999999
173833	1155234.56
173848	7701256.62
17385	1541822.76
173851	5614136.94
173855	252112.90999999997
173862	1096634.7000000002
173865	1638812.4999999998
173874	2450455.61
173876	93552.56
173880	904853.58
173884	3966372.41
173898	243773.55
1739	415364.52
173903	8365428.4799999995
173921	5676835.5
17393	5886721.4399999995
173936	796242.33
173942	4811287.22
173952	1371417.25
173962	1855271.02
173972	9102069.0
173974	74933.04000000001
173976	667782.36
173994	4416751.24
173999	56738.4
174001	584428.5
174005	127891.0
174007	6198758.28
174011	918510.3700000001
174020	1145580.6600000001
174024	217776
174035	260801.53
17404	946221.1200000001
174053	8090350.109999999
174057	5633101.66
174061	4012276.68
174063	919841.4600000001
174069	2244371.64
174071	769735.53
174077	3784544.3199999994
174100	1446179.52
174106	2249677.3200000003
174112	2608355.25
174120	628594.33
174121	107301.6
17413	639769.4500000001
174134	6238228.68
174146	226026.71
174152	322658.28
174156	4235035.7
174167	4272518.88
174176	3111746.4
174177	4651150.97
174179	25627.140000000003
17418	1314027.0
174184	6695670.8
174188	349304.45999999996
174191	1796748.4800000002
174195	462359.68000000005
174199	1799111.0
1742	3837201.75
174206	9680562.02
174208	3198184.5
174209	6536161.78
174210	1534027.3
174220	609513.3
174223	6540802.7
174229	2148749.82
174252	1011223.7000000001
174253	3262606.35
174254	1589314.7
174258	939009.9
174266	1889267.4000000001
174269	5292331.66
174272	3201222.98
174273	614433.58
174274	1007181.12
174276	4519225.91
174303	1628930.25
17432	2549923.92
174321	2477454.46
174322	3065195.88
174326	1556762.37
174339	576078.75
174352	202154.94000000003
174356	345067.8
174357	2668931.43
174360	81028.8
174375	2720924.0
174377	2400917.8
174387	83766.75
174403	8378575.73
174408	5058246.3
174415	331854.06
174419	240082.80000000002
174420	7311464.3100000005
174424	5310031.350000001
174426	3548294.8200000003
174438	3672285.8000000003
174444	2394277.2
174449	206441.04
17445	406626.99999999994
174457	2371850.8000000003
17447	1309478.94
174473	315673.01
174478	3320237.55
174499	4528442.49
174501	637712.72
174507	623685.2999999999
174510	6363282.239999999
174518	1931379.1
174522	6109556.74
174528	5998725.67
174531	717384.54
174532	2057003.28
174545	2379490.65
174552	1044298.0800000001
174563	3841132.5
174566	1044825.04
174578	199840.56
1746	2617200.18
174601	4987479.45
174605	3981142.1
174607	2985628.88
174609	204554.86000000002
174610	543470.56
174615	190985.08
174616	2443074.72
174629	6890900.38
174642	6606042.24
174650	306181.96
174659	529211.34
174672	494319.4
17468	2118698.4
174680	2439071.31
174698	2947924.2800000003
174700	1216929.92
174706	6228295.96
174707	1091871.0
174713	4052994.74
174715	3012579.96
17472	56863.37
174723	1937621.2800000003
174725	5226094.68
174726	76258.05
174727	4437584.58
174728	538160
174731	6939295.47
174741	5022181.05
174747	3289568.1
174748	637007.0399999999
174750	3416182.4400000004
174755	3047425.72
174757	5381731.75
174767	2834754.74
17477	2998699.02
174772	175241.22
174774	9211718.0
174779	2350926.6
174783	437972.7
174784	2038361.7799999998
174787	3730024.75
174788	2909065.8
174817	1500202.59
174819	1352270.0
174822	5109920.640000001
174828	1280013.3
174829	106678.54000000001
174836	5214468.0
174845	189110.04
174846	2278418.0
174855	1445683.12
17486	5757836.04
17488	1021612.1299999999
174886	3555305.1599999997
174896	3158568.51
174898	730932.4
174899	300462.33
174901	1844541.1199999999
174923	2708318.2800000003
174935	37950.899999999994
174937	2203308.5100000002
174948	6620947.899999999
174949	6091939.0
174955	5432852.88
174973	1421229.32
174979	612710.78
17498	54981.68
174980	507626.56
174998	5200903.5
175009	2165591.24
175018	2838413.13
175028	171541.71
175042	1343663.58
175050	87394.07999999999
175057	1284194.8
175069	52400.4
175085	2722179.4899999998
175087	2042663.66
175092	957960.58
175096	1098005.15
175100	8077904.01
175113	3013698.12
175118	6032474.680000001
175120	9526068.66
175123	285450.48
175127	70791.81
175128	2075969.28
175131	3058361.6199999996
175136	4820860.0
175143	2391616.98
175145	2013033.6
175147	1629091.6199999999
175149	863403.21
175154	924197.76
175155	2653137.69
175161	8041331.9799999995
175165	8005319.76
175173	2082363.2600000002
175177	4852943.34
175185	7637371.04
175190	23926.32
175197	276137.64
175205	3491489.7
175219	5130678.3
17522	4151617.2800000003
175222	2162366.56
175223	1797274.71
175228	7001701.63
175237	183159.5
175240	276215.27999999997
175241	1205776.39
175253	305959.08
175263	5365914.0
175268	6985067.0
175271	6572333.899999999
17528	6544311.96
175291	905014.5499999999
175293	783056.76
175298	334834.0
175306	6299500.8
17531	2446666.0
175310	6734134.380000001
175312	3079379.31
175314	4215930.029999999
175315	407962.71
175321	6680879.36
175334	407415.19
175341	559792.5
175349	1791378.38
175352	651686.3
175355	3222035.44
175369	109248.48
175374	1107419.8199999998
175379	981074.4
175385	509271.69999999995
175388	3736715.84
175392	2068878.15
1754	262896.84
175402	639564.72
175419	53165
17542	300957.8
175420	5253871.9
175421	210869.84
175424	459243.83999999997
175437	1002651.6499999999
175442	2027403.12
175444	4112878.94
17545	238270.05999999997
175463	710906.22
175469	2401413.01
175471	2114274.24
175475	702591.15
175498	4762601.6
17551	985687.56
175519	311882.33999999997
175528	3596855.6199999996
175540	1011823.2
175543	37945.2
175552	1106646.6700000002
175556	766835.1
175561	2736589.3800000004
175563	7766431.430000001
175570	1427341.81
175579	375705.0
175582	4215988.64
175583	395751.84
175584	166189.24
175588	5698851.75
175590	5335792.44
175594	10942923.05
175597	2793452.0
175610	1802172.15
175614	2083195.84
175615	342178.36
175617	761631.5
175619	3532925.5500000003
175671	721969.5
175686	67671.94
175691	1273182.4
1757	1565342.94
175706	369149.33999999997
175721	3178375.86
175737	1239803.6400000001
17575	4417973.31
175755	962775.74
175777	22006.08
175780	482282.5
175790	2540495.7
175791	1249122.16
175794	2032966.32
175803	1060108.0
175806	1554478.3199999998
175807	1850657.4
175809	2921885.46
175812	1148675.22
175816	818646.39
175826	9117387.99
17583	2617858.7600000002
175837	968318.49
175850	959302.1699999999
175857	94147.48
175860	6194525.7
175861	54055.840000000004
175864	5970980.95
175877	124786.27999999998
175887	5922784.84
175898	1483816.8399999999
175915	5301602.11
175918	482814.0
175919	176733.98
175920	6907578.72
175924	8444421.66
175929	1809502.58
17593	401880.08
175930	7414616.13
175942	2075820.7000000002
175944	3245206.02
175945	9080401.21
175946	1501338.3
175952	360846.07999999996
175961	3027844.16
175972	498665.99
175974	1478956.26
175982	989042.6000000001
176000	2312294.88
176002	313501.44
176019	404672.58
176027	4976211.25
176033	2346234.93
17604	2693446.38
176040	1609552.08
176044	596240.2000000001
176047	108517.11
176059	6533516.8
17606	549537.24
176064	3817180.0
176073	3728602.23
176074	120217.25
176082	5949698.09
176083	4377931.74
17609	3010606.1999999997
176090	207690.07
176102	2927408.44
176115	1449433.3699999999
176116	6008396.399999999
176118	3780712.88
176119	2779438.17
176125	7698735.0
176126	220747.71999999997
176135	755632.08
176147	1313990.73
176154	2474366.44
176164	186913.14
176179	8398087.0
17618	7275919.48
176188	4880494.370000001
176191	687258.12
176196	2534828.79
176201	2818383.99
176222	1221535.54
176223	6322095.21
176226	928718.49
176233	4219807.41
176237	88424.38
176241	100697.94
176243	4825131.13
176247	5343615.95
17625	929188.4799999999
176251	3980161.54
176255	184001.32
176261	937503.84
176268	364255.98
176269	855032.58
176275	1002650.88
176281	5223870.99
176288	1291345.51
176290	4427891.51
176291	408271.75
176292	987290.25
176298	4179041.22
176300	1644575.82
176305	3717465.92
176306	681036.0
176311	2281755.5
176312	1544499.5
176313	1310360.0
176314	181918.24000000002
176316	5504097.51
176324	3446860.5000000005
176327	6749833.0
17633	1820379.92
176338	3348490.86
176343	2024233.8
176347	6946359.1
17635	1509048.8599999999
176350	4068925.92
176365	134720.04
176372	903547.2599999999
176385	939535.9099999999
176391	3012221.25
176393	847811.04
176397	97306.38
176401	3917710.86
176411	3359104.3
176415	282291.4
176420	1058238.72
176438	1323898.8
17644	1840597.7999999998
176443	2941655.34
176459	3296852.77
17646	115946.64
176469	5138164.22
176484	396019.56
176489	4342522.65
176491	2381897.7
176493	1349621.44
176502	3061869.04
17651	1892044.7
176510	584581.55
176512	950084.08
176516	953198.6000000001
176518	3133700.1
176522	10101.35
176524	6021996.23
176528	3854353.75
176541	47639.58
176549	1950783.86
17656	3812857.7100000004
176574	1697390.9
176583	175168.5
176586	5401593.74
176588	4896091.8
176594	3926630.49
17660	2596743.54
176623	1114317.12
176629	8141411.2
176633	6434818.6
176637	3542582.4000000004
176638	5783358.96
17664	75705.90000000001
176640	4353488.1
176648	35361.9
176659	1074392.52
17666	5114545.45
176663	1940652.0
176669	1138540.3499999999
176673	72692.48
176684	130532.76000000001
17669	2296831.1
176693	431875.95999999996
176694	6151539.600000001
176696	3504499.4
176703	514613.67000000004
176705	3132273.9
176712	961195.6
17672	2498096.5
176723	12832309.74
176725	51413.36
176726	3706191.8400000003
176740	6716671.2
176746	670006.0
176769	2194041.2
176770	526440.9600000001
176771	2636112.84
176775	250678.16
17678	2607816.2399999998
176783	2776740.8400000003
176786	6635481.82
176789	2733885.04
176790	963135.36
176793	11237733.379999999
17680	5534572.08
176806	2267395.19
17682	6594033.600000001
176820	1458497.04
176838	187852.13999999998
176843	1830947.96
176852	743441.6
176856	4217878.86
176864	1154835.65
176868	1824743.9100000001
176869	11371451.709999999
17687	5833564.489999999
176873	4544727.3
176877	2216378.74
176892	1079994.96
176893	168011.04
176894	837747.9
176904	259242.26
176922	892835.44
176925	2503248.21
176932	1567655.76
176937	3434365.1999999997
176941	4189314.5999999996
176943	1262391.0
176948	5951844.0
176955	6979578.32
176956	5018725.7700000005
176966	6309868.95
176974	250567.4
176977	1071166.25
176994	6581347.790000001
176995	3048922.91
1770	4831692.52
177012	3050338.5
177018	1625638.78
177027	899791.89
177035	838797.55
177039	1698771.9200000002
177048	359786.63999999996
177049	94035.95999999999
177054	5733017.1899999995
177065	448445.38
177069	4754081.96
177083	1598674.75
177095	2202045.12
1771	724470.88
17710	3734137.4
177118	387321.99
177124	2314505.52
177126	1631793.45
177127	4983877.76
177132	1770457.15
177146	568780.24
177159	4907283.84
177167	95345.01000000001
177176	5540808.0
177177	5376754.35
177180	1143236.7
177189	1164461.56
17719	2309984.67
177196	1405628.6400000001
177197	3383226.8400000003
177215	2908476.9
177216	1277384.5799999998
177217	3867769.44
17722	1868404.14
177223	6183411.5200000005
177224	2958544.46
177230	1576493.9200000002
177232	5253071.85
177233	787827.3
177240	2005456.05
177242	311737.44
177243	1874537.28
177244	2153417.5
177258	144553.63999999998
177265	656773.51
177267	5652246.78
177272	4127010.7600000002
177274	2322691.2
177278	170736.84
177289	438014.1
177291	8341736.83
177296	405447.62
17730	4101991.1799999997
177300	1013103.0
177304	6362365.42
177305	3969459.48
177334	5029545.24
177335	6506508.96
177336	1342174.48
177339	33426.9
17734	212519.61000000002
177345	1724914.7100000002
177353	399785.3
177362	1092504.6
177363	1071784.28
177372	8954873.64
17738	1336739.72
177397	121874.9
1774	2217104.85
177413	331312.96
177415	440436.96
177416	2003105.7499999998
177418	3209536.9600000004
177429	659818.71
177440	1603444.95
17745	2965224.96
177452	215206.99999999997
177454	9658906.35
177466	1551697.2
177472	6005339.61
177490	2338927.6
177496	4103716.83
1775	44154.8
177515	910575.06
17752	5801741.72
177526	5408510.12
177535	4950828.319999999
177545	4185205.56
177559	4103876.04
17756	1291978.0
177567	2530562.62
17757	2364428.0
177574	98001.3
177577	1885779.6199999999
177585	922242.44
177586	6292394.9
177602	3483473.4
177603	1968016.05
177604	3842236.58
177609	411554.44
177617	702596.25
177630	6412191.39
177635	1774952.2600000002
177637	3699483.9
177639	3274047.7199999997
177640	3382244.19
177644	819661.52
177648	4395319.46
177660	47301.54
177662	795232.2699999999
177664	8275315.200000001
177666	4495257.32
177671	6955343.34
177672	3584990.3699999996
177678	4985267.56
17768	5549027.12
177682	6194898.640000001
177690	5146434.78
177694	1559536.1600000001
17770	504419.22000000003
177702	3051114.7
177714	500370.88000000006
177720	4441515.65
177722	444772.85
177736	5442631.38
177740	4920401.88
177745	3265555.6599999997
177747	409842.04
177754	1591204.0
177755	1606882.68
177757	1813017.5
17777	1700525.76
177770	226932.83
177780	1891733.3299999998
177785	115425.20000000001
177788	835972.0199999999
177808	3435119.93
177810	1218764.6099999999
177827	2964211.18
177829	754716.9500000001
177831	3207209.25
177832	552723.18
177838	3059300.6399999997
177851	112474.67
177858	1215001.3800000001
177866	3296360.34
177869	4254240.31
177870	2175686.64
177872	1295753.41
177873	3073996.1999999997
177886	1478674.7999999998
177891	2851728.6
177896	74576.25
177902	3243493.1999999997
177905	975770.25
177909	4155090.93
177919	3125286.45
177924	2778226.16
177936	201409.0
177937	4455527.100000001
17795	2619550.0
177954	1557707.41
177959	2456374.1999999997
177961	6038412.62
177980	6642489.720000001
177986	2636564.7
177988	190017.36
177992	1849722.3599999999
178015	6957526.59
17802	3794812.4
17803	448025.79000000004
178036	2450891.34
178037	1227935.7999999998
178045	8253904.149999999
178057	3118049.64
178064	90833.6
178066	1974074.8399999999
178069	2914758.8400000003
178073	2187887.24
178078	7016735.44
178080	6420876.49
178087	6363904.44
178096	3997212.62
178099	5153053.260000001
178100	533953.62
178101	608618.4500000001
178105	712182.5800000001
178107	928028.48
178111	4326764.64
178114	6970529.64
17812	124679.66
178127	3370975.46
178131	1768269.84
178135	930997.3400000001
178136	2754509.0
17817	1072882.8
178188	560057.12
17820	903708.8999999999
178204	175207.13
178208	2231595.82
178223	603333.6299999999
178238	7598971.58
17824	4147581.6
178254	3654871.7
178258	9019881.66
17826	533228.78
17827	344394.72
17829	3426468.75
178294	1615698.3
178297	3518948.94
178306	26370.06
178307	1909668.6700000002
178308	8185750.5
178311	7183420.21
178320	415565.07999999996
178323	3170790.04
178324	4336659.6
178329	331375.95
178333	5026220.28
178343	309246.44
178354	2145761.1399999997
178367	3941462.28
178377	1652762.8800000001
178378	633936.6
17838	3791789.9199999995
178381	2872235.84
178393	6531509.92
178394	3990326.2099999995
178401	2305903.44
178404	908314.11
178415	4629962.0
178421	251622.56
178423	2140797.4
178432	108549.95999999999
178435	2386448.5
178436	883664.73
178437	2509104.32
178441	2707985.28
178446	8025379.09
178447	67227.72
178462	167749.66
178463	1182832.0
178478	1826595.2699999998
17848	3893265.6
178482	1525118.4
178489	1731385.92
178499	185732.82
178504	930371.4
178517	2871156.03
178536	923644.7999999999
178539	599938.0800000001
178544	153411.15
178561	580441.2
178564	807740.59
178576	6387914.22
178581	4876471.350000001
178590	19546.579999999998
178591	4966217.28
178596	22902.100000000002
178599	2610198.81
1786	5950177.5600000005
178600	2490349.05
178619	469590.66
17863	640267.74
178633	474012.7
178635	1715911.1600000001
178636	4937154.18
178642	2909083.7199999997
178643	7174818.779999999
178652	2836632.04
17867	3188571.0
178671	2622214.96
178672	3376450.0
178675	38020.450000000004
178681	2909470.87
178682	1573583.5
178692	3335998.0500000003
178696	3370720.32
178705	2767276.75
178708	11294635.169999998
178713	922393.0
178717	4274972.16
178718	5302268.79
178730	2801451.5999999996
178754	3159549.38
178758	2001545.28
178764	4117889.5900000003
178765	50894.4
178768	819542.9700000001
178772	678000.5
178778	491518.86
178786	506730.60000000003
178792	2793888.03
178799	2980879.5199999996
178805	831123.54
178807	4159998.2399999998
178808	791213.56
178809	1944913.26
178815	783280.26
178817	1010510.6000000001
17882	460045.6
178821	5164097.399999999
178822	312143.2
178823	6901349.85
178828	4252085.56
178829	4867762.32
178830	4683996.0
178831	166775.4
178840	4540603.2
178841	1646416.8
178844	885624.2
178846	591484.56
17885	588932.5199999999
178855	2851060.2
178864	922904.82
17888	6096090.0
178882	3259753.6799999997
178887	4419892.8
17890	336176.57999999996
178902	4099522.4
178910	2179793.75
178918	2421279.42
178928	153540.44999999998
178932	837216.64
178937	1001689.0
178938	1228368.0
178960	6064072.43
178976	7619979.680000001
178986	7783421.800000001
179	3091107.28
1790	1898096.6400000001
179001	1294894.26
179008	1277676.7
179019	647828.34
17902	88432.64
179023	7986829.62
179027	4295897.32
179029	2018403.8399999999
179033	2502218.39
179035	58154.630000000005
179037	3835799.22
179039	1139767.98
179041	15472.08
179043	957030.0
179045	1249999.5
179058	2071297.8599999999
179066	690958.39
17907	71991.0
17909	4659194.25
179100	2196137.53
179103	1819026.42
179111	975548.66
179118	2572343.68
179122	2203273.59
179140	913254.33
179143	2397445.76
179146	4847104.65
179150	146549.74
179154	518091.96
179155	3510597.41
179157	704238.39
179161	713456.1
179165	716130.93
179172	51223.520000000004
179175	740693.5900000001
179176	4518757.6
17918	734791.02
179180	7092391.5
179186	1834681.6
179195	8769185.16
179201	1007403.93
17921	572358.15
179210	213561.54
179213	4023413.8
179219	300849.6
179220	6934458.859999999
179222	439155.0
179224	232514.82
179235	508468.82
179239	3448484.0
179240	3099402.9000000004
179242	1709213.4300000002
179257	6829044.04
17928	3006988.56
179286	354185.59
179288	1031134.73
179292	4875851.399999999
1793	1996213.88
179300	7319894.4
179306	164744.4
179310	1048217.2000000001
179322	7798851.52
179323	8176795.55
179326	6226036.25
179337	109934.99
17934	1000842.24
17935	78144
179355	21801.019999999997
17936	7126557.600000001
179369	3198483.75
17937	8963319.76
179373	3349323.68
179374	1936341.3599999999
179381	3556016.0999999996
179385	672473.75
179386	8450909.899999999
179392	1507093.17
179404	3661711.8
179409	2134743.38
179410	1347255.0
179411	1110406.98
179421	630902.36
179439	3184853.7600000002
179449	299966.25
179454	7210234.4799999995
179458	2183777.45
179465	6312363.2700000005
179473	171939.68
179476	2516487.48
179483	188262.45
179491	171578.66
179494	1297426.02
179498	1999522.56
179511	249133.21999999997
179512	5554306.2
179529	723772.5
179535	5707566.34
179544	474391.89
179552	1326360.28
179556	2098240.3000000003
179565	2462194.8
179571	2774813.58
179581	1434415.7
179582	3503497.1500000004
179586	457791.27999999997
179600	1056276.0
17961	1054368.3
179635	1860730.56
179641	669300.02
179643	5631422.9399999995
179644	148977.36
179663	568489.46
179672	5960255.199999999
179676	4372445.25
179684	2477659.5
179689	1010213.64
179692	3246156.0
179693	4251673.16
179694	360643.5
179697	1774840.8699999999
179706	2517757.19
179713	1967269.92
179714	133396.1
17972	6908260.2
179732	4411336.29
179733	1473268.95
179734	2033857.44
179740	254757.6
179741	2728550.1
179745	6726520.46
179747	5977109.54
179749	2379546.9600000004
179750	207037.87999999998
179753	2741226.39
179754	379740.92
179759	3222480.87
179761	1853097.19
179775	687753.8
179782	24526.8
179784	8653021.34
179789	5277097.65
179791	4605487.68
179795	2139548.25
17980	417264.73
179806	590884.14
179811	54497.67
179812	383307.84
179851	256423.41999999998
179852	3266289.52
179853	2834856.6
179856	934159.2000000001
17986	1935509.9600000002
179862	6396278.9799999995
179867	38364.93
179870	1556687.0999999999
17988	1892264.64
179889	80336.5
179914	5578635
17993	1074418.32
179932	2133533.62
179933	2210120.99
179946	2844636.21
179957	6090584.08
179969	1894762.91
179971	4697758.14
179983	910897.34
179989	684173.04
179994	7411001.850000001
180006	1125608.25
180012	2582397.9999999995
180032	334304.62
180043	876209.7000000001
180050	304390.0
180052	96965.28
180055	7821438.56
180060	976975.0199999999
180076	3799260.75
180081	1755107.92
180084	600241.9400000001
180090	4427775.57
180092	3835877.3499999996
180100	6300717.75
180102	5127660.02
180106	3287545.5
180110	383503.54
180112	1492507.9200000002
180118	3352752.36
180119	3065560.7399999998
180128	12885.84
180134	5987270.800000001
180147	2838910.0
180153	3631442.88
180154	1773540.73
180157	5275514.75
180164	1062204.0
180168	1025043.58
180179	1992378.96
18018	678568.17
180181	1997228.94
180186	5850325.4399999995
180191	2019969.7699999998
180194	364717.52
180203	8505024.16
180205	1958148.48
180206	2578471.6999999997
180211	3145640.92
180218	377245.88
180231	487171.0
180235	2944687.77
180253	1061605.46
180257	3130438.2199999997
180261	4853988.08
180262	751289.76
180270	2570351.52
180271	912486.9299999999
180273	628303.68
180275	6585215.6
180284	126593.71999999999
180286	1086101.4000000001
180296	149214.78000000003
180301	1672500.2
180304	3558951.7
18031	411867.5
180325	1987869.3900000001
180327	1309260.24
180347	1847034.42
180349	51822.68
180355	627450.2999999999
180368	2562726.8
180374	1734768.76
180382	4291091.24
180383	5504151.300000001
180385	291780.18
180386	5209678.399999999
180388	6353277.04
180389	1003855.78
18040	945487.47
180403	764706.2
180407	2187407.3
180408	2088215.25
180412	1033057.0200000001
180418	652594.9600000001
180421	1564935.97
180426	1543546.78
180434	127617.0
180436	538934.7
180439	429747.36
180470	1628679.84
180476	5377411.96
180477	4783475.56
180502	1697209.8
180507	3225320.3699999996
18052	8702155.700000001
180532	2244512.8000000003
180546	115199.28
180552	3868536.0
180553	521920.13999999996
180560	886986.56
180562	684715.52
180573	1721350.66
180579	159633.72
180581	5301078.0
180586	1262159.74
180589	3384303.0
180594	3470665.12
180596	664502.6699999999
180597	1328379.92
1806	142893.30000000002
180603	471840.72000000003
18061	244870.86000000002
180612	4328825.28
180616	4342225.279999999
180617	4608964.5
180622	2152188.6
180623	944329.72
180627	54371.2
180628	4256919.72
180634	59044.020000000004
180644	31344.24
180648	2993099.04
180650	800246.16
180653	591299.8
180719	957760.9600000001
180724	5504987.199999999
180740	207163.12
180753	3314467.04
180755	4570354.8
180757	6036525.53
180770	7590672.18
180773	207416.7
180775	559378.88
180810	1242642.75
180814	3150351.75
180821	431415.18000000005
180824	705266.9
180836	870634.7100000001
180840	7516097.4
180849	1904661.0599999998
18085	4022958.24
180860	3520984.9699999997
180870	162485.52000000002
180881	5714411.8
180883	3155080.96
18089	3592430.9
180893	336747.09
180895	337336.84
180897	3490846.26
180906	443685.32999999996
180908	11943.84
180909	4061354.7600000002
180916	1491998.64
180920	1774134.0799999998
180932	5802210.4799999995
180936	1529003.25
180938	2614340.56
180948	5210590.899999999
180950	2912778.0000000005
180952	407520.08
180958	1861368.24
18096	430492.81
180963	689840.4
180964	584306.58
180965	1311041.23
180978	2290355.25
180982	258947.01
180990	1223100.1199999999
180995	1724017.24
180997	3357056.64
181	2040167.04
1810	230081.65
18100	238434.59
181004	2675385.27
181010	4399268.720000001
181015	173858.78
181034	579348.84
181045	6868869.600000001
18105	5082541.6
181054	2458443.24
181065	2747732.84
181077	527441.27
181079	462143.72
181082	3774266.21
181088	818466.74
181089	497548.66
181093	8528303.52
181097	378794.08
18110	3770153.5
181107	5259921.42
181111	3260595.5199999996
181117	2239261.7
18112	7095283.789999999
18114	7356986.970000001
181142	6121444.32
18115	787415.8999999999
181151	7139054.56
181152	6666765.93
181154	1117675.44
181168	382818.14999999997
181186	336219.0
181187	6513343.96
181188	3297246.8600000003
18119	68053.44
181190	56665.98
181197	5867780.13
181207	7460315.1
18121	7857581.6
181221	2004657.0
181225	899660.51
181229	7398216.0
181232	3348751.0
181234	1308456.24
181238	1353063.76
181245	745972.26
181253	734290.66
181254	8519496.1
181268	4649032.71
181269	191512.56
18127	7555106.45
181271	9070631.52
181275	6053535.09
181276	3513191.0
18128	396102.3
181280	7954037.35
181285	1381595.6400000001
181287	791654.1
181288	1752100.56
181290	1899880.3199999998
181295	6224206.6
181307	6011448.2
181314	2405226.7800000003
181322	6003944.96
181326	400673.0
18133	2148100.12
181332	448361.76
181333	1896458.28
181336	2095965.26
181344	798471.4999999999
181347	4008846.4200000004
181355	3771911.6700000004
181361	3772477.44
181372	110811.88
181378	6295852.29
181380	1944351.5399999998
181383	6057362.92
18139	3667988.72
181399	277569.18
181402	6905454.66
181418	2316173.4
181427	411890.22
18143	5081312.42
181433	2471663.0100000002
181435	1276918.12
181444	1446512.55
181453	684039.7999999999
181454	2151061.92
181457	173676.36
18147	1218765.6
181476	6658117.32
181479	9121093.299999999
181481	960008.8
181485	1303938.08
181493	288237.99
181502	3441752.34
181504	2499828.48
181517	4754628.54
18152	1826304.48
181535	451897.92
181538	1147701.0999999999
181543	2870502.63
181545	2956843.7
181552	8062008.3
181558	1039607.76
181562	8006805.960000001
181582	42199.95
181601	7134601.220000001
181616	226930.41
181620	7220031.39
181626	3355560.4200000004
181628	3403439.6
181633	1342936.0
181637	4177711.1999999997
181657	853852.1
181658	1343497.76
181663	5045913.6
181666	4714423.28
181671	3575312.54
181673	2716200.8600000003
181676	68923.92
181681	2846474.32
181687	667097.61
181688	1043981.24
181690	1841864.4
181692	2674981.12
1817	1208674.67
181702	2935411.2
181703	108723.64
181710	100147.86
181718	229714.11000000002
181727	570277.12
181730	3726012.42
181732	5394685.56
181734	454581.44
181735	821905.32
181736	4851156.22
181739	5649780.21
181750	124820.8
181752	143283.5
181754	6848086.8
181756	547548.9199999999
181757	4066296.3000000003
181783	122184.95999999999
181801	1774384.92
181804	8712257.76
181807	71974.86
181817	1874293.98
181819	2439225.36
18183	384559.2
181837	2212447.56
181839	350965.92
181841	497735.23999999993
181857	8637393.28
181867	4227131.23
18188	1591109.73
181885	2113821.9
181889	466681.74
181897	1760833.7999999998
181901	3076305.6
181902	385540.11
181903	74490.29
181904	1402338.6500000001
181907	5738041.75
181919	2495331.16
181926	5041152.89
181955	2650750.48
181958	2077546.8099999998
181966	1015347.3999999999
181971	2467883.6
181981	1400128.95
181989	2530745.8
181991	1141932.8
181998	4319483.0
182	2741875.6
182000	1904072.0799999998
182008	349830.76
182010	429394.24000000005
182013	2357028.09
182027	7174109.96
182032	4471816.11
182045	1948037.6700000002
182052	1116654.64
182059	170015.2
182073	2466923.14
182081	343165.68
182082	2716684.61
182087	723584.6
182090	4806259.84
182096	4704693.76
182098	5464519.0600000005
182117	3830976.0
182130	1297392.05
182139	1246496.04
182152	311621.73
182158	4575014.1899999995
182160	5391760.92
182178	6682700.25
182180	2670413.7600000002
182187	6449100.09
182193	4362132.25
1822	31999.2
182204	474238.8
182207	4912553.249999999
182210	41704.479999999996
182213	4866139.6
182229	4931380.8
182230	931726.2299999999
182231	2086594.7999999998
182237	3304968.08
182249	2064933.0
182251	2041953.7999999998
182255	3032150.4
182260	49520.64
182264	3734136.4499999997
182266	3252663.15
182268	1837866.2399999998
182269	4912453.15
182276	2201018.58
182292	2522670.15
182297	321847.06
182299	11567462.05
182302	814407.8400000001
182306	2000158.0799999998
182311	599012.26
182323	3474840.1999999997
182326	167239.34999999998
182327	1212336.12
182368	123356.31999999999
182377	7104619.600000001
182378	2037750.2999999998
182379	2539589.89
182382	1855763.64
182387	170525.5
18239	6467872.95
18240	3414078.3600000003
182406	2442526.04
182415	4209370.3
182430	405630.77
182435	2632861.44
182449	165443.19999999998
182462	6979487.76
182474	1874705.6
182478	1776732.36
182488	1450481.8499999999
182489	683650.11
182498	110487.26000000001
182500	608538.74
182509	1417185.9
18252	6560955.17
182522	381833.92
182524	730065.0
182530	312532.2
18254	8114783.039999999
182565	1849653.0399999998
182573	2170223.7399999998
182578	1231491.84
182580	795162.4
182593	461412.14999999997
182599	4405764.66
182603	3504579.12
182608	6302992.48
182610	2379518.08
182618	1894126.4600000002
182620	7536326.28
182624	694834.14
182625	2400877.5
182627	95949.34
182628	307298.75
182630	93438.36
182636	13223726.739999998
182646	2084943
182657	58743.100000000006
182671	19765.620000000003
182672	4596945.69
182677	887107.5
182682	816394.26
182686	135661.24
182699	2020583.04
182703	148544.21
182704	2430082.41
182709	2510622.94
182712	1323275.52
182717	322207.6
182721	6988526.55
182723	3050802.9
182724	276349
182736	2630791.8400000003
182753	30828.960000000003
182771	1272114.45
182773	33859.43
182779	1888286.4
182780	691792.0800000001
182788	190180.32
182791	3522840.39
182793	20846.7
182795	16423.6
182802	3576669.8400000003
182804	359664.0
182814	4170230.64
182819	1020534.48
182822	6353004.12
182829	2935776.12
182832	870927.2999999999
182835	2409772.6799999997
182849	4115462.25
182854	1586501.84
18286	6327382.4
182865	6110739.600000001
182873	4651056.88
182882	5947949
182892	6323822.100000001
182900	4217609.16
182901	1480394.8800000001
182903	2878948.8000000003
182906	213558.16999999998
182922	5701071.6
182925	233238.30000000002
182930	6307470.41
182936	735636.7200000001
182939	963548.7100000001
182944	266742.96
182952	1236474.08
182957	4135240.8000000003
182978	1512664.56
182988	435008.86
182995	1861422.7
182999	2918643.84
183008	3865200.9499999997
183020	3710957.31
183025	646195
183032	2397557.82
183043	757326.88
18306	76758.56999999999
183062	6603883.26
183064	3475971.0599999996
183068	801528.6
18307	6761088.88
183070	197260
183074	3197410.3200000003
183078	98028.45
183090	815149.4
183091	925247.14
183094	4101835.65
183097	99270.59999999999
183099	2425492.68
183107	4701222.09
18311	5520789.149999999
183112	3345344.1
183114	2152283.98
183121	3483252.96
18313	1099668.5
183130	820962.66
183135	349959.96
183141	736602.1200000001
183152	2178381.12
183168	7218967.6
183186	1843395.12
183201	253972.31999999998
183237	330541.51
18324	7018682.720000001
183242	954424.8
18326	2758452.75
183260	2352990.0
183271	5332016.699999999
183275	2301971.42
183286	2227324.83
183288	3293304.3200000003
18329	3310096.68
183291	5657064.6
183293	5465918.98
183306	26412.08
183328	5234864.34
183330	2492030.4
183339	122729.61
183341	4275586.649999999
183342	6417451.59
183354	86076.65999999999
183358	1619931.75
183367	1474317.6
183378	313320.0
183388	1124771.2
18339	3759546.92
183399	4751411.5
18340	4421569.600000001
183404	4447677.08
183409	2088660.24
183410	6625217.79
183411	2822822.4
183415	383995.47000000003
183424	5061373.47
183426	1674056.93
183427	9601362.58
183434	792391.38
183438	890769.4
183441	4165660.7199999997
183454	1272522.6
183456	3929407.68
183466	5448943.71
183468	2313266.12
183470	1516649.0
183480	1671811.76
183483	1250540.75
183496	2036800.87
183500	364740.04
183508	534181.86
183515	1191100.1199999999
18352	4070281.02
183522	2332592.21
183528	498393.80000000005
183533	922484.2200000001
183539	2482998.24
18354	2883986.0
183553	804225.3
183554	201041.4
183563	5985671.100000001
183572	1824221.8599999999
183583	87894.0
18359	198349.63
183595	5635223.1
183597	7371518.92
183598	7692484.68
183600	2068627.32
183606	4593248.48
183607	82378.8
183615	4016218.36
183629	251813.80000000002
183634	1623220.77
18365	5227247.52
183660	1188936.0
183669	2243984.42
183670	1446892.05
183671	2184166.95
183672	1230273.12
183686	15906.36
1837	2869084.4000000004
183704	530697.53
183705	1526306.0699999998
183708	35226.88
183715	5075545.97
183717	664524.0
183721	2490340.87
183725	1367149.4400000002
183731	4539948.74
183739	338137.8
183741	1955473.68
183747	6756129.600000001
183750	1087614.05
183752	3002954.2399999998
183756	2113291.08
183763	5541212.489999999
183768	558516.52
183771	320837.25
183772	2226744.45
183778	829117.0800000001
183786	1512153.9000000001
183787	2757708.7399999998
183793	3439111.74
183794	696637.76
183798	6870738.84
183805	7133349.300000001
183806	2769008.5900000003
183808	5650574.22
183818	103770.36
183825	2229398.64
18383	2609677.8
183832	22263.449999999997
183845	541313.7100000001
183851	720013.16
183854	4913613.18
18386	4932613.44
183862	5561354.2
183865	446744.34
183873	12550533.05
183879	329554.29
183881	2398059.95
183896	6474722.239999999
183898	5128160.100000001
183901	849567.0
183920	5606409.48
183936	103589.56000000001
183939	2747013.3
18394	4202310.86
183951	638120.6
183962	2800818.15
183971	502181.94
183972	1008296.16
183975	2455458.0
183994	4148455.2199999997
183997	1578456.8
183999	2052400.6400000001
184003	2220745.7
184004	49663.8
184008	4789058.04
184020	3581763.0
184022	6637655.3
184035	3349650.88
184053	2126959.76
184056	4350052.44
184061	2164293.12
184066	3918529.6
184070	608724.99
184074	2234063.16
184076	5653048.08
18409	1338427.23
184100	173027.63
184103	591187.13
184109	3381474.2
184117	341053.33999999997
184119	4076236.78
18413	105051.84000000001
184134	902815.3200000001
184144	1270560.68
184151	4787178.37
184155	1924480.5
184164	3389533.0100000002
184173	8705467.450000001
184176	2787471.92
184184	2132582.4
184185	1426119.5
184191	3026890.52
184194	1959824.1800000002
184199	1752232.45
184205	3955316.4000000004
184206	2114485.1
184208	16530.3
184210	924613.72
184220	228675.67
184221	3734104.8800000004
184228	5226415.52
184250	1701756
184252	399092.17
184253	5771814.95
184254	2281540.1599999997
184257	582823.44
184263	3521562.21
184268	3989963.6
184270	1521280.53
184272	1844748.88
184274	1555764.8599999999
184275	2412667.5300000003
1843	2028604.56
184301	735837.52
18431	1122668.54
184319	2275786.92
184322	1609995.68
184325	1470565.6
184337	64595.259999999995
184349	253516.74
18435	621882.99
184355	8768118.05
184357	4488701.359999999
184359	234003.12
18436	2175352.26
18437	2213664.75
184372	5556683.88
184375	829704.1499999999
184385	2031139.26
18439	1443368.96
184403	3937123.19
184407	3420137.2800000003
18441	1103807.04
184412	1836511.74
184415	1369969.02
184417	45088.16
184419	1311152.44
18442	112467.68
184420	24345.82
184422	4861885.4399999995
184425	6971731.5200000005
184437	1479586.55
184444	7747575.03
184446	792855.27
184454	623649.75
184473	3550654.8499999996
184476	5457990.16
18449	3907589.4000000004
184498	3083495.61
184499	3427379.75
184507	2592887.15
184509	3016094.88
184516	6108527.529999999
184519	5045522.04
184528	3289623.55
184531	1110507.5799999998
184545	2099122.38
184550	2341053.52
184563	1899660.9499999997
18457	1417015.28
184577	1973126.75
184599	3138122.7199999997
184604	468240.57
184605	6378640.649999999
184606	3347766.04
184608	5765369.399999999
184614	4803677.42
184616	2802938.24
18462	4522986
184626	4043130.14
18463	3786031.46
184639	21586.4
18464	331710.10000000003
184648	258916.80000000002
184657	7655873.609999999
184670	1120410
184677	4273081.56
18468	247132.2
18469	1331354.7
184696	1222789.12
184697	563611.62
184705	6988394.680000001
18471	644861.56
184711	320877.95999999996
184712	2205282.08
184722	8015680.3100000005
184725	5167874.81
184728	2675528.0
184731	5143750.44
184738	984291.9
184745	2654699.88
184747	1814712.66
184748	365910.48
184752	566082.63
184755	107750.76
184767	7086614.04
184769	660464.0
184773	6821157.960000001
184778	3705638.4
184782	7038384.03
184784	2308322.86
184786	900459.0700000001
184787	3491403.0
184815	4908694.5600000005
184817	1191900.71
184820	4977508.5
184825	7046280.209999999
184829	373928.34
184833	549163.75
184844	4602012.640000001
184845	575122.0
184852	4200942.0600000005
184886	513021.95999999996
184895	2381638.8600000003
184896	1605709.7000000002
184897	1384929.2100000002
184900	223740.36000000002
184920	1593053.0
184933	578998.0
184934	151717.8
18494	6164861.45
184946	3821260.8000000003
184948	1098870.8599999999
184953	945064.08
184970	305171.0
184976	1558214.28
184980	1039033.2
184996	2038163.4000000001
185007	421786.48
185016	254829.75999999998
185027	4014258.91
18504	5650111.600000001
185040	7078105.720000001
185048	200264.07
185054	259310.25999999998
185066	2482992.7800000003
185083	5151356.48
185086	393329.34
185091	111978.72
185096	4821239.1899999995
185098	3532486.04
185111	1807371.72
185117	457774.31000000006
185121	980480.16
185126	2050541.49
185128	3353935.4699999997
185136	9171293.04
185142	206004.12
185143	2528662.5
185145	871433.4800000001
185146	1598665.18
185148	2628618.74
185154	4619831.37
185158	575739.48
185164	2351433.26
185170	2964230.92
185175	3218050.52
185182	1412788.08
18519	7225129.5
185190	753300.0
185195	7819390.92
185204	600621.96
185217	2177500.38
185221	6965196
185222	1860887.52
185225	1994969.5
185227	6564512.609999999
185235	4376469.78
185239	7493795.02
185241	5738127.98
185250	3397265.72
185260	778969.92
185265	67849.2
185268	6609284.15
185271	3429349.44
185289	4833033.66
185291	503643.67000000004
185298	3066642.0700000003
18530	704180
185306	736849.5
185309	1413923.5499999998
18531	5193774.96
185311	2277000.29
185313	4831232.16
185320	16750.55
18533	1082672
185332	194380.83000000002
185338	955626.1
185347	3357229.19
185350	2449199.1599999997
185353	8488726.68
18536	6002920.32
185367	8829791.370000001
18537	3717219.17
185372	719441.25
185376	376913.6
185382	623289.4199999999
185385	99300.54
185391	6093846.18
185400	1659784.3199999998
185418	1646819.84
185419	1639757.2
185421	6560836.300000001
185424	1255146.2
185434	78650.09999999999
18544	177075.75
185440	2656874.48
185441	1985705.4
185443	769521.48
185462	336404.39
185466	98091.14
185470	1754298
185475	2100037.45
185496	1434291.25
1855	164614.81
185517	257793.6
185526	4049421.25
185537	3151509.34
185543	2551590.45
185550	1518343.9600000002
185553	3780830.43
185558	3075153.1199999996
185560	5241348.36
185561	7215147.51
185567	476596.52
185576	2126888.12
185580	1956998.54
185581	2281511.34
185582	3799607.24
185586	5194818.4399999995
185587	4413343.97
185588	288830.53
185591	753341.08
185592	601794.11
185596	4470863.88
185608	1404199.25
185612	6926214.680000001
185615	1067846.1300000001
185617	1010025.1799999999
18564	209725.22999999998
185670	2062186.88
185686	1083754.11
185688	3597493.3499999996
1857	3785417.3999999994
185704	2921906.8800000004
185719	2012001.3800000001
185734	22739.2
185755	553191.65
185774	3295626.12
185778	6441543.21
185788	472599.26
185789	2171614.83
185793	1830952.05
185800	1635723.57
185804	3392451.64
185806	3486449.0
185809	1881760.7300000002
185811	1697893.76
185813	384868.10000000003
185824	7118128.159999999
185834	6271406.34
185848	1887954.5599999998
185857	2889482.48
185859	63864.880000000005
185861	4447164.04
18587	2270057.76
185876	6544210.090000001
185884	1020445.2000000001
185896	2149870.28
185912	101864.51999999999
185916	2809003.2199999997
185917	1629586.24
185919	332935.36
18592	649935.0
185922	8442394.88
185927	6232547.43
185928	1749204.96
18593	3116669.52
185942	7838505.5600000005
185944	1999443.06
185945	5875830.33
185952	715975.2
185959	3653756.8800000004
185972	1114302.0
185974	278532.60000000003
185979	4302999.090000001
185986	7608583.25
18599	942231.2
185998	7186152.25
186001	4347635.760000001
186018	65287.119999999995
186026	7552593.36
186033	1664385.4600000002
186040	1157469.4200000002
186041	6151030.56
186046	379067.94999999995
186057	3359191.55
18606	608505.0399999999
186061	2678895.07
18607	513611.94999999995
186071	262425.60000000003
186072	5764251.71
186081	6253476.53
186090	2599424.46
186101	2054430.21
186115	4129255.5
186116	6635899.170000001
186118	9236209.12
18612	985039.81
186124	63651.89
186125	3520180.0
18613	1229893.0999999999
186132	3060771.12
186147	801697.3999999999
186152	259382.0
18616	468289.82
186161	6514449.760000001
186178	2087977.3800000001
186185	3720998.2899999996
186187	398385
186189	1566589.4400000002
18619	5195625.93
186190	4079389.91
186193	889128.45
186198	449751.96
186222	2639971.9
186223	1258610.6400000001
186226	1605196.8800000001
186233	645079.12
186235	135719.78
186239	4557418.34
186243	64605.22
186249	3821642.58
186252	2288050.44
186259	1794864.07
186268	10012181.57
186274	1943073.9
186281	28222.48
186286	4648592.92
186289	7928786.1899999995
186290	7620029.08
186296	5680059.21
186297	1907114.82
186304	4104671.89
186305	4513939.8
186311	4775885.12
186312	1515090.5
186316	4200571.649999999
186323	2262699.36
186326	581834.88
18633	221282.19999999998
186336	2971256.0500000003
186343	1331668.36
186344	2126566.2600000002
186350	3681939.5599999996
18636	307710.33
186363	16064.64
186372	7486992
186382	40057.14
186391	2606961.8
186397	258278.4
186399	695500.74
186408	1653467.64
186414	2790536.06
186419	685439.25
18642	8261578.99
18643	1205636.48
186438	5311129.62
18644	2281160.2
186440	546358.26
186457	125159.54999999999
186466	591484.06
186469	779923.3099999999
186481	9058608.299999999
186489	81340.8
186493	5411049.41
186499	1246280.7
186507	2020490.8
186509	1075348.25
18651	4347569.19
186515	6665815.76
186517	1240929.45
186521	489073.56
186522	1277755.96
186526	196485.9
186540	1230795.78
186546	481854.78
186574	3716807.6
186580	1172293.02
186584	989195.43
186588	6264270.8
186592	323081.4
186594	3121993.74
186621	3419461.05
186627	618502.0800000001
186630	1563760.23
186635	5617372.8
186637	1436529.1
186645	2729266.84
186656	2108081.88
186662	1280577.52
186666	6308589.0
186669	1755582.5699999998
186673	1581619.0199999998
18668	529596.3999999999
186682	255470.33
186691	4796020.32
186694	4823252.069999999
186700	64666.84
186703	568749.34
186712	5082958.5
186720	732591.09
186723	3116394.64
186724	808136.14
186726	5204657.64
186739	382767.92
186746	47018.36
186768	4557490.28
186770	2794956.0
186771	148669.92
186775	1339198.28
186781	1711523.8
186786	4913997.0
186788	2401127.2800000003
186790	1655508.45
186792	1725568.0
186793	7787709.119999999
186803	2728398.1
186819	4929976.0
186837	48067.5
18684	6674882.380000001
186843	3955016.6
186849	4234229.4399999995
186855	5694364.8
186861	131635.41999999998
186865	8143586.82
186866	2564141.84
186867	37102.979999999996
18687	3914161.68
186873	475035.08
186877	15957.52
186890	2881945.76
186893	4189970.4
186903	5274678.5
186919	1741849.2
186925	1693983.06
186930	3986769.36
186935	3628268.1399999997
186943	250659.5
186945	788172.8
186953	3121811.91
186955	917909.76
18696	1830333.9000000001
186964	3823559.52
186972	3252773.7
186974	5050768.62
186991	1405278.0
186994	3159444.64
187009	2292536.0
187016	6453531.7
187027	2237038.5
187034	435803.3
187037	3049507.84
187046	345205.56
187049	1174134.2
18705	863670.24
187051	2443523.6799999997
187062	539112.75
187068	1337786.06
18708	2126918.7
187081	220048.12
187095	937869.4
187117	7776768.44
187122	3460484.63
187124	5546253.57
187126	6705650.4
18713	257235.81
187132	2090761.75
187144	3395290.5
187157	322629.12
187166	694562.88
187174	396914.39
187175	4650014.399999999
187177	928476.4
187188	234365.36
18719	1084830.69
187193	1330430.42
187195	8251334.58
18720	428026.8
187213	7487188.8
187214	1528244.48
187215	1729562.9
187223	2412261.0300000003
187229	1537154.12
18723	329232.51
187230	7334256.549999999
18724	3843193.9000000004
187240	3533360.89
187243	7463273.359999999
187256	2954360.28
187263	1413893.04
187266	1555415.82
187270	1790480.64
187273	5036591.7
187275	1924704.06
187287	343674.74000000005
187291	764387.16
187296	590538.6
1873	6043946.76
18730	42016.79
187300	154139.5
187304	3222378.7199999997
187305	384898.26
187332	466194.82
187333	284705.23
187335	4787761.41
187338	5778401.899999999
187342	2626309.38
187343	415432.71
187351	330749.03
187362	622652.8500000001
187363	1797040.05
18737	1486428.2999999998
187370	2354483.53
187394	1696367.0999999999
18740	1339483.4100000001
187413	7686448.35
187415	314196.09
187418	470527.42
187426	5730118.94
187438	362923.32
18745	615295.17
187451	886076.92
187452	582058.96
187464	6617156.43
187471	323921.6
187488	108682.0
187494	385259.49
18750	6956466.239999999
187514	1451889.9000000001
187525	2751894.2399999998
187534	348677.8
187542	4592923.0
187545	1696858.8
187558	1955365.8199999998
187566	495673.8
187572	4810024.760000001
187574	1897989.04
187582	3504276.6
187584	17926.5
187600	257001.08
187601	1069513.2
187604	1570554.44
187609	355932.9
187616	775705.96
187629	4081146.0300000003
187635	4764134.5600000005
187636	3261499.7600000002
187639	2763404.1
187644	2167914.24
187646	2004105.18
18765	1011866.1399999999
187660	116803.89
187661	2619669.85
187663	90682.5
187664	287550.72000000003
187666	584334.27
187668	3131061.12
187672	94663.14
187676	3864477.9600000004
187687	41820
187688	4583462.5200000005
187693	163344
1877	4682470.89
18770	1433203.6600000001
187700	6325719.4
187713	3827628
187717	420170.3
187722	129559.0
187735	2402161.24
187739	7384424.56
18774	2595594.54
187743	1371803.4400000002
187744	243751.65
187745	133371.03
187752	2513896.29
187753	1851087.34
187757	263138.07
187768	4014681.1599999997
187778	5964550.96
18778	3911279.4
187783	383361.72
187786	5251837.42
187807	3271929.84
187809	304223.55
187827	4087858.5900000003
187829	6653605.63
187838	289217.37
18784	3286752.12
187850	1929664.5599999998
187856	1064575.72
18786	1133533.24
187865	6003999.0
187867	54471.34
187868	137482.24000000002
187870	3992203.8
187871	8873506.18
187885	1291560
187890	522973.08
187894	362752.5
187900	6919984.680000001
187903	424190.8
187909	4979858.75
187918	491871.0
18792	3386048.96
187921	500808.44000000006
187936	627103.08
187937	254086.56
18794	2631100.1999999997
187952	6369627.11
187958	2652336.3000000003
187959	1103667.56
18796	3662398.4
187961	5695102.77
187980	1559687.64
187984	2236471.38
187988	7216902.2
187989	1745184
188014	2198509.1999999997
188034	6529242.72
188035	73444.62999999999
18804	28206.7
188044	5204797.0
188055	1325913.2
188061	8862304.0
188063	2661188.48
188068	388928.76
18807	2317766.4
188071	1195221.55
188076	5232845.46
188078	1003672.89
188079	663910.21
18808	1769763.28
188085	4062936.2399999998
188094	5905735.88
188098	634848.9
188099	1290251.22
188100	3055512.18
188104	671407.02
188105	2819279.85
188109	3541260.3200000003
188110	4254692.96
188114	3418155.68
188126	34262.31
18813	2421676.6
188130	742734.08
188132	2692023.1
188135	71802.90000000001
188188	3462642.74
188201	552813.66
188206	1991323.44
18821	1236324.0
18822	1655783.3599999999
188222	263264.39999999997
18823	3495578.6
188237	136483.28
18825	4380360.600000001
188252	6694996.69
188255	5374409.7
18829	1807502.25
188292	1914616.98
188296	877948.2
18830	1762204.92
188303	628999.08
188306	22910.800000000003
188307	4728919.41
18831	3881766.1999999997
188311	118178.95999999999
188318	2408675.46
188322	460980.66
188324	15380.099999999999
188329	3924160.56
188331	1020497.61
188342	2165873.76
188352	2243979.6799999997
188366	2453274.56
188375	3289051.64
188377	845839.03
188379	7405417.6
188388	254992.92
188390	5987120.399999999
188391	254023.50999999998
188394	32316.149999999998
188398	3350067.13
18840	2922511.48
188402	624575.25
18841	2268950.46
188414	407598.19999999995
188418	145688.72
188420	5757173.3100000005
188430	887230.0800000001
188434	1214375.7
188435	704567.51
188437	838253.85
18844	4673672.99
188440	1587722.5299999998
188445	1598211.0
188446	613457.75
188460	819715.4700000001
188463	5592534.24
18847	135733.65
188477	1828104.0
188479	960844.71
188486	182471.68
18849	186998.0
188497	2585808.4
188504	4593778.92
188516	2036196.25
188519	3238415.0
188536	10386529.92
188544	179964.72
188559	43626.44
188561	186411.14
188564	135719.22
188575	7813107.06
188579	901407.51
188589	652758.04
188590	2192619.84
188593	544410.96
188599	2263220.2199999997
18860	1315290.8
188619	1024096.5
18863	269098.2
188633	1946944
188634	5228630.92
188636	2398133.7600000002
188642	7079245.24
188643	10337.91
188650	3039090.3
188668	16581.23
188669	934294.8099999999
188670	6342450.3
188672	2212968.46
188679	5340462.5
188689	1022665.25
18869	4559919.96
188696	1945995.3599999999
188703	2356717.65
188705	6648165.18
188707	4449213.7
188708	2699317.9899999998
18871	509055.99999999994
188711	1266543.0
188714	334135.72000000003
188716	783731.0
188727	3653600.22
188753	3513137.7399999998
188757	2011811.62
188762	4866080.83
188767	2469171.1199999996
188770	801198.88
188777	1408600.4400000002
188786	764898.84
188789	1105494.61
188792	8996014.0
188796	264586.66000000003
188804	2190182.06
188807	131685.96
188808	7459831.890000001
188814	8724182.4
188815	223499.97999999998
188818	4118754.9
188822	248733.54
188823	1658163.0
188826	1124992.28
188829	2821245.59
188830	2206949.9899999998
188837	12160.5
188841	971117.9400000001
188843	4236559.2
188844	3036112.56
188854	1284751.29
188862	1205365.28
18888	3142165.9499999997
188881	4986635.5
188884	6493927.2
188900	5560137.0
188909	2745762.18
188915	3943229.76
188917	236835.68
188926	50506.2
188932	4985153.94
188935	430586.17
188937	3208624.47
188939	3655718.94
18894	364783.5
188958	23279.76
18896	1351400.4000000001
188975	1190714.4000000001
18898	5798515.199999999
188984	228481.44
188999	677451.4
189008	1857574.46
189017	2094567.8599999999
189020	1680518.3399999999
189025	128890.7
189027	2409167.2399999998
189033	2225465.44
189034	241821.2
189035	950474.0700000001
189039	1555332.6099999999
189040	8080257.210000001
189044	1403003.43
189058	1357921.45
189064	6011925.96
189098	4306704.0
189102	4491252.92
189110	948091.7999999999
189115	6899957
189119	805624.7999999999
189139	3419732.25
189140	1501163.44
189145	2877744.5999999996
189148	6458186.44
189153	1660448.1600000001
189155	5207869.66
189158	810722.52
189163	1795668.18
189169	781085.38
189172	4466121
189174	961040.1599999999
189180	6000094.71
189184	4977034.399999999
189192	292615.98
189200	2094601.1900000002
189209	1098468.8
189212	3116535.06
189216	1476949.92
189217	1088558.26
189218	2438544.42
189221	6012513.890000001
189232	4754687.58
189236	398756.2
189238	2852152.6999999997
189239	2777016.13
189242	5432058.45
189257	183165.03000000003
18926	2861089.92
189286	2649488.55
189289	4587984.5
189299	55499.950000000004
189306	1970932.11
189310	1505012.68
189319	2322876.5
18932	1056193.65
189321	219114.75
189323	626699.76
189337	1452927.84
18934	1279054.0
18935	632403.52
189355	6384109.13
189367	1634791.2000000002
18937	4252983.0
189371	1334942.6
189373	189673.65000000002
189379	1608068.55
189383	35436.100000000006
189384	768473.88
189385	1529363.1400000001
189389	1362768.88
189401	4475054.64
189408	4199756.800000001
189411	2018244.12
189421	1794281.2
189437	3218979.53
189448	6464764.25
189453	1341518.91
189458	5825783.04
189463	233025.68
189471	4864461.949999999
189473	6712985.36
189482	4273313.5200000005
189490	7617715.199999999
189492	5352530.3
189495	3099074.37
189509	6332316.0600000005
189512	3110542.95
189527	749432.43
189534	160258.35
189541	1025686.62
189552	6429336.76
189555	248002.68000000002
189564	870699.04
189569	6179635.49
189578	2268629.3400000003
189580	3093798.1799999997
189586	2845113.0
189599	687462.29
18960	1582979.4
189635	7056781.55
189640	1256785.74
189642	192694
189644	3505043.0999999996
18966	1476141.8399999999
189662	2522273.0
189669	1023592.9999999999
189675	629233.9199999999
189684	4374929.9399999995
189686	325001.26
189689	2917347.8400000003
189692	2554070.4000000004
189693	494522.87000000005
189695	624837.95
189706	5265462.51
189711	408615.60000000003
189713	7790358.159999999
189731	3988807.9499999997
189732	3692618.16
189733	194152.14
189737	7028344.319999999
189741	2794770.58
189742	843263.19
189746	3727397.55
189747	358062.6
189748	1385084.5999999999
189750	405409.8
189751	231341.00999999998
189758	4213669.64
189761	2252806.8000000003
189774	1221218.46
189781	162988.21
189784	88868.04
189788	2226064.9200000004
189791	2912937.25
189793	245835.54
189805	1528630.5999999999
189808	566493.38
189809	1622021.17
189850	2404931.0999999996
189851	221757.75
189853	2116634.8000000003
189856	2137883.8600000003
189859	4861783.15
18986	1844531
189860	341133.20999999996
189861	514493.95
189864	3223043.0999999996
189869	3109875.6599999997
189888	2955271.8000000003
18990	4314453.600000001
189912	2461964.4
18992	6647110.890000001
189931	7136358.02
189933	2128931.04
189944	3893490.5100000002
189956	1846048.8
189969	193515.14
189970	322090.5
189982	1861622.28
189989	4865401.100000001
189991	5590201.9799999995
190	1816031.4000000001
190005	1716343.7200000002
190011	1924022.4900000002
190032	123323.58
190043	305844.0
190047	3493341.54
190052	3514514.69
190058	155556.96
190076	4202513.28
190078	2861371.8499999996
19008	1636181.52
190084	2024854.7000000002
190087	4104115.88
190089	2278560.45
190090	2850672.41
190098	2691247.2
190101	4481554.59
190103	7106352
190107	1795946.88
190109	340924.03
190115	3061494.75
190116	165885.4
190119	3164671.28
190125	1222269.52
190134	1160667.76
190147	2003122.0699999998
190152	7586568.9
190157	7423818.32
190163	647790.0
190165	1299737.76
190179	1238419.48
19018	255543.43
190181	1152058.73
190184	2613768.75
190188	3672970.56
190193	3521653.2899999996
190200	735492.45
190203	1950075.9
190205	1577860.9600000002
190211	194068.0
190217	6803386.100000001
190231	865934.84
190233	245144.5
190253	279098.55
190257	7423768.84
190260	1794230.55
190268	1525822.14
190270	1281993.7999999998
190271	355752.78
190272	618725.2999999999
190281	4518679.08
190285	4362481.600000001
190295	1268595.0
1903	1248573.38
190300	1062928.09
190303	1645396.38
190325	1855470.54
190327	2197278.88
19033	8264826.56
190346	5705433.84
190349	138215.52000000002
19035	4461468.88
190352	2792861.84
190368	3586298.56
190373	1271070.99
190379	1498166.72
190380	3592921.08
190383	4135714.88
190386	6592879.699999999
190389	991833.9400000001
19039	5645087.100000001
190403	446703.30000000005
190404	2051568.1
190408	1556041.1800000002
190411	1873733.47
190417	6915160.8
190420	1042231.05
190423	3464031.3600000003
190431	1645824.5699999998
190436	1317554.42
190437	586972.82
190469	1941015.9900000002
190476	7723485.029999999
190501	1286188.86
190505	7347178.3
19051	7438437.6
190532	3364727.14
190543	188267.26
190550	3307003.2
190553	2679755.4000000004
190557	703616.92
190562	282499.45999999996
19057	2758460.75
190572	5913602.67
190577	24048.06
190579	201381.0
19058	301782.08
190586	7325456.86
190588	622917.1
19059	1206729.9
190593	2200936.6399999997
190595	3030639.36
190597	5199754.56
190602	2394114.24
19061	4787439.32
190611	5206017.09
190616	3304528.78
190622	1369382.5
190626	1581224.3699999999
190628	4160709.09
190631	1228807.84
190644	113108.81999999999
190648	237992.09999999998
190653	3353394.24
19071	25361.48
190717	5144449.2
190723	5046552.72
190740	905815.08
190750	300533.45
190754	1290487.4000000001
190755	483513.48
190767	2460422.0
190769	1928944.0
190771	6912754.199999999
190772	322297.19
190809	740626.08
190814	1840787.0
190819	853536.96
190823	7448918.34
190835	2941393.08
190837	357997.60000000003
190840	4029639.48
190848	4946646.699999999
19085	609004.65
190860	3155680.3600000003
190869	14481.45
190878	66380.3
190880	268045.29
190884	3077771.0
190892	3969035.62
190895	1615585.92
190896	2621691.81
190904	5270622.57
190906	9791315.7
190907	6269340.75
19091	458874.79
190914	2035695.02
190919	2485678.3000000003
190932	4364836.350000001
190934	3608581.08
190936	2488672.8
190947	2453681.75
190951	380176.86000000004
190958	7461550.64
190962	2866528.95
190963	1430947.8
190964	956050.92
190977	1198405.27
190979	4831250.399999999
19098	370720.38
190987	202677.96000000002
190995	1016163.6599999999
191002	2519354.76
191007	438453.60000000003
191014	2713266.6300000004
191034	4316763.84
191042	70166.79
191062	954133.5
191076	2158407.69
191077	1184660.2000000002
191079	2235657.96
191085	1415257.14
191086	2447846.5
191093	6855968.600000001
191096	1873923.84
1911	1779646.44
191107	64219.05
191108	185782.71
191109	468054.6
191117	2952136.0399999996
191139	2047778.48
191148	6312213.37
191151	3176945.5
191152	935185.5
191167	3361419.6399999997
191184	928281.2799999999
191185	6232081.18
191188	6238370.16
19119	952369.2999999999
191195	1981128
191196	1728528.62
191205	2714465.46
191220	240259.80000000002
191225	11436.15
191228	2144268.1
191229	1597738.7799999998
191230	289395.36
191233	4453344.0
191235	796481.26
191243	6529354.149999999
191250	6764345.9
191251	6394818.06
191265	871133.5499999999
191266	2493953.0
19127	1015130.25
191271	7090500.42
191272	14285.199999999999
191273	2069266.14
191275	925528.27
191278	4323842.32
191279	3425433.2399999998
191284	4477668.3
191285	6842900.32
191287	16474801.969999999
191295	3499210.65
191305	2132510.0
19132	1378924.5799999998
191322	1677926.1
191326	1815777.51
191332	1652897.64
191334	3917838.4600000004
191343	218706.30000000002
191346	303165.2
191353	8413039.84
191359	3835807.0
191372	2106133.92
191375	546930.1599999999
191379	377763.30000000005
191380	940759.4400000001
191399	395969.7
191400	2170577.3699999996
191417	6694310.0
191427	5025209.76
191431	274634.88
191435	530444.6000000001
191443	2725209.4499999997
191451	6813642.279999999
191455	1957822.9000000001
191475	2698237.12
191476	1929490.08
191482	1145575.6199999999
191493	973429.71
1915	4549999.03
191501	502934.5
191516	13881.059999999998
191534	2091919.94
191536	4389154.4
191542	766672.8
191544	4910189.88
19155	1513121.83
191550	1530301.3599999999
191556	2574626.85
191558	2073528.7
19156	5896994.85
191562	1886950.83
191581	5272109.71
191598	3111635.31
191615	491909.04000000004
19162	1696878.96
191620	6817328.8
191623	4046969.6
191628	2739440.08
191631	4760367.22
191635	1891301.76
191656	2168833.9899999998
191657	2507318.28
19166	770094.2100000001
191663	267529.5
191665	3914446.9499999997
191671	2116954.08
191672	1111484.43
191674	4420500.71
191680	2127695.68
191685	4542041.42
191688	3484916.04
191691	7848381.95
19170	498295.44000000006
191700	3175275.44
191701	3572536.46
191708	34899.2
191718	177458.00999999998
191727	461927.39999999997
191729	334554.74
191730	297890.32
191732	1076046.93
191733	672660.0
191735	5284655.82
191737	1464232.4400000002
191739	6028460.64
191748	619738.9500000001
191749	3200700.4699999997
191752	1707167.88
191753	614366.55
191755	5660341.2
191780	607425.2999999999
191798	2150094.42
19180	1024360.68
191803	7994734.15
191805	8205147.75
191816	8740258.719999999
191817	4544474.4399999995
19182	385084.26
191835	97484.66
191838	3313216.2399999998
191839	1029948.4800000001
191854	213263.68
191864	4606878.4399999995
191884	7509569.350000001
191887	4046341.7
19189	367532.2
191896	3839528.5500000003
1919	1233897.6
191900	6446472.5600000005
191901	7322569.92
191903	1408622.85
191905	2263410.42
19191	266899.64
191917	1687579.0
191925	1246269.44
191926	2058319.9900000002
191954	2313650.3000000003
191955	2872517.04
191966	53292.61
19197	7185781.399999999
191971	5206202.699999999
191980	9419368.360000001
191988	4813968.12
191989	1038097.86
191995	702461.76
1920	5714072.84
192000	683965.26
192008	5796846.0
192009	925045.92
192011	4250018.46
192026	2837727.72
192029	4832775.2
192044	664328.35
192052	3001703.98
192057	565545.24
192073	101136
192078	240141.8
19208	2415311.6999999997
192082	2472113.31
192086	4692000
192087	75762.12000000001
19209	1041611.16
192094	6325867.4399999995
192097	2406461.52
1921	191559.08000000002
192117	1507264.2
192127	3591866.21
192136	836318.88
192149	235410.5
192158	1815352.14
192160	529612.2400000001
19217	6692355.3
192175	8705411.12
19218	339099.39999999997
192180	6598052.1899999995
192184	3057812.56
192185	4761307.6
192190	4064646.84
192193	100642.20000000001
19220	3258134.25
192202	1236575.1500000001
192204	1311055.47
192205	406121.8
192209	692527.5
192212	1215462.1500000001
192227	2041092.21
192228	110775.59999999999
19223	332449.91000000003
192231	574042.22
192234	5104853.6
192248	1490837.74
192251	7446030.02
192253	495914.5
192258	4016365.24
19226	3943691.28
192262	2409020.19
192265	912953.82
192266	7738108.960000001
192267	1315319.0699999998
192276	6827098.15
19229	136803.52000000002
192292	2724860.82
192294	4713127.7700000005
192296	491478.32999999996
192299	4694986.079999999
192306	3079872.3600000003
192310	3629229.01
192323	3252417.3
192324	1759554.72
192325	1171771.8299999998
192367	2254738.56
192375	934945.75
192376	566754.89
192377	3853629.6799999997
192379	2112714.2
19238	29956.300000000003
192380	792328.13
192387	1393152.0
192406	3054342.06
192412	2051987.0799999998
19242	1768106.88
192429	8119268
19243	2722593.01
192432	669375.0900000001
192449	4355882.18
192461	404328.68
192474	32676.32
192475	649675.77
192486	355602.5
192488	4044307.52
192495	6031672.399999999
1925	2748285.45
192500	3519163.5000000005
192507	2414161.2199999997
192519	1970511.2799999998
19252	1372206.0999999999
192524	3783800.64
192527	590480.0
192530	249622.71999999997
192562	1093611.96
192566	1751671.74
19257	122563.2
192571	4403261.4
192577	5659164.18
192590	828229.2
192597	2719119.27
1926	1055073.94
192600	231459.36
192606	1261496.8800000001
192608	5708039.95
192609	707520.96
192617	1081054.51
192620	6478653.72
192622	6484578.48
192624	2493904.0
192626	1670295.04
192628	103360.04999999999
192634	1207588.5
192635	8122687.569999999
192644	211012.5
192654	625670.33
19267	518951.88
192671	7165779.94
192674	643973.65
19268	1890526.4300000002
192682	6427236.97
192684	4599599.3100000005
192696	383861.79000000004
192700	574797.74
192703	3935479.5
192707	587385.1799999999
192712	4933291.96
192714	482805.63
192719	5677326.850000001
19272	7434585.95
192722	850455.36
192724	1377462.75
192736	4354146.96
192752	2365895.98
192768	2182714.74
192770	5426250.31
192779	6404232.299999999
192787	480458.23
192789	2185736.54
192791	3449484.54
192792	51294.7
192800	281375.6
192804	528092.46
192811	6586782.989999999
192814	10377.900000000001
192819	5138808.930000001
192822	7430415.51
192826	783229.83
192829	1951695.0
19283	2254932.9200000004
192832	795165.3400000001
192846	3791659.9
192851	1394192.5
19286	1627111.08
192865	706288.83
19287	5720833.5200000005
192871	3321329.12
192879	2109568.0
192892	1551245.66
192898	4180254.03
192899	5485015.34
19290	4581593.08
192902	1680741.4
192905	2295899.5500000003
192919	18689.440000000002
192923	5899532.5
192930	2675644.4
192936	3621525.4000000004
192939	667963.7999999999
192942	1979538.86
192950	3305771.8200000003
192956	7284396.73
192975	4046452.3000000003
192988	2946446.66
192995	6580318.5
192996	517871.05000000005
193005	398848.07999999996
193020	478281.25
193024	2416904.1799999997
193029	4838567.76
193040	3015159.9
193059	1784037.28
19306	2728940.34
193062	431966.86
193065	2551749.18
193069	399311.33
193071	2538615.84
193076	570787.26
193087	9343744.0
193091	2889579.6899999995
193096	7398779.7
193098	649177.2
19310	1769468.87
193107	435159.54
193112	400409.54000000004
193114	702923.04
193121	40673.52
193130	4485074.05
193135	305402.64
193141	2597110.56
193145	3614505.56
193150	1559488.0
19316	2725786.56
193167	6622465.08
193183	5006327.2
193198	6161014.08
19320	3875404.3200000003
193236	1613650.12
193242	249164.09999999998
193257	4003684.32
193269	325817.61
193273	1243986.9000000001
193283	6315370.149999999
193286	3417547.74
193288	665034.6
193290	935365.02
193291	3936176.3
193303	1124549.5
193327	7941036.25
193328	4873384.71
193338	5042126.600000001
193342	739580.32
193354	984566.94
193356	6090800.100000001
193367	5938846.720000001
19337	284464.14
193375	2980285.28
193388	230598.9
193397	26804.96
193399	3463488.0
19340	744998.04
193401	1136671.9200000002
193406	1593912.6
193407	1691868.22
193411	2305318.4000000004
193415	3062663.7
193423	4717459.84
193425	2103814.49
193426	1008214.8600000001
193433	1231337.24
193438	8690426.72
193453	8174343.94
193455	865922.2
193466	7772464.02
193470	5159996.65
193477	1300956.39
193481	515307.18
193496	5885188.32
193498	1458510.27
193506	661820.16
193514	388021.14
193521	4955743.350000001
193526	891480.96
193533	298722.99
193536	50179.92
19355	3330822.36
193550	2694447.3
193551	678015.0
193560	300261.75
193561	1875375.36
193571	3521840.0
193581	576998.4
193595	6808944.67
193596	4585595.0
193598	2216091.24
193604	114092.45
193605	2853316.5
193615	3460060.1200000006
193628	860324.75
193631	682708.62
193658	870739.87
193667	1373736.96
193670	6869749.29
193686	6593368.95
19370	515816.39999999997
193703	151127.1
193704	2019142.02
193707	105708.72
193714	11104706.39
193715	586760.1
193718	3218255.6999999997
193724	230629.96
193728	438253.10000000003
19373	142446.15
193738	101885.22
193739	8141377.7700000005
19374	1537884.78
193747	1033514.64
193748	141374.18
193749	1114609.1400000001
193752	5579701.14
193754	831321.24
193762	9538238.94
193765	1528993.21
193769	1597946.0300000003
193770	8259578.819999999
193775	86251.20000000001
193784	6449688.0
193785	1269314.9
193791	206904.19
193792	183585.36000000002
193797	30427.8
193798	2301083.36
193803	1108145.45
193806	7350539.44
193815	1256465.07
193824	3182238.4
193831	154467.32
193842	803998.1599999999
193851	6773755.2299999995
193853	4923831.38
193862	3213252.0
193865	286300.68
193870	166510.97999999998
193872	1203565.6500000001
193878	7356151.670000001
193894	896091.3999999999
193898	1452758.28
193899	422427.44
193919	2035091.76
193936	2695700.54
193950	2920883.05
193962	1934017.5999999999
193970	5866255.51
193974	1476480.6
193994	368377.18
193995	2925767.64
193997	342593.7
194001	7475180.6
194005	1184024.31
19401	845493.6
19402	4660990.12
194020	8375157.640000001
194035	854941.5
194053	3027677.17
194055	492807.6
194061	239951.78
194063	3225678.25
194069	4130300.75
194071	1076898.18
194075	934299.45
194100	8160978.78
19411	1131276.03
194114	1939439.3199999998
194117	2113419.5500000003
19413	4582064.56
194134	1791317.7000000002
194142	9165836.61
194150	1684784.8
194154	1744178.3
194161	1348519.9
19417	2159900.25
194170	1689928.6500000001
194173	137795.2
194175	1826559.28
19418	2548317.66
194182	5006026.050000001
194184	807424.02
194191	7580379.41
194193	5890899.87
194199	799572.48
194204	960540.5100000001
194207	4901815.68
19421	439057.36
194210	520510.7
194219	769811.94
194220	1092111.24
194227	1679962.11
194248	3595558.16
19425	8890156.6
194251	5825242.72
194252	5500954.4
194254	3108526.51
194256	8278985.34
194260	5736372.58
194267	1511631.3
194268	3454245.6
194271	7801522.34
194272	944185.6000000001
194274	6392181.32
194299	7898421.24
1943	3927128.6399999997
194317	359360.16
194324	163513.15
194335	142919.4
194346	760698.04
194354	268218.54
194357	5390209.890000001
194358	7109666.46
194369	2910483.27
194383	2231283.5999999996
1944	323262.68
19440	2054952.18
194403	998857.2000000001
194406	1992529.56
194409	5037629.28
194414	476940.8
194415	102464.7
194419	3567752.8000000003
19442	897374.3200000001
194420	1846872.21
194424	5474720.04
194436	3606724.38
194443	91152.39
194444	2742565.54
194451	2520977.58
194473	1685517.66
194474	407913.98000000004
194495	4402621.72
194499	4461031.26
194507	1550137.68
194508	1094975.04
194514	891122.76
194516	2832385.44
19452	930139.3200000001
194525	2187542.5
194528	108723.51
194530	1316100.24
194545	2591101.44
194548	2989250.55
194560	1525926.5
194563	2799312.14
194576	881476.74
19458	53996.25
194601	463762.5
194603	1719402.4000000001
194605	210619.68
194606	2680339.92
194613	313226.05
194616	4427847.21
194623	2665655.52
194636	1831552.8
194646	786809.76
19465	647412.0800000001
194655	3525920.56
194668	220551.66
194674	4599036.44
194694	3998371.0
19470	183804.30000000002
194703	5044795.48
194704	4454743.04
194709	2848575.38
19471	8702536.12
194719	2729523.0
194721	7435918.57
194723	2629657.54
194724	4592787.75
194728	2923162.9200000004
194731	916427.18
194735	843589.35
194742	328253.85
194746	1147367.63
194747	5427185.5
194749	5560764.6
194753	2414280.1300000004
194766	7824149.85
194767	721079.4500000001
194772	1465789.22
194777	2532320.3099999996
194781	1114495.2
194784	1377546.7
194785	826919.2
194786	139752.05000000002
194813	1531027.98
194815	950582.05
194818	3664681.92
194822	523801.66000000003
194829	49658.46000000001
194830	8747438.4
194843	5288321.24
194844	5375477.01
194849	4926815.29
194886	3056677.44
194892	2134418.88
194894	3715760.72
194895	2829244.23
194896	359567.6
194899	5325227.67
194917	9028500.0
194931	6070919.12
194943	7402982.0
194948	4598625.62
194951	3389165.48
194967	6668867.039999999
19497	1836804.0999999999
194973	998819.32
194980	3134234.0799999996
19499	812589.18
194994	2772175.8000000003
195005	3804496.8000000003
195014	750373.2
195026	1108105.77
195038	1951863.95
195046	291477.51
19505	1735413.43
195051	6137216.8
195063	6159511
19507	1759779.45
195081	1663043.84
195085	2882355.06
195090	8012680.199999999
195096	7831829.53
195109	373290.81
195114	563646.6
195116	4228768.7
195119	5554723.4399999995
19512	3598049.16
195125	1029383.6000000001
195128	1758955.44
195136	6018157.3
195141	1271662.7000000002
195143	4363383.71
195145	1087270.8
195147	4778049.87
195153	1636632.83
195154	1001562.96
195155	4481302.8
195163	58091.04
195167	2251845.84
195173	1353767.39
195179	4221352.0
195190	3851619.06
195193	1760464.7200000002
195203	3292043.4400000004
195215	3078915.24
195219	2752443.36
195222	1983325.65
195226	3893947.4400000004
195233	5372956.16
19524	3701903.7600000002
195241	5180347.100000001
195247	107551.08
195257	6892968.71
19526	380878.96
195262	7663619.24
195265	2755830.36
195271	49585.799999999996
195287	89652.85
195289	3347557.2
195298	5750465.6
195306	511177.86
195308	5282586.98
195310	6231808.08
195311	2956245.6
195319	1203246.6600000001
195330	2853509.5
195335	424108.85
195345	646663.86
195348	1080616.08
195351	7466191.199999999
195365	4005271.55
195370	1760304.4000000001
195373	535808.08
195379	690169.9
195382	420567.08
195390	128417.06999999999
195398	1620159.33
195417	4627131.25
195418	2843899.5
195421	4238488.9799999995
195424	4908174.25
19543	4628673.2700000005
195431	2217229.88
195438	3522021.18
195442	311665.63999999996
19546	5408019.6
195461	3576551.1599999997
195463	969178.0
195469	8206609.800000001
195475	185903.19999999998
195494	2375747.2800000003
1955	3702794.6999999997
19551	469699.26
195515	1301303.04
19552	561774.62
195524	225265.04
195534	2131728.27
195543	2084384.3699999999
195548	107089.28
195550	4069277.59
195555	1888983.9000000001
195557	1840224
195559	5969402.66
195564	1831777.7400000002
195573	1476427.86
195578	10239795.82
195581	2230313.15
195584	1335278.91
195588	5198643.88
195590	9176353.12
195595	3526698.56
195606	4504769.77
19561	868666.0
195610	4600964.88
195615	2891117.01
195617	3214994.64
195669	292394.83999999997
195685	6115652.84
195686	2390100.0
195702	342275.69999999995
195717	8577278.1
19572	6527950.71
195731	4842703.2
195755	1979286.21
195771	4725649.6
195776	5892569.34
195785	439342.05000000005
195788	598795.7000000001
195792	6855339.0
195797	470583.72000000003
1958	4704580.32
195802	4155623.0600000005
195805	7538442.69
195809	216948.48
19581	2805996.6
195810	10413625.2
195822	1115392.58
195831	37715.740000000005
195846	485378.4
195854	6561372.09
195857	2520761.04
195858	1526483.56
19586	3291131.25
195875	4652397.0
195881	503249.60000000003
195894	5961242.52
195909	2484907.3400000003
195913	3537822
195916	5900076.0
195918	548419.83
19592	7448203.95
195920	2990848.0
195925	1741742.5
195926	1104825.16
195939	5743080.5
195942	581817.6
195944	3020311.54
195945	158522
195952	7265531.279999999
195957	3554131.46
195972	780416.0
195974	298328.52
195976	1046654.5
195985	3742244.16
195996	332469.45
196000	1187603.8
196017	1556093.55
196025	5972836.08
19603	6024240.0
196033	1369900.71
196038	3212721.6799999997
196040	2908800.44
196045	1039721.88
196055	1013636.39
196058	5693752.75
196069	33185.4
196070	2339782.25
196079	5173106.399999999
196080	2056754.75
196090	3733605.44
196100	848806.66
196114	3319279.2100000004
196115	1469127.64
196117	1910710.88
196123	3770153.12
196124	867614.7200000001
196129	165514.76
19614	2199752.2800000003
196147	7350495.16
196150	230963.0
196158	451064.72
19616	346218.68
196177	3310862.5199999996
196182	1041807.55
196186	39552
196187	1083955.6
196189	1965185.1500000001
196190	2458622.02
196195	2992319.56
196222	2667140.1999999997
196223	8635391.02
196226	95644.7
196233	5521430.6
196237	685380.27
196241	4519566.62
196243	6690256.72
196247	3151949.71
196249	711642.7999999999
196257	34715.52
196267	1172478.34
196268	730141.72
196273	3672044.1999999997
196281	394848.33
196284	1850295.14
196288	2534906.1599999997
196289	122848.2
19629	9391236.4
196294	3645924.2399999998
196303	890063.12
196304	4870444.399999999
196305	1180315.8399999999
196308	4474279.6
196310	2252295.5
196311	2254070.9499999997
196316	2403667.2
196322	7278844.649999999
196325	1573849.8
196334	5124892.37
196341	882247.08
196343	262166.52
19635	101154.61
196350	4597496.32
196361	2371538.99
196372	1652561.12
196379	43969.8
196389	1581752.76
196391	1643828.52
196397	1750551.82
196405	3310595.1
196413	466124.08999999997
196418	2315513.13
196437	3502118
196438	2522353.75
19644	6350000.33
196455	326523.34
196463	2795001.3
196469	5381058.06
196478	576978.0
196489	5811733.7
196493	638584.1
196496	5300606.640000001
196504	7445054.88
196506	6620616.68
196514	7927180.7
196516	3313787.4
196520	8483545.040000001
196524	637130.71
196539	74707.96
196543	8545907.09
19657	1675638.1
196574	2444704.02
196577	2569056.4899999998
196582	7013278.8
196588	5753608
19659	42343.83
196590	1129506.63
196594	4332658.680000001
1966	8895117.06
196619	4310064.3
196625	1196567.52
196627	7863390.2
196634	13727.34
196636	2103230.48
196642	2400196.89
196653	935250.57
196661	3014823.48
196663	390225.88
196669	1695647.2000000002
196673	2104570.58
196680	7943578.89
196689	3071265.12
196692	694741.86
196694	1072072.3399999999
196697	1526102.55
196701	3815702.67
196712	1941107.04
196717	356032.5
196723	287164.04000000004
196726	1103858.0
196738	3364621.48
196746	1082416.32
196765	810300.79
196770	334349.16000000003
196771	5031925.64
196775	1719669.28
196779	1027485.8
196786	949653.9
196787	16467.84
19679	1876546.42
196790	2579468.5
196791	3888861.8
196793	436600.80000000005
196800	4003825.0399999996
196818	5546450.91
196836	277973.76
19684	2409354.7199999997
196843	2351307.16
196846	3636425
196854	416290.50000000006
196858	200449.65
196862	1067906.25
196863	1462173.4
196865	1515505.95
196873	1611136.8800000001
196877	479144.38000000006
196887	96057.84
196888	4402095.6
196892	4408486.18
196902	4453955.22
196916	9182995.82
19692	3492969.69
196925	2551672.1999999997
196928	4738971.05
19693	2466066.2399999998
196933	557894.78
196942	5407251.26
196943	6996043.8
196950	4703770.88
196955	4144220.0
196962	5138525.8
196970	2864840.88
196971	1714674.08
196988	1393935.52
197006	2421796.27
197014	89614.35
197027	1477907.7999999998
197033	1535359
197035	2514599.56
197044	1196527.28
197048	1127046.75
197049	1309323.02
197059	726000.52
19706	170325.93
197067	1260623.8499999999
197079	1538099.25
197095	401227.71
1971	81024.08
197116	1741869.48
197120	740323.0800000001
197122	1388743.94
197125	5648431.69
197132	423765.68000000005
197142	2233595.7800000003
197155	2562942.9000000004
197165	1425560.01
197171	2501275.14
197174	1849579.6300000001
197187	2259190.89
197190	3133125.6
197193	6754264.4399999995
19720	1051212.44
197210	2276926.87
197213	5249299.67
197222	575584.14
197223	5488187.11
197227	1604516.08
197228	83854.73
197238	510687.54
197240	457541.68
197242	6998875.2700000005
197243	4098750.0900000003
197254	513809.00000000006
19726	2247720.44
197261	5757960.6
197265	796770.36
197268	1069379.44
197272	7140942.779999999
197285	4472598.0
19729	8245081.600000001
197291	8706519.09
197296	5584831.350000001
1973	1312740.04
19730	414169.02
197300	2119516.48
197304	2986833.1199999996
197305	6105175.300000001
19732	3941117.19
197329	24421.600000000002
197332	2484941.08
197334	3437364.23
197337	167980.82
197341	3396528.8000000003
197349	718819.02
197362	382490.46
197363	2355376.8
197368	7377691.65
19737	6283760.999999999
197391	433769.77
19740	1993102.86
19741	856697.2
197411	275720.94
197413	3991765.6799999997
197414	379118.32
197418	524116.32
197423	237941.76
197436	479568
19745	3660883.4699999997
197450	8714617.32
197462	2788173.8400000003
19747	5187663.53
197470	84964.87999999999
197486	4145904.27
197492	1096434.9
19750	833104.8
197513	1018830.3300000001
197524	896831.8799999999
197533	168933.6
197539	2411558.1
197545	91355.4
197557	8165940.45
197565	3196085.76
197570	2272747.4
197571	856256.42
197579	6153249.96
197582	1132932.06
197597	1578015.0000000002
197600	2496561.9200000004
197604	53332.11
197609	3488052.57
19761	3956595.72
197615	2656608.4
197628	3081831.8400000003
197633	3395131.8600000003
197635	7963507.58
197638	7244509.08
197644	747826.0100000001
19765	3254873.84
197660	320761.23
197662	1992870.96
197664	918691.8599999999
197665	1890824.1
197666	500046.57
197672	9406887.68
197674	711048.03
197682	227231.1
197684	75485.76
197686	6622954.28
197692	2586236.37
197698	90971.40000000001
197712	5063166.36
197714	7251470.49
197722	509871.56999999995
197734	1145846.18
197738	3866163.6
197741	10688560.719999999
197745	6621245.37
197749	3114705.06
197752	681187.98
197757	7279169.95
197766	418328.48
197776	568233.66
197781	3695620.4000000004
197784	4253416.640000001
197806	4013044.5
197808	6005874.0
19782	6682344.18
197827	6667035.52
197829	3331748.56
197830	1212676.2
197838	7631835.33
19784	3048535.5300000003
197849	2150715.84
197854	2173394.85
197864	767681.04
197867	12944510.52
197870	253226.25
19788	1782818.1
197884	2622245.2
197889	2655616.9499999997
197892	1623166.2
197898	890389.98
197901	86873.16
197909	4911948.58
19791	11030662.62
197917	1909805.44
197918	271926.08
19793	849735.69
197936	1178617.67
197937	1960588.8
197950	2800844.68
197957	220223.84
197961	5493668.32
19797	2161416.5
19798	2077969.96
197980	3850988.4
197982	4290626.7
197986	520940.92
197988	2032824.28
19801	345368.52
198013	752147.0
19802	3003255.0
198031	674631.48
198034	399231.5
198043	705258.12
19805	822202.38
198053	7725374.159999999
198058	6164245.66
198060	456710.27999999997
198067	1399481.99
198069	3992957.16
198074	1052595.0
198076	84849.44
198078	2653282.5
198083	6713089.68
198092	6688885.010000001
198097	4620890.390000001
198100	390258.2
198103	7252847.550000001
198107	491551.5
198109	861390.4
198114	143573.1
198125	2245438.27
198129	9427651.36
198134	6847012.159999999
198188	2036304.87
198198	1669463.6400000001
198204	4724122.5
19822	1568100.75
198221	524708.48
198236	4984331.43
198250	1672111.77
198252	1520683.4400000002
19827	5338325.2
198290	7524459.8
198295	2590057.4400000004
198300	535194.66
198304	7109045.16
198307	1723731.8399999999
198311	5610417.28
198316	427156.35
198324	1775376.9000000001
198329	4255204.42
198341	5074801.32
198350	153504.73
198365	1906895.25
198373	459035.72
198376	675725.02
198377	3506692.1399999997
198385	1329847.04
198387	2469770.1
198388	744547.18
198394	811717.34
198395	2767226.0
198400	1620032.8800000001
198413	1228605.6400000001
198415	1857726.3699999999
198417	114784.27
198428	5131280.13
198432	286718.80000000005
198435	380395.2
198437	8836494.84
198439	3842061.45
198444	3206796.82
198445	2884266.88
198458	1382014.7
198463	155603.13
198476	4238100.9
198483	6256904.4
198495	1572254.5999999999
198504	1177017.49
19851	5523478.26
198515	736437.5
198519	1666738
19853	6408854.4
198533	510166.19999999995
198536	158728.41
198544	9538613.92
198557	355231.17
198558	454623.84
19856	382083.7
198564	64878.8
198574	460116.9
198577	172945.92
198588	601227.08
198589	1999972.04
19859	3558158.5199999996
198590	4807783.010000001
198598	3618872.1199999996
198599	402192
19860	801157.63
198619	317347.62
198632	3504680.9699999997
198633	12078226.95
198636	374001.75
198642	1470473.22
198643	2866576.86
198648	461001.31
198665	1032887.25
198666	126573.3
198669	1597426.21
198676	1497672
198677	719717.19
198686	1379016.0
198696	27971.66
198701	1971504.8
198705	3171507.48
198706	1553254.56
198708	619368.75
198709	6487864.7700000005
198711	774919.4400000001
198714	108340.44
198724	842877.36
198752	3491788.58
198756	906642.57
198759	1037466.5399999999
198760	3054122.48
198766	3333802.5
198768	79190.4
198776	5645048.75
19878	732123.81
198786	4503017.22
198792	1207493.1600000001
198793	3537272.02
198803	127253.73999999999
198807	958508.37
198808	256808.25
198813	7714614.99
198815	7180081.600000001
198822	1141465.3
198823	549883.2000000001
198824	131814.34000000003
198827	4053574.8
198829	398125
198830	613292.4600000001
198834	67926.56
19884	3569303.4299999997
198840	414194.88
198841	1855471.9300000002
198844	61132.08
198853	6720523.68
19886	3804611.36
198860	2901265.8
198880	3215508.07
198881	3047759.25
198898	931502.4
198908	2918832.3000000003
198912	2475944.04
198916	8906940.03
198924	610151.52
198932	2617276.46
198936	731887.36
198937	1374570.3499999999
19894	5898884.4
198956	8340370.649999999
198974	790491.5599999999
198982	2710071.8
198997	1343824.8
199008	615256.12
199015	2655766.44
199017	5602055.899999999
199023	806984.87
199025	5321538.34
199031	4164488.6399999997
199033	5552892.98
199035	269272.64
199037	2458640.8
199039	3551344.76
199043	8316603.539999999
19905	4314910.59
199058	5144230.66
199062	4200307.3
199096	158405.94
19910	5266919.07
199101	2136444.39
199109	208243.84
199112	6617227.28
199116	1699233.72
199137	4126156.4699999997
199138	4714481.97
199144	896082.72
199146	171909.83000000002
19915	970274.3800000001
199152	3363279.03
199153	2220002.2199999997
199155	5089788.35
199161	752936.25
199166	2246282.28
199169	908948.0399999999
199172	2383395.84
199180	5251070.890000001
199182	3300921.63
199189	846413.4
199199	853749.1799999999
199208	589153.75
199211	7738304.06
199213	440461.53
199214	555989.32
199216	232993.39
199218	861135.6599999999
199220	1691144
199229	1263482.84
199233	2481130.96
199236	3311503.3499999996
199242	389245.92000000004
199257	286906.5
199284	6538248.5
199286	9391770.7
199298	659818.98
199306	4571435.399999999
199310	4812155.14
199316	2199205.8000000003
199319	8060248.56
199320	167660.88
19933	1203146.1900000002
199337	999514.0
199355	5204985.04
199365	1709293.19
199368	671727.84
199373	1611911.07
199377	4227226.8
199381	598530.9
199382	1561157.0999999999
199384	1739357.4
199386	2056431.78
199398	3428371.86
199406	3922408.44
199407	7185689.9
199411	1632561.3499999999
199421	3249330.48
199435	4562768.54
199447	476001.2
199452	3675752.0100000002
199458	4422215.8
19946	366498.14999999997
199461	2549763.0
199469	482108.31
199470	6540491.83
19948	824690.1799999999
199481	903302.4
199489	1348037.46
199490	259756.75
199492	507539.07
199507	2150870.68
199512	2276413.44
199525	3022582.8000000003
199533	4246596
199538	3354621.48
199552	987627.13
199554	2001691.04
199563	1508158.76
199567	511759.36
199575	3462619.92
199578	755521.65
199586	3911871.0
199598	1246058.0
199635	80766.4
199639	248242.40000000002
199641	8497362.59
199644	369419.15
199661	7486658.04
199666	1632430.22
199674	1129460.19
199683	6079349.46
199684	218858.5
199686	1731064.55
19969	696669.35
199690	8490145.8
199693	7240337.69
199706	170352
199709	5888314.74
199712	395593.47
199729	1476918.66
19973	4787560.529999999
199732	2594901.09
199734	2629297.44
199739	4353947.04
199741	1722695.04
199743	126974.54000000001
199746	1065563.31
199747	7018144.4
199748	1093088.8800000001
199757	484674.08
199761	1975107.72
199773	1930570.2400000002
19978	6326608.56
199780	131670.11
199784	38210.0
199787	2456786.08
199791	2585392.81
199804	2974222.8
199805	2544214.75
199806	497860.56
199848	2692477.68
199851	153589.8
199853	6070082.61
199856	1794308.1199999999
199858	531622.65
199860	696162.3
199861	584041.76
199868	687580.8
19987	568060.0800000001
199887	4914824.63
19989	258191.97
1999	1553706
199910	3947671.73
199930	255539.83
199933	3787793.87
199942	1154786.76
199955	3155189.8600000003
199969	13135288.21
199981	6022348.08
199988	2069552.8800000001
199989	2079491.1
19999	2774137.5199999996
2000	85176.94
20022	100804.5
20028	577434.3200000001
20032	1559108.1300000001
20039	8361138.24
20043	2528054.42
20052	5425589.49
2007	55443.9
20076	1082774.54
2008	46274.36000000001
20084	733392.0
20092	6490600
20098	135463.89
20103	5073388.0
20106	159864.11000000002
20118	9019942.6
20119	634843.31
2012	4194083.79
20124	279491.14
20129	3075263.6199999996
20132	201667.69
20134	7965713.28
20138	1255163.28
20147	5533950.9799999995
20150	1171886.6
20154	4358761.68
20157	4748970.2
20158	9576714.38
20160	1522537.12
20166	2706227.16
20169	3665733.39
20176	976318.8400000001
20179	57231.36
20180	1905475.77
20181	1350279.91
20186	1346811.75
20210	658218.33
20211	2842531.67
20216	797576.15
20218	33993.36
20222	1395460.5
20231	2180350.48
20234	222602.58000000002
20237	404221.44
20239	3650473.75
20251	1994169.9
20253	206629.80000000002
20257	3107917.12
20267	3267497.0700000003
2027	4916239.85
20271	2010231.7300000002
20277	4227888.56
2028	3649245.21
20294	276909.38
20302	7821159.75
20312	7147533.2
20317	3314144.3400000003
20320	984255.8500000001
20321	5559105.0
20323	1861873.0
20325	122913.36
20327	2081083.2000000002
20332	539620.8
20349	4843399.68
20363	3547603.6199999996
20368	1256018.4000000001
20383	8799073.28
20386	1239222.64
20389	568369.5599999999
20390	6604142.489999999
20403	4324513.55
20408	25676.89
20417	2172827.84
20420	2219010.3
20428	550637.76
20430	683748.45
20431	5398191.63
20434	282186.9
20436	4306749.92
20437	2578451.66
2045	105941.88
20455	919766.3200000001
20471	1427960.5799999998
20474	2096150.0
20476	702370.9
20482	763796.5800000001
20486	199757.8
2049	78016.4
20493	188544.0
20518	851975.12
2052	4013938.1799999997
20532	1024871.6799999999
20539	4348006.670000001
20553	2211585.75
20562	1030620.2999999999
20584	2928354.48
20586	143744.77
20589	511839.24
20594	7027387.5
20597	1126470.24
20605	7977556.0
20608	4367820.21
20610	445951.32
20611	5482592.699999999
20612	1419693.87
20613	858028.3200000001
20616	319292.82
20622	2716346.46
20628	7539676.46
2063	1126084.96
20633	1410138.6
20639	135320.52
20643	1797372.99
20644	5319504.0
20648	1046947.44
20653	3227998.76
20682	3169139.3699999996
2073	8020009.64
20740	1741751.2900000003
20751	232966.8
20755	85317.54
20786	5298717.600000001
20801	1528114.5999999999
20805	1807703.4000000001
20814	8176953.54
20818	6057776.28
2082	198024.05000000002
20823	446303.88
20826	873480.4
20840	4799350.250000001
20852	4656484.83
20853	740430.6
2086	13063.699999999999
20860	3453013.76
20865	2036272.5799999998
20884	2678841.92
20886	2838961.44
20888	3936226.26
20895	2873598.4
20909	2789865
20913	2314734.7199999997
20929	6534971.17
20931	1828408.9200000002
20932	3100825.46
20936	6872483.79
20938	2674076.33
20940	3388896.81
20941	1412576.08
20948	3373549.4699999997
2095	4678439.92
20957	4973234.720000001
20958	3442596.7199999997
20963	3105384.95
20964	2654085.15
20968	6366719.460000001
20970	102438.6
20994	1043687.5399999999
20995	1287702.48
20998	4343802.8
21013	2156114.94
21029	6937467.9
21030	7705592.5
21031	2232667.8
21034	449183.7
21036	1550783.12
21038	2067033.18
2105	237686.4
21058	3460914.54
21093	10217531.3
211	2174808.96
21107	4978267.199999999
21108	1059794.54
21111	2490854.4000000004
21113	6404764.97
21117	4839505.6
21127	540206.6
21130	4523094.159999999
21136	15356.59
21137	1307352.75
21143	5891166.16
21152	1170423.73
2116	4486944.65
21168	374240.53
2117	4153224.16
21184	1630317.3
21188	2721414.3600000003
21190	114874.37000000001
21199	17722.4
212	5074259.22
21202	809608.49
21213	752467.8699999999
21218	2009996.3
21219	1809550.7999999998
21222	279486.37
21225	2296960.0
21229	22887.0
21237	1223628.48
21239	4667632.8
21245	866207.7
21250	3768932.5
21264	215608.32
21271	62465.76
21275	3519133.7500000005
21277	651571.98
21280	4682338.53
21285	1712437.2000000002
21286	576605.5800000001
21295	3519124.5
21296	2019327.54
21301	32984.39
21302	3027413.2600000002
21304	2988674.04
21312	1032182.28
21316	393888.0
21317	2083718.4500000002
2132	1544151.06
21322	839243.79
21323	3494943.7199999997
21324	144647.19999999998
21326	1515688.64
21332	483690.22
21335	2036434.3199999998
21338	1383468.38
21339	689535.08
21346	6384590.01
21349	841167.6200000001
2135	2190570.8
21360	2235477.84
21363	1644150.1199999999
21368	5595168.800000001
21372	4261727.79
21387	3688564.74
21393	2755116.0
21396	8296272.27
21399	1326061.8800000001
21426	3312255.56
21427	6712099.640000001
21431	2217967.85
21434	2351194.68
21435	2208288.48
2144	4356373.14
21460	84177.03
21465	1799213.7000000002
21485	5441792.85
21489	2886247.6
21492	85105.37000000001
21493	2821730.2800000003
21502	376949.76
21518	4342530.4
21527	7661514.149999999
21529	457367.22
21533	12437821.32
21551	2365387.18
21552	1117927.6500000001
21558	3627039.68
21559	2872887.55
21561	2096514.0
21562	3448812.45
21570	5845533.4
2158	7103147.75
21584	3776346.0
21590	2220157.45
21598	1311786.04
2160	116245.66
21620	1510576.83
21628	684396.0599999999
21632	555677.01
21649	3473455.02
21657	6641259.24
21663	2169483.38
21665	162117.69
21669	796685.4
21671	4500715.2
21674	1965789.2799999998
21682	5527348.380000001
21689	42242.85
21690	2827696.2
21697	3536896.1799999997
21708	5802453.66
21718	3573408.12
21719	268099.16
21722	612767.2
21727	4275813.85
21730	6337946.97
21736	743102.29
21739	260465.1
21742	666397.2999999999
21751	5752643.2
21752	3701809.02
21766	768154.86
21767	661550.26
21771	4081722.7199999997
21772	107593.16
21780	5362683.84
21782	2119350.0
21786	2712506.45
21789	2206833.75
2180	6775657.0200000005
21800	5089371.09
21804	4481013.44
21817	2189945.3
21820	2665813.92
21831	3358090.4
21839	612802.4
2184	2296245.76
21849	2450794.06
21855	2630270.2399999998
21867	1650165.6500000001
21869	391464.62
21873	16740.0
21901	3564040.44
21903	4198142.5200000005
21913	673463.1000000001
21915	718444.5599999999
21917	7668477.9
21918	6067806.6
21921	679533.57
21926	179736.5
2193	3746487.3599999994
21939	1001449.6799999999
21942	1378362.96
21951	2846675.6999999997
21952	8798624.19
21966	1051581.96
21971	9908982.030000001
21997	1110695.04
22000	248817.14
22005	1968413.6400000001
22006	535673.04
22008	108589.92
22023	6846486.47
22026	1218569.4000000001
22043	1622552.4
22045	3361858.29
22046	652547.52
22052	1474775.2799999998
2206	666906.6
22061	2017561.6
22073	39252.560000000005
22080	283157.94
22082	3571128.68
22091	8420687.88
22103	7625723.49
22114	169515.84
22117	2302585.95
22128	5899916.760000001
22129	1055282.78
22138	3075143.83
22158	7730075.4
22160	1956317.58
22178	4425400.0200000005
22180	3114657.42
22187	1108325.75
22193	6470035.600000001
222	13937777.74
22200	545267.52
22219	3970124.6399999997
22226	2882466.3
22229	2427047.1
2223	5332825.08
22231	1708878.4000000001
22235	403044.14
22236	2666353.95
22239	304651.37
22241	4471861.96
22245	831345.9
22251	3374278.0500000003
22255	1907123.2
22265	4196882.42
22266	2328743.5500000003
22276	2328275.1
22278	1874180.57
2228	2816239.14
22282	2550901.4
22285	1219639.2
22287	5576666.05
22292	7329425.52
22296	4759036.59
22299	2305851.24
22300	1075436.67
22301	3021530.85
22306	2452285.92
2231	10270415.55
2232	605327.65
22323	4339420.12
22327	2308821.6999999997
22345	623655.37
22347	1704909.1500000001
22350	4013131.95
22358	1619385.92
22359	852555.7799999999
22379	1788123.59
22384	116189.64
22387	203978.68000000002
22394	1443261.73
224	1863852.24
2240	4605488.94
22406	6535022.88
22409	15308.160000000002
2241	3673777.33
22414	2456710.7199999997
22427	885203.88
2243	1889800.08
22446	371229.36
22449	948298.6
22463	2543442.44
2247	6436859.39
22474	2641897.94
22478	645181.74
22483	269205.48
22488	2145080.4
22500	458733.46
2251	2593599.88
22524	3981393.02
22526	3038021.52
22530	2432657.65
22537	2869619.88
22541	160007.27000000002
22546	4670763.819999999
22570	1375116.4000000001
22578	250090.85
22594	2798635.65
22600	4429287.2
22605	4157257.5
22608	4727241.92
2261	584354.18
22613	768488.7
22620	945855.09
22626	132594.16
22628	6349020.59
22631	2852787.42
22634	8316531.24
22640	4691886.15
22641	3373565.25
22651	2041038.88
22652	3256634.32
22656	6483227.3
2266	5328292.390000001
22660	1205210.0699999998
22662	7267967.5
22668	2778190.24
2267	7925649.37
22671	1438077.8
22673	1883268.35
22675	437043.56999999995
22678	627403.8
22682	1487061.66
22688	1566283.1
22705	7521894.58
22712	1092231.5
22718	3391542.95
22720	1569265.82
22724	256139.52000000002
22725	3035897.04
22736	6434023.199999999
22739	2715854.67
22741	360625.98
22747	3093970.77
22751	21413.56
22753	999936.0
2276	3902481.45
22765	2328845.86
22769	2513008.8800000004
22779	436881.39
22796	2318350.74
22804	6807721.38
22814	4395100.199999999
22819	13666434.280000001
22821	592926.4
22822	2394145.39
22823	52003.6
22825	529160.6399999999
22834	1486024.38
2284	2789069.89
22843	4916005.680000001
22862	979701.91
22865	566023.6799999999
22877	197704.43
22880	699790.5900000001
22883	2636080.1100000003
22892	1057728.9
22897	264850.04
22902	499112.79000000004
22905	719517.32
2291	3418470.02
22919	359361.24
2292	1398013.1199999999
22922	17838.48
22930	1381096.83
22932	3515386.05
22933	3451714.5599999996
22936	2904959.2
22939	430051.72
22957	7139997.08
2296	1288048.23
22970	3009063.75
22973	4155437.8799999994
22976	2498032.8
22984	5109408.92
22988	2559352.4000000004
2299	1378072.28
22995	358870.19999999995
2300	179621.44
23020	7246231.83
23026	196500.0
2304	2678186.04
23041	207650.87
23047	153585.42
2305	4117287.5999999996
23056	1272960.0
2306	7393232
23080	1849634.42
23091	7756952.36
23096	2061828.02
231	4387397.3
23107	327890.88
23110	1716540.98
23112	1172209.0
23113	3705302.25
23114	3538909.1700000004
23115	1989215.7000000002
23116	1355107.25
23121	1097906.8499999999
23122	641534.63
23130	2206464.3
23135	3237633.56
23138	2792328
23141	2894274.75
23142	2037406.48
23145	1546258.18
23147	2406644.05
23184	6032535.2299999995
2323	468711.36
23234	5176704.51
23242	1990065.0
23249	1701101.6400000001
23253	595417.04
23288	1341543.84
2329	2034113.08
23303	1577294.37
23307	9966577.5
23308	8063463.180000001
23320	3240538.1999999997
23325	1638689.58
23328	20510.49
23334	5524074.64
23342	654286.08
23354	4252662.49
23355	5227165.8
23367	4207238.2
23378	4798701.76
23388	4863971.42
23389	395476.54
23390	3337675.32
23411	490475.8
23415	4225532.76
23426	2681523.86
23431	7240387.68
23433	339751.64
23438	474121.45
23440	6340724.76
23442	3517859.28
23443	4112804.2199999997
23450	5277320.98
23452	3435167.12
23457	1259924.4000000001
23458	3457915.25
23459	1447924.26
23466	1695930.79
23470	1232003.31
23472	634908.78
23489	76329.6
23496	3433464.21
23500	1363019.34
2351	1267352.24
23515	3632688.08
23528	609469.7999999999
2353	284228.10000000003
23531	231690.24
23532	4866297.0
23533	613480.74
23538	7909752.0600000005
23540	2041311.03
2356	4661346.6899999995
23560	1666404.86
23587	1245506.3599999999
23588	8867769.9
23595	5713251.7
236	3666287.8800000004
23601	1461187.25
23602	3566025.8000000003
23611	981145.45
23613	2620309.92
23615	5995069.2
2362	4922119.51
23629	2077512.0
2363	3373912.02
23632	562663.73
23638	5435015.0
23639	3623207.6
23645	908168.7
23646	1937848.4400000002
23670	4456650.24
23682	5966016.7
23686	3055417.32
23692	110277.2
23701	3215233.8400000003
23704	1262010.75
23715	840249.5
23719	3928487.1599999997
23720	1627047.69
23721	4204770.24
23724	400731.63
23731	2728101.63
23739	1423138.4100000001
23741	4091866.66
23747	5511738.27
23752	3908927.02
23765	883859.7
23766	7424823.640000001
23769	9008157.6
23779	2741375.8200000003
23782	1585709.85
23788	417908.48000000004
23789	1034082.0599999999
2379	6969730.05
23798	2259947.25
23803	1542476.52
23804	83795.66
23806	61819.2
23814	1466967.1199999999
23816	613646.95
23818	1841052.2499999998
23819	6195722.16
23820	2262582.54
23825	834341.2
23826	4605754.87
23837	1016096.0
23840	1327170.75
23841	157371.5
23848	1572613.32
23851	49093.630000000005
2386	1009357.8300000001
23862	997990.95
23865	1920570.8399999999
23866	1330198.81
2387	1062997.32
23870	1527001.5
23889	3035970.54
23893	68030.5
23895	3285218.25
23898	3530062.0799999996
23921	360502.76999999996
23928	2214851.36
23929	2065183.83
23933	593484.96
23936	3545433.6
2396	114097.2
23962	1286665.88
23967	255508.76
23987	2129367.5700000003
23991	544536.36
23994	56658.16
24	1138442.4
24004	2804181.56
24020	1885501.44
24029	1407944.97
24031	289994.33999999997
24035	6429313.9
24052	546164.57
24053	508834.44
24054	476023.74
24056	2298584.35
2406	2499586.42
24061	2327585.52
24063	938280.2000000001
24072	6168556.95
24086	232349.03999999998
24092	2086951.68
241	2257685.4299999997
24114	5255611.44
24122	959279.4
2413	81198.74
24134	931810.0000000001
24151	6370903.37
24157	319550.07
24165	3119721.1500000004
24167	670985.28
24171	6561988.3
24176	2814681.6599999997
2418	727670.91
24184	5455031.100000001
24191	502491.77999999997
24192	343260.27999999997
24199	5365606.75
24210	3841557.91
24212	376565.28
24220	352731.64
24221	1544191.27
24224	8020463.52
24233	1423793.52
24238	1523965.64
24244	914681.0
24253	297463.25
24254	3954029.7600000002
24268	898831.48
24269	2402076.27
24273	3057751.2600000002
24274	3150758.76
24282	4416413.1
24284	1195231.04
24288	1142758.53
24291	1355032.59
24302	2158356.61
24306	1834064.43
24311	3127376.94
24322	1811287.3800000001
2433	438548.12
24333	1237313.0699999998
24341	4839263.5200000005
24351	63444.00000000001
24357	785580.84
24369	80976.25
24371	3091521.43
24375	449669.41000000003
24397	5185467.600000001
24403	65679.39
24407	3884925.1999999997
24415	2168473.5599999996
24417	2458008.0
24419	7163728.66
24420	3583314.46
24423	760068.8600000001
24441	2894818.62
24444	538959.85
24453	4881658.18
24454	128168.0
24460	186815.2
24465	963221.0
24473	49378.020000000004
2448	6999419.46
2449	877329.57
24494	5528793.8
24499	4808065.0200000005
245	2319450.9
24502	3036810.5
24507	270192.0
24508	8867616.0
24525	772639.1799999999
24528	593336.4
24545	572399.36
24546	5702543.920000001
24547	3181469.0
24548	4049850.4200000004
24563	8067500.399999999
24567	112919.82
24576	8895034.75
24582	86429.04000000001
24593	992351.7600000001
24605	298501.06
24611	617435.75
24616	240356.93000000002
24630	3080298.0
24631	2505267.6
24640	1699575.42
24652	53127.799999999996
24654	6921345.140000001
24674	3509879.5
24680	1304965.2
24687	441380.58
24689	4767703.5
2469	4638125.489999999
24721	5679290.449999999
24725	765546.08
24728	4340955.1899999995
24731	1515412.0799999998
24737	904580.37
24738	1073667.7100000002
2474	886043.04
24741	1407271.32
24743	5875260.720000001
24745	6690479.5
24747	4455571.89
24757	6842219.84
24760	519754.82
24767	800448.0
24770	5366606.4
24780	5099061.1
24784	1146747.27
24786	1229597.25
24787	236008.88999999998
24789	2931522.73
24793	529490.96
24794	1926847
24798	5160446.72
2480	2202232.72
24800	992654.4800000001
24802	447363.56
24803	6672450.54
24817	858237.9
24829	56667.6
24847	1069503.31
24849	296486.62
24852	1111721.8
24860	740652.66
24861	681027.7999999999
24873	753480
2488	2141115.7
24881	728720.88
24886	5778774.0
2489	2631030.1599999997
24896	3630763.29
24900	3241922.9
24911	4729743.12
24916	935388.1
24929	1029184.6799999999
24943	1891991.88
24948	4734582.9
24965	3478579.65
24968	677210.06
24980	3579349.02
24982	922104.99
24985	1751453.73
24994	372091.19999999995
2500	4712023.8
25018	63557.06
25024	174383.59
25028	1267550.24
25039	2462059.44
25043	6825889.5
25048	4020733.4099999997
25072	620837.28
25080	2558202.1399999997
25096	874851.12
25102	1207709.37
25107	2172298.0300000003
25114	3424700.69
25115	7580433.15
25128	3493177.0
25130	2591534.08
25133	61804.08
25136	2667032.1
25142	4356102.0
25143	8786324.8
25153	3727742.3
25154	1390853.14
25158	528503.76
25162	1507407.24
25164	4246411.68
25165	2438718.96
25170	4609443.84
25175	313230.12
25176	1310331.33
25177	645855.2000000001
25180	1264566.5999999999
25190	1285840.5
25206	2451872.44
25207	539595.56
25218	5914352.43
25220	1107345.98
25222	163472.4
25227	3957644.88
25230	5272667.2
2524	1639815.1
25241	4009064.8499999996
25243	2765489.4
25249	4947021.46
25253	322898.4
25255	218624.9
25267	330517.75999999995
25271	4416051.06
25273	1540381.5
25298	1387289.0
253	357995.52
2530	761129.6799999999
25306	28218
25308	687091.2
25313	4967843.52
25316	380212.33
2532	2127356.8400000003
25321	2163607.27
25323	216267.47999999998
25325	336355.32
25327	467018.16
25336	64815.82
25345	362014.82999999996
25359	4989753.8
25364	216982.8
25379	113940.0
25382	1507517.91
25385	1688989.4000000001
25386	3134702.5800000005
25399	1590116.0
25404	764245.8999999999
25407	2174913.85
25421	3940293.84
25424	2303421.08
2543	1196034.32
25430	188186.21999999997
25432	94483.96
25433	2165294.82
25434	177041.56
25435	33587.2
2545	5558629.600000001
25459	6961992.84
25472	698078.7
25475	5413296.72
25478	2426327.16
25482	582934.47
25486	6904518.94
25489	5052860.0
25514	7222021.15
2552	1549564.76
25528	2943424.88
25543	3119350.27
25549	1821554.4000000001
25558	4866425.7299999995
25582	6579763.95
25585	5662336.2
25588	587147.68
25593	6682950.779999999
25598	5181678.0
25601	5560262.9799999995
25606	3032369.46
25608	2472050.24
25612	492783.38
25615	888449.58
25617	2777941.94
25618	2475295.2
25624	4443789.43
25629	1803143.46
25635	3913054.5599999996
25639	959450.52
25640	65891.52
25644	1633667.2
25649	561360.72
25686	4252408.2
257	5240937.97
25736	2627711.1599999997
25751	6783152.04
25755	1543651.2
2576	800464.0
25782	2573209.3
25805	1921717.7599999998
25809	4975918.55
25810	9198878.5
25822	7176543.4399999995
25827	3893091.6
25836	1158033.9000000001
2584	4155182.88
25848	5539326.87
25856	3252436.15
25857	732606.5599999999
25861	312305.7
25880	1717472.7999999998
25882	1790351.19
25891	7890511.2
25892	3933593.79
25905	6194492.149999999
25909	108982.31999999999
25928	2951135.05
25932	2103079.86
25933	417842.0
25942	31852.8
25944	3457166.4000000004
25952	1623366.36
25954	2679828.48
25959	3123325.8
2596	751802.24
25960	1930425.29
25961	6206563.4399999995
25964	5986699.0
25972	4735536.78
25974	1123714.8
25990	1548743.9000000001
25991	1038673.99
26002	4261479.569999999
26017	73330.08
26027	783520.2000000001
26030	1684974.72
26033	6520763.51
26034	705530.42
2604	2303439.2600000002
26040	1229161.6800000002
26042	4547093.0200000005
26062	3410022.8000000003
2608	2709117.06
26089	5520395.03
2609	3099699.9000000004
26090	2688805.2399999998
26097	2918871.2
26103	2811918.7
26104	1911637.5
26109	4396514.5
26113	1637991.24
26115	4227779.99
26117	2118446.72
26131	2060105.4000000001
26134	188694.30000000002
26140	4534514.89
26141	3225128.4
26147	368504.15
26148	5051480.640000001
26164	304781.16
26180	1307100.76
26184	244112.96
2619	2061793.26
26194	7034242.96
2620	2477881.34
26203	637074.32
26206	1842250.3199999998
26209	1207866.4100000001
26221	400237.1
26222	388737.81
26223	3241961.1
26226	5846841
26233	630259.3400000001
26241	1465436.18
26243	3403963.9899999998
26246	4590341.56
26267	4822832.0
26268	4417234.4399999995
26271	1232833.56
2628	1788661.7
26281	4974353.08
26284	3804783.29
26290	3550368.5
26291	7125529.600000001
26292	1546661.0
26300	4949128.86
26305	4050599.1999999997
26306	387571.38
26316	2921203.04
26318	201082.95
26320	4433425.92
26321	2647931.58
26322	5486575.35
26327	1468191.5299999998
26328	2588374.01
26339	620034.25
2634	1122563.04
26342	1732300.72
26345	1637108.2000000002
2635	258043.49999999997
26350	3327065.2800000003
26356	7861468.16
26359	1387114.74
2636	2967029.23
26368	7869134.1
26372	4578034.09
26391	8741399.64
26392	362754.85000000003
26395	3480736.8600000003
26397	5202852.0600000005
26430	9203710.51
26431	3195150.84
26435	200637.36000000002
26438	244232.71
2644	946483.2000000001
26456	1138244.2
26469	3993992.73
2647	1132941.12
26488	3871615.5
26489	13377256.38
26493	1325861.04
26506	2557661.94
26514	216948.91999999998
26529	373999.39999999997
26531	2505298.32
26533	1799036.12
26537	2248583.03
2654	1132930.0
26547	5484597.16
26554	1879262.1
26555	2225512.2600000002
26556	3013793.9
26557	2201482.5
26558	1768062.7799999998
2657	1561319.36
26574	2047069.05
26588	58180.799999999996
26594	2259301.5700000003
2660	460226.55000000005
26616	235848.36000000002
26624	7961772.3100000005
26628	795541.12
2664	1310048.8
26653	447842.84
26659	2700803.7
2666	6221040.15
26667	789783.5399999999
26669	85647.7
26673	4355704.03
26678	7221084.21
26685	115678.50000000001
26693	525937.71
26694	270125.08
26704	424658.16
2671	1272036.26
26712	160701
26714	6502306.840000001
2672	20297.68
26723	2335928.3
26726	1390537.47
26735	151425.24
26740	3392032.0
26746	2063688.5599999998
26748	6933664.44
26755	1637381.52
26768	152299.74
26770	2015046.3299999998
26771	1175354.29
26775	4855485.58
26784	7116687.380000001
26786	1460278.76
2679	1563306.48
26790	42462.060000000005
26793	552865.5
26804	2678449.68
26808	3596676.28
2681	7177646.88
26813	3009207.85
26816	6398307.0
2682	10312966.1
26835	4568035.5
26843	650365.44
26851	1060347.6
26853	1522636.38
26871	3582958.0
26873	6377301.0
26877	614286.7
26897	4408122.36
26899	3878594.7199999997
2690	3498788.8200000003
26909	4468906.47
26913	1223654.6
26914	2867002.8800000004
26919	4025208.95
26922	6882054.76
26925	5022408.75
26938	3079995.1300000004
26943	1442085.4500000002
26955	16431.8
26956	2786284.44
26962	3131735.8499999996
26967	1883331.2399999998
26993	46061.25
26996	2318078.2800000003
27001	301466.39999999997
27004	1358665.2
27010	960530.2200000001
27022	6440543.840000001
27027	157049.75
27039	823471.95
27048	402228.44999999995
27049	3439421.93
27050	910716.51
27057	3878079.89
27069	4633902.0
27078	1574059.1400000001
27084	635406.22
27095	26079.760000000002
27099	4537600.319999999
271	1585413.03
2711	4884342.32
27110	298673.77
27113	6026081.760000001
2712	7027521.69
27132	1066464.0999999999
27133	4089837.15
27142	1849007.2999999998
27154	1771391.1600000001
27156	180858.25
27176	1797921.0
27182	785336.58
27189	1511760.24
27191	3386350.92
27204	2036164.8
2722	6997648.34
27222	370986.75
27223	3367565.5999999996
27225	7026083.64
27227	838822.89
27230	905197.4400000001
27239	2567195.5
2724	428939.52
27240	3560765.1300000004
27241	293287.61
27243	227478.43999999997
27245	2247281.6
27247	5290278.51
27259	3560030.19
27261	113226.12
27262	1114717.8399999999
27272	897666.0
27278	984844.0
27282	2495532.9899999998
27288	974876.76
27289	668583.2999999999
27291	1361569.36
27295	5265136.8
27296	2793132.0500000003
27300	6911847.24
27302	634718.56
27304	3480413.56
27305	253589.49000000002
2731	1618160.6500000001
27319	450226.7
27323	3256173.6999999997
27349	1755099.7199999997
27351	3227547.46
27354	1198869.1199999999
2736	99925.14
27362	2009548.97
27363	6180929.16
27375	3084843.78
27380	6921744.65
27383	1533652.22
27390	8062823.25
27402	1901218.8
2741	1688196.73
27413	970650.9
27418	868277.74
27431	1457195.4100000001
27442	1363932.0
27445	4229612.2299999995
2745	439327.48
27467	1717178.75
27470	871714.26
27474	986050.5
27484	6393912.850000001
27487	1030077.4400000001
27496	30283.82
27520	5791397.5
27526	583606.0800000001
2753	4637690.42
27530	3923130.0000000005
27541	2731417.8400000003
27545	315899.64
27550	5867948.6
2757	5836281.0200000005
27574	7327678.249999999
27582	757678.96
27590	6777544.33
27604	7321693.99
27609	4317821.49
27616	3784954.47
27617	1519492.7
27622	5612445.13
27630	71735.04000000001
27632	637666.7999999999
27635	2253440
27644	3882390.8
27645	292558.89999999997
27648	753739.52
27655	2172393.96
27664	6174929.64
27666	1253189.74
27667	6359479.56
27672	2138991.8
27677	1765942.66
27678	2378441.1
27679	86470.79999999999
27682	5326955.5
27684	450596.52
27708	1060502.84
27709	1623234.03
2771	1851326.95
27716	517766.58
27720	408556.89
27722	3171373.0000000005
27729	24326.19
27732	8136724.96
27735	4860825.71
27745	1551777.2000000002
27751	505158.3
27755	3673477.8899999997
27757	5330480.04
27765	127606.05
27769	9232511.64
27775	66825.08
2779	349967.2
27792	706667.95
27800	5334254.1
27810	656511.5
27815	172377.66
27818	4256384.75
27823	996435.9
27825	3512699.4
27827	528483.72
27829	1997226.2
27838	6624234.18
27847	472233.8
27861	1145700
27866	2748869.0900000003
27881	949602.16
27884	1725676.5
27887	673988.5800000001
27888	4345260.08
279	3365956.16
27901	7892952.0
27906	4976178.899999999
27909	4626091.92
27915	2227221.72
27918	8233957.88
27926	788616.75
27932	253503.75999999998
27934	1469662.26
27935	150471.61000000002
27936	3712429.52
27937	4025359.8
27961	3132511.42
27969	4150586.9
27974	1656322.8
2798	3513641.04
27980	1324554.07
27984	103640.43999999999
27988	1638175.8399999999
27991	1349487.5999999999
28016	1333462.4
28030	1642488.33
28037	1529666.16
2804	3964656.8
28051	2936161.8
2806	986672.38
28060	2673858.33
28082	6573434.49
28084	1106620.38
28087	8169876.3
28095	3737712.42
28100	5682037.2
28103	5088177.27
28108	695580.48
28109	512500.01
28110	1381264.9
28111	5196407.72
28114	7946945.720000001
28117	1789795.12
28120	51901.71
28126	4606172.82
28131	3136285.36
28137	3593318.4
2814	211548.96
28141	4044079.76
28142	5001106.260000001
28146	4328140.8
28151	77170.06
28180	6940224.28
28188	2555820.7800000003
2819	1447366.4
2822	5095185.92
28238	2212209.73
28249	5771739.5200000005
2825	1046712.42
28253	143906.40000000002
2827	2241588.94
28284	6353558.58
2829	284309.74
28303	32529.64
28307	47488.1
28311	1729627.35
28312	7019674.72
28324	4839613.92
28329	3084651.36
28338	6763222.720000001
28350	1167562.2
28351	5838685.62
28358	8472515.5
28363	2022741.9000000001
2838	2084168.64
28382	2474890.5100000002
28384	4029025.75
28393	389512.58
28394	393946.25
28407	5465207.199999999
28411	5272212.399999999
28430	90744.5
28434	6334124.050000001
28435	56552.32
28436	3832010.0
28437	1662654.0
28438	3733246.23
28439	62054.920000000006
28456	3442336.44
28461	1844226.98
28462	6582340.46
28463	5298573.8
28466	6086627.359999999
28468	5312893.71
2849	972184.25
28492	1785969.3599999999
28493	6658820.9
28504	9201669.2
28519	1260799.2
28527	1233449.5
28529	3637195.6500000004
28532	3537435.1199999996
28534	812045.6799999999
28536	6680801.96
28544	106261.82
28564	2220128.12
28584	651325.77
28591	3020800.54
28599	2704845.38
28605	1266950.4300000002
28606	1194580.28
28609	6404198.66
28611	1586311.3800000001
28615	266375.02
28619	53276.75
28633	2107191.6
28636	1913412.6
28641	5576973.4799999995
28642	5655810.8100000005
28643	2842776
2865	5441577.399999999
28650	3606112.1100000003
28666	5035050.0
2868	116039.43000000001
28682	7976959.999999999
28686	1548173.25
28696	2442728.58
28705	8771576.64
28708	2462557.44
28711	1304955.2
28716	2067164.4
28717	2122044.6
28720	6891651.03
28723	747939.12
28727	2573852.36
28735	1231201.38
28737	2202381.8400000003
28743	553720.2000000001
28748	372530.19
28762	297960.35
28769	1824963.8399999999
28773	521265.0
28775	2288742.4
28783	3767667.3
28786	1262995.36
28792	3317828.58
28793	3658610.5
28794	6363369.9
28802	1050223.5
28807	1176314.9400000002
28808	2428192.8
28810	6876661.76
28820	1014357.82
28822	3680287.06
28823	2072483.28
28824	113098.70000000001
28829	479565.94
2883	5889357.68
28830	3057900.52
28837	2232671.1999999997
28841	415251.46
28844	6972889.989999999
28847	1880231.04
28858	2013498.76
2886	2326021.0500000003
28861	64891.71
28866	2491075.34
28870	307236.44
28885	1948236.9900000002
2889	1835184.1400000001
28891	8181051.54
28894	527738.68
28897	1139097.84
2892	445042.18
28925	446375.54
28932	7565100.32
28933	3401785.55
28937	796674.34
28958	290219.25
28963	70578.64
28983	3360333.1999999997
28987	585550.0
28990	4472232.48
28991	692913.0
29008	3127833.0
29016	2813871.8400000003
2903	8509960.35
29031	1217191.8
29033	5627662.95
29035	1822194.5699999998
29039	2469836.58
29049	746204.76
29056	2785003.71
29057	327784.48
29058	1002392.5399999999
29059	46727.46
29060	978124.5499999999
29068	9256583.88
2908	219166.74000000002
29082	84643.83
29088	3245640.8600000003
2909	1320652.08
29096	278188.02
29118	1342519.11
29126	829462.61
29130	6982598.35
29155	8610163.639999999
29161	4781644.8
29163	1980184.36
29167	6226699.66
29169	2916320.76
29180	7805806.879999999
29187	167302.72
29188	7137126.15
29195	472322.58
29206	5723828.5600000005
2921	7155200.29
29216	2853314.87
29217	644376.67
29220	1322787.96
29225	114081.0
29228	982396.33
29237	2336133.8699999996
2924	620183.52
29240	2388055.6799999997
29242	859555.84
29250	4197774.16
29257	4342379.03
29264	5671025.76
29265	99088.42
29269	1750533.5399999998
29270	3301834.1399999997
29280	1363396.2999999998
29284	871798.85
29286	1990179.3599999999
29287	657053.76
2930	112070.4
29306	4301108.72
29310	5813363.88
29315	4303409.600000001
29318	71302.4
29337	6441525.96
29353	12831.25
29355	4887568.0
2936	4525415.34
29367	788759.64
2937	4934181.9
29371	2176898.64
29373	2703497.42
2939	328585.92
29399	4286593.0
29401	1841320.32
29411	3982949.3600000003
29415	1899267.24
29416	6526768.4
29419	1379756.44
29421	1394639.1
29424	83887.54
29437	1278156.6
29440	870790.62
29449	1955286.2999999998
29458	2653288.04
29464	5500602.8
29469	7437820.359999999
29495	1396480.7999999998
29498	2992327.7800000003
29503	728865.48
29506	1976816.64
29512	6092115.12
29524	2907712.5
29541	5896859.43
29543	314498.10000000003
29550	1773062.85
29552	543890.7
29559	6344615.52
29580	1398517.12
29586	150847.2
29589	3015915.94
29601	7158761.17
2961	377077.12
29612	1217696.13
29615	3455693.13
29626	497845.19
29635	1370262.0
29644	5051282.699999999
29656	3067714.3000000003
29658	1401098.26
29678	1402425.3
29684	908138.4700000001
29691	1540862.4
29693	3949496.1
29706	922574.2799999999
29717	214222.74
29724	1540621.92
29727	277217.5
29729	1784699.0
29732	460955.88
29734	2805069.75
29737	1863235.7499999998
29741	750550.92
29743	1966005.1199999999
29747	603180.5
29749	1391884.0
2975	758349.76
2976	2121334.3400000003
29761	845607.32
29763	7960605.03
29764	1414507.32
29774	5950677.45
29780	2414252.9699999997
29784	847984.8
29785	5897351.81
29790	12723300.33
29791	3384231.3
29794	727809.27
29797	3773764.7199999997
29798	228779.4
29799	1063842.49
298	2026981.74
2980	3792840.3
29804	4003938.4
29821	662177.9
29825	1531157.76
29851	4749995.25
29853	1128350.56
29856	10216932.540000001
29857	11832.630000000001
29877	487943.77999999997
2988	1440582.4
29882	2267548.4
29885	985091.52
29892	3269998.62
29904	4280832.0
29907	1914661.21
29912	1054560.0
29933	543793.74
29944	1091450.34
29947	94029.59999999999
2995	243620.88
29969	312720.52999999997
29972	7872294.3
29976	37218.48
29986	435432.03
29989	3008203.17
29998	3574816.86
30	397644.1
30021	4930368.03
30027	912578.38
30032	1485418.0
30036	6048606.0600000005
30043	3829943.6999999997
30052	5603079.51
30076	310346.19
30084	996494.07
30090	1398104.76
30095	2871376.08
30100	1878818.88
30105	2741240.46
30117	1871655.24
30119	437071.80000000005
30122	3387810.66
30126	8291920.32
30130	328628.88
30134	2759219.1
30135	471974.0
30147	278197.5
30148	1549173.51
30151	108654.20000000001
30155	7319527.600000001
30157	4678750.24
30163	5466207.16
30168	343471.44
30173	1661524.96
30179	6256329.61
30181	577702.5299999999
30184	7535482.92
3020	393795.71
30209	240834.25
30211	1338472.72
30213	960448.35
30216	926955.75
30221	2746227.96
30231	1250748.04
30233	2576788.7600000002
30235	8741611.0
30236	20412.43
30248	2176805.25
30253	605248.56
30257	2587100.24
30265	184987.48
30271	1570904.33
30276	3674283.6
30292	2539063.0500000003
30300	4581639.760000001
30301	1972764.64
30311	1044303.96
30316	696502.24
30318	5241746.44
30319	9073233.1
3032	3449575.4000000004
30320	4558248.52
30325	5770293.28
30327	6269405.88
30329	859563.0399999999
30349	1805395.6800000002
30362	4350904.180000001
30368	4396483.0
30383	97863.17
30386	3181710.17
30389	8675826.6
304	535868.1599999999
30400	6324183.63
30403	5056000.74
30408	193409.19
30415	7689562.65
30418	2404730.75
30427	7635235.82
30428	796736.25
3043	31224.570000000003
30433	3909956.0700000003
30436	802537.3400000001
30452	31325.399999999998
30469	2505516.42
30471	4005469.23
30476	944249.44
30479	1434024.9000000001
30485	1374175
30492	1023728.1599999999
30517	623070.0
3053	1241074.5699999998
30532	6935490.5600000005
30537	7232645.2
30553	3449861.8000000003
30562	5344725.69
30582	80265.08
30586	4612896.5600000005
30588	2364558.8000000003
30591	4942473.13
30597	1587998.72
306	2816487.5
30604	1960953.94
30605	5493282.600000001
30609	8860214.73
30611	4112172.0000000005
30616	2162050.66
30618	447315.50000000006
3062	795988.45
30622	1259700.26
30627	75472.98000000001
30628	2240568.75
30632	223545.96
30638	4716210.87
30642	2734062.48
30644	408774.6
30648	1919308.16
30653	899460.2899999999
30679	5781492.75
30680	4016866.2800000003
30739	3447976.1399999997
30740	441972.3
30749	3239212.7199999997
30755	9146196.84
30785	46777.56
30798	2651592
30802	8003710.88
30803	450073.94
30814	800635.52
30815	3282491.87
30820	1762829.42
30825	4234332.800000001
30839	1763788
30840	806531.34
30851	1282994.81
3086	4900011.84
30860	473712.68
30864	166004.53999999998
3088	378678.39999999997
30884	6353574.74
30885	11369674.79
30895	3175725.0
30908	5832734.85
3091	5475496.819999999
30912	193692.2
30926	975787.24
30928	750317.01
30932	1893090.84
30935	2482536.96
30936	1769744.2000000002
30938	987069.6
30939	1219460.0
30946	991931.98
30954	861032.9
30958	1033049.16
30963	5596029.48
30964	4202952.91
30966	6339176.72
30967	996232.12
30968	324754.5
3097	886393.09
30993	22659.879999999997
30995	6557660.84
3100	3632161.6100000003
31010	592819.0
31027	2138017.63
31030	489495.72000000003
31034	13498025.25
31035	1483618.16
31055	1018180.2
3107	2415684.1799999997
31084	368300.60000000003
31090	111433.31999999999
31092	5803901.95
31093	578208.2200000001
31107	3645584.0999999996
31108	7414268.48
31109	421815.96
31110	5751283.2
31112	873587.2000000001
31117	1046326.09
3112	2510389.5799999996
31124	254859.53999999998
31127	1407112.27
31133	4390566.83
31134	7938318.3
3114	4680679.9
31141	1782753.28
3115	5631352.32
31152	552426.16
3116	3540536.6999999997
31167	5525667.42
3117	7181177.85
31183	2256406.0
31187	1128105.44
31188	3843571.17
31196	2041965.38
31199	627144.25
3121	1658037.4000000001
31212	528618.75
31216	1553698.7999999998
31217	48968.64
3122	4429316.78
31220	186085.76
31225	1202409.5999999999
31227	318655.12
31236	4122950.1
31237	4981196.48
31244	195207.37
31249	4866044.300000001
31262	2792099.72
31271	1875622.26
31275	1490526.0
31277	8083580.760000001
3128	1957938.84
31283	4701358.5600000005
31285	407127.56
31295	4573534.67
31298	3396830.52
31299	1378063.35
3130	3745160.85
31303	1461918.08
31310	899058.16
31313	1590973.78
31314	6994653.119999999
31320	148037.26
31321	3772793.3400000003
31322	108516.04
31326	80145.3
31332	2432079.83
31335	204220.36000000002
31337	340465.39999999997
31344	4363122.19
31348	5557229.180000001
3135	3800530.06
31359	1083677.4
31362	1710365.58
31366	1128201.72
31372	110047.49999999999
31385	617960.35
31391	499409.60000000003
31395	964941.12
31399	654058.68
314	171835.30000000002
3141	8377378.22
31423	3656030.05
31427	2556886.5
31428	1311323.4
31432	2263035.34
31433	358045.60000000003
31435	6085641.76
3144	1019034.78
3145	4794351.6
31459	946420.36
31463	1461201.39
3148	1322138.6400000001
31483	555244.47
31487	3502087.6
31491	4331745.0
31493	2529021.12
31499	81359.95999999999
31517	121545.59999999999
31524	4003614.33
31526	1782099.0
3153	1245332.0
31530	1476242.74
31532	2960235.78
31549	271501.8
31550	138403.75
31558	6925099.68
31560	3562179.69
31562	1405957.6800000002
31568	1065893.2799999998
31582	7170946.53
31588	143854.44999999998
31597	1257446.88
31620	2460664.69
31628	514300.60000000003
31631	373650.99000000005
31646	993294.54
31657	2909000.16
31663	5529456.06
31667	2556382.92
31671	3644490.02
31681	3257159.07
31688	12034893.64
31696	69421.12
31706	303649.22
31707	2145440.8
31717	2488812.2199999997
31718	3346031.24
31720	838242.0
31727	296643.2
31730	1366466.4
31733	4942132.65
31739	2451822.02
31740	6878732.36
31748	2967244.8
31751	2015501.0
31764	1574180.0
31765	1146380.6199999999
31769	3062182.48
31771	1093547.0
31777	199478.78
31780	1082755.83
31784	2044336.77
31787	431213.3
31797	4026831.3200000003
31801	2784026.6999999997
31817	298812.77999999997
31819	3944850
31828	2389591.24
31837	4018638.04
31846	788486.4
31854	751136.75
3186	390149.96
31864	5105806.86
31867	891100.8300000001
31871	243068.0
3188	1902567.16
319	5350871.2
31900	1899856.5
31902	559288.53
31903	248287.31999999998
31912	1389459.4
31916	3951211.8800000004
31917	1012309.5599999999
31919	1902768.84
31926	3727337.0399999996
31937	396749.55
31941	472763.2
31949	1865791.4200000002
31966	208903.03999999998
31970	985501.42
31971	1927997.28
31996	2199953.0
32	894484.09
32000	726285.84
32003	601621.02
32004	102180.28
32008	1972031.8599999999
32021	36848.829999999994
32025	1164758.4000000001
32042	227915.52000000002
32043	6259994.100000001
32052	4465897.92
32060	1482159.0
32073	1167622.1400000001
32077	4662934.08
32082	43140.6
32089	5082334.37
32102	2766595.36
32113	8346452.04
32117	203903.71
32126	1826752.43
32135	5380419.0
32158	7791459.39
32160	1389271.52
32175	204881.43
32180	8032380.720000001
32184	958593.14
32193	598856.2699999999
32197	1090879.16
322	331772.88
32217	306671.75
32223	1463190.96
32225	8889829.280000001
32228	1277616.06
32231	931584.0
32232	2066373.54
32234	583685.28
32237	340518.0
32238	3763811.4000000004
32244	65707.79999999999
32251	4616888.43
32252	459527.4
32264	2073896.14
32266	1438196.48
32275	1944348.7200000002
32276	65047.84
32281	1720109.28
32282	3697596.84
32285	3736194.9
32290	2766776.0700000003
32292	6225223.51
32294	2581062.92
32298	1261774.0
32299	4437473.04
32306	1390156.8
32323	2997511.2
32326	1147907.22
32342	2792472.66
32344	232173.92
32347	5619035.659999999
32356	5718420.68
32357	4329118.08
32379	8208338.88
32383	1674789.72
32387	6413288.0
32393	7013908.9799999995
3240	835912.1
32406	1256845.8
32407	559154.7999999999
32412	7214963.290000001
3242	8038855.53
32424	1813370.9000000001
32445	24415.48
32449	5394723.4799999995
32460	3999036.8
32474	872952.6500000001
32477	1513338.3199999998
32480	3504714.43
32488	150540.75
325	8667741.280000001
32500	2581224.96
32523	6693718.8
32524	2808244.95
32530	3094328.0
32534	259345.62
32539	1018068.4800000001
32543	2752279.08
3255	2380206.02
32567	1069244.0
32575	2250446.4
32593	860751.06
32598	1645002.24
32603	4270650.5200000005
32608	5219774.56
32610	1144221.7
32620	7823913.12
32625	5507654.899999999
32629	200064.9
32633	773309.9600000001
32638	4840789.04
32648	3621550.86
32651	326745.52
32654	2069797.1
32658	5031180.6
32660	3750246.5
32666	983582.2300000001
32670	6691326.84
32671	3580880.6799999997
32672	495035.2
32676	445692.58999999997
32682	246008.66
32687	5168080.2
327	4616615.0
32702	16021.740000000002
32712	3025381.45
32719	5617709.83
32722	1872035.5999999999
32724	6086751.9399999995
32736	75672.87
32738	3762977.48
32739	76691.97
32744	2478064.05
32748	1519240.32
32751	1438493.2
32762	1172717.1
32768	994417.66
32779	270356.27
32795	251150.4
32803	76493.88
32804	1364053.8599999999
32814	2767361.16
32816	7033045.25
32818	7358300.399999999
32819	2712255.14
32821	1993645.5
32822	578048.0
32823	1477550.58
32832	1670226.39
32840	511211.92
32859	4215899.49
32865	25716.14
32874	2269338.24
32877	935814.7
3288	2021364.51
32880	1163709.18
32892	1156654.8
32894	950242.71
32899	514157.01
329	1362602.8199999998
32903	4735817.960000001
32918	5952480.82
32921	183480.32
32927	6713051.6
32930	4964055.8
32931	3419126.7600000002
32936	2446190.08
32939	5493031.0600000005
32955	932050.0
32967	5543765.28
32972	199170.6
32974	6531859.88
32982	6080297.67
32988	2124784.5
32995	1356161.28
33020	2975512.05
33023	1269391.53
33040	1390500.03
33044	2103522.84
33053	2682270.12
3307	112225.74
33077	2852653.4099999997
33085	4243190.7
33088	493869.24
3309	271045.33999999997
33091	638993.1799999999
33094	2400316.8
33107	11453818.76
33108	911922.48
3311	98510.22
33112	2442207.45
33113	322536.55
33114	7803387.85
33119	2286384
33121	3251696.65
33130	3487765.05
33135	3121142.33
33139	317437.7
3314	345652.8
33141	8643243.18
33144	5783244.95
33145	2506443.84
33182	9024971.1
33183	5656477.859999999
33231	2003678.0999999999
3324	295287.86
33242	5122228.86
33246	2270573.37
33252	519880.27
3328	1415731.86
33288	4229245.8
3329	2569939.71
33301	2203394.2
33305	1805360.3499999999
33306	989022.29
33318	5312050.8
33323	1582151.08
33328	1975104.8100000003
33331	2723158.93
33342	5942746.95
33351	1276881.84
33354	14408297.4
33367	359206.68
33375	2807739.27
33386	148126.44
33388	2132069.68
3340	3170799.75
33411	850129.59
33415	4123471.12
3342	218272.86000000002
33423	632543.36
33429	1803738.53
33431	122684.62999999999
33438	2067962.4899999998
33439	462054.32
33441	4248123.84
33442	7863742.170000001
33449	10830858.72
33454	756735.77
33455	2431863.6
33457	5329861.739999999
33466	658746.2200000001
33469	1932040.08
33470	184975.06
33471	295393.95999999996
33486	6415394.72
33496	3017408.2399999998
33498	1812922.16
33513	184463.84
33525	3728995.27
33530	3961005.8099999996
33533	3870297.5
33537	1663225.9000000001
33538	955885.4500000001
3354	1327236.04
33558	7701382.8
3357	180638.25
33584	1737869.87
33587	3002720.37
33593	5219923.41
33595	92097.04000000001
33598	555859.7200000001
33599	3606591.4000000004
3360	90031.95
33608	633763.83
33612	4163473.65
33613	32644.289999999997
33615	356347.2
33627	7610410.08
33630	1094194.72
33636	3649522.45
33637	7069799.49
33643	516980.88
33644	1828991.34
3367	1573939.4
33670	84070.70000000001
33679	787108.5299999999
33686	3179888.46
33690	1277115.42
33699	89911.31999999999
33702	419211.87
33715	191045.4
33716	6516114.899999999
33719	109180.94
33720	5293773.99
33723	2378260.5
33730	283338.95
33739	566211.01
33740	151006.5
33747	3042614.4
33752	47591.159999999996
33762	21017.64
33765	4241882.52
33766	5795705.899999999
33776	4710921.579999999
33778	1992138.1199999999
33780	31881.22
33786	8868955.389999999
33798	5609000.34
338	2311409.1
33801	4524646.77
33802	1230180.0
33806	6115704.2700000005
33813	3484626.3200000003
33816	1449935.13
33817	1562395.57
33823	8469721.44
33824	209571.6
33835	448438.4
33838	455504.16
3384	500453.18
33840	6609608.52
33847	2880291.1199999996
33851	4406903.41
33862	2403051.0
33863	3588574.5
33865	3184008.9499999997
33869	1546677.9
3388	1264893.84
33888	876001.9099999999
33890	2790396.42
33894	4492237.5
33898	358570.88
33918	782538.24
33926	3200702.24
33931	628107.6000000001
33935	5444875.4799999995
33936	281582.94999999995
3394	4044676.38
3395	1320006.38
33962	2392842.35
33966	1456360.64
33984	2149184.5
33986	427661.01
33990	2342279.58
33994	6107662.58
34002	1315219.0899999999
34020	85538.88
34027	1259675.01
34029	522236.16
34033	197439.93
34035	1004058.85
34049	1467163.52
34052	1487489.2799999998
34053	3410120.62
34061	1013770.52
34063	1821461.9400000002
34071	4545418.279999999
34085	867130.82
34091	1271134.26
34100	969305.12
3411	1304349.48
34111	4849583.2
34119	396551.4
34134	610180.2000000001
34148	6502867.199999999
34149	913854.0
3415	113299.68
34154	1163032.22
34162	1571754.24
34166	1098761.76
34170	1208346.7
34174	1436736.15
34184	642303.9
34191	673131.5599999999
34199	513029.45
34209	5415730.800000001
34210	6866028.87
34218	115849.86
34220	9021485.39
34221	3969967.3499999996
34223	1814928.69
34230	143440.69
34236	624284.32
34243	595861.6
34251	778100.3999999999
34254	5137373.2
34267	32663.23
34268	2584070.3899999997
34272	544572.6599999999
34274	2139810.19
34280	3579754.2
34283	3267946.5
34287	4212679.899999999
34290	392239.98
34300	1141957.41
34304	2665793.86
34308	1167863.62
3432	2099340.36
34322	1428526.4000000001
34331	2646319.79
34340	445702.5
34349	3585892.6399999997
3435	4265282.17
34357	1456120.52
34367	1368301.36
3437	2687900.6999999997
34370	2809443.5599999996
34374	3272024.85
3438	2406118.3400000003
34394	891811.2000000001
34403	3920031.36
34405	6780407.67
34415	6881914.86
34417	1486472.2
34419	4559760.48
3442	3242395.94
34420	3053994.58
34422	4213616.4
3444	1951500.4300000002
34440	9355365.0
34444	459624.48
3445	1574744.71
34452	15983844.72
34457	1024733.01
34462	709758
34473	203057.75
34491	2209112.6100000003
34499	10584177.100000001
34506	1711234.56
34507	914264.08
3452	1858018.36
34524	1446212.5
34528	145605.06
34543	5189365.8
34545	594638.5800000001
34546	3621589.17
34563	6534204.55
34564	166103.28
34573	4307410.7700000005
3458	1004628.9199999999
34580	2761827.72
34592	1487393.04
34605	2186416.8000000003
34608	7333847.43
34616	138881.86000000002
34629	2929773.6399999997
3463	2596169.54
34638	1698203.43
3464	3086099.3800000004
34649	3992802.58
34651	1254726.24
3466	3612874.32
34671	2420341.68
34678	2085771.8499999999
34684	2017340.04
34687	2593699.2399999998
3470	341864.11
34700	375739.10000000003
3472	4922113.88
34720	4534214.7700000005
34722	834664.04
34726	575490.9299999999
34728	1170458.0
34731	505496.98
34735	4244026.16
34737	4714889.600000001
3474	869890.0
34740	182382.11000000002
34741	1834607.5999999999
34742	47879.1
34747	562327.02
34755	225118.84999999998
34757	3417970.89
34767	10290405.18
34778	466930.4
34783	898205.56
34784	1222712.4
34785	197908.56
34788	3186351.0
34790	2095425.4
34793	141165.18
34797	5348385.07
34801	1364692.5
34802	3282041.25
34814	12858.6
34829	617872.23
34845	2396854.5
34847	3286317.8400000003
34850	109913.75
34859	527620.8
34860	192904.6
34870	861358.48
34878	206838.71000000002
34886	277095.0
34896	656475.57
34897	1646537.61
349	2344664.13
34910	1821831.44
34915	2568885.3600000003
34927	3275069.25
34940	1285865.8
34948	3497455.74
3495	2077991.3699999999
3496	739279.17
34963	1363618.08
34965	257232.63999999998
34979	2098318.3
34980	2445100.8
34983	7739646.369999999
34991	3798272.7
35015	1766210.47
35021	591190.84
35026	880648.3
35037	396275.0
3504	1584775.0999999999
35042	129912.34
35046	394363.07999999996
35070	3302118.04
35078	2497808.88
35096	272827.26
35099	1484070.77
35101	5305870.96
35106	2991257.36
35111	377005.52
35113	3301468.0500000003
35128	5200724.819999999
35132	198269.5
35136	13327.74
35141	2318888.92
35151	29844.49
35154	7842933.739999999
35157	4779388.16
35161	358080.0
35162	353377.5
35163	1462776.3800000001
35169	2297341.2
35173	9858275.92
35175	480022.2
35179	468302.59
3519	3836741.9099999997
35190	7055827.350000001
35203	2254238.2800000003
35205	8245675.17
35215	1246370.4000000001
35219	3604744.48
35222	733103.0800000001
35225	4189498.87
35227	1898091.24
35241	3929741.76
35242	5951127.27
35247	789010.22
35251	134230.48
35254	5471734.239999999
35265	20751.059999999998
35270	3219308.62
35271	13343.94
35295	1590991.83
35298	73768.5
35305	849661.15
35306	2877503.76
35310	3814898.99
35313	3771288.54
35319	242480.26
35321	1023450.6
35324	3550637.6199999996
35326	4181542.83
3533	7430881.41
35335	4358205.53
3534	3181356.8000000003
35343	1995723.21
35356	3283027.08
3536	2260650.6599999997
35362	79876.40000000001
35377	1400448.0999999999
35380	141378.75
35383	5225171.53
35397	2471469.6
3540	4411354.68
35402	1787818.9000000001
35406	2505467.64
35421	3214613.2499999995
35424	2561477.2800000003
35427	1644590.61
35430	701379.87
35433	2332206.88
35434	861153.65
3544	2128861.15
35458	7117226.989999999
35470	4281001.3
35475	7791370.99
35477	7307682.54
35479	1674443.6500000001
35485	2525709.9
35486	104484.87000000001
35511	2550407.79
35526	2542462.56
35543	2199889.8000000003
35547	79438.98000000001
35556	1129835.6400000001
35580	1411202.85
35582	2665184.98
35588	1780882.32
35591	1001105.7499999999
35597	720274.0499999999
35598	716047.77
35603	167016.57
35605	1783656.9
35610	478426.08
35611	6558360.0
35612	595788.22
35615	108004.81999999999
35616	311137.2
35617	190105.40999999997
35621	3166439.58
35622	37884.0
35626	2191382.75
35632	2596606.86
35636	1181674.78
35638	914856.51
3564	2791813.76
35642	1627865.0
35647	2634953.4899999998
35685	2318313.3600000003
35686	1816282.8800000001
35733	3254596.3600000003
35734	2686028.1
35749	639756.04
35755	1185412.6400000001
35779	5943225.600000001
35804	45211.02
35808	3606907.5000000005
35809	274455.72
35819	5901300.75
35821	2372321.1599999997
35826	2789766.72
35833	146575.0
35834	828684.26
35845	2756400.96
35854	37175.76
35857	2341604.65
35858	3090216.83
35878	2372375.25
35879	2064416.25
35889	6324042.96
35891	5251788.23
3590	1407371.24
35902	8868126.06
35906	450791.0
35926	1035320.2200000001
35929	341974.61
3593	4725916.38
35932	3062951.81
35934	6901796.29
35942	1067695.2999999998
35944	4906354.09
35945	125985.86
3595	3119131.99
35952	2274074.07
35957	1871807.92
35958	329876.16
35960	902687.6499999999
35961	242603.9
35972	829313.03
35974	223518.37
35987	45000.48
35989	597176.25
3599	92447.88
36001	1006138.29
36016	4510711.76
36024	3668029.7500000005
36028	3116647.36
36033	7720267.68
36040	1478300.65
36041	2950675.38
36061	5317825.45
3607	2674074.27
3608	1746809.4200000002
36086	96628.79999999999
36087	3598467.88
36090	214370.16
36096	394012.08
36101	5148706.17
36102	1841183.19
36106	3205659.6
36111	5191651.24
36115	689894.4
36116	6846410.409999999
36130	5999378.22
36133	1570286.5000000002
36139	114963.78
36140	2113636.0
36146	3088177.81
36147	7959463.68
3615	3565737.46
36161	438104.55999999994
3617	692492.0
36177	3831790.9600000004
36182	1108780.92
3619	3228861.6
36193	557616.96
36202	2472063.18
36205	283444.48
36206	5411803.32
36219	152675.4
36222	2514980.3400000003
36223	5149038.3
36226	473707.28
36230	120109.50000000001
36233	83452.05
36238	2815472.08
36243	3508994.4499999997
36265	81746.28
36268	6254224.9
36269	2463006.6999999997
36279	1073802.7999999998
36281	726211.2000000001
36283	3924917.46
36289	7901946.5
36297	1750270.2
36304	451549.14
36305	1623300.0000000002
36316	6421648.8
36319	3381545.92
36320	6380636.84
36326	1697432.2200000002
36327	5181531.84
3633	317808.89999999997
36338	6678248.039999999
36341	293669.04
36342	8004333.4
36343	6481405.98
36350	1352601.78
36353	462323.16000000003
36356	4560742.0
3636	7611474.77
36366	1216471.06
36372	1375099.3199999998
36389	3502453.73
36391	524707.04
36393	2346680.1599999997
36397	4965662.46
3642	463858.71
36421	785556.1
36427	2256589.34
36429	3882323.3699999996
3643	383814.34
36434	1105097.5
36438	104372.19
36453	46347.1
36469	123490.52
3647	1877309.22
36485	1303773.68
36487	1799730.16
36489	8838538.1
36493	764976.54
365	1416196.0
36505	28771.2
36511	7343183.39
3652	1125284.4
36526	3478759.79
36530	553815.0
36532	3582042.75
36536	1895054.65
36544	7733367.27
36552	8490733.6
36554	2571636.62
36555	3491530.58
36556	4971654.42
36574	2065173.6
36588	1314177.2999999998
36591	3892263.9000000004
36594	2263482.9
36614	572117.44
36622	6601304.88
36625	1538028.9600000002
36651	1475351.22
36652	1795921.56
36657	3761849.52
36665	163895.4
36669	342924.41000000003
36673	1791130.1
36675	58924.62
36677	3298817.2800000003
36682	4979332.7700000005
36690	545188.32
36694	2105523.42
3670	1552024.28
36701	26410.54
36711	3506703.0
36712	1704972.92
36721	3462686.73
36723	6516414.630000001
36724	5092170.98
36726	47333.44
36733	1562754.5999999999
36739	1585459.3599999999
36745	6335793.94
36746	3178560.0
36754	3192507.64
36765	993595.8400000001
36770	5172363.63
36771	1094915.16
36775	3180527.57
36783	1991448.9
36786	3710659.68
36790	896720.3500000001
36793	4403928.9
368	985751.0399999999
36803	974310.6399999999
36807	3578178.38
36811	5755107.61
36813	2161933.62
36834	83750.67
36843	900307.7999999999
36848	1136892.0
36852	5129397.36
3686	3268376.79
36870	7234148.600000001
36873	3018314.75
36877	3002520.04
3688	1239739.02
36894	1232907.2000000002
36897	3511039.0399999996
36906	916417.66
36908	6884309.42
36910	4694870.44
36911	2461470.93
36918	5028354.69
36920	598873.36
36925	288676.96
36935	1796312.6500000001
36943	2992437.9
36955	2033152.26
3696	6901354.24
36960	138995.24000000002
36964	82323.0
36965	1941838.4
36990	2064820.2599999998
36994	3579994.23
36998	4481605.2
37002	1149928.9200000002
37009	9748362.69
37019	3199246.41
37027	1806019.95
37036	265845.15
37046	1140908.8
37049	3085581.25
3705	680545.8
37054	708535.2
37067	144109.0
37076	2348726.2399999998
3708	2703271.83
37083	6465330.24
37095	1318572.72
37096	1312238.98
37107	621223.2000000001
37111	349160.91000000003
37132	4060364.3399999994
37141	5070675.0
3715	42064.9
37152	6301517.68
37154	7268687.27
37174	2423936.51
37181	1652626.3499999999
37187	1354978.8900000001
37190	1367227.68
37203	5217106.56
37219	1182519.0
3722	45008.1
37222	2067145.3
37223	2606294.36
37225	1254966.74
37229	4456970.42
3723	7049906.03
37238	8272728.06
37240	829524.6599999999
37243	2948042.6
37244	4405561.92
37245	373864.93
3725	703101.23
37258	2759411.84
3726	2588408.34
37260	4053951.9999999995
37270	4778520.4799999995
37275	2260428.46
37281	3854344.1999999997
37286	3972742.1999999997
37288	574928.4
37291	3009805.1999999997
37293	7791095
37296	3988287.9000000004
37300	5551301.94
37304	41129.2
37317	2772832.58
37320	573012.66
3733	393429.36000000004
37348	753539.23
37350	370736.1
37353	1449848.78
37362	5167018.08
37363	1916212.62
37373	286703.43000000005
37377	925455.06
37381	2104363.8
37387	1337772.9
3739	113468.67000000001
37400	3605098.2
37413	268487.8
37418	3699909.7199999997
3743	965000.5
37430	2627746.88
37439	1662794.88
37443	870713.4199999999
37466	2262109.6
37468	2591321.4
3747	2099725.1999999997
37471	4566996.09
37486	4051334.7600000002
37494	6774518.4
37518	3426920.0300000003
3752	3867738.4200000004
37524	493084.35000000003
37529	7770885.12
37540	13789.939999999999
37545	3536609.01
37549	274706.04
37573	782148.6
37581	6473168.140000001
37587	464528.8
37602	7222657.16
37604	267867.88
37609	1565774.16
37614	2043282.7
37616	5098563.96
37619	2765824
37627	3237592.4
37631	797594.92
37635	1613779.42
37644	9211578.6
37645	302545.6
37654	1882271.64
37660	233032.44999999998
37664	5489325.399999999
37665	916584
37666	919649.65
37672	58016.36
37676	1352447.11
3768	3299575.12
37681	2973189.76
37682	1728838.3299999998
37706	6441548.539999999
37708	544362.06
3771	203551.80000000002
37713	6978673.149999999
37718	1309868.82
37722	7339691.97
37728	7961875.68
37730	1630484.96
37732	522936.95999999996
37745	18338.25
3775	698843.88
37750	47077.32
37754	419848.37999999995
37757	352663.18
37762	1820003.5599999998
37768	302628.30000000005
37773	297272.03
37789	836583.16
37797	764905.8
37798	4347354.9399999995
37808	5429581.69
3781	2684129.7600000002
37813	3331359.98
37816	35250.6
37822	1734368.7
37824	1217682.12
37827	4582945.76
37829	6279739.62
37838	1613328.3599999999
37846	820055.17
3785	5485302.359999999
37859	369566.12
3786	3712648.62
37865	1372334.9400000002
37880	5314573.11
37883	4016793.99
37886	1194995.32
37900	313403.52
37905	289411.04
37909	4235488.640000001
37912	6573898.890000001
37915	678717.13
3792	1715430.25
37924	3343495.61
37930	1232512.0699999998
37933	4004907.92
37936	1985944.23
37937	396765.87
3795	4184168.0100000002
37961	2601833.3
37966	307736.04
37973	307218.2
3798	834846.89
37980	1933323.8399999999
37982	2910740.63
37988	1725575.74
37989	1712503.9200000002
38014	3840674.3200000003
38029	1533620.3399999999
38034	3656037.89
38050	4048792.6999999997
38059	814635.4400000001
3806	2171280.0
3807	2883776.6399999997
38079	1819622.2
3808	206533.24000000002
38083	354185.14
38085	2497172.8600000003
38094	185892.32
38100	311635.58
38101	3156487.09
38106	4326697.32
38108	1428288.4100000001
38113	1163867.5999999999
38114	594795.04
38115	1755865.72
38119	2383960.04
38124	3225390.2800000003
38125	4261645.319999999
38129	3508347.29
38135	1800088.92
38139	3538587.44
38141	2593317.4000000004
38145	815892.22
38150	347318.10000000003
3816	7019020.239999999
38177	1232534.9400000002
38188	5883970.82
3822	876837.44
3823	250799.42
38236	1574650.4000000001
38237	5127868.65
38246	2679700.9499999997
38252	4249463.17
3826	3605137.18
38282	4420135.52
3829	1382231.92
383	5884693.36
3830	474436.2
38300	3135493.76
38307	5763121.76
38311	971125.11
3832	7540404.859999999
38322	2401266.3299999996
38324	5829315.36
38329	370150.17000000004
38336	1712227.95
38337	718692.3600000001
38348	5787398.62
38357	1218097.32
38361	3886780.2600000002
38381	4730409.54
38392	3040672.96
38394	2520990.15
38405	4227040.72
38409	699483.4400000001
3841	660158.46
38429	5157207.3
3843	2391750.13
38432	2978697.9200000004
38433	1906101.2000000002
38435	7557221.27
38436	2776318.36
38437	702688.37
3844	6067202.12
38443	257006.0
38455	4089000.63
38460	7819007.050000001
38461	9419316.07
38463	9347530.940000001
38464	576802.97
38465	897400
38490	3916499.6399999997
38492	8436438.32
3850	647066.36
38504	1598597.21
3851	9072657.24
38519	510806.25
38524	5423539.55
38527	2637286.0
38531	4621614.46
38536	1813130.28
38544	1960441.98
38564	3558546.8100000005
38581	5510511.99
38589	134383.2
38590	179847.04
38599	181418.58
386	20884.24
38604	1048465.3200000001
38605	2531876.8
38606	1422738.5999999999
38609	7321778.16
38614	191693.58
38619	2200514.6999999997
3862	2503637.6399999997
38633	90790.09000000001
38636	5627164.8
38638	4590153.4
38642	4333451.71
38643	227290.75
38649	838319.2999999999
3865	2769151.84
38664	2280960.54
38680	892609.92
38685	1074170.3
38696	1890604.31
38705	4264837.399999999
38708	1116685.02
38709	2675518.0
38713	236421.90000000002
38714	6632012.05
38717	43024.12
3872	1348984.0499999998
38722	3481460.73
38724	3481616.09
38733	513927.68
38734	380072.4
38741	1246058.04
38746	5126714.5200000005
38759	4614352.92
38768	2471179.1599999997
38772	1578121.1600000001
38782	2840268.1799999997
38786	4627307.88
38792	6700337.28
38800	1506615.08
38807	7099329.91
38808	3105386.39
38819	1049472.35
38822	5910275.7
38823	15064802.86
38829	796170.77
38830	3317829.6799999997
38834	1108088.96
38841	1914774.3199999998
38844	313062.72000000003
38845	447445.44
38856	2599562.24
38859	768089.65
38863	2153693.7
38869	9550279.53
38882	5652343.7
38888	184272.30000000002
38892	1021949.18
38896	2329934.67
389	3507814.6399999997
3891	1028858.94
38924	7605091.9
38929	66574.72
38930	2326119.78
38932	10777541.75
38937	63597.38
38956	1978878.13
38960	1114928.67
3897	2551769.04
3898	7263741.449999999
38980	2776299.5
38984	3269817.16
38988	100645.49
3899	6366944.4799999995
38990	364888.0
39008	75638.40000000001
39014	496963.72
39029	363458.79
39033	2000270.3599999999
39035	12913.35
39039	2013634.62
39047	816519.8500000001
39055	8469145.07
39057	1583424.57
39058	696675.4
39059	4322116.649999999
39065	46989.63999999999
39079	14510.11
39085	3645175.59
39094	5541513.29
39117	1350541.37
39125	319153.44
39128	4123656.2600000002
39154	6616869.6
39155	5188409.859999999
39160	6008563.89
39164	4225043.94
39168	443080.37000000005
39178	222635.44
39180	5850333.93
39185	10970042.559999999
39193	2690461.9499999997
392	442994.50999999995
39203	2877400.16
39204	3368450.4
39214	2059172.04
39215	6904698.75
39217	14631.61
39224	123316.14
39227	3463955.52
39236	202676.04
39237	1494630.8
39242	1478295.0
39248	6207694.600000001
39257	4399789.8
39261	1717712.6400000001
39262	4215929.45
39266	2120515.92
39268	817720.32
3927	2474512.0
39277	524559.36
39281	4630348.390000001
39284	183822.71999999997
39286	1002148.5
39306	3653945.48
39310	2209579.32
39314	1665551.2
39316	1314750.96
3932	3054382.2399999998
39334	294467.17000000004
39337	118756.4
3935	753941.44
39351	4576962.36
39355	7284424.63
3936	345581.60000000003
39364	449234.56
39368	1909617.36
3937	343550.88
39373	1629252.7999999998
3938	137614.75
39397	992118.78
39400	92177.68000000001
39409	1410824.7999999998
39411	1024695.5700000001
39413	528232.2
39414	3322347.3000000003
39416	1327666.6199999999
39421	186334.0
39423	1970939.4000000001
39434	3669247.6999999997
39438	8805282.56
39446	1040598.6300000001
39458	883386.0
39463	5434207.649999999
39467	2097616.4
39468	1552139.68
39493	4852734.69
39497	1137221.4000000001
39501	2596688.32
39505	73757.98
39512	900820.7999999999
39518	1267614.45
39522	1029257.0399999999
39539	3014089.0500000003
39540	1847369.5999999999
39549	351742.76
39552	3341525.4699999997
39557	1150744.77
39570	1890849.48
39579	7790105.920000001
39586	1289681.98
39599	1753782.1
39610	918049.6000000001
39614	1487646.45
3962	4546079.99
39623	2369502.1799999997
39635	2380527.3
39644	7357740
39657	96926.67
39677	590466.8099999999
39684	2870029.64
3969	2590627.4499999997
39690	268678.62
39693	61156.479999999996
39706	5981066.05
39714	91213.5
39722	437102.64
39725	4673290.649999999
39728	3811068.03
39731	9014746.95
39732	1671861.4
39734	402654.77999999997
39741	10128387.52
39747	5355131.7299999995
39748	5541321.420000001
39761	3841142.22
39763	289683.24
39773	103686
39778	903068.1
39782	7977858.239999999
39784	1394836.72
39787	3511007.72
39789	1184289.0
39791	1907468.8800000001
39795	52415.159999999996
39796	3750211.18
39803	339405.6
39820	677763.5
39823	7258058.100000001
39851	1536832.4400000002
39853	3497012.17
39854	3087314.12
39856	77221.31999999999
39876	2076949.32
39880	6558738.44
39884	119017.92
3989	793205.82
39890	1375677.19
39903	375913.41
39904	3617897.66
39909	3202293.18
3993	4609889.66
39933	1648156.16
39942	4770272.05
39946	265362.2
39969	7034935.0200000005
39971	2241815.4000000004
39974	679473.7
39985	5927267.9399999995
39989	2008325.96
39997	364863.92000000004
40020	3572198.08
40026	2394475.4899999998
40032	5741758.71
40033	3230755.98
40043	7371449.8
40052	7304304.82
40076	580010.28
4008	100107.13
40084	6181850.08
40088	326304.75999999995
40092	2210304.4
40097	1326748.0
40104	677480.5800000001
40116	651370.72
40119	285555.48
40120	2426551.16
40123	2290800.8
40128	2461044.5500000003
40132	7762225.61
40134	8160358.08
40146	3238903.4
40147	5223498.0
40148	2990344.7
40152	3584752.8
40154	3212182.6599999997
40157	1445271.66
40160	534724.74
40167	268717.82
40170	1734758.4
40178	1660424.13
40179	2231558.95
40181	1601727.36
40182	1665355.51
4020	1374293.76
40208	922469.12
40210	3552746.52
40211	248047.75
40214	367397.4
40220	1746722.4000000001
40231	7467514.6
40232	2627020.35
40233	7449743.3100000005
40245	184536.96
40253	13354.8
40257	3479318.22
40263	44129.09
40271	2030548.7999999998
40275	7241245.48
40290	608041.5800000001
40298	1561952.0
403	7730099.1899999995
40300	7728909.71
40310	2477029.12
40315	2574392.34
40317	2000275.0
40318	120521.84
40325	1067356.55
40326	41814.85
40327	49295.96
4033	5619640.88
40349	1020623.3300000001
4035	4833595.51
40361	1012242.2299999999
40368	100565.2
40383	588061.76
40386	1160183.92
40388	796249.09
40389	8946158.2
4039	293352.9
40397	58521.18
40403	187888.68
40408	1839423.1900000002
40413	213606.84
40416	44517.31
40424	16472.8
40425	1867335.34
40426	735378.54
40432	724480.3200000001
40435	20056.96
40436	4237730.34
40449	3562529.36
40467	3301251.3899999997
40468	205627.86000000002
40476	8226640.41
40484	80639.28
40491	1061442.9000000001
40516	689052.16
4053	7512282.54
40532	6136679.01
40535	3190110.38
40553	2715413.3000000003
40562	950976.36
4058	4550315.68
40580	8342983.32
40586	1422269.4
40587	3618618.9899999998
40588	5821347.08
40597	773800.28
40602	979536.95
40603	7093086.7
40607	367379.4
40608	2775362.98
40609	4285836.84
4061	271995.93
40610	3258244.32
40616	6337676
40617	842380.5
4062	3204410.8800000004
40622	4259567.48
40626	2443890.0900000003
40628	563741.57
4063	1099182.28
40631	1067728.32
40637	5058556.75
40641	6854262.9399999995
40644	926981.6
40648	4413041.04
40653	650379.6
40676	320283.6
40678	215737.76
40738	3591365.84
4074	2542274.8
40740	1897333.02
40747	75166.08
40755	69713.28
40784	2317397.32
40795	362849.22000000003
40799	3453508.04
408	348939.75
40801	1153083.75
40812	2057990.2
40814	2764677.36
40817	6432803.949999999
40824	861002.4
40838	1392996.1500000001
40840	4108874.16
40849	3115935.4499999997
40850	50068.19
40860	282955.48
40863	1905565.0
4088	698640
40882	4026994.68
40884	10837234.190000001
40895	174923.19999999998
409	879477.18
40907	2161956.8000000003
40911	7586647.369999999
40923	4090186.1
40925	224670.78
40932	5612759.94
40934	5247434.52
40936	1852374.69
40937	1808302.6500000001
4094	5669041.25
40944	500728.19999999995
40951	3501672.96
40958	3283499.6999999997
40962	2587501.22
40963	4689024.4799999995
40964	6450384.45
40966	7259995.46
40992	6284781.96
40995	1251933.54
4100	2967219.9699999997
41007	8229431.79
41024	6041122.72
41025	740136.12
41029	2483485.55
41032	3871735.5
41034	155365.69
41052	858211.2
41082	280533.48000000004
41087	8749436.79
41091	7442072.28
41093	7909579.92
41107	433983.9
41108	1441798.21
41111	2703774.36
41117	1725080.4999999998
41121	119451.0
41124	6644829.66
41130	450270.92000000004
41131	1252392.4
41139	730453.75
41152	85334.08
41166	720163.7100000001
41182	515898.36000000004
41184	1357305.12
41188	5321808
41193	3064740.28
41196	1152780.96
4120	2044585.8
41211	6372279.720000001
41214	2115350.4
41215	2476324.5
41218	480694.38
41225	1456090.37
41235	2717524.1999999997
41243	436521.75
41248	8585559.639999999
41260	4391252.61
41271	4089406.4
41273	487750.14
41274	277186.84
41275	1116095.64
4128	2743438.62
41280	401537.99
41285	4193752.1999999997
41294	281775.77999999997
41295	8024785.53
41296	815700.9600000001
41302	448774.85000000003
41308	5393363.62
41310	416183.67
41311	4023655.7600000002
41317	5821258.68
41318	2915575.6
41322	2197709.9
41326	3675456.36
41329	1129055.75
41332	7828402.279999999
41335	8714773.8
4134	559387.86
41342	1229850.9100000001
41347	4146685.32
41358	3337022.84
41361	4477004.0
41364	1734176.4
41372	48964.24
41383	4518838.5
41389	6773019.640000001
41394	896609.0
41399	9148338.0
41420	685234.85
41425	380177.42000000004
41427	1401800.8599999999
41430	6990795.35
41432	3693625.2800000003
41435	1097867.06
41458	2384268.75
41461	3838743.44
41481	941532.21
41485	546793.8
41490	4103467.9999999995
41493	4995981.09
41496	2514331.8000000003
41516	2620510.62
41521	2984949.6999999997
41523	957924.3300000001
41527	8508222.36
41531	4641969.84
41546	4745903.76
41549	43341.48
4155	3828239.9599999995
41557	3006244.96
41558	2613954.75
41559	227410.7
41562	186718.21
41566	421586.72
4157	6919383.12
41580	1941562.22
41586	158385.92
41596	3040460.1500000004
41620	978948.0
41628	615127.37
4163	1866121.29
41630	3361309.2399999998
41643	3146913.56
41657	5597597.05
41661	264718.77
41663	119214.55
41665	1288534.32
41668	264864.5
41671	4158006.7399999998
41680	3507662.55
41686	4363651.56
41687	1548282.0
4169	1844481.6600000001
41695	1088986.5599999998
41704	346577.67000000004
41706	540585.08
4171	7268057.100000001
41715	3180170.52
41716	1336218.22
41718	2742562.6500000004
41727	676181.88
4173	597525.18
41730	3082623.04
41738	658118.56
41739	2789555.46
41745	4569805.22
41750	6039290.08
41762	1901456.0
41763	706278.5
41767	5236246.62
41770	759979.6900000001
41774	574860.9500000001
41778	2261176.68
41782	2947773.15
41785	51452.62
41794	1880859.6
41798	3836891.86
4180	8295646.92
41817	3794675.7
41818	752485.36
41825	2065454.8199999998
41835	3967084.06
4184	4391562.3
41843	279051.0
41853	1509761.61
41861	2479000.41
41865	1379385.28
41869	319700.56
41899	483351.07
41903	5491360.930000001
41909	4267170.68
4191	729019.36
41911	1259343.02
41915	658331.84
41916	315529.58999999997
41917	492405.20999999996
41926	665797.08
41935	4559301.12
4194	3642091.42
41940	169293.42
41946	224717.72
41947	1567339.2
41966	3191142.9
41969	53354.37
41971	4655866.5
4199	3482240.5799999996
41995	782403.2399999999
42000	3403129.4
42003	5208587.88
42008	2328214.59
42019	4806698.4
42024	2627557.65
42040	1826446.7500000002
42041	280941.36
42052	1257072.3
42059	662735.05
42073	977385.76
42074	843276.13
42082	7226089.78
42087	1201654.9
421	3352992.5
4210	1774357.08
42101	1845629.5
42112	243245.68
42117	1705429.5
4212	623180.3999999999
42123	3727952.04
42124	629059.2
42132	3671724.16
42158	169951.76
42160	1611523.89
42172	7973399.0
4218	2196734.53
42180	7019296.590000001
42181	3159865.87
42193	1282526.8
42194	5141293.600000001
4220	1896020.5
42215	3015660.48
42220	6391653.08
42224	2758693.3800000004
42227	3573637.32
42229	7220357.58
4223	186430.42
42231	1734619.32
42232	3900505.8
42235	4553979.15
42249	3809815.68
42251	1790533.92
4226	3769179.03
42263	6466054.279999999
42266	1332259.2
4227	707061.12
42272	5816855.08
42276	6949117.350000001
42279	2360515.77
42280	4613439.600000001
42283	1667680.96
42288	3525674.15
42292	877575.7999999999
42296	3319732.7399999998
42297	64738.96000000001
42299	1291014.8399999999
4230	52438.62
42306	2136296.96
42323	2618414.12
42325	1125361.78
42339	1440165.6800000002
42341	952703.16
42344	2318155.98
42354	267991.9
42355	373334.4
42379	866338.22
42382	272776.02
42387	1210791.6300000001
4239	699930
42392	8312895.96
424	8547527.1
42405	1321481.72
42406	7561431.149999999
42410	2265696.9
4242	5485092.6899999995
42421	1024566.3
42444	1799985.2
42449	1179285.8
42457	7173099.720000001
4246	2156105.32
42474	5584400.2
42476	192276.2
42477	3516782.4000000004
42488	3764331.1600000006
42500	3272455.6799999997
42520	1830983.22
42524	5435183.699999999
42530	37167.0
42531	5408682.3
42537	880233.0
4254	4835331.359999999
42540	2699826.29
42564	154722.16
4257	4600392.57
42572	844353.0
42592	995253.28
42596	432036.14999999997
42601	1838089.11
42607	1779045.81
42608	671507.88
42620	3930760.6
42622	377727.48
42624	4684247.36
42627	329836.85
42632	3847112.82
42635	254485.84
42636	3228705.45
42645	4788856.2
42650	2816229.52
42652	377329.96
42656	2410943.16
42658	3606673.64
42664	939591.36
42667	4437464.4799999995
42669	1276598.07
42671	5374554.140000001
42674	3800189.9000000004
42682	4921646.739999999
42686	6898623.36
42699	1947025.4500000002
4270	2364635.52
4271	1725121.2
42712	72882.23999999999
42714	991598.01
42718	183960.18
42719	991410.12
42724	2654594.4
42736	3368701.1
42737	5969073.2299999995
4274	5031304.74
42741	2382286.5
42745	1659246.0
42749	6311343.06
4275	152350.0
42759	2274960.15
42767	3589841.29
42779	1314050.32
42794	144652.0
42802	2950262.88
42804	2172538.44
42813	1378179.24
42814	2136706.26
42815	675114.02
42819	6617602.2
42821	1597225.4
42822	901434.1799999999
42830	2595577.6500000004
42837	1049771.06
42856	2773186.2600000002
4286	7732258.359999999
42865	1876543.6800000002
42874	1132726.3599999999
42877	1504469.4
42891	1013375.79
42892	6380355.2299999995
42896	8118529.800000001
4290	3109996.66
42901	1035017.48
42917	4796366.399999999
42920	1009917.2999999999
42924	6393514.87
42928	2073330.1199999999
42929	1457205.36
4293	3528184.4000000004
42930	1234010.1800000002
42936	6375121.14
42939	11701.259999999998
42953	272609.25
42964	941739.8999999999
42971	241719.24000000002
42972	2265295.1599999997
42980	7068613.41
42988	184500.0
42995	1890504.0
43	2587359.58
430	2820438.3000000003
43020	630486.01
43039	4672920.98
43041	8086537.899999999
43050	6687188.54
4306	538725.12
43074	2959245.8400000003
43084	287403.2
43085	244726.44
43091	1769448.72
43092	279700.81999999995
4310	2759118.18
43104	5456924.949999999
43106	4235622.0200000005
43107	2818959.4499999997
43110	116531.86
43111	2584782.48
43112	124900.70000000001
43113	3239652.68
43114	698433.4199999999
43116	4287924.52
43121	1379932.42
43130	4409166.890000001
43132	431154.62
43135	3610851.0400000005
43136	363194.97000000003
43141	2401587.5599999996
43145	5477823.75
4317	1041506.5800000001
43180	6368866.74
43182	4535449.2
4322	2480551.92
43228	1451595.5999999999
43242	1656542.72
43243	1351799.33
43251	2230374.5
43288	3700179.6599999997
43299	4985380.4
43302	1041206.4
43303	1474344.8199999998
43305	2137473.36
43316	754227.18
43321	1105855.1
43328	5155752.68
43342	259530.6
43348	2312347.16
43353	5269366.2
43354	1373061.2
43367	3583333.9099999997
4337	678490.5599999999
43372	3609397.8200000003
43383	596790.96
43386	382691.39999999997
43388	366307.89
43411	4229661.18
43415	1042018.9
43420	2813778.92
43427	4782596.399999999
43429	8076729.96
4343	6272834.2
43438	7403538.67
43440	2450109.84
43441	22090.14
43446	2790045.5
43448	4510380.08
43451	406876.25999999995
43455	2141440
43466	3955069.04
43468	1510285.96
43470	6764764.140000001
43483	65899.59999999999
43496	8743359.299999999
43511	1256849.3599999999
43522	3844439.2800000003
43528	322216.19999999995
43529	7611748.47
43533	1553595.61
43536	11779340.52
4355	1005565.4400000001
43556	6963383.7
4357	9464355.64
43581	1094750.4
43586	332712.8
43591	211379.56
43595	1581720.3499999999
43596	442681.92
436	4263710.67
43605	188907.56000000003
43611	1221085.5000000002
43615	1147840.2000000002
43625	2006672.4000000001
43628	5348168.34
43634	7590345.84
43635	1215715.93
43640	2173113.6
43643	31866.84
43670	5403500.85
43676	4088691.81
43686	8915543.84
43688	5450709.4
43697	792280.0
437	2509812.0
43700	6652073.01
43713	7247960.720000001
43715	2402545.58
43718	121687.01999999999
43719	1983414.94
43722	3654801.24
4373	4625626.92
43739	5812347.159999999
43747	143897.22
43752	1664321.4
43759	5915072.670000001
43763	7292705.82
43764	2300964.6
4377	5686695.600000001
43773	736784.08
43777	855229.2000000001
43778	2461309.5599999996
43783	2290942.29
43784	1935349.24
43798	775694
43799	1506470.07
43800	1562631.84
43806	6502764.72
43810	1182725.5999999999
43812	1009766.48
43814	10303086.61
43815	837336.4500000001
43820	3337457.6
43821	47369.770000000004
43822	2199637.7
43833	8038545.83
43836	2561386.77
43839	3460546.83
43846	782338.28
43851	8157101.4
43860	747483.94
43862	88323.29
43865	2298726.9699999997
43868	1579656.7
43887	7743859.8
43893	957136.8
43898	4372693.86
439	2258352.0900000003
43915	1354255.52
43923	6533687.36
43924	1936599.8399999999
43929	2216704.0500000003
43934	784064.55
43936	253851.28000000003
43962	103537.28000000001
43965	574309.44
43981	959171.84
43985	1617243.54
43989	2148838.5599999996
43994	14434.42
44000	509896.8
44020	3786451.2
44025	3537595.16
44027	132088.5
4403	7925729.040000001
44031	1838416.44
44035	5331557.699999999
44046	2653717.5
44050	9495515.36
44053	1816311.78
44061	3662450.04
44063	1094070.76
44070	1370688.06
44084	438649.56
44090	1005723.64
44100	566792.76
44108	6528693.6
4411	3381948.64
44116	9255922
44134	3828301.2
44145	1182368.52
44147	2528210.7
4415	943609.0
44151	1412317.7
44159	1089955.39
44165	131266.36
44169	5316423.2
44172	3598792
44184	431538.97
4419	289459.29000000004
44190	3015212.4
44191	1332146.48
44199	80589.81
4420	1329472.25
44206	775631.72
44208	2115114.9899999998
4421	2534891.84
44210	971833.34
44215	1984416.08
44218	744147.8500000001
44219	216645.42
44220	1783153.7000000002
44222	2109491.91
44227	2199476.95
44234	3561793.1
44242	261917.3
44249	159848.75
4425	3214948.96
44254	2444212.59
4426	4175790.56
44266	1808094.9
44267	3756393.1799999997
44271	378797.55
44274	216756.53999999998
44278	2574539.5
44282	555146.02
44286	52829.8
44289	524425.47
44298	3943882.7
44302	4343525.55
44305	297391.23
44322	82404.40000000001
44329	2306534.4
44339	81394.04
44347	4630660.050000001
44357	2646032.48
44365	627889.47
44369	4735835.720000001
44373	3253890.91
44391	2795610.09
44403	5865530.63
44413	857596.6000000001
44414	5342561.54
44415	1993906.5999999999
44419	3581316.12
44420	632102.3999999999
44421	5997878.25
4443	4470175.5
44439	1046404.12
4444	1554028.72
44444	1326029.5999999999
44450	3293317
44451	732850.6900000001
44454	3219706.6999999997
44459	3056733.45
44473	4009997.44
44488	2566361.28
44496	794094.76
44499	979773.44
44504	745934.3999999999
44507	1076415.84
44523	252958.59
44528	2677015.44
44540	2759036.21
44544	1580897.5
44545	10000286.48
4455	1928621.8
44561	3100191.64
44563	2393323.98
44570	29317.399999999998
44578	3524883.8400000003
4458	402007.32
44591	148158.18
44605	4416439.569999999
44616	4596608.28
44627	3862385.07
44628	566834.0
44636	2333840.46
44646	2825905.8699999996
44648	193917.6
4466	3928638.8
44668	293067.18
44676	1675392.45
44681	455672.7
44685	3852270.24
44698	89864.90000000001
4471	522162.48
44719	2859682.27
44724	1109881.8
44728	242179.39
4473	3300003.0
44731	8882444.95
44733	7716553.130000001
44736	7961144.1
44739	815215.32
44747	2364585.48
44753	269542.18
44754	3741192.84
44764	196746.56
44767	3642240.56
44776	1000687.6799999999
44780	3575330.82
44783	1425436.47
44784	737644.9299999999
44787	8083628.4
44792	404601.26
44794	6719177.92
44796	281690.43
44800	2393727.2
44801	3862472.4200000004
44811	903192.95
44829	7074130.38
44843	2169954.3600000003
44845	196852.94999999998
44848	4746640.54
44858	65768.7
44859	2719651.5
44867	5697804.21
44875	667092.7
44886	2607393.48
44894	954109.9800000001
44896	4757847.86
44909	2516562.85
44914	1360657.09
44925	428961.68
44937	165456.0
44948	2775956.71
44961	145007.28
44962	2537569.48
44976	1310261.71
44980	3038823.36
44981	2993900.84
44988	76690.22
4499	2839006.8
45	290759.04
4500	1052129.1199999999
45012	781131.7999999999
45018	771889.6
45024	540728.1
45035	115741.65000000001
45041	357793.01999999996
45044	4155970.62
45068	551505.87
4507	216889.83000000002
45076	3828427.8000000003
4508	1941787.71
45096	3592742.88
45100	2942226.3600000003
45105	467977.6
45108	2263338.42
45111	6429787.76
4512	907150.95
45126	8045924.399999999
45128	1615801.98
45131	1985474.8800000001
45136	300132.0
45139	486980.68000000005
45140	2095632.7
45149	324085.68
45154	2844690.2399999998
45156	1450309.28
45159	639973.1599999999
45160	1728901.6800000002
45162	862681.12
45168	719366.55
45170	7336915.5200000005
45171	4650357.2700000005
45173	2429182.92
45178	3513180
45190	1543336.6
45200	1607514.74
45203	1173520.18
45212	27370.2
45218	1792696.75
45222	2817520.11
45223	1241349.48
45224	595124.74
45241	6802802.98
45245	2352527.19
45249	1766530.05
45253	2048068.2200000002
45263	2679967.98
45267	9410863.78
4527	897893.75
45271	1586234.82
4528	1732520.5599999998
45292	4665308.96
45298	765512.1
45302	133649.92
45306	1642702.01
45307	2582436.66
45310	8492380.65
45317	3035897.2199999997
45319	58718.4
45323	1358511.6
45325	4454577.75
45334	472709.04000000004
45341	22772.64
45353	1331430.7000000002
45360	3906797.44
45375	127314.18
45378	648238.5599999999
45380	5395138.92
45381	1696634.1
45395	1900368.51
45400	743268.58
45405	1828448.16
45418	1850194.27
45421	5968362.46
45424	6925783.9399999995
45427	5510420.73
45428	1215228.56
45432	2757264.4
45433	1051371.36
4545	1383176.5499999998
45457	3162082.5
45468	2182447.8699999996
45475	2359486.7399999998
45476	7734361.62
45483	2200843.45
45484	1608246.64
4549	2589685.02
45508	3236525.24
4552	7347878.79
45524	3663015.84
45543	938879.2599999999
45545	4321972.19
45554	2261920.1999999997
45578	4420336.09
45579	149088.80000000002
45588	542335.36
45589	3591343.25
45595	78320.09999999999
45596	218502.53
45600	750253.14
45602	141040.84
45608	2918483.3400000003
45609	515357.7
45610	927102.42
45614	667038.96
45615	301589.44
45617	1824355.7100000002
45618	3204453.21
45620	6338981.72
45623	7007978.9
45629	3899503.4400000004
4563	4244236.92
45633	798480.69
45636	7937240.85
45640	326424.63
45645	2418501.0
45684	38047.03
45686	1315064.6
4573	3820602.24
45730	6140707.91
45732	694757.0700000001
45747	720290.85
45755	3281966.01
45776	7264149.5
45803	107598.74
45806	4763240.88
45807	136367.1
45809	12532.560000000001
45816	1896190.0599999998
4582	1262009.3900000001
45820	3210619.3
45825	965008.97
45830	440444.48
45832	1607039.7999999998
45842	2689489.79
45852	2981803.95
45855	92674.84
45857	1732261.24
4586	3037710.73
45876	7439675.58
45887	264615.12
45890	1027061.03
45899	2444692.12
45903	942807.25
45924	7925047.68
45926	3293931.06
45931	5053188.55
45933	3592495.8
45942	25132.83
45944	1230302.48
45945	1628167.24
4595	157855.21
45950	1066953.4200000002
45952	1705574.8800000001
45954	2278389.75
45955	1654555.0999999999
45956	3170323.26
45958	4379843.19
45959	373345.45
45972	2164874.58
45974	697836.33
45984	4653079.2
45987	7486441.56
46000	7780221.47
46015	7816307.2
46021	314204.1
46026	5600430.29
46032	1676735.76
46033	9031460.58
46040	2117518.1799999997
4605	3821190.22
46060	580745.51
46083	1701928.8
46085	1185636.6
46090	452276.3
46095	1169520.0
46099	3744135.3600000003
461	24725.22
46100	517993.75
46103	1122568.95
46109	5776778.08
46115	2939872.74
46129	8472717.959999999
46132	1098142.5
46138	4643865.359999999
46139	1321536.45
46144	3117769.4600000004
46147	1328856.48
46158	6140125.44
4616	1525374.46
4617	1640100.15
46174	1708893.44
46180	1245828.4000000001
46192	839149.92
46201	4160812.26
46203	5405920.52
46204	5846451.56
46217	2268121.1999999997
46222	139852.88
46223	566690.52
46226	574925.19
46227	423461.44
46233	534375.61
46235	1633920.0
46240	2008863.04
46243	1126878.19
46263	264557.3
46267	3983126.4400000004
46268	4298301.56
46277	4755154.32
46281	949881.6
46282	2657507.58
46286	5091983.1899999995
46287	5393328.32
46288	2743781.06
46294	2943063.6300000004
46303	3177383.84
46304	769622.11
46314	1833930.0
46316	670074.2999999999
46318	7536275.22
46319	3191050.0
4632	3247097.46
46324	2184844.2
46325	8895569.09
46326	2708192.9899999998
46337	4150917.8999999994
46339	1653732.0
46340	5467559.55
46343	632708.3
4635	4744693.74
46350	872840.0
46353	1662787.5
46364	5402222.640000001
46372	149685.63
46386	1613748.4000000001
46391	3605411.9
46397	5634409.92
46419	3500923.38
46424	736160.98
46427	89848.9
46428	981957.2399999999
46433	5917316.4
46438	1970820.0
4644	6322011.96
46450	7272724.4799999995
46469	1812623.7999999998
46482	964132.8600000001
46485	409327.75
46489	4005452.1599999997
46493	939143.4
46504	2507898.8000000003
46508	1535080.2599999998
46523	3059671.3200000003
46529	3286288.18
46531	818586.9999999999
46535	4558697.640000001
46541	6525842.399999999
46549	3521848.33
46550	2353936.3200000003
46551	2858150.84
46554	1848118.1
46574	346533.66000000003
4658	5244978.18
46588	1695916.4
46594	2114328.8000000003
4660	2850739.63
46612	1737730.5299999998
46620	7999778.350000001
46622	4794110.3
46649	6089551.65
46651	5965198.65
46655	960719.76
46663	2913032.08
46669	1628295.8399999999
46672	3459836.6999999997
46673	1267351.4
46676	258708.37000000002
46679	8270486.55
46687	1830561.3
46694	1301310.1300000001
46698	2290754.25
46708	2452102.25
46710	2105058.96
46712	7341477.26
46719	3180025.64
46722	237348.56
46723	3340203.3
46726	1260100.8
46731	793255.88
46738	2392151.8
46742	3453877.8
46746	755634.1599999999
46753	243845.81000000003
46762	3207870.12
46770	104706.98
46771	6023038.04
46775	6488984.66
46782	570392.8
46786	1749903.75
46790	60364.62
46793	388860.12
4680	891044.5599999999
46802	4827193.659999999
46806	189389.72
46809	236937.54
46810	358906.25
46833	560628.23
4684	74475.52
46843	86502.36
46845	2724236.8
46869	276825.12
46873	951712.89
46877	3781834.3200000003
46891	8302192.12
46895	394353.96
46903	936946.78
46907	4817537.02
46908	10099.53
46917	48689.799999999996
46918	3420152.12
46925	3144083.0100000002
4693	4533556.1
46932	1626065.4000000001
46943	135732.47
46954	116040.95999999999
46955	1442448.0
46958	497774.75
46961	425785.69
46963	1406703.04
46987	140186.36000000002
46992	847943.76
46995	4741713.2
47000	6153839.1
47008	1123641.25
47016	728447.49
47027	6322031.52
47044	1560788.96
47048	1884423.4799999997
47049	8180955.0
47051	6044387.16
4706	3044456.85
47065	2521906.14
47074	136884.93
47082	3123056.74
47093	1617074.79
47095	558886.12
47104	174615.07
47109	3224113.1999999997
47131	3628918.86
47132	4645463.13
47140	141191.69999999998
47150	367792.32
47152	1459685.8199999998
47172	1707594.98
47180	4258219.0
47185	2716076.82
47189	907726.0
47202	655036.37
47216	2940693.03
47219	1309225.79
47223	10950022.129999999
47228	1822743.24
4723	6140245.800000001
47235	316861.86
47237	401070.39999999997
47240	2037225.92
47243	5504609.23
47255	5538640.5
47257	801529.33
47258	1549425.05
47268	4832205.66
47272	1167028.3800000001
4728	13905.5
47280	6305068.0
47284	2458257.5
47287	2035404.6400000001
47291	6620538.2700000005
47296	3987578.8400000003
47298	462250.06
47300	6096060.45
47304	4936296.55
47305	3230161.35
4731	8772846.7
47315	2891747.98
47317	651480.48
4732	2358810.9899999998
47347	1724824.96
47349	7838404.0
47352	1184614.18
47362	3355468.6
47363	2794092.15
47371	754439.64
47374	19557.87
47379	1069877.52
47384	1079137.4
47398	933469.64
4740	727631.1000000001
4741	7663376.21
47413	4300695.0
47418	4942385.91
47429	111862.53
4743	950501.8
47436	2215097.45
47441	102532.49
47465	2004527.1199999999
47466	3958926.84
47468	3117936.64
4747	1984655.8
47480	1204091.7000000002
47485	2735143.8400000003
47492	98862.40000000001
475	6365064.859999999
4751	4670875.819999999
47516	2130427.04
47522	4733420
47528	1418876.34
47539	4611949.4399999995
47545	6382419.33
47548	7818721.600000001
47572	4061613.81
47580	33897.93
47584	1368041.7000000002
476	1631154.06
47600	2743631.3800000004
47604	2753354.0700000003
47609	6360486.9
4761	25179.68
47612	6561464.2
47615	6601634.34
47616	8737229.68
47624	2794158.72
47630	1178057.4000000001
47635	1245822.09
47642	6686445.0
47643	2733335.5500000003
47644	812033.0599999999
47653	5357816.64
4766	5774291.25
47660	7160763.92
47663	6593388.4799999995
47664	574797.52
47666	2085344.28
4767	5749437.96
47672	1054417.1199999999
47674	644204.96
47675	138753.36
47677	37980.04
47678	1879203.5499999998
47682	926491.96
47707	1307555.2
47710	2008284.48
47716	3667989.87
47722	118645.08
47727	1662455.16
47728	438166.14
47729	1568383.5
47745	1998685.92
47749	183994.8
47753	2953858.05
47757	79951.41
47759	241453.8
4776	2729537.7199999997
47767	4879741.37
47771	2391958.45
47786	238437.75999999998
47794	133322.16
47796	1293671.7000000002
47806	1982278.9799999997
47811	665384.3200000001
47814	7944083.0
47821	2791668.88
47823	1235420.52
47827	2968617.5100000002
47829	8122796.5
47838	337470.2
4784	828872.34
47845	728822.64
47857	453700.94
47864	6323538.28
47879	1320783.04
47882	2009990.4000000001
47884	1099115.3699999999
47885	411629.28
47899	4289098.65
47904	430080.98000000004
47909	3785914.97
4791	1909032.6600000001
47912	479601.98
4792	1241330.04
47922	834838.0599999999
47928	4261541.12
47931	2458074.88
47932	4380131.67
47936	658386.9
47937	2678975.54
4796	193945.57
47961	1709407.3
47963	5705130.76
47972	1149951.06
47980	7816162.739999999
47987	28947.45
47988	14001.78
4799	5420084.97
480	2316197.2399999998
4800	666297.13
48012	1000087.8
48028	1050091.0
48031	4167887.9400000004
4804	3112668.5700000003
48049	2122511.2199999997
4805	524454.56
48058	715504.56
4806	115101.8
48076	4410307.62
48082	814299.75
48083	2757996.36
48093	1473899.85
48099	645744.45
48100	1380520.93
48103	3418306.92
48104	4623845.6
48105	7238966.800000001
48106	6519097.0200000005
48112	1116954.8
48113	2270428.53
48114	1744080.96
48118	39816.4
48122	283537.48
48124	4124489.2
48127	544773.8
48133	905831.55
48137	3696002.8000000003
48140	373798.04
48144	2156755.36
48149	189345.04
48174	2227782.51
48188	548573.83
4823	221792.19999999998
48234	6123536.0
48236	3011244
48243	101693.13
48251	324040.2
48280	549922.41
4829	1585059.42
48297	515530.44
48307	112509.09999999999
48310	4387279.26
48311	904862.1
48320	190379.28000000003
48324	4744296.96
48329	1211723.04
48334	155650.80000000002
48336	7113903.000000001
48345	1235223.1600000001
48346	2783673.92
48356	3788836.92
48359	2124392.5
48380	6733219.4
48391	6515463.9399999995
48394	1288072.6800000002
48403	4805987.76
48407	135402.74
48428	5744604.71
48430	6867622.91
48432	3275037.36
48433	2109514.08
48435	8352863.1
48437	6356982.72
48440	1517617.0799999998
48454	5355744.29
48458	6922901.52
48459	31979.570000000003
48460	9409793.93
48462	64115.24
48463	6142384.16
48488	2896839.7399999998
48491	141291.36000000002
48504	156855.48
4851	6874036
48519	2236874.7600000002
48521	422473.83999999997
48525	459555.47
48528	4037167.68
4853	3687554.16
48530	207371.64
48536	285382.44
48544	203528.0
4856	499784.88
48564	54585.44
48578	663705.8999999999
48587	1598293.0799999998
48589	4239190.930000001
48599	7861179.4399999995
48603	6497519.5200000005
48604	2675785.56
48607	7079061.600000001
48613	2646425.74
48619	2897581.6999999997
4862	3418415
4863	8939044.92
48633	4618510.4799999995
48635	1802784.2
48636	43193.54
48642	3456189.38
48643	555812.88
48648	2282614.1
48662	560754.18
48678	1424668.0
48684	4467262.45
48696	5045857.99
48705	2693962.8000000003
48707	1826144.32
48708	32081.5
48710	473991.57
48711	2197231.4
48714	2209958.85
48721	10762582.49
48731	4043055.1000000006
48739	1628693.07
48744	5662770.75
48756	353962.7
48767	4423363.88
48769	2945832.1999999997
48771	3657314
48781	5325911.54
48786	4093963.2
4879	3469162.12
48790	3273006.2399999998
48791	1002071.0
48792	1245047.04
48798	457337.2
488	1492205.9999999998
48804	259801.09
48807	9209496.24
48808	4516517.85
48818	158977.52000000002
48822	2233263.0100000002
48823	856301.0399999999
48828	6790752.949999999
48829	632053.9600000001
48830	802578.84
48831	3731408.4
48838	1342527.6700000002
48841	398402.72
48843	54351.54
48844	6805857.25
48854	610385.01
48857	2562219.16
4886	1678446.92
48860	4440235.32
48868	954412.9199999999
4887	4046108.79
48879	2649557.56
48885	1717428.0
48890	3911160.2399999998
48895	63869.399999999994
48923	6651995.12
48926	1559231.82
48928	406051.47000000003
48931	2258479.8
48932	1170358.63
48937	995966.4
48954	2267808.9
48957	6158570.32
4896	1712955.4000000001
48977	5623835.4399999995
48981	1028889.6000000001
48986	185310.68
48989	3117410.5799999996
49008	657515.5599999999
49012	2145359.9699999997
49027	329591.6
49033	8253696.2299999995
49035	3344038.17
49039	2837256.79
49045	2033098.08
49053	2174176.75
49054	3561534.99
49055	3931391.1
49058	3479011.17
4906	757316.74
49062	2640155.0
49076	3850249.5799999996
49082	1901589.25
49092	120645.72000000002
49116	1328102.5999999999
49124	857200.64
49126	4727219.4
4913	1553083.5499999998
49153	6624933.300000001
49155	4981698.779999999
49157	2434886.86
49159	217706.67
49161	2279645.0
49167	3648698.65
49176	6968390.9799999995
4918	441482.07999999996
49180	47233.92
49182	6284964.82
49183	2947769.93
49191	235207.89
49200	7168581.0
49202	3597900.35
49211	2865707.46
49212	6404546.85
49214	6510590.970000001
49223	2981252.3000000003
49226	7680400
49234	2724215.7600000002
49235	5388566.5
49242	2122628.25
49246	6488760.96
49257	5788451.55
49258	805765.28
49259	626057.64
49263	438952.42
49266	1721090.72
49274	1019358.99
49278	3205930.2
49281	782762.4
49286	152740.4
49306	1660572.0
49310	542229.03
49313	2350398.52
49314	3109277.1
4933	207589.83
49331	341703.2
49337	1396970.9600000002
49349	347602.41
49355	797041.48
49361	554544.0199999999
49365	1125432.0
49373	6332381.07
49395	1318902.72
49399	3231040.4499999997
49407	373640.85000000003
49411	1881912.9200000002
49412	2599350.2600000002
49413	7478945.0
49421	585127.4
49422	3462631.0
49431	3717975.69
49436	3195698.8699999996
49443	1284706.64
49458	459306.64
49462	1187871.1199999999
49465	7673747.28
49467	3413467.59
4948	2744726.02
4949	945174.92
49491	405552.0
49496	6975464.76
49499	149100.42
495	119211.58
49504	620377.24
49512	24454.98
49515	1864271.5
49520	411106.97
49537	3662602.0699999994
49548	473251.7
49552	1885007.9000000001
49555	373399.95
49569	2131133.27
49578	1692478.48
49583	1336410.6199999999
49586	72944.95999999999
49597	537421.74
49608	2871633.16
49613	1208494.98
49620	99954.0
49635	2266882.98
49644	652790.25
49654	927934.5599999999
49656	3127333.0
49676	1608010.9600000002
49684	3434979.06
49689	1704544.98
4969	1208768.12
49693	3770843.1
49706	50353.3
49711	4794179.79
49720	5358229.5
49723	41147.520000000004
49727	3984881.67
49728	1802844.16
49731	969134.4
49732	2910394.92
49739	628662.25
4974	1099858.76
49741	5926467.6
49747	931100.7
49759	1061667.1199999999
49761	1106089.71
49762	372671.88
49772	3063077.44
49776	719464.35
49779	394200.2
49784	1544693.5699999998
49788	8694846.71
49791	272890.51999999996
49792	5568964.100000001
49793	150259.7
49795	4843973.16
4980	3281287.2399999998
49802	394600.92000000004
49819	3835466.56
49821	4487679.0
49850	903143.15
49851	11043701.780000001
49853	2426884.03
49856	61831.549999999996
49875	3841560.8
49878	208989.36000000002
4988	1050625.4100000001
49883	4437793.5
49888	4804086.95
4989	79545.36
49901	823373.12
49902	4261349.64
49906	1198257.92
49933	922214.4
49940	8402328.2
49945	6020425.180000001
49969	44228.75000000001
49970	1867843.3399999999
49972	3825681.6
49984	332530.55000000005
49989	1937368.44
49996	306599.88
5000	3496268.94
50019	571512.57
50025	2605035.2800000003
50030	1577635.26
50032	787622.9400000001
50043	3330972.9
50052	2584587.18
50076	1858723.68
50084	4435415.59
50086	86657.36
50089	113775
50094	1161120.4000000001
50103	4620994.13
50115	5053640.640000001
50118	3241157.43
50119	1883621.32
50120	7210752.569999999
50126	942873.36
50129	6845663.9
50134	111624.72
50144	1484534.48
50145	1894437.18
50147	3789371.24
50149	2371130.52
50151	635187.5599999999
50157	6676860.41
50166	8007137.89
50167	4919302.48
50177	858560.6
50179	1443516.24
50180	1754769.96
50181	4167413.7
50207	4933288.1
50211	6779852.24
50212	651842.24
50219	7399513.970000001
50230	3023693.55
50231	2094505.54
5024	3561887.48
50242	384227.88
50253	401542.72000000003
50257	2424450.33
50261	5423405.9
50271	1289118.48
50274	2923126.16
50288	1485748.03
50296	433417.20999999996
50299	3431844.54
5030	3056872.3
50309	213532.0
50312	1784233.77
50314	6194783.049999999
50317	4191861.2399999998
50323	4984656
50325	2323937.7399999998
50327	94800.78
50349	896426.3
50360	2788803.45
50368	6033634.16
50383	3987458.25
50386	8261380.05
50387	2966926.14
50389	4627308.5
50394	1063902.9000000001
50403	3053729.25
50408	178523.42
50411	590345.1
50414	2698982.8200000003
50421	1799596.8
50422	3361676.76
50425	1254494.22
5043	3957116.8000000003
50431	353677.06
50434	234337.74
50436	5292579.54
50446	6040164.64
5045	394192.7
50465	8930503.14
50473	2808998.97
50476	7061400.42
50483	2147750.9499999997
50490	1366990.2
50515	2193160.09
5052	44895.0
50532	8632648.24
50533	395527.93
50553	856368.63
50562	332632.44
50578	5948192.1
50585	7710856.19
50586	877552.84
50597	5248919.22
50599	3505947.1199999996
50602	4303437.44
50605	1111720.5
50607	4445303.13
50609	1493230.14
50616	8134089.82
50622	890436.33
50625	1805600.9700000002
50628	1175916.46
50630	261834.30000000002
50636	4994409.42
50640	1150701.06
50644	78386.4
50648	1840924.26
50653	3078799.2399999998
50673	482164.35
50676	1191743.28
50737	265649.8
50740	7807432.739999999
50745	103972.95999999999
50755	1032844.52
5076	228069.27000000002
50783	4061798.72
50792	2984578.2399999998
50796	6343581.3
50799	4862359.0200000005
50809	433192.76
50814	4423322.54
50823	4825973.34
50837	3902951.09
5084	1962195.8399999999
50840	3979022.2399999998
50847	2143458.9699999997
50849	1167231.56
50860	2493344.7
50862	1062802.8299999998
50879	2905452.0
50883	2576321.06
50884	366000
50895	2592040.59
50906	2720213.4
50910	3495416.4000000004
50920	4103253.7
50922	802106.4
50932	2606943.85
50933	5067338.85
50934	666208.26
50935	2049720.68
50942	486073.35000000003
50948	1340430.78
50958	2126432.0
5096	2487591.64
50961	4067197.15
50962	288852.3
50963	3544300.48
50964	1654652.2200000002
50965	778384.94
50989	175562.99
50991	85535.79999999999
50995	520962.3599999999
51004	322659.92
51021	1574662.72
51023	117041.28
51028	76740.95999999999
51029	3301057.44
51030	526520.28
51034	1378631.38
5104	2949854.88
51049	2230531.27
5108	1424940.69
51080	110986.51
51084	1369957.76
5109	35082.36
51090	3632388.18
51093	5177339.45
51104	5191982.76
51105	7439038.529999999
51107	349607.27999999997
51108	2419474.1
51110	7759081.100000001
51117	8274504.300000001
51118	2658415.4
51121	268618.08
51127	605309.5
51128	651323.4400000001
51137	64068.479999999996
51152	4258144.37
51165	301970.25
51181	2905595.5500000003
51188	3196700.8499999996
5119	1987641.44
51190	1070786.98
51193	339490.44
5120	2383143.18
51210	3508000.86
51212	328105.8
51213	5575231.2
51216	547551.9
51223	2044100.49
51225	920934.92
51233	2320167.0
51234	1391850
51242	753721.2
51247	7440537.75
51258	113910.64
51271	4179129.18
51275	1598461.5
51277	4368460.8
5128	7125038.44
51285	6148053.3
51292	3010056.0
51293	633982.8
51295	8156419.2
51301	3890738.9799999995
51306	3141019.14
51307	4079011.68
51308	1592011
51314	652265.0700000001
51315	3548162.4000000004
51322	4953282.2
51326	2444086.0
51329	718294.0800000001
51332	413376.0
51333	1435190.68
5134	8728424.639999999
51340	5181176.84
51346	6164494.08
5135	1137368.0699999998
51357	1152588.0
5136	4305020.04
51360	633309.6
51362	3605042.48
51372	695166.75
51381	1401514.65
51387	88973.0
51393	3102147.44
51399	286422.12
51417	2852737.36
51422	2904298.55
51427	1083584.32
51428	1351239.01
51431	630595.76
51435	6284363.04
5144	1482866.1400000001
51457	3766539.75
51459	4534687.5
5147	4255636.319999999
51479	1643093.3699999999
51483	4620293.6
51489	304194.87
51493	6585989.9
51515	43782.159999999996
51518	640425.76
51520	393545.55
51524	173527.2
51530	2738412.48
5154	6173090.56
51543	328129.04
51548	760073.6
51556	4989725.3
51558	1741412.74
51562	598314.6
51564	3305233.36
5157	2738943.13
51578	1815492.68
51584	5148885.04
51595	1199382.96
5160	580562.37
51620	1241022.37
51628	2409440.7600000002
51629	751202.1900000001
5164	458993.47
51640	4995894
51657	7943593.7700000005
51659	3693007.47
5166	653941.75
51663	1713656.75
51665	1369294.47
51671	140444.88
51679	3186013.5
51684	47035.68
51686	4879429.8
51694	1001853.49
51702	5361963.75
51705	128856.09000000001
5171	1123337.8399999999
51713	5286254.399999999
51715	27808.27
51716	706597.26
51718	4781859.42
5172	1147836.69
51727	8385426.4
51730	1171394.7
51736	1850972.8599999999
51739	7391213.5200000005
51742	2272233.6
51749	2533611.2199999997
51760	4382854.24
51761	900754.2000000001
51765	36832.65
51769	323371.92000000004
51771	1848824.2
51776	697025.0
51780	228690.96
51783	650556.8
5179	2597648.65
51791	2114182.86
51795	1705470.76
5181	7414533.44
51817	3966420.57
5182	7874521.7299999995
51822	3313447.62
51833	4059552.5399999996
51840	964448.0
51852	77859.74
51858	405915.75
51863	663868.17
51867	4145448.12
51896	3757780.08
51898	4775176.66
5190	19792.800000000003
51903	27304.19
51906	3096942.58
51910	2945443.41
51914	92225.28
51915	1293859.1099999999
51926	4102132.98
51933	4434991.12
51939	1100090.68
51943	788152.69
51945	1617006.78
51966	3569832.0
51968	7879102.21
51971	120724.51999999999
51994	4208016.8
51997	4869328.88
52	358792.36
520	3620487.2399999998
52000	2097904.48
52002	2657128.88
52008	4420975.68
52017	8398753.6
52023	5615964.86
52037	609319.36
52039	3252550.08
52040	2456779.89
52052	2916217.92
52058	747942.3899999999
52071	2362201.8000000003
52073	68146.90000000001
52082	5359074.869999999
52085	1749023.46
52100	5055858.0
5211	165594.76
52111	1943201.76
52117	33319.52
5212	3806080.3600000003
52120	54154.99999999999
52122	3583930.35
52129	677848.47
52158	718510.56
52160	2538713.1300000004
52169	1211472.3
52178	1422907.0999999999
52180	3678784.6299999994
52191	4176500.03
52193	3791253.6
52213	54952.28
52217	1242979.34
5222	6436656.69
52223	6157644.239999999
52226	8110723.32
52230	1410094.2899999998
52231	1128510.6600000001
52232	349500.06
52233	1593256.32
5224	872863.2
52242	1180848.9
52246	5007584.920000001
52251	543895.0
52262	3205076.28
52266	559881.4500000001
52269	582502.02
52276	4607590.4
52279	2610662.23
52281	85029.12
52286	3101443.3
52290	4277165.8
52292	3536783.16
52294	961852.2000000001
52295	4006848.4
52299	210420.50999999998
52306	2740009.6
5231	1230959.52
52323	671445.0
52324	4215606.0
52336	1256650.02
52338	7898638.08
52341	2642686.9499999997
52352	559514.6000000001
52353	84131.2
5236	3296856.07
52379	2836597.5
52381	2798323.29
52387	1038434.46
52391	4381247.62
52403	27079.36
52406	310117.5
52408	5234094.27
5241	577772.44
52418	1989168.84
52443	4624866.84
52449	7263204.12
5245	1285898.49
52454	2046700.32
52474	7724364.8
52475	947572.48
52488	2925653.64
52500	1603001.82
52517	19593.6
52524	1413179.8
52528	7405821.87
5253	4641093.989999999
52530	1817508.95
52535	3951832.87
52537	2674035.45
52561	5189254.05
52569	1612601.3800000001
5257	8320350.779999999
52591	1498405.29
52594	9508325.76
52599	7218143.760000001
52604	373510.72000000003
52608	348414.2
52619	2312366.94
52620	2238039.0
52623	203327.71999999997
52625	1580895.25
52631	3914899.59
52632	1534209.0
52634	3360515.4
52642	126924.71999999999
52649	145270.59
52650	157156.66
52654	3639694.44
52656	2023864.3800000001
52662	3967835.1
52664	206649.84
52666	2073571.5
52671	51427.979999999996
52672	4215127.32
52682	3782390.69
52685	5271428.850000001
52696	5447014.92
5271	10639392.65
52712	1086654.32
52716	1243935.75
52717	1776166
52724	2110555.44
52735	781140.4800000001
52736	6812106.720000001
52738	2343021.71
52742	536525.65
52747	398776.94999999995
52756	6085659.600000001
52766	133256.5
52779	2536989.81
5279	7143521.840000001
52793	434549.57999999996
52801	4732320.24
52804	8632109.25
52810	1119680.6400000001
52812	737653.14
52814	2403200.2399999998
52817	3045747.43
52819	3319398.37
52822	2563281.4
52828	5175030.38
52834	992630.1
52853	1737985.9200000002
52865	437332.58999999997
52868	3260360.07
52871	2297247.12
52874	972699.42
52888	1567203.84
52892	2991161.2
52893	247277.69999999998
52899	3910722.93
52916	580467.33
52919	6155533.15
52921	3702712.5
52926	728111.7999999999
52927	1983307.6800000002
52930	1537327.8
52936	594357.32
52939	2677653.0
52951	3576180
52961	136184.12
52970	9204415.950000001
52978	4004990.1
5298	3829808.04
52988	5329992.36
52995	606374.16
53017	6485563.5
53020	2022629.1600000001
53038	3400828.48
5304	27686.12
53047	2312086.95
5306	274442.5
53071	637575.15
53082	6110842.100000001
53083	759520.15
53090	377672.4
53091	2721865.14
53101	5886260.48
53104	1115360.22
53107	2930807.2199999997
53110	3451639.65
53112	2055014.6600000001
53113	2850267.7199999997
53114	2853842.25
53121	396114.45999999996
53129	4045191.5400000005
53130	3743177.1300000004
53133	6273926.51
53135	8753491.799999999
53138	1338979.32
5314	7825250.1899999995
53141	659348.7799999999
53145	182377.19999999998
53178	7326008.0
53181	6861704.0200000005
5319	760122.2200000001
532	1682311.48
5322	4880742.36
53225	4590523.44
53240	352461.92
53242	723415.4299999999
5325	5289245.22
53250	484679.4
5327	183403.84
53288	855567.13
5329	3629438.86
53297	5436831.96
53299	1930086.84
53301	3505385.0
53304	166235.81999999998
53314	430699.59
53319	2353064.3499999996
53325	5591016.640000001
53328	58730.259999999995
53342	448355.75
53345	3602121.16
53352	5329009.55
53354	242142.39
53367	232088.82
53369	445624.16
5338	1904302.77
53380	3750280.58
53384	207727.0
53388	705384.21
53411	4123052.58
53415	3877452.0
53417	3070310.4899999998
53425	4395113.0
53427	1052776.28
53437	5532955.82
53438	4934059.899999999
53439	1296288.6300000001
53440	4970603.100000001
53443	3651845.1199999996
53447	3630232.9499999997
53448	1547218.4
53449	2327869.53
53453	115662.84
53466	5015433.28
53467	269404.2
53469	88155
53470	462981.91
53480	2194729.64
5349	4256033.08
53494	815177.03
53496	11942.91
53509	687129.48
53519	2837460.64
53526	5511540.42
53528	20072.97
53533	4203966.9799999995
53534	264532.84
53535	19920.48
53554	4904667.399999999
53578	304272.15
53585	2001405.51
53589	2750991.9
53592	471052.77
53593	6053014.8
53595	6893990.9399999995
53602	2977838.29
53609	25736.760000000002
53610	1058686.0799999998
53615	60384.01
53623	5847884.0
53626	322741.1
53632	2287199.46
53633	670472.35
53637	2204630.35
53642	1511973.54
5365	377217.96
53670	2828320.8
53673	493951.3
5368	8786274.14
53686	1685993.8399999999
53695	2554781.5500000003
53698	1366782.1500000001
53710	4578085.72
53715	6359005.2
53717	3246133.5900000003
53718	1259228.0599999998
53721	1152254.6300000001
53728	1607570.56
53738	3386110.0000000005
53739	2094924.8
53747	5542983.6
53752	3975934.8
53756	2339888.53
53760	1956944.46
53763	2021026.86
53770	102332.75
53776	11758669.65
53780	580972.3200000001
53782	4725508.34
53797	390948.25
53798	2561244.6999999997
53806	1280184.05
53807	5379924.13
53811	7189529.72
53812	6660082.17
53813	5766976.64
53817	1251034.35
53819	945720.16
53820	671136.5700000001
5383	390892.16000000003
53831	3191252.14
53834	1717176.08
53838	2917898.4
53845	392121.94
53851	2518043.7800000003
53857	1297811.6099999999
5386	2863148.08
53862	1815447.38
53865	2703343.44
53867	2184811.11
53884	2696697.33
53886	680106.15
5389	652812.24
53892	4475542.5
53898	2226299.84
53912	5383778.4
5392	3320357.15
53920	4359818.13
53922	74359.8
53927	914095.44
53933	3025720.6799999997
53936	1471155.18
53962	22739.940000000002
53964	2186842
53978	5425218.96
53984	3598988.4000000004
53988	4266114.12
53994	4105780.74
53998	399537.72
54020	3282288.62
54023	553702.5
54025	2876383.34
54029	1562043.3
5403	5686436.52
54035	52101.600000000006
54043	579292.65
54047	763674.8
54048	1980033.07
54053	547897.6799999999
54061	1981507.5
54063	1679032.74
54069	207419.99999999997
5408	953881.76
54083	1954560.75
54089	1521163.8
5409	128593.90000000001
54100	4728164.75
54105	911155.2
54113	583263.9
54134	778224.86
54142	158776.25
54145	440885.76
54148	2216339.84
54156	5926548.42
54164	1824913.52
54168	405924.72
54170	2266431.1999999997
54184	423751.65
54189	1581151.5
54191	626908.8
54199	2340700.6
54203	2343660.0
54207	1761074.46
5421	238807.03000000003
54210	3267836.94
54212	269080.24
54215	2251067.19
54218	165831.12
54220	430693.19999999995
54221	1755219.84
54224	994357.24
54232	2007640.47
5424	2160117.72
54241	8550785.25
54247	4507620.720000001
54254	313136.94
54265	4976445.6
54266	2097622.8000000003
54270	1636122.24
54274	1214788.78
54276	3125226.3
54281	3155608.96
54285	132027.12
54288	300206.9
54296	3018048.49
543	2167368.0
5430	119831.14
54300	4124709.15
54302	2728689.12
54322	319123.43
54327	1239781.83
54338	2340673.14
54345	3132610.25
54357	1124156.88
5436	8236039.57
54363	763299.68
54368	3154455.36
5437	39189.479999999996
54372	880154.7400000001
54388	2726075.66
5439	2504230.56
54401	149431.38
54403	827421.63
54411	8805703.4
54415	5392352.36
54419	5965711.0
54420	11345076.879999999
54438	4738805.0
54444	289565.7
54448	56606.479999999996
54450	737528.4
54451	1689606.4
54456	1078649.52
54473	4201121.08
54485	1518011.52
54493	663106.5599999999
54499	27420.66
54502	2061686.8800000001
54507	1759503.9000000001
54522	4358094.85
54528	5208435.0
54537	3412491.29
54542	1262805.72
54544	115146.12
54545	537634.05
54558	8378041.92
54563	237751.58000000002
54567	2160798.92
54576	1576144.1400000001
54590	2824951.4
54602	2788898.96
54605	1182219.22
5461	435692.32
54616	204192.57
54625	545260.2
54627	6565860
54634	1106875.2
54643	179044.25
54645	893870.16
54665	3089554.66
54674	5108013
54678	2027683.44
54683	2874563.6399999997
54696	7354756.87
54716	4869418.47
54718	3233973.01
54722	7013470.1
54728	6714509.34
54731	1413834.44
54735	2520587.61
54736	2251606.14
54737	3047577.76
54738	949937.8799999999
54747	2723253.1199999996
5475	3323421.09
54751	1219942.3
5476	559311.1
54761	1599151.29
54767	1044534.78
54774	260048.27999999997
54777	4772905.28
54781	6079450.64
54784	6508595.35
54786	647370.2200000001
54791	2346581.66
54795	1128823.52
54799	6660514.2
5480	3136635.24
54800	181327.6
54808	991012.02
54829	1133017.44
54841	4985765.46
54843	6752356.52
54846	1240813.23
54857	2146131.0
54858	2037340.8
54864	3702577.7
54872	233914.39
5488	978034.5
54886	1100528.52
54891	7623796.96
54896	1298713.1199999999
54908	39859.56
54913	2092090.96
54923	792026.62
54934	97125.72
54948	1423554.4200000002
5495	8164805.22
54959	2595236.71
54973	3843851.0
54979	2870931.3600000003
54980	6246431.76
54985	1839291.42
55009	700379.5
55015	22087.559999999998
55022	30997.149999999998
55033	428132.89
55040	6491661.3
55042	166075.0
55066	1743422.5
55074	4527234.899999999
55093	5992415.91
55096	2507487.84
55099	4024547.59
55104	69905.05
55105	5602401.75
55109	2624813.36
55124	128654.98
55128	1636094.3399999999
55130	97305.79999999999
55136	638996.6
55137	442213.69
55139	1800457.92
55147	5988529.8
55154	3413578.98
55155	2306762.52
55156	5780085.48
55159	4566347.2
55161	706665.48
55167	281685.59
55169	804277.88
55171	2205983.25
55177	6540839.5
55190	3792547.2199999997
55197	4821858.0
5520	6516897.78
55201	1914569.24
55209	29770.0
55217	979866.36
55221	13716120.47
55222	3110406.13
55240	591641.1
55241	379207.36
55243	1128959.27
55247	1957743.9
55252	923166.72
55261	5225893.2
55264	7149260.0
55271	1143921.68
55289	568132.32
55298	100474.92
55299	6374685.68
553	4486075.4799999995
55304	102422.88
55306	7296476.2299999995
55307	9717745.8
55315	4544259.2
55317	5425070.399999999
5532	9579964.14
55322	4951549.85
55324	2960991.3200000003
55333	300671.2
55339	53184.26
55350	468644.67
55358	8786820.75
55373	874207.24
55376	668932.2000000001
55377	337660.63
55379	682441.88
55393	1140414
55398	333794.46
55404	182556.66
55415	5486108.42
55421	3833464.93
55424	10444006.48
55426	1875981.64
5543	136635.92
55431	61964.700000000004
55432	2364122.9499999997
55456	1017591.1199999999
55466	54895.36
55473	3047462.21
55475	8058850.92
55480	6402996.899999999
55483	5504728.5
55505	3359727.0
55522	6702920.91
5553	35161.44
55543	5589091.34
55552	3231068.75
55576	13306843.350000001
55587	465630
55588	24230.85
55592	3776853.36
55595	2825844.4499999997
55597	4671063.81
55599	7205646.96
55606	2304619.8000000003
55609	5111731.71
55612	973047.18
55615	7490963.399999999
55617	2577943.85
55618	1806140.28
5562	1247964.19
55620	783490.0499999999
55626	1058622.0
55630	3017917.74
55634	4314092.25
55638	1467705.72
55643	1927664
55683	1505783.76
55686	9320304.4
55727	1223900.52
55730	3660447.8
55745	831534
55755	2580307.41
55773	7279039.46
55802	56279.6
55804	2607453.24
55806	161543.2
55809	1328532.5
55813	105576.96
55819	2530993.92
55824	8476893.9
55827	824828.95
55830	74886.7
55839	1031951.7000000001
55850	3357151.2
55852	400433.0
55857	2728193.8
5586	1112224.56
55873	859135.6799999999
55874	1983379.8399999999
5588	1017191.68
55885	4182820.4
55889	8431449.879999999
55896	24924.0
55900	26014.8
5591	416958.72000000003
55922	1044349.53
55923	4124168.64
55930	1818177.25
55932	1923190.32
55942	7078967.04
55944	3658026.12
55945	1075250.0999999999
55948	1792643.0
55951	857380.72
55952	7950387.0600000005
55953	440705.46
55954	1201254.12
55955	2576332.04
55958	124481.76999999999
5597	1724398.09
55972	282685.74
55974	381174
55981	8419434.38
55985	595767.24
55999	145688.3
5600	3139338.4
56014	150874.99
56018	2814907.38
56024	1085814.6
56031	2065740.8
56033	749056.86
56039	2592590.4
56040	3357256.09
56059	7054409.699999999
5607	1169574.6300000001
56080	5037969.64
56083	3049650.93
56090	181408.7
56094	6621781.63
56097	4031253.32
56098	107656.12000000001
56100	4901540.64
56107	963076.79
56114	811512.8
56115	5484468.9399999995
5612	1212165.0
56128	199484.8
56131	840640.68
56137	7971405.4
56138	924232.2
5614	10724668.799999999
56142	3041522.82
56147	223626.0
5615	115674.02
56155	799223.04
5616	4079335.46
5617	2388667.6199999996
56171	258349.8
56178	2714115.54
56191	8856546.959999999
562	5132487.25
56200	7774614.23
56203	2432592.24
5621	6102123.5600000005
56215	2634531.79
5622	3065678.14
56222	430174.38
56223	5883405.52
56224	1237858.12
56226	3525819.44
56232	1127632.8
56233	4014648.4000000004
56237	4965955.2
56243	2118932.42
56261	184591.05000000002
56265	930401.1
56268	102870.46
56275	1495367.8299999998
5628	306537.32
56281	2369086.63
56283	4124876.12
56285	7552161.760000001
56287	929909.75
56291	1215937.8
5630	3880782.4899999998
56302	5185183.68
56303	5701799.2
56312	7497865.8
56316	1149508.2
56317	3574035.1199999996
56318	2177821.06
56322	5984090.42
56324	467875.56
56325	2816622.1700000004
56336	5928351.050000001
56339	3402387.5500000003
56343	403499.38
56347	1010725.7000000001
5635	1276197.9
56350	603246.73
56362	9714922.83
56372	1671733.4200000002
56383	6238361.3
56389	61028.909999999996
56391	365559.58
56397	512355.8
5641	4616194.640000001
56417	8613450.35
56421	412702.8
56425	1858359.4
56427	1737806.4000000001
56432	2137629.12
56438	7832872.32
5644	4585209.66
56447	1406702.7
5645	577022.56
56469	485657.7
56479	5016082.010000001
5648	3057534.72
56483	1980439.0
56489	3545750.4
56493	268872.92
56503	3962237.82
56505	2670878.5
56520	1086026.06
56528	1749757.3
5653	18701.19
56530	6219947.37
56534	792926.9600000001
56538	4782819.33
56546	5761019.699999999
56548	13329014.969999999
56552	1364783.24
56553	5316417.54
56574	1069973.8
56585	1588839.24
56588	3378937.59
56594	1762442.85
56610	1060104.24
56618	1009063.6499999999
56619	7584343.199999999
56647	1178616.32
56650	1838464.56
56653	2259362.07
56661	955452.2
56669	2985395.2600000002
56673	47163.7
56675	1523751.0599999998
56676	660917.39
56684	8363198.0
56694	7936015.949999999
56695	3100165.9
56705	3428392.68
56708	6234908.16
56712	5683728.119999999
56717	6913267.8100000005
56720	1132963.2
56723	9435102.16
56726	1923544.1099999999
56729	165854.43000000002
56737	2683193.81
56739	597240.6
56746	1062433.5
56752	180160.41
56759	5501060.41
56770	1185088.3499999999
56771	760382.5599999999
56775	1949300.8800000001
56781	722497.05
56786	1650944.07
56790	1125378.8
56801	50874.03
56805	3773414.9600000004
56807	5471346.81
56832	1798182.76
56842	1319044.8
56843	2659802.85
56850	502481.0
5686	5840735.23
56868	3840502.98
56873	754065.9
56877	4458281.34
5688	3867672.48
56888	8173342.0
56893	7765854.32
56900	4635065.5
56904	5732324.2
56905	2749099.64
56906	2451121.6
56916	4413660.24
56925	185967.32
56929	1024483.02
56943	7432713.159999999
56953	250227.75
56955	513443.04000000004
56956	2339702.56
56958	122530.32
56961	3209937.22
56984	780075.5
56990	7520783.72
56992	268180
56998	1142662.6400000001
57007	50828.88
57013	602517.55
57027	3650667.3000000003
57030	1678963.1199999999
57042	4895777.2
57047	1385816.04
57049	4626206.97
57063	4343387.37
57072	1390174.08
57081	1114664.32
57090	2517851.12
57095	2401088.67
57101	4137667.2399999998
57107	1158532.8199999998
57130	1151658.2000000002
57132	2111450.88
57139	4777025.16
57148	126757.15
57150	73571.04000000001
57170	6544810.8
57179	76419.0
57183	1779082.5799999998
57188	63256.439999999995
57201	1366515.22
57213	1913785.12
57216	565377.0599999999
57221	138426.12
57223	238793.31
57227	406658.4
57232	75376.98
57236	980235.96
57240	3422759.7
57241	2046593.6
57242	1390850.4400000002
57243	2272552.36
57252	1082873.6099999999
57256	9708621.0
57266	526075.9199999999
57269	3729801.53
57279	343276.8
57282	1310509.96
57286	2640025.15
57289	3171903.7300000004
57291	926984.67
57296	2016270.54
57300	3134328.0
57304	2544328.0799999996
57305	28776.5
57313	5650960.92
57314	683412.24
57346	1462170.6
57348	2302506.25
57351	2612780.4699999997
57362	9355180.1
57363	1491620.74
57369	1714800.36
57371	7276011.600000001
57377	691694.64
57381	2901880.8000000003
57396	2492437.1
5740	5513291.0
57413	5016048.0
57418	2000573.6
5742	3970717.54
57428	3961719.93
57433	2651268.7199999997
57439	3360127.0500000003
57464	2153152.36
57465	2681377.21
57478	4251230.1
57484	7113995.880000001
57490	445948.24
57514	6416135.55
57520	1109351.33
57527	2189000.75
57538	4654361.399999999
57545	3317673.2600000002
57547	3104222.0999999996
5755	1405480.38
57571	2501877
57579	5417031.34
57581	6074466.12
57604	1056058.88
57609	3982352.14
57610	2090188.8000000003
57613	415294.44
57614	6235478.960000001
57621	597951.2000000001
57629	50015.52
57635	2342099.25
57639	1681946.1900000002
57642	465466.92000000004
57644	750607.46
57652	360937.7
57660	1206388.61
57661	8168848.16
57664	469026.18
57666	689574.3999999999
57672	816373.3200000001
57674	491131.62000000005
57675	899938.22
57676	2519090.64
57682	814695.02
57702	153651.9
57706	1456810.56
57707	3142442.34
57714	416350.58999999997
57722	3695071.8600000003
57726	9711792.100000001
57745	1056311.4000000001
57748	159550.28
57752	4166380.16
57756	44969.28
57757	2710328.7
57766	2239529.32
57769	1272209.4
57783	6700634.62
57791	617592.78
57794	978979.4299999999
57804	2187148.0
57809	255547.44
57812	32876.55
57820	4391328.7
57822	512063.43
57827	91330.02
57829	623475.1599999999
57838	380366.54
57844	250181.46
57855	121624.92
57863	2250732.78
57878	83403.98
5788	75257.8
57882	2622564.32
57884	988769.5200000001
57898	5648018.46
57903	3403025.56
57909	1730437.7400000002
57920	3181429.3
57926	2229716.5
57929	6116695.2
57931	5278578.2
57936	8111927.25
57937	344680.16
57960	1510219.96
57961	1379507.01
57971	131438.7
57978	446341.06
57980	77954.4
57985	92574.09
57988	2705586.39
58010	2213034.05
58027	1649925.0
58028	3266527.68
58048	1943798.57
58057	3431001.8800000004
5807	79724.32
58073	2160912.15
58081	3021051.18
5809	5610385.58
58092	1617495.0
58097	4180549.92
58100	2293037.6100000003
58102	8632614.54
58104	5250773.28
5811	4355075.970000001
58111	2350075.98
58114	249055.62
58117	3456282.5500000003
58120	4100526.9899999998
58123	2033210.3900000001
58125	4560941.25
58131	535941.0
58135	183142.3
58139	327510.48
5814	7504438.08
58143	3774130.4699999997
58148	9895894.4
58171	378329.07
58188	2307627.7
58232	2229600.0
58235	5868430.579999999
5824	7985340.02
58240	2870753.41
58250	1197669.88
58278	700480.48
5828	4183964.16
5829	2378037.92
58294	98942.52
58307	1952757.8800000001
58309	3638771.29
58311	528843.25
58318	199825.08
58324	876017.6
58329	4288661.92
58332	8536074.69
58335	264463.58999999997
58342	4325646.44
58344	2101022.64
58355	3661874.5999999996
58357	1284834.5999999999
58378	870201.5
58379	7654486.24
58390	491808.19999999995
58394	1270296.7
5840	8570728.74
58401	5284147.8
58405	934534.44
5842	335644.05000000005
58427	7103466.870000001
58428	154217.94999999998
58429	206822.2
58430	1833728
58435	2399726.16
58437	3267595.36
58453	7489277.82
58456	2496629.2
58457	4923006.0
58458	8016192.52
58459	1031877.17
58460	12760.76
58463	3949003.8200000003
58486	511856.8
58490	2891050.84
58504	2360606.64
58518	2771696.58
58519	2011091.94
58523	4765203.27
58525	2202297.12
58529	933328.7599999999
58536	2345348.6
5854	910530.92
58544	1736401.92
58564	38866.9
5857	705008.7
58575	54991.18
58585	3080843.55
58588	4201460.819999999
58599	7620961.92
586	103845.5
5860	617842.4400000001
58600	4305428.4
58602	2180135.58
58603	3986671.3
58605	2535582.5100000002
58612	289641.96
58619	211686.24
58632	2803830.39
58633	113505.28
58636	4714575.64
58642	1423437.0599999998
58643	704098.3500000001
58647	3673929.49
58660	2058945.05
5867	2423935.36
58676	3508294.14
58683	3068815.86
58696	2967014.8800000004
58705	4731994.1899999995
58707	325054.1
58708	10466280.44
58711	1931353.45
58718	122550.05
58720	2069233.1
58728	254385.89999999997
58729	626526.72
58742	339646.5
58753	1357095.5
58766	2032938.82
58770	409734.82
58780	6571680.96
58786	884717.31
58788	1380741.56
58790	2079647.28
58792	80414
58796	4360955.9399999995
588	357010.15
58807	101558.28
58808	26928.6
58817	1398143.5
58821	2375808.55
58822	1611742.05
58823	28439.4
58827	1942635.2
58828	223040.76
58829	1175308.8399999999
58830	15740.51
58835	3972511.72
5884	65031.33
58841	1203228.74
58844	857995.38
58852	4729547.68
58855	5687829.36
58857	4952411.2
58867	8102033.19
58876	897709.82
5888	4323049.72
58882	1378823.81
58888	2539291.44
58894	1294791.06
58922	6098793.470000001
58923	5720110.0200000005
58926	1025455.6900000001
58930	174113.79
58932	7171986.5
58937	2362215.1799999997
5894	2035603.2
5895	4061768.35
58952	5698495.92
58954	467074.5
58974	1989874.5
58978	5511235.05
58984	1108541.28
58988	631293.3
59008	4217060.12
59010	712354.5
59025	95144.40000000001
59033	3058659.56
59035	2959710
59039	1160537.6800000002
59043	4418241.63
59051	2153966.54
59053	6965731.260000001
59057	1437960.7200000002
59058	3410144.48
59059	3499497.0
59073	223617.96000000002
59079	1494798.44
59090	2872462.81
591	155170.4
5911	699518.16
59115	298401.45
59123	2093601.5
59124	3942773.44
5915	836047.3799999999
59152	44840.850000000006
59154	3367446.3
59155	3549130.34
59158	9599705.96
59166	85507.92
59174	482304.48
59179	209110.44
59180	900945.76
59181	2493068.91
59189	767350.8
59197	2865345.6
59200	923871.2999999999
59208	4195433.4399999995
59210	3491752.59
59211	4130731.58
59213	734082.6399999999
59222	2484521.54
59225	185540.19
59231	5163907.84
59234	433985.31
59242	993159.7200000001
59244	5326922.03
59255	762170.4
59256	368981.58
59257	5320552.41
59260	173204.5
59264	5535614.37
59271	2809439.1
59275	354233.25
59278	311384.92
59286	4190142.88
59306	3162469.31
59310	247759.08
59312	8510568.36
5932	1276829.6
59328	4444046.72
59337	4275128.5
59347	205706.69999999998
5935	464037.38
59355	5512689.75
59358	646411.98
59362	7990397.46
5937	2579818.44
59373	3806125.3499999996
5938	2688635.6
59393	3255301.44
59398	8095845.45
59405	4512418.56
59409	334838.8
59410	2388575.61
59411	2633672.5799999996
5942	5002808.36
59421	1968297.0500000003
59428	1554314.25
59434	2979703.98
5944	920744.1799999999
59440	2711834.28
5945	12967.56
59458	47674.04
59461	2432290.99
59463	2420516.67
59466	1209435.76
59489	1050368.37
59495	2538696
59497	50019.84
59503	106591.2
59512	12043468.76
59518	759573.0
5952	2371391.1
59534	1068656.8199999998
59535	601938.12
59547	16222.130000000001
59552	5357811.85
59553	674170.76
59568	164496
59577	981089.5499999999
5958	546365.59
59580	724269.0
59586	6957301.76
59595	5680602.6
59606	550644.9
59612	4956190.2
59617	1578368.4
5963	6555438.66
59635	8526854.08
5964	4915361.0
59644	5039593.12
59653	1433536.98
59655	1761239.7000000002
5966	2166352.56
59675	6864704.0
59684	5450495.96
59688	1883648.11
59693	424781.76
597	6183103.47
5970	4806852.0
59706	3126722.28
59708	1491766.8599999999
59718	1414026.3
5972	2617014.4000000004
59721	2443276.35
59725	1402528.5
59726	348209.96
59728	2663421.58
59732	1396261.74
59737	1880435.92
5974	1949915.52
59741	1286516.79
59746	4367610.18
59747	6685638.9
59757	6871692.24
59761	3564619.54
59771	120352.56
59774	327756.07999999996
59776	108644.7
59781	237272.98
59784	434539.84
59785	447259.51
59787	494763.12
59789	5454828.19
59790	464193.63
59791	5596538.66
59794	2822199.96
59801	1473467.6500000001
59818	3036011.1300000004
59819	877404
59847	566779.2000000001
59848	5516659.199999999
59851	8079024.239999999
59853	114156.0
59856	911810.9
59874	4517217.6
59876	2801510.8
59882	3108339.27
59886	372240.48000000004
59898	4390120.8
59901	2766179.1999999997
59903	2660918.0
59933	937363.9600000001
59938	869554.0
59944	1134681.6
5995	537419.62
5996	367990.98
59969	5590103.12
59970	6551215.32
59983	88540.06
59989	3382928.64
59995	862775.6399999999
600	2234786.9499999997
60018	3465434.6999999997
60024	2584460.22
60027	3041031.0
60032	5050578.5
6004	1024896.3200000001
60043	3054086.64
60052	550846.4
60076	1264243.2000000002
60084	6473182.84
60086	430298.27999999997
60091	5281086.51
60102	2985189.33
60114	6364588.18
60116	2168989.2
60117	863721.42
60119	3066393.88
60124	677081.77
60126	3085380.57
60134	1444970.43
60142	4612973.19
60146	2379521.69
60147	166593.6
60148	3976566.46
60154	5078124.8
60157	1933500.03
60164	3367473.2
60165	2115898.4
60176	2872846.8000000003
60178	2002966.62
60179	213458.88
60181	2601137.18
6019	1117679.9
60204	556439.01
60206	641716.74
60210	228138.96
60211	4724532.72
60218	75352.32
60227	3535804.36
60229	687890.62
60230	2898883.1999999997
60231	947569.7000000001
60239	2548377.22
60253	2083425.03
60257	6031101.92
60259	5679889.54
60271	83819.0
60273	7297000.899999999
60286	1346256.38
60294	1638579.8
60298	3951818.76
60308	758121.12
60309	2087637.71
60311	4862030.640000001
60313	5946439.38
60316	1077254.34
60320	3125418.4499999997
60325	121865.64
60327	736760.66
6033	2156034.9200000004
6034	6080961.88
60349	176748.4
60359	3639337.0199999996
6036	1662553.62
60368	226613.24
60383	6025698.57
60386	6400838.42
60389	634947.89
60391	919220.3999999999
6040	60252.48
60403	3651208.74
60408	371062.08
60409	4623453.0
60412	5381161.9399999995
60418	2285970.12
60419	157195.33
60424	4209075.0
60430	6823540.82
60433	132065.32
60436	1988220.78
6044	1412658.3900000001
60443	89795.9
60462	379444.38
60463	287058.24
60470	4754374.35
60476	620145.36
60482	3944147.41
60489	5063002.56
60514	5584068.21
60531	1379424.9200000002
60532	1088598.68
60553	1133579.04
60562	746295.2000000001
60576	794329.7999999999
60582	3964934.5200000005
60585	2342973.5999999996
60586	7104331.52
60596	3035143.05
60597	5627533.5
60601	1951956.82
60603	1406319.86
60605	606326.28
60606	760943.0399999999
60608	1223339.72
60615	4877127.6
60616	1378494.8800000001
60622	703036.62
60624	474586.83999999997
60628	363719.38
60629	451157.52
60635	1211246.82
60639	916530.0
6064	1344196.0
60644	6671976.74
60648	1780085.6400000001
60653	354974.4
60670	242266.13999999998
60674	4511129.84
607	95121.6
60736	364868.85
60740	3711656.27
60743	286252.11
60755	3703111.7
60782	2072461.95
60789	3656771.84
60793	70662.5
60797	4447798.739999999
60806	241224.6
60811	1394633.7
60814	794107.03
60822	897533.99
60836	171734.41999999998
60840	3284862.6999999997
60845	5932194.2
60848	2225932.64
60860	4923399.55
60861	123022.62
60876	807533.23
60882	8116095.04
60884	9403442.4
60895	576092.8
6090	7287337.529999999
60905	1762282.05
60909	3442261.01
60917	531849.06
60919	471220.12
6093	4041540.3600000003
60930	251317.32000000004
60932	9329582.02
60933	1740623.6700000002
60940	139362.24
60945	389123.19
6095	870433.12
60958	110973.0
60960	9498843.06
60962	318730.7
60963	8073894.4
60964	4698108.66
60986	3604940.64
6099	613587.1
60990	781367.34
60995	5228562.76
61001	3635115.53
61018	5285379.909999999
61021	45586.12
61026	130462.88
61027	3607035.2299999995
61028	2604984.42
61034	3034182.69
61046	469127.41000000003
6107	5775356.58
61078	308832.68
6108	882159.24
61081	1148974.24
61089	3211138.3200000003
61093	5816417.199999999
61101	5976215.13
61103	5970310.800000001
61107	217558.8
61108	6132245.28
61109	2616161.94
61115	594537.5399999999
61117	3618800.25
61118	295536.0
61124	3249970.57
61125	393359.64
61135	3543040.0
6115	2637331.5
61152	1792792.75
61164	1457071.05
6117	1985488.89
61178	2488289.04
61180	6590741.85
61187	19291.73
61188	2009581.5599999998
6119	121082.43000000001
61190	1214600.24
612	367894.5
61209	461440.65
61210	2986672.5
61211	183870.94
61214	1456731.8399999999
61221	3344085.36
61225	81994.64
61231	735908.9500000001
61233	621799.4400000001
61241	3245769.54
61246	1257873.2599999998
61256	8392811.200000001
61268	4580900.399999999
61269	391445.27999999997
61271	77143.04000000001
61274	331208.58
61275	14927.2
61285	2122619.4
61289	1636893.0599999998
61290	1900381.3399999999
61292	5833179.399999999
61295	597777.95
61300	6493368.2
61304	5834983.98
61305	3376340.64
61311	576328.48
61312	1127531.7
61322	5382463.97
61323	298928.58
61326	5086474.470000001
6133	1658215.46
61331	219217.91999999998
61332	5959956.99
61338	4475801.2
61345	9455336.700000001
61356	2077878.4
61359	808096.1699999999
6136	3067294.2399999998
61360	714052.49
61372	9205228.76
61379	4128976.2
61385	4485621.0
61392	1709590.54
61399	1050833.5799999998
614	3611535.7699999996
61414	2026981.2000000002
61419	2407212.92
6142	5430208.0
61426	1296171.26
61427	2848503.0
6143	4771791.2
61430	12429.070000000002
61435	728243.38
61456	752559.78
61457	2047839.4400000002
6147	1259840.42
61477	2901536.82
61481	791347.14
61488	1575228.48
61490	210824.94999999998
61493	2146365.54
615	4501052.16
61514	745428.48
61515	816325.9199999999
61517	1393468.72
6152	400591.55
61521	1365658.25
61529	254798.08
61540	2647198.2
61547	7202751.76
61555	2523597.69
61557	848331.68
61558	646315.2
61562	5405702.6
61576	2235994.22
61582	5691989.59
61594	4112033.54
616	4004057.26
61620	1078243.08
61628	2744374.37
61637	1069007.28
61657	1016301.0
61661	386627.4
61662	3378202.2
61663	2256132.11
61671	3266864.25
61678	2701495.16
61682	140773.15
61685	1295364.2
61693	1088426.17
617	4994007.4799999995
6170	469745.36
61700	2714099.68
61704	75805.23999999999
61711	3227344.56
61714	3403917.3899999997
61718	1079519.01
61724	1062917.6199999999
61727	300169.35000000003
61730	719808.5399999999
61734	3231076.12
61739	7900794.0
61748	2227633.42
61758	1333204.86
61759	1401720.1800000002
61763	4084481.35
61768	5870071.529999999
61774	436719.08
61778	503249.75999999995
61781	1121089.92
61788	5563768.44
61792	554437.42
61816	1734374.0
61817	4049335.2899999996
61819	882294.7
61831	6031497.0
61837	584195.13
61851	425953.29
61855	2181522.63
6186	15500.730000000001
61861	2439528.4800000004
61865	3989319.48
6188	1194088.5
61893	9617095.440000001
61897	4331588.02
61903	4321555.449999999
61909	272442.30000000005
61913	2834065.92
61914	1649379.64
61926	4197203.899999999
61931	9584918.98
61938	31630.72
61940	800634.19
61943	2566211.84
6196	941132.01
61966	4245022.4799999995
61967	6257513.100000001
61971	2414442.8
61993	1751276.4799999997
61994	1836863.4799999997
62000	1351292.98
62001	1777093.5000000002
62008	3593822.7199999997
62015	1053162.0
62022	768985.8
62034	1406559.5999999999
62037	286912.08
62039	2234082.49
6205	2988036.8000000003
62052	7780824.16
62057	6326976.15
62068	616940.0
62073	2800903.14
6208	2601139.66
62082	2607793.92
62083	1930140.73
62099	1726986.63
621	233431.30000000002
62110	1179247.44
62117	8369493.4399999995
62120	351332.38999999996
62126	861453.1699999999
6215	1918665.48
62158	84588.66
62160	3801999.9000000004
62166	4690338.1
62175	796105.55
62180	6986868.48
62188	1758331.4
62193	7798907.95
622	3497158.3599999994
62211	1265126.8499999999
62214	2041040.58
6222	6453060.0
62222	175572.24000000002
62223	305712.55
62225	1497420.2
62228	2749496.1599999997
62229	1624483.56
6223	6885385.54
62231	3025331.87
62241	4718598.89
62243	2429118.16
6225	6114070.8
62251	4432008.0
6226	1110280.57
62261	63103.32
62266	10711143.1
62273	712532.1
62276	173223.24
62278	1409247.4
62279	287894.92
62284	170736.53999999998
62288	516315.8
62292	4801341.11
62293	1221288.6
62299	1364050.85
62306	904241.88
62323	13411824.3
6233	2261410.83
62333	10748.4
62335	126858.59999999999
62338	1110196.8
62350	1890346.29
62351	928933.65
62379	3085071.42
62380	2581263.81
62387	2057632.5799999998
6239	738553.92
62390	369669.42
62401	1089224.4000000001
62406	5820260.88
62415	6144729.9
6243	9423304.66
62442	6579634.04
62449	1903356.9100000001
62451	3695550.3
6247	8522606.9
62471	1299919.89
62474	962537.7200000001
62488	468109.30000000005
62500	8005316.279999999
62514	539836.7999999999
6252	782251.56
62524	4682958.279999999
62525	4443406.5
62530	133138.41
62533	2892372.5999999996
62534	3817232.76
62558	2551986.3
62566	10341.44
62590	2712508.6799999997
62592	4744628.6
62597	698706.4500000001
62601	1792479.36
62608	1501632.6
62616	887056.9400000001
62620	1385760.0
62622	273529.17
62623	120711.04999999999
62629	4768042.5
62630	39450.86
62632	2779506.3000000003
62639	2671956.09
62648	3633401.16
62652	3306529.08
62654	3208664.22
62660	979348.2
62661	840262.7100000001
62663	523335.54
62670	2861582.02
62671	1081558.0799999998
6268	2240474.6
62682	3562592.76
62684	3217586.1199999996
62693	130582.26999999999
6271	446191.73999999993
62710	3851298.11
62712	3356966.08
62713	2095981.8599999999
62716	585441.75
62724	4070626.72
62733	4548061.35
62735	8124940.5
62736	1038356.93
62739	1311788.34
62745	3545051.4
6275	313591.32
62753	2221739.24
62765	6920473.32
62779	1199315.6
62792	7585199.199999999
628	6666892.899999999
62800	4483226.01
62804	141010.21
62807	599580.0
62809	2224797.6399999997
6281	33106.55
62814	1169598.84
62815	3762005.28
62817	230490.72
62819	5400747.7
62822	2073059.22
62826	819989.79
62831	291500.88
6285	4237585.32
62850	428672.86
6286	6923580.6
62865	13001926.940000001
62868	1242215.12
62871	134581.94999999998
62885	46901.299999999996
62890	471701.30000000005
62892	3309572.28
62897	3929734.8
62915	1269967.18
62918	5625644.09
6292	4039537.1
62924	7743802.6
62925	3317822.92
62930	137110.16
62936	847253.84
62939	1159549.0499999998
62949	5084178
6295	39750.6
62958	15722.630000000001
62968	3304512.8899999997
62969	775506.6
62976	292403.0
6298	2316981.75
62988	8411571.48
62995	3537923.9699999997
630	158427.72
63014	651749.28
63020	4985747.34
63035	502381.52
63037	6180169.71
63044	241914.39999999997
6306	279999.45
63068	21207.120000000003
6307	357828.24000000005
63079	971326.94
6308	512280.01
63082	313424.48
63088	1613812.4400000002
63091	4465314.64
63098	6546296.9799999995
63102	2773233.28
63104	5320532.32
63107	2552642.73
63109	4506965.56
63110	4834898.08
63111	1384479.25
63112	1475171.46
63114	80952.15000000001
63121	764291.44
63126	2954994.0
63130	4868641.38
63135	8415945.530000001
63141	1796287.08
63145	8761991.959999999
6316	2552858.91
63176	5156700.08
63180	19402.51
6322	2684013.0
63222	6458457.6
6323	257513.04
63237	94841.99999999999
63242	5742662.640000001
63249	7047845.0
6326	9138803.16
63288	790501.14
6329	1431015.68
63295	72397.65
63296	56965.46
63299	3545803.4
6330	225197.0
63303	2218586.87
63312	373331.2
63317	184825.56
6332	2204945.6
63322	1381394.5799999998
63328	1384012.77
63342	10740132.6
63351	2634004.8000000003
63354	210032.19999999998
63366	498034.60000000003
63367	493910.10000000003
63377	622189.14
63382	3968687.6999999997
63388	239368.83999999997
6341	5502790.08
63411	680117.5
63414	1045466.24
63415	7629614.96
63423	2718401.54
63425	4904125.89
6343	295015.94
63436	3178969.74
63438	1430716.8199999998
63439	1106268.8
6344	152090.82
63440	1336161.06
63445	754027.54
63446	376317.56
63451	37856.380000000005
63466	1926246.0
63468	2734733.31
63470	6423972.12
63477	5490090.12
63492	3886396.56
63496	1167648.0
635	3300665.27
6350	224333.55000000002
63507	3069148.3200000003
6351	111240.78
63516	1531192.3199999998
63524	1953842.7999999998
63527	523756.79999999993
63532	104382.0
63533	307166.37
63534	8295383.67
63552	2567446.44
63575	4064618.09
63584	8796590.0
63587	1903032.4500000002
63589	958773.8
63590	838101.16
63595	73374.84
63599	1801318.5
63607	158991.36
63609	2210238.0
63615	5586320.32
6362	5623859.899999999
63621	315820.05
63624	2038322.7899999998
63630	2456608.0
63631	329273.94
63634	534136.59
63641	1818155.58
6365	421556.94
63670	4643439.859999999
63684	2138752.32
63686	1844166.8
63693	2816291.94
63696	3281145.6
63707	2220638.04
63715	343209.58
63716	4965322.0
63717	264992.52
6372	7151871.34
63720	2108617.35
63727	375043.63
63737	354929.58
63739	66562.56
63747	4193278.35
63752	6259900.85
63753	521650.08
63757	24860.460000000003
63762	3666407.36
63767	4038821.75
63774	5057318.1
63775	6247387.0600000005
63777	521411.98
63780	2224398.6
63795	6598272.0
63796	5833208.399999999
63798	1245726.02
63804	3478671.36
63806	1507428.28
63808	922331.88
63810	4250170.16
63811	592991.52
63814	3458162.6399999997
63817	1279223.99
63818	73575.70000000001
63829	2956973.04
63832	6355018.0
63837	4176816.1700000004
63844	1940191.22
63851	5863114.949999999
63854	2505630.1599999997
63862	3867871.38
63865	161133.04
63866	842801.6199999999
63881	149865.0
63885	3083004.5999999996
63891	2071777.1800000002
63898	5811485.94
63909	1050125.82
6391	1502593.6199999999
63917	6627825.33
63920	3209621.9
63925	1406979.6400000001
63932	4124473.2600000002
63936	1656054.84
63962	1580415.68
63963	4913697.68
6397	679248.35
63975	6812457.600000001
6398	1115831.7
63983	2672088.0999999996
63987	1089202.8
6399	2488464.2399999998
63994	957271.77
63996	1140460.32
64020	2637842.24
64021	19646.39
64023	114244.68
64027	2320261.1999999997
64035	2100854.5
64040	3067510.68
64044	370338.24000000005
64046	725429.78
64053	7278420.84
64061	961946.2799999999
64063	2858739.89
64068	1373404.65
64082	3402843.3800000004
64088	2088863.64
641	6032988.359999999
64100	664691.8
64102	737882.4299999999
64110	1549636.96
64134	3572296
64139	1362805.02
64143	6737069.66
64145	3006683.12
64153	234047.73
64163	536658.0
64167	360494.55
64168	519737.30000000005
64184	1083055.35
64188	1759226.04
64199	4852355.2
64200	4356432.06
64206	4909537.62
64209	1239558.72
64210	2551227.84
64212	339908.39999999997
64217	2746656.5
64220	7780416.24
64221	1476224.4000000001
64230	1624827.06
64240	524990.0800000001
64245	1645009.6
64254	3809582.46
64264	2228642.5
64265	3912683.05
64269	688438.7999999999
6427	27734.4
64274	9118745.25
64280	41151.28
64284	1422972.81
64287	7258423.32
64294	2988743.08
64298	6970059.4799999995
64299	648228.48
6432	6944206.5
64322	2039794.38
64325	4652608.21
64337	374497.19999999995
64343	709476.64
6435	1349648.19
64357	54786.0
6436	1864744.56
64361	2183004.72
64367	6674318.069999999
6437	2308656.7199999997
64371	42480.700000000004
6438	341062.67000000004
64385	12889.800000000001
64399	1280557.1300000001
644	2528123.0500000003
64403	75999
64408	314548.64999999997
64409	1043212.84
64415	4167642.65
64419	8297631.8
64420	863791.28
64437	1085962.56
64444	2052755.04
64446	390897.32
64448	420135.05
64449	5886465.899999999
64453	3738874.66
64473	8286137.4399999995
64482	2099790.7199999997
64490	1192516.92
64499	268514.48
645	607985.8400000001
64500	7374198.4799999995
64507	5651041.53
64521	3992073.1999999997
64528	2622434.94
64534	1516138.83
64540	5097636.24
64543	1253028.48
64545	725610.3999999999
64555	8810643.120000001
64563	1668603.24
64564	3317560.1999999997
64574	815680.36
64589	3481025.76
64599	374584.49
64605	1832182.0
64616	117414.04
6462	4940057.2
64623	134375.22
64626	3065658.06
64632	32025
64640	7286761.1
64642	972907.36
64662	1832750.04
64672	4535355.5
64675	1318964.16
64681	3759993.45
6469	6148709.680000001
64694	296410.8
64713	935746.77
64717	1626770.4500000002
64720	3856711.08
64728	313682.4
64729	7970769.720000001
64731	7018122.24
64733	369214.65
64734	251187.91999999998
64735	1595830.5
64737	167902.13999999998
64747	7090467.84
64748	1466929.98
64749	4976207.25
64758	1869955.0
64767	688963.26
64772	6807615.779999999
64774	92044.16
64779	563467.38
64781	2492232.47
64784	2514244.32
64785	3746770.59
64788	4518872
64790	5004254.720000001
64794	231230.16
64798	2572880.7600000002
64799	26797.53
648	824028.1
64805	2939479.92
64829	3810545.7600000002
64839	5448292.640000001
64841	1523489.7
64844	467900.80000000005
64856	674076.2899999999
64857	29954.88
64861	1113610.84
64869	5748742.62
64886	762929.46
64888	5386082.7
6489	72116
64896	26558.18
64907	4666508.18
64912	3217498.44
64921	5475725.4399999995
6493	4565317.890000001
64931	861839.89
6494	42014.36
64948	3146190.24
64956	1277801.9100000001
64957	813970.3500000001
64970	355979.2
64977	5683514.25
64980	798346.5599999999
64982	4130941.8000000003
65006	1200555.86
65012	1451730.98
65020	129670.9
65031	425246.83
65039	50185.08
65040	5887576.08
65064	871862.22
65072	4638447.45
6508	6319293.59
65090	126407.58
65096	1719392.76
65102	15135.78
65103	1850496.0599999998
65107	3694170.52
65122	2936452.06
65128	102861.15000000001
65129	700701.28
65135	4757220.0
65136	2935471.5
65138	3458851.5500000003
65145	1518925.52
65153	649590.75
65154	1558886.56
65158	3343076.0
65160	144513.6
65164	315392.56
65166	1052615.46
65167	2701595.52
65169	4191241.62
65176	2956449.21
65190	3887705.6399999997
65194	6131957.6
65199	348618.0
6520	7298113.7
65206	3993060.4
65216	1564121.1300000001
65218	1761948.76
65219	2883619.1999999997
65222	1581052.5
65239	2529180.32
65241	12890600.46
65245	2600643.94
65251	329926.56
65259	1835235.0599999998
65261	380566.64
65271	2214365.3
65286	5499376.74
65296	3556861.96
65298	5115084.100000001
653	1238592.69
65301	2973689.22
65304	3071542.0
65306	4060328.88
65313	1392821.49
65315	179414.4
65321	2079096.0
65323	525771.5599999999
6533	2876594.0
65332	2866133.4699999997
65337	4996370.35
65347	4482616.5
6535	2606811.2800000003
65356	857510.89
65371	221972.40000000002
65374	6173748.75
65377	3951605.8
6539	1200969.4
65391	470316.56
65396	1283460.5999999999
65403	785049.3
65412	121134.88
65418	2185510.6
65421	8819329.239999998
65424	6948721.81
65430	71929.0
65431	997782.6000000001
65455	603466.22
65464	4760054.64
65470	552544.3500000001
65474	2070957.5999999999
65475	1435564.3800000001
65477	2438225.44
65482	4580254.0
65502	3541045.05
65520	1338350.26
6553	3357559.68
65541	2274270.06
65543	6807422.25
65550	4690797.54
65573	664022.47
65574	3848058.4
6558	200591.88
65585	961264.0800000001
65588	1028581.9199999999
65589	1184239.35
65594	3033435.18
65596	1003000.8600000001
65603	1527333.6400000001
65604	5493050.64
65608	3337619.88
6561	1827761.08
65610	613738.9
65612	2020835.12
65615	3530119.1
65616	2934204.3
65617	7317399.42
6562	2936755.44
65623	1045962.63
65627	964794.0
6563	6063822.42
65632	2796054.3000000003
65636	2894256.36
65641	4984924.88
65682	8820622.889999999
65686	5634244.38
65724	158885.02
65728	345444.51
6574	1679537.8199999998
65743	1697876.0
65755	4728067.84
65770	1969563.9700000002
65801	2486271.9299999997
65802	4493747.7
65805	607184.28
65809	2015510.62
65810	7603523.25
65818	3921319.34
65823	2428953.78
65824	5754431.9799999995
65828	554648.4
65836	6134754.6
65848	628253.75
65849	3652952.05
65857	2637364.28
65870	5065357.6
65872	3875029.28
6588	3233270.46
65883	2613399.8400000003
65888	4409704.53
65893	5162348.9399999995
65897	5467810.26
65920	371917.74
65929	2805515.6
65931	773781.84
6594	3996534.0999999996
65942	3696751.8
65944	1162555.0
65945	3657494.7
65946	4529882.0
65948	188418.06
65951	99279.44
65952	5866726.01
65957	5660316.21
65972	1598845.5499999998
65974	892781.9199999999
65978	3153792.4
65983	6756221.78
65998	3446343.12
6600	1431116.55
66013	1642190.9000000001
66015	8643349.4
66022	1120420.77
66030	963509.76
66033	1417977.1400000001
66038	223025
66040	3249806.94
66058	3448429.0
66077	2395023.12
66081	681101.3400000001
66090	978462.54
66093	684984.0599999999
66095	8071421.7
66096	5715501.34
66097	8457573.15
66105	1096983.29
66113	1038562.5399999999
66115	3301417.4
66127	3117785.04
66130	5410840.03
66136	5779234.180000001
66137	969027.2
66140	60339.840000000004
66147	192537.08
66152	4980112.8
66168	857290.56
66176	924354.9400000001
66190	2799125.91
66197	339548.47000000003
66199	5594253.0
6620	5152000.619999999
66202	8386522.83
66213	191972.55000000002
66221	86982.37000000001
66222	889352.4500000001
66223	2402517.76
66226	3590911.6500000004
66229	1914957.17
66233	1264680.0
66234	1628893.6
66243	82303.04
66259	267874.35000000003
66263	1076574.15
66268	1716543.74
66273	308807.73000000004
6628	5251889.76
66280	7475016.529999999
66281	3361147.31
66283	1259136.6300000001
66286	2962844.6799999997
66288	1558805.25
66301	4410435.42
66302	290969.95999999996
66310	367454.28
66314	3032906.7600000002
66316	7041064.86
66317	3432280.66
66320	53953.380000000005
66323	3246769.02
66324	1140675.82
66333	2816153.02
66335	2865928.94
66338	5399500.399999999
6634	2175369.63
66343	1732237.56
66344	1722773.76
66347	2493234.96
66350	2209820.64
66360	4150447.7100000004
66372	4738641.0
66380	4515585.890000001
66387	201331
66391	13237.619999999999
66397	456009.49000000005
66415	3571583.4
66418	434302.5
66423	158804.94
66426	3548619.63
66431	4923672.880000001
66438	3502594.07
66444	1522701.23
66469	1459942.3800000001
66476	5588328.869999999
66481	137819.45
66489	2471844.69
66493	2261944.0
66502	6337805.79
66517	5382510.760000001
66527	5534812.34
66529	118838.16
66533	3655413.42
66535	343151.42
66543	2983241.2800000003
66545	25181.239999999998
66546	7074504.25
6655	1751992.8299999998
66550	7542167.13
66552	189277.35
6657	4660963.75
66574	1629361.76
66582	246745.07
66588	5086704.149999999
66594	1251814.0000000002
66608	410690.43
66616	355448.97000000003
6663	17139.329999999998
66645	4243253.850000001
66649	1929790.98
66651	2637751.08
66659	388658.8
66666	1015212.99
66669	994850.69
66673	5293510.15
66674	4555030.0
66681	3509254.5799999996
6669	3499511.52
66692	8567540.52
66694	4377521.25
66702	1798352.9200000002
66706	4128537.8200000003
6671	1468574.24
66712	3354083.4
66715	46238.5
66718	3239577.85
66723	2675652.21
66726	3695518.2800000003
66727	2499899.76
6673	1135364.32
66736	1761056.9499999997
66746	9743528.76
66751	6138864.899999999
66756	111114.5
66770	8273407.8
66771	279885.5
66775	26297.04
66780	453764.74
66786	5125021.199999999
66790	984432.5800000001
66793	6784412.04
6680	963934.92
66800	151814.44
66804	409589.52
66805	604220.76
66831	3740355.36
66839	1177933.4000000001
66843	919342.0800000001
66849	83250.44
66867	3413501.02
66873	164669.21
66877	2015710.0
66885	270971.4
66891	526089.2
66897	186460.72
66901	197402.02000000002
66902	1290338.64
66905	269491.44
6691	347558.25
66914	1657684.48
66915	450952.74
66925	1403423.84
6694	2602120.25
66943	2001374.5499999998
66952	3178430.7
66954	1400688.99
66955	3974834.92
66959	8031839.4
66981	4583495.88
66988	160883.16
66989	552641.05
6699	1152918.36
66996	3713382.3600000003
67006	782188.96
67010	1053972.18
67027	11419127.14
67040	4154067
67045	532766.52
67046	4018450.55
67049	249431.27
67061	40819.020000000004
67070	59502.82
67080	2377264.36
67087	71113.9
67095	3602930.1
67098	3357611.88
6710	2297717.5
67105	798453.36
6712	1711656.88
67129	931168.75
67132	3774235.49
67138	7037483.75
67146	862027.0
67148	2864954.31
67168	2345825.07
67178	1084628.73
6718	779834.88
67181	238383.4
67187	346184
6720	7559229.3
67200	9828690.69
67210	448096.12
67213	830445.3200000001
67219	2301664.75
67223	1061718.0
67226	3306126.72
67229	38502.01
6723	1849169.8
67235	1469520.3599999999
67239	2120366.64
67240	434324.05
67241	667656.48
67243	169229.25
67249	67830.0
67254	1398639.6600000001
67255	361978.89
6726	309608.6
67264	3431021.16
67266	6000965.92
6727	6188927.5200000005
67278	3648330.6
67280	1015630.52
67285	394169.82
67287	4095950.5
67291	1495984.0
67294	3055519.44
67296	3131389.8
6730	342187.73
67300	1546459.85
67304	2621829.8400000003
67305	7119424.0
67311	5893815.92
67345	4300137.38
67347	3824629.5999999996
67350	8318987.56
67362	34496.28
67363	3769070.91
67367	3689751.15
67368	366822.08
67375	2771896.32
67378	422784.96
6739	811101.6
67394	53974.920000000006
67413	1591653.06
67418	2284671.1599999997
6742	845388.72
67427	1102857.0
67430	383466.0
67437	138283.5
6746	2859483.9699999997
67462	6569747.49
67463	3909526.56
67476	2335890.27
67483	2421665.52
67488	367386.89999999997
67512	1377782.64
67518	920436.6799999999
67526	5040628.04
67537	1958227.3599999999
6754	4756609.74
67545	908310.9
67546	3962635.11
6757	1058770.44
67570	87706.37
67578	3791309.54
67596	3985910.9000000004
67604	619470.48
67608	192595.62
67609	4435799.55
67610	790569.0
67613	4180517.92
67618	6640376.3
67628	38041.65
67635	383102.64999999997
67636	6088999.35
67641	478556.32
67644	1169924.0
67651	103306.32
67659	225216.88
67660	5265976.32
67664	3361561.5599999996
67666	400413.24000000005
67670	2769055.8800000004
67672	1942925.46
67673	5366873.0
67675	13255.92
67682	1661650.38
6770	2364946.5
67700	1811006.82
67704	1257622.26
67705	6076588.46
6771	1392617.6
67712	5227677.6
67722	2127910.4
67723	422039.28
67724	1517542.1
67725	25966.550000000003
6774	436591.43
67745	5074168.0200000005
67747	1566290
6775	377816.25
67751	1104982.06
67753	102980.28000000001
67757	2767664.36
67765	190485.4
67767	1574959.36
67780	2197150.46
67788	1484899.68
67792	4206359.7
67802	3532359.35
67807	1157494.32
67810	1177067.59
67819	5287995.720000001
67821	5651600.34
67827	1778785.8299999998
67829	1172487.66
67838	2670634.84
67843	4924579.4
67853	11680.240000000002
6786	9463632.57
67862	2990761.02
67877	1585588.12
67880	2422369.08
67883	411954.87999999995
67897	3991255.1199999996
6790	8158792.66
67902	1070923.29
67903	225847.15000000002
67906	4122511.6
67909	2749356.36
67918	2479669.85
67924	2658685.52
67927	690046.2
6793	396518.81
67930	460227.02999999997
67936	197498.64
67937	5538456.0
67957	6228086.48
67961	3671075.7
67970	765798.8
67976	3298965.45
67980	324274.74
67983	2507126.61
67988	3625047.3600000003
68008	3471439.94
68025	376871.45999999996
68026	54832.880000000005
68047	10647.93
68056	6591303.9
6806	1689896.55
68070	1888023.6
68079	690391.8
68080	432189.6
68091	3078009.22
68095	5376408.5200000005
68097	742017.15
68099	445849.92
6810	8139822.6
68100	4229865.82
68102	3592072.4400000004
68109	3012936.4
68110	5300609.15
68114	357126.66000000003
68116	2364305.25
68118	1611102.53
68122	1953145.98
68123	1790031.27
68129	284826.24
68133	303465.2
68138	1995053.9400000002
68142	247886.72999999998
68147	4751827.86
68168	400100.0
6817	7518736.68
68188	841778.28
6822	207990.32
68230	1680967.34
68234	2117023.5700000003
68249	845301.5099999999
68276	669440.62
68291	994189.72
68307	1538971.5
68308	3528048.34
68311	927449.8200000001
68316	1770718.6
68324	6236181.38
68329	1577657.6300000001
68330	1955050.86
68334	428119.0
68339	358170.60000000003
68342	467610.2
68354	60792.75000000001
68355	5547876.35
6837	701172.48
68376	4265396.64
68378	467226.3
68389	1292087.7
68394	633978.3
68399	1830635.0999999999
68403	3305547.6
68424	7233885.239999999
68426	385673.28
68427	4569890.149999999
6843	1363551.84
68434	3739707.94
68435	660631.41
68437	4770139.26
68454	3334572.9699999997
68456	3603360.3000000003
68457	1293166.69
68458	5829735.449999999
68463	4498779.8
68484	919217.2799999999
68489	3389074.6999999997
68504	2343762.74
68515	3223242.28
68519	162682.82
68521	1324326.9200000002
68522	462256.17
68528	3468564.23
68536	425515.94999999995
68544	6396448.96
6855	2164192.8
68564	4426839.2
6857	644935.5
68572	3318927.9200000004
68583	3706862.1999999997
68587	5287807.5
68597	1544263.0
68599	894552.1199999999
686	5968009.44
68601	4489649.71
68602	6323249.6
68603	4770255.600000001
68611	3262117.34
68619	1238322.0000000002
68629	321192.72000000003
68633	6379216.8
68636	5519791.2
68642	656615.6799999999
68643	1118836.08
68646	5630745.960000001
68658	5614465.5
68674	1426656.7799999998
68682	1611111.95
68696	6282670.72
68703	8994982.22
68704	3732015.4299999997
68705	4091218.94
68708	3653620.1900000004
68715	4189925.3
68719	853093.45
68725	1253892.48
68727	204295.84
6873	7167848.6899999995
68735	1850289.5999999999
68740	3363632.03
68750	5980605
68763	1516644.14
68765	1812610.08
68769	7202682.76
6877	2820416.96
68779	3238952.08
68786	1893466.35
68789	7398914.25
68792	1042643.55
68794	2127884.76
68798	4068328.1100000003
688	897739.5000000001
68807	3508186.92
68808	1160733.25
68816	1714599.56
68820	6415555.859999999
68822	83029.8
68823	5460516.02
68825	3269803.68
68826	3320244.0
68829	2039236.81
68830	62245.33
68832	2066721.75
68839	3190421.52
68841	902784.0
68844	804652.78
68850	867694.5
68853	827904.28
68854	1821023.2100000002
68866	3795908.4499999997
68873	3956430.56
68879	96560.09999999999
68886	246784.64
68893	2327838.33
68920	2739935.46
68921	1787773.65
68924	2246916.69
68929	1823450.85
68932	3270779.1300000004
68937	1984037.98
68950	2998962.33
68951	372753.04000000004
68971	937632.1900000001
68975	4868428.64
68982	1102886.38
68987	5170885.44
69008	4908579.9
69023	638606.98
6903	7160188.140000001
69035	1572821.6400000001
69039	625575.1799999999
69041	1378637.37
69049	446511.22000000003
69051	2904026.51
69052	2172379.48
69056	3664786.8800000004
69058	1341060.05
69070	2490002.3200000003
69076	2352768.21
69088	361880.86
6911	2335843.27
69114	6033420.36
69122	5779327.63
6915	867523.92
69151	2226815.82
69155	4498878.46
69157	1184127.2
69165	5681916.53
69172	1574449.8
69176	334857.88
69179	8338465.99
69180	527111.7000000001
69187	8941054.14
6919	3051014.1399999997
69194	4721201.16
69198	1079163.72
6920	7278996.2
69205	234374.58
69208	9187110.0
6921	831485.88
69212	726014.41
69221	2309660.14
69224	628808.3999999999
69228	3618622.1999999997
69233	9425053.92
69242	4157686.1899999995
6925	3836001.1
69252	192206.14
69253	597300.6
69257	2482404.54
6926	14679.0
69262	3494502.0
69268	1233345.3499999999
69272	1518190.02
69275	3480996.16
69286	919254.0000000001
69306	784470.1
69310	5737108.65
69311	278969.64
69325	2840335.25
69337	3443722.17
69345	778754.9600000001
69355	2734301.97
69359	25645.86
69373	4779712.7
69391	1033856.36
69397	104822.33
69403	102318.72
69407	5763465.300000001
69408	6404848.65
69411	490667.54
69420	1062733.3199999998
69421	4910495.66
69425	1658587.35
6943	1142814.2
69432	6595419.600000001
69437	2275356.2399999998
6944	9143574.58
69458	1565075.5999999999
69460	3205978.2600000002
69461	1190744.9400000002
69465	1801462.55
69487	4063336.5399999996
69494	5985633.22
69495	430373.69999999995
69502	855920.88
69509	2941107.75
69512	8151537.0
69516	1971654.13
69531	538867.42
69533	697372.41
69546	2618373.93
6955	967768.75
69551	1923373.2
69552	3494714.88
69567	3973322.7
69576	38692.090000000004
69577	1307365.03
6958	759151.9
69586	1195035.12
69593	344168.76
69604	9925730.64
69611	1397446.1400000001
69614	862370.4800000001
69635	4804334.22
69644	2964423.0
69652	2376337.86
69654	6136529.180000001
6966	2145088.8000000003
69674	21097.1
69684	1003289.2999999999
69687	3405593.37
69693	1098538.5799999998
69705	5008306.62
69706	104720.17
6971	735225.6
69716	664554.4099999999
69719	2176811.6999999997
69722	3863541.7600000002
69725	2917936.96
6973	1197715.76
69732	1249197.3
69735	1091907.18
69741	2285297.43
69745	18066.239999999998
69747	5483350.25
69755	4801996.32
69760	4907009.84
69761	1270001.1
69770	5526553.63
69772	4800163.199999999
69773	897736.92
69778	906355.45
69782	2691759.6799999997
69784	5207948.01
69786	8637396.92
69787	4312631.22
69791	837614.4
69793	5002360.600000001
69800	54195.68
69817	9095513.879999999
69844	625002.34
69845	1439008.0699999998
69851	358950.4
69853	2284064.86
69856	976162.25
69873	2927319.75
69874	6309586.55
69881	3069408.3699999996
69884	691660.98
69895	5239153.92
69900	402226.18
69933	2499785.32
69936	2407292.3899999997
69943	790427.55
69968	5143906.819999999
69969	491349.82
69982	92555.98
69989	2506795.88
6999	2362317.3000000003
69994	4907675.85
7000	7744568.54
70017	755219.52
70023	1063216.56
70024	4943840.699999999
70032	491872.32
70043	3431141.1
70052	2256492.8400000003
7007	6858770.86
70076	1094494.96
7008	4067521.92
70082	2331536.86
70083	1006131.8
70084	1204730.04
70088	3430082.97
70101	415192.82
70113	7036423.2
70114	9491012.3
70119	2085608.24
7012	2380544.6
70122	1651521.62
70123	936041.12
70134	4434609.17
70139	893707.84
70140	6062390.4799999995
70143	2297727.63
70145	172042.61000000002
70147	4545110.76
70151	822596.45
70157	1279085.99
70161	410334.8
70164	1901323.89
70175	1394549.34
70176	823247.6000000001
70179	3312733.66
70181	4238896.2
70201	1554278.05
70205	1858907.8
70208	117889.49
70211	4433656.99
70217	1111545.4500000002
70224	9075265.950000001
70227	30052.239999999998
70229	6084364.23
70231	25234.82
70236	5979284.760000001
70253	175186.34000000003
70257	7054671.89
7027	306572.83999999997
70271	179074.08
70272	9495775.620000001
7028	2662437.6
70284	528478.7200000001
70292	4487061.78
70297	2706461.31
70306	6971345.5
70307	6811932.82
70308	2701631.46
70312	167811.4
70315	2323448.97
70317	1739384.8499999999
70325	226195.22
70327	1161506.9
70349	3164503.2
70358	149711.25
70368	1154909.8499999999
70383	3234954.06
70385	811829.4800000001
70386	501073.17
70388	435773.16000000003
70389	29548.800000000003
70403	148029.0
70407	1654655.0
70408	7526738.34
70410	3597827.5
70415	1623339.9000000001
70416	934136.7999999999
70423	143807.98
70429	5928343.4
70432	53826.979999999996
70436	267157.60000000003
70440	2356392.54
7045	945117.8400000001
70459	3397404.06
70461	154891.44
70467	310428.3
70476	8967629.5
70481	356935.86
70488	5897512.5
7049	1619397.08
70513	880071.4
7052	4314033.09
70529	830397.71
70532	1556132
70553	3260948.12
70562	6125076.199999999
70574	2868942.24
70579	4832989.2
70584	893220.0
70586	5538624.19
70593	1935973.9300000002
70597	417178.42
70600	221678.10000000003
70601	3373497.4699999997
70603	3154869.52
70605	1681599.5999999999
70607	266585.41000000003
70614	490575.32999999996
70616	240014.74000000002
70622	143375.25
70623	5059067.52
70628	1662554.2999999998
7063	3942400
70634	334050
70638	2877988.12
70644	6219183.54
70648	469470.95
70653	356509.8
70667	3708810.81
70672	4895402.279999999
7073	1114746.24
70735	357797.91000000003
70740	104236.3
70741	1786982.3800000001
70755	2912133.84
70781	5608508.76
70786	3719009.5700000003
70790	6734244.399999999
70795	8800060.92
70803	3486509.9699999997
70808	1125043.53
70814	2070075.48
7082	3393183.9000000004
70821	1109577.2
70835	1163920.57
70840	299059.2
70843	8237973.2
70847	1946834.97
7086	4035382.61
70860	5366852.07
70873	2302500.2
70881	7458912.51
70884	3846945.96
70895	1270688.0
70904	195979.69999999998
70908	494125.44999999995
70914	2463901.68
70916	6541818.03
70928	563151.61
70930	2403752.0
70931	6833624.48
70932	4874597.01
70938	2231128.81
70942	6345771.300000001
7095	3717537.45
70958	1583151.58
70959	4885649.300000001
70960	1140047.43
70963	2634780.6
70964	4238484.69
70983	204573.65
70989	1572352.6199999999
70995	980258.4900000001
70998	507838.05
71015	3115297.12
71019	3598326.56
71023	3219363
71026	6105301.62
71034	7698180.04
71043	2928113.25
7105	1496444.4
71076	2466707.52
71078	1240962.58
71088	2111336.12
71093	6945400
71098	3895517.68
71101	424642.11999999994
71107	2463663.78
71108	10569117.56
71112	766171.6
71115	1400676.5999999999
71117	8519223.0
71121	417832.80000000005
71122	3704489.72
71133	6641645.199999999
71152	223963.84000000003
7116	9856881.020000001
71163	7019066.26
7117	8373982.27
71175	1925726.4
71179	4584180.4799999995
71184	3801508.5300000003
71187	1059513.1
71188	1394316.0
71208	4586898.359999999
71209	4973835.45
71212	4610821.54
71219	727243.28
71225	4412725.9
71229	8846106.99
71232	1545373.06
71240	1103614.4
71245	4657626.2700000005
71254	955313.08
71265	475794.28
71267	1454946.0699999998
71271	8185519.239999999
71275	9440138.4
71285	3433509.52
71286	8552682.0
71287	4256020.59
71291	3562819.47
71295	6102543.26
71299	1956691.8
71301	131766.48
71302	7027997.2
71308	244267.52
71309	328838.27
7132	158862.59999999998
71320	2983274.22
71322	3398451.42
71323	5076549.61
71326	3885493.4
71329	13951.14
71332	3340264.1999999997
71336	1346300.24
71344	251225.44999999998
7135	273668.88
71355	3345179.0
71358	5704734.58
71372	421134.72
71377	4806859.199999999
71391	4774604.5200000005
71399	1698262.02
71411	1847722.5
71416	1215997.1199999999
71424	6674250.96
71427	3504478.1999999997
71429	963458.6399999999
71435	2360403.44
7144	1202607.7999999998
71455	3156879.8800000004
71475	7903367.58
71479	6615780.239999999
71487	2586810.46
71493	7057837.27
71512	1794261.5999999999
71513	2023991.9100000001
71514	1214241.8699999999
71518	7932261.69
71528	2082420.0000000002
71537	305862.69
71546	746159.04
71554	3076491.0
71556	489840.5
71558	2136157.3200000003
71560	7059762.6
71562	627386.5
71574	689499.44
7158	169164.6
71580	4822572.17
71593	5981521.2
7160	514521.99
71620	3149838.63
71627	399235.84
71628	6067646.149999999
71634	75085.19
71655	534619.65
71657	2496291.2
71659	3462276.43
71663	516460.26
71671	482809.95
71677	695750.72
71680	6172011.899999999
71684	2419889.75
71692	6006627.0
71698	969141.78
71703	2478064.66
71709	8873057.28
71712	533137.52
71713	3046103.7
71718	681973.76
71721	121115.20000000001
71727	1917127.2599999998
71730	1678591.2000000002
71732	287180.66000000003
71736	1014349.5599999999
71739	3120171.48
71747	566768.78
71756	322820.33999999997
71757	2495448.5999999996
71761	620435.06
71765	3603460.48
71767	6955139.010000001
71772	86051.97
71776	45661.11
71779	244726.65
71785	1789170.84
71789	1155767.03
7180	18781.8
71815	1340168.12
71816	933180.4199999999
71817	6818285.64
71829	2631806.4
71834	34799.92
7184	1741909.5399999998
71850	2941686.67
71852	5048090.399999999
71859	938859.24
71863	1313269.2
71890	627159.46
71896	2419169.8499999996
71900	2205250.08
71903	1460008.02
71908	530422.4
71911	3489744.83
71912	1847979.9
71913	1060825.4500000002
71926	751743.0
71929	1838017.1400000001
7193	5526863.2700000005
71937	4966066.91
71941	1221982.98
71966	4071640.76
71971	2899454.8
71991	2174467.35
71992	1753778.28
72000	3234489.19
72008	333392.39999999997
72013	3227402.91
72021	2557832.6399999997
72031	165594.29
72035	1059573.0
72038	3778885.1100000003
72052	168441.52000000002
72056	1084617.8699999999
7206	434230.56
72065	1234735.26
72073	7877736.11
72081	1847073.0000000002
72098	1503853.29
72109	3379224.1199999996
72114	359454.12
72117	1158182.08
72118	220624.44
72123	1263002.78
72158	112024.8
72160	1109632.42
72163	728514.88
72172	203929.6
72180	2345345.48
72185	3870404.25
72193	3384767.46
72209	3873608.21
72211	2999931.22
72220	37760.48
72221	2410457.04
72224	58495.939999999995
72226	2749965.89
72229	3345864.04
7223	1023703.26
72231	1133453.41
72240	11313951.049999999
72251	549831.1
72260	1454958.6
72263	52434.6
72266	227406.4
72270	1280916.0
72276	2394774.7199999997
72277	2156671.2600000002
7228	636984.9
72282	3553225.6
72286	1568760.28
72290	2377335.17
72291	335311.05000000005
72292	638962.92
72299	3408254.8200000003
72306	713414.24
7231	8264881.5
7232	860039.04
72322	4289886.64
72323	3310989.28
72330	2706629.76
72332	6120671.08
72335	229418.97
72348	1381144.7
72349	3932764.38
72379	7486555.76
72387	774262.3999999999
72389	26419.2
72399	3686340.35
7240	2194240.83
72404	1479707.99
72406	4259039.04
7241	3242508.5999999996
72412	2416794.38
7243	1069320.5999999999
72441	6615648.93
72448	2979630.4000000004
72449	1448873.04
72468	4644714.46
7247	1811017.31
72473	2902050.58
72474	5568512.04
72488	258600.7
72500	680182.9199999999
7251	2793262.8000000003
72511	131519.22
72522	8601479.98
72524	889485.2999999999
72530	1062420.48
72531	2861384.74
72555	74528.20000000001
72563	6723061.0
72589	5205619.46
72590	3062317.59
72595	5103900.119999999
72598	1942538.55
72608	797444.31
7261	1749381.2
72613	8673524.94
72620	154448.56
72621	4228240.55
72626	245839.57
72629	915313.82
72630	437100.51
72636	953495.3400000001
72646	985405.59
72647	238670.43999999997
72650	1487520.72
72652	836831.44
72658	5100263.289999999
7266	80053.34999999999
72660	1603988.61
72668	1705964.82
7267	28510.300000000003
72671	1417402.5
72682	2346852.84
72683	2211021.2800000003
72690	1256301.45
72708	2153098.08
72710	1459500.06
72712	180184.95
72715	20276.1
72724	541870.0800000001
72731	2159637.84
72732	5126172.48
72734	607937.72
72736	707073.7
72743	294773.60000000003
72750	4077454.2399999998
7276	8258101.6
72764	1058179.68
72779	442044.36000000004
72791	6472943.4
72799	2085060.86
72804	1365364.28
72806	733218.1499999999
72813	113015.76000000001
72814	1233665.4
72815	280868.0
72819	849828.96
72822	2892691.1999999997
72824	3007301.83
72828	1412747.15
7284	12945298.190000001
72847	1087351.98
72862	1997318.4000000001
72865	9679043.34
72868	3286924.02
72882	5881473.600000001
72887	1358514.32
72892	132143.0
72895	5115010.67
7291	5525054.47
72914	612728.96
72915	4576528.18
72917	1076960.88
7292	6814508.399999999
72922	7930400.64
72923	228920.23
72930	3735133.5
72936	4392998.6
72939	4253488.0
72947	1762759.57
72955	6044737.32
7296	3535417.7600000002
72966	712204.88
72968	349283.06
72974	3660486.34
72988	441072.03
7299	2574126.1
72995	57948
7300	1430192.18
73011	992569.1399999999
73020	4444668.72
73032	191229.8
73036	8015799.0
7304	6310118.47
73041	887440.9
7305	795294.59
7306	4447013.34
73065	252395.63999999998
73076	539682.6
73081	5423315.52
73086	2530837.34
73091	207203.36000000002
73095	2154663.18
73100	7698299.16
73101	3742856.3000000003
73107	886354.22
73108	103660.48000000001
73110	3478688.85
73112	1770917.16
73114	742310.28
73121	1711729.5
73123	3814824.5
73127	2670289.0700000003
73130	243352.68000000002
73132	821981.72
73135	4588947.23
73141	5869077.01
73145	1859459.34
73174	679597.34
73179	298662.03
73219	2631119.58
7323	3104272.1599999997
73234	1984439.04
73242	3101400
73248	105649.12
73288	1295553.7
7329	627826.68
73293	5891038.4
73297	3594738.42
73302	3070918.4
73310	1301430.9
73315	1561549.5
73319	1068415.75
73328	106768.77
73339	6337887.22
73342	860372.43
73350	4169788.56
73354	341247.69
73363	1327910.0799999998
73367	6237239.24
73374	4486203.0600000005
73380	3744800
73388	1030668.3
73411	2653421.51
73415	2337643.35
73421	3836110.4999999995
73423	1688539.7799999998
73435	438456.33
73437	6106760.03
73438	3596281.38
73442	4416545.07
73443	622509.7200000001
73445	663690.3
73449	2441117.25
73465	5935595.88
73466	3807865.0
73467	2013391.51
73470	3909213.4200000004
73474	450981.1
73490	1694922.75
73496	1628038.9
73505	2840603.3600000003
7351	2109352.3000000003
73513	5943834.779999999
73522	6465832.359999999
73526	389519.77
7353	6740426.34
73530	770091.75
73533	8458453.32
73550	5147314.95
7356	1276044.0
73572	2549339.45
73583	23745.54
73585	3026345.18
73586	3938842.08
73587	2455913.81
73595	502583.77999999997
73596	5837166.72
73605	921470.4400000001
73608	1550007.1600000001
73615	6761780.960000001
73619	6639409.57
7362	5816267.86
73622	1910257.9200000002
73628	723525.11
73629	547484.6
7363	8167538.05
73631	437451.56000000006
73640	6054156
73667	385924.5
73670	2279486.54
73682	3799048.88
73686	662419.62
73691	336798.95999999996
73694	1443626.0399999998
73704	4333023.68
73715	1102668.35
73716	472697.61000000004
73719	3966822.57
73726	821438.28
73736	4788489.96
73739	633927.65
73747	899663.6
73750	264790.13
73752	27419.22
73754	81690.12
73761	5760672.5
73764	383840.14
73772	2758088.34
73774	9102651.92
73778	130032.0
7379	2199760.7199999997
73793	2678457.6
73794	841595.89
73798	4650970.78
73801	931576.1
73805	107114.0
73806	2940737.5
73808	661622.3200000001
73809	2979671.88
73811	273556.33
73815	2179893.8400000003
73816	556555.09
73827	1787257.81
73830	3420169.56
73836	3813860.9600000004
73843	701074.92
73851	334130.0
7386	3030607.72
73862	17493.84
73865	3290079.9
7387	3558098.16
73878	6643190.16
73884	1451665.49
73890	1467236.2100000002
73898	5062436.0
73906	680149.08
73914	236514.95
73918	3667881.3000000003
73923	3691132.4
73931	1714588.8800000001
73936	1010743.4
7396	4699130.01
73962	1528714.05
73972	94006.43000000001
73982	3965093.58
73986	6323777.04
73994	5216171.069999999
740	1234746.81
74019	5055213.92
74020	741523.29
74021	4861391.22
74025	2443683.06
74035	62098.85999999999
74037	1208387.04
74041	4780873.95
74044	2491181.31
74053	4853679.3
7406	1361525.2000000002
74061	293763.4
74063	342457.82999999996
74067	4913145.99
74081	2216029.78
74087	66990.18000000001
74099	20414.68
74100	2039498.75
74107	2975618.4
7413	450916.18
74134	1596230.92
74136	4207071.79
74141	1433709.6199999999
74150	518603.71
74162	3805894.5
74166	2332242.17
7418	240367.5
74184	4590360.96
74187	1105427.4
74191	4358740.319999999
74197	1510702.02
74199	671515.34
742	1077603.96
74205	6569798.68
74206	1540637.5999999999
74209	648814.36
74210	278682.24
74216	12983.490000000002
74218	1365352.56
74219	4308099.29
74220	6552128.699999999
74228	7619948.489999999
74239	52774.399999999994
74243	958980.3
74254	4496370.2
74263	2628700.8
74264	4300667.05
74268	1684385.01
74272	549869.6900000001
74274	7195327.11
74279	2763511.5
74283	2014737.18
74286	251322.96
74292	2060350.5999999999
74296	2009346.92
74322	441529.0
74323	588965.6799999999
7433	5337987.2
74336	2332235.88
74341	1204984.9600000002
74357	18091.8
74359	1782522.0
74366	170009.02000000002
74370	7160666.88
74382	162758.85
74397	133125.85
74403	2911963.67
74405	1906002.0
74407	1658458.1099999999
74415	731008.38
74418	2445793.35
74419	3717446.75
74420	1385177.75
74436	651156.66
74444	4378475.5600000005
74445	1465208.3599999999
74448	4322614.16
74450	1710311.31
74473	979576.95
74479	5250155.04
7448	820910.94
74487	2324273.6999999997
7449	1534782.48
74498	7455849.74
74499	1362897.3800000001
74507	4193225.7600000002
74520	4698086.4
74528	1444742.37
74531	3354119.9000000004
74538	7802376.45
74542	1366089.3
74545	816749.99
74552	5375970.430000001
74561	1715251.68
74563	3306233.7
74572	1148867.1300000001
74588	4230679.95
74596	5687669.94
74605	858418.05
74616	4540530.17
74621	4139167.4
74625	585554.6
74630	8708040.75
74637	2989228.55
74639	116574.12000000001
74659	286846.80000000005
74670	11700.300000000001
74672	1174376.6
74679	2713944.6500000004
7469	1402962.28
74692	4097489.4799999995
74710	747249.48
74716	603304.64
74718	5076764.8
74727	128972.06999999999
74728	1024554.96
74730	172543.5
74731	2396733.57
74733	9877582.879999999
74736	4680456.0
7474	4544840.85
74745	5909316.0
74747	5405359.08
74755	1340885.6500000001
74767	2426887.32
74770	730587.68
74771	2833616.95
74777	2107046.3
74778	147239.55
74784	3126419.9499999997
74785	8342519.13
74789	3182652
74793	1007394.5599999999
74797	6665033.260000001
74798	1228019.1300000001
7480	5058301.4
74802	2131735.5799999996
74829	590469.58
74837	32810.4
74839	1787444.0
74842	5504180.199999999
74855	917324.85
74856	109613.24
74858	2731270.2
74866	1731853.97
7488	2302181.55
74885	4572130.8
74886	2531366.96
7489	4838089.9
74896	5055869.28
74906	2359953.9
74911	145532.2
74919	4013829.82
74928	1210210.8
74948	5524706.340000001
74953	5923911.49
74955	6807108.9
74967	337718.16000000003
74975	4592867.92
74979	5455235.58
74980	983416.17
7500	8562393.84
75003	4731389.67
75009	5490987.84
75029	4647948.5200000005
75038	3258923.3
75062	1643424.9
75087	465078.68
75096	3140379.06
75097	1952427.56
75099	1356125.51
75102	379010.58
75105	2791886.16
75120	5559979.68
75128	3619264.2
75133	7988244
75136	1632990.25
75137	413026.56
75143	6086197.8
75150	127616.0
75153	802692.18
75154	335887.5
75157	2195064.6
75159	3958608.27
75161	500950.70999999996
75165	12916918.120000001
75167	278387.79
75175	2916103.1399999997
75190	1890904
75191	101286.08
75197	1240259.84
75203	274847.7
75215	2680950.99
75217	2742070.26
75222	4840486.17
75238	1331191.68
75239	4737767.86
7524	94264.01999999999
75241	2916644.37
75243	898572.7200000001
75250	8675257.14
75257	112918.73999999999
75258	7288852.32
75271	3413177.46
75283	5529547.350000001
75293	492217.68000000005
75298	1028550.32
7530	2354311.85
75301	2673146.9699999997
75306	1540281.6
75311	661645.6
75313	2067341.1199999999
7532	3194560.1599999997
75320	743380.04
75322	256738.57
75331	5853354
75335	863498.8
75344	6368345.75
75354	586855.8899999999
75369	1443951.09
75371	83128.44
75372	2481071.19
75375	625019.67
75389	80182.0
75394	4235005.75
75402	4056500.77
75409	834586.06
75415	8897068.09
75418	3478080.66
75421	2973187.4200000004
75422	3997327.62
75424	493304
75429	130607.4
7543	2040620.16
75430	217631.61
7545	353520.45
75454	4656763.7299999995
75462	7578400.76
75467	907964.85
75473	965034.0
75474	4634435.0
75475	3476980.4299999997
75481	579001.5
75499	3202164.42
755	8627091.68
75518	1922515
7552	6044972.76
75539	1227954.23
75543	2116919.2800000003
75548	8288287.199999999
75570	4062877.8
75572	732622.8200000001
75583	4255755.15
75586	1105516.8800000001
75588	1767664.8
75591	546834.2
75593	912844.83
75600	9035392.45
75607	530206
75608	3620932.17
75609	348566.13
75614	3164315.65
75615	1679783.6700000002
75617	5379486.100000001
75620	3033591.3699999996
75624	830802.84
75630	2672442.7199999997
75634	1328213.7999999998
75639	2392824.98
75681	4119289.21
75686	4961987.1
75721	4029975.9499999997
75726	7147801.43
75741	4887475.35
75755	3943961.3800000004
7576	1792907.4
75767	2917500.09
75800	11012401.620000001
75804	1335005.46
75807	334681.83
75809	6797239.2
75817	6866348.13
75821	1000787.7999999999
75822	719175.66
75826	877512.36
75833	1097754.96
7584	504358.03
75846	5826292.46
75857	2428454.8800000004
75867	4223860.74
75870	2409048.5999999996
75881	3385287.66
75887	3088390.9600000004
75890	196068.6
75894	142664.34
75917	263432.16
75918	1402261.08
75928	547197.6
75930	6060668.13
75942	1304974.88
75944	6539326.0600000005
75945	6552418.2299999995
75949	7463672.609999999
75950	1116904.8599999999
75952	23332.95
75956	2870171.92
7596	1408367.5
75972	3889024.44
75974	2898146.6
75975	1105897.6500000001
75981	5318655.5600000005
75997	2034304.2899999998
76	3342081.82
76012	2773965.27
76020	8210495.359999999
76029	134145.18
76033	35435.46
76037	2142479.9499999997
7604	2219102
76040	1185679
76057	4928610.15
76074	796777.6
76079	1875978.9
7608	1594172.42
7609	1791384.54
76090	1290999.8
76092	4958740.75
76093	3094046.24
76094	14094247.04
76103	4805036
76112	758619.54
76115	2863390.14
76126	207688.56000000003
76129	665099.74
76135	755674.08
76136	931806.72
76138	6691667.3100000005
76147	158801.76
76165	268253.1
76174	656746.78
76189	3904777.0
7619	7151432.550000001
76194	4107966.02
76198	2809543.86
7620	224175.08
76201	4470108.66
76211	807510.88
76218	993605.21
76222	169216.4
76223	2725543.8
76226	6904246.33
76231	2151101.11
76233	1739572.7999999998
76243	1046567.58
76257	3278495.4
76261	1354567.5
76268	5451266.24
76271	1693563.92
76277	6464469.64
76279	7829247.78
7628	4323484.8
76281	13646853.68
76285	4249862.06
76300	3475850.4
76301	7256056.5
76308	5604995.07
76312	2432732.9
76315	3935851.85
76316	10165151.7
76322	2665341.2800000003
76323	815823.84
76330	186796.0
76334	179069.09999999998
76337	2127237.84
7634	1592118.99
76341	858025.0
76343	1280717.1
76344	7614091.14
7635	6363052.8
76350	2118434.92
76358	496697.17
7636	4291775.75
76372	89063.1
76377	2037839.29
76385	2342416.23
76391	7062614.04
76397	2158777.0500000003
76413	2287047.09
76415	717594.85
76421	468743.94
76425	107866.08
76430	1609448.46
76438	419199.69
7644	609672.0
76441	4181428.8000000003
76469	37356
7647	6775723.899999999
76473	2584409.08
76479	656551.09
76489	2682842.2399999998
76499	191622.24
76501	4875661.319999999
76514	2397878.3000000003
76526	1060866.4
76528	5693793.12
76532	4020455.8000000003
7654	2244426.25
76540	1172293.6400000001
76542	8782613.28
76544	2228680.0500000003
76548	1169504.5399999998
76551	7465261.600000001
7657	1871408.96
76574	5447973.6
76579	167021.82
76588	1882862.66
76594	2119932.54
7660	99347.73999999999
76606	2581094.88
76613	496896.32
76614	2201585.8
7664	135438.24000000002
76643	1946782.82
76648	2821205.92
76649	1615303.62
76657	37489.44
7666	898160.0
76663	460743.20999999996
76669	1749392.19
76670	2494626.5
76673	10391977.18
76678	1227110.04
76689	556481.92
76694	7554179.71
76699	1004293.7
76704	6836889.68
7671	521987.75999999995
76712	567729.0
76713	7016829.75
76716	964465.08
7672	426206.94
76723	4400243.75
76725	1612283.31
76726	2340621.08
76733	1357132.8
76735	3344264.63
76746	571621.92
76750	697538.79
76753	8475522.12
76770	6159952.28
76771	1271548.7999999998
76775	3465396.0
76779	270925.1
76786	745382.1
7679	1652794.6500000001
76790	3530003.76
76793	4871492.34
76799	3065220.6
76801	2429151.9
76803	1155218.54
7681	2937461.82
7682	1437997.62
76830	3068243.5
76836	1399756.54
76843	270352.58
76848	2040749.7000000002
76866	1926650.8
76873	7275731.31
76877	7700386.85
76882	2316117.74
76889	4131195.7699999996
76894	2310469.08
76898	9120983.1
76899	1615605.3
7690	2474398.04
76904	1259778.8800000001
76912	7203111.24
76914	341951.12
76923	4210013.8
76925	3874116.1
76943	291442.69
76951	7030772.64
76952	2901089
76955	134191.2
76957	248257.12
76978	901538.44
76986	3770545.17
76994	29298.570000000003
77005	753563.15
77007	71000.06
77024	348393.22000000003
77027	6266324.399999999
77038	1164184.2
77042	6547972.079999999
77045	6512787.84
77049	2535409.8
77059	357737.8
77068	2087717.94
77079	1026028.3
77084	4803435.0
77095	696680.71
77103	5094375
7711	1275196.12
7712	862549.92
77128	1079825.3
77132	698767.35
77137	192198.08000000002
77144	673928.1000000001
77146	2198313.2
77166	1055288.65
77177	360558.29000000004
77179	5015029.76
77186	3203852.37
77199	86726.94
77207	7897752.72
77210	1473890.61
77217	160228.31999999998
7722	8696589.4
77223	3583003.13
77225	248660.21000000002
77226	756144.9600000001
77234	3056004.66
77237	420515.51999999996
7724	4119542.65
77240	4780732.62
77243	145902.4
77246	1096140.41
77252	4164894.5799999996
77254	8405537.22
77262	406456
77263	578567.36
77277	1102220.1
77278	3360258.3
77284	1681005.9600000002
77285	8481442.32
77291	778008.0
77292	3042932.0
77296	291144.96
77300	5450260
77304	6104167.92
77305	1237615.1700000002
77308	5064155.109999999
77309	1759167.14
7731	1735146.8399999999
77344	4954129.03
77346	1092616.5799999998
77349	1776731.6
7736	3252528.96
77362	1549637.72
77363	2174315.36
77365	2579999.52
77373	1915073.28
77375	3107697.97
77392	5164774.93
7741	1088980.74
77413	5876146.140000001
77418	4438292.95
77426	4191358.0799999996
77427	4400556.72
77435	1624912.38
7745	1202625.45
77459	4070659.56
77460	2236863.16
77462	4542255.18
77474	135041.84
77482	5187735.92
77486	857713.9500000001
77510	2035119.33
77516	609477.4400000001
77525	8323282.5
7753	3280682.1
77536	280848.39999999997
77545	1529754.66
77569	3807056.4999999995
7757	8026840.37
77575	4256891.59
77577	1247950.88
77604	1965436.26
77606	7022395.24
77607	3155489.1300000004
77609	569142.09
77612	4032138.4
77615	3933768.9600000004
77627	4254062.19
77633	1447561.8
77635	6578624.67
77640	1633773.37
77644	2328086.14
77657	2314795.08
77660	277898.88
77664	1946564.55
77666	2144114.77
77668	2249027.68
77669	1316012.56
77672	4323123.800000001
77674	6449506.58
77698	912132.6499999999
77701	3235134.6
77704	4372162.96
7771	8220413.33
77710	3415477.94
77720	3992468.3
77722	3236493.99
77724	2056673.43
77745	5122747.32
77746	9439118.35
77750	7264196.02
77757	2133760.9499999997
77764	5298792.16
77765	65952.5
77777	714412.48
77785	358864.01999999996
7779	643905.0
77790	1407345.6
77800	2943792.25
77805	7198310.06
77808	3770630.46
77818	1311231.8399999999
77820	783015.7200000001
77827	4170400.41
77829	2853342.3
77838	230854.75
77842	6360075.63
77851	4263474.24
77861	3582264.21
77876	863161.7999999999
77878	29873.06
77879	5879643.7
77882	5118754.23
77896	34243.2
77900	2155266.63
77901	58425.0
77903	3566166.2399999998
77909	2272063.75
77916	4945679.12
77922	697940.04
77925	4432713.96
77929	4229909.76
77936	623405.23
77937	17745.21
77954	2725117.48
77961	5795297.28
77969	2280429.18
77974	376410.0
7798	1891740.36
77980	2814022.35
77981	2204971.32
77988	256053.2
78006	721306.08
78022	658137.04
78025	2582392.89
7804	4854171.239999999
78046	472190.56
78055	5823603.54
7806	2221971.3600000003
78067	965764.8
78077	4953960.2
78079	1794949.76
78090	5490744.0
78093	2646958.1399999997
78094	8839938.290000001
78096	2680485.08
78098	1159674.45
78100	1314147.96
78107	3035097.4499999997
78109	601882.3099999999
78114	424527.8
78115	1477698.3900000001
78116	740312.78
78121	5751309.31
78127	1999707.18
78131	1046513.4
78137	753922.0
7814	1361529.77
78141	3234052.08
78146	2107086.45
78165	472184.09
78188	3294979.17
7819	25465.36
7822	350463.2
78228	4873274.25
78233	612014.92
78234	6915887.4
78248	2736220.96
7825	6729457.0
7827	6123654.489999999
78274	1468991.7
78288	5588331.56
7829	3393761.2800000003
78307	6796684.15
78311	3735629.28
78314	2103743.92
78324	451785.17
78328	2445569.1
78333	14660.1
78336	3290380.5999999996
78340	2965752.0
78353	4294196.8
78374	4959444.0
78377	1221239.7
7838	31640.519999999997
78388	3049433.0
78394	1955424.84
78397	3642616.25
78401	587833.92
78421	1847690.72
78423	3880272.06
78424	2672970.4
78425	6739554.08
78431	723028.5
78435	5978476.2
78437	570129.46
78451	10524873.24
78452	345095.92
78453	201156.12
78456	5383304.76
78457	1749504.4000000001
78463	411290.88
78482	4374554.0
78488	3381668.54
7849	6018500.16
78504	5283802.92
78512	1105859.68
78519	1879273.7999999998
78527	296579.55
78536	1563301.83
78544	1157116.8
78564	7005667.5
78569	104204.76
78581	4318563.859999999
78586	482072.89
78594	2991420.64
78599	4798082.96
78600	2618000.4
78601	5626288.24
78610	321904.88
78619	1157324.4000000001
78626	736424.2
78633	6302037.12
78636	16666.03
78642	1115295.72
78643	3381034.14
78645	1405760.76
7865	1641124.44
78656	500104.2
78672	2917317.1399999997
7868	6326469.81
78681	2761325.56
78696	637618.8
78701	2189282.92
78702	168087.48
78705	7017230.14
78708	3581079.25
78712	1743287.52
78718	6231384.96
78722	1174045.26
78725	1890159.75
78733	25224.390000000003
78738	5044193.100000001
78747	979455.8400000001
78760	744759.15
78764	1541619.93
78768	1719562.4500000002
78778	8299685.64
78784	426919.94999999995
78786	2042443.98
78788	909260.05
78792	1498576.32
78795	1407064.4
788	599405.29
78808	4186285.0199999996
78815	3154160.6399999997
78819	1627455.76
78822	2488365.31
78823	60469.71
78825	301618.82
78829	5909508.87
7883	3812312.25
78830	1287158.4000000001
78837	6160704.4
78841	2783163.5
78844	2278302.3499999996
78848	1945869.4300000002
78851	9044822.600000001
7886	4463287.92
78865	6624127.1899999995
78870	439412.36
78876	2187825.64
78884	640177.9199999999
7889	718882.29
78892	2415206.46
78917	679088.55
7892	371736.02
78920	540356.9600000001
78922	2285548.38
78928	6919342.92
78932	428224.50000000006
78937	5760157.74
78948	7170191.510000001
78968	4000888.6400000006
78972	4922100.08
78980	3810664.96
78986	5252350.95
79006	3426647.18
79008	2257470.1599999997
79021	488252.88
7903	1030492.54
79033	619123.2000000001
79035	4808289.75
79039	5851023.319999999
79047	1508209.9200000002
79049	1109818.5999999999
79051	6846672.48
79053	3918009.6
79055	50601.560000000005
79058	1291992.24
79067	2604849.7800000003
79073	3486832.83
7908	2863929.96
79086	4331163.899999999
7909	7761063.4799999995
79113	992508.0
79120	3112428.0
79121	644199.6000000001
79148	708952.2
79150	5786120.34
79152	2935308.3600000003
79155	2750855.65
79156	382597.07
79164	1116322.4500000002
79170	1499549.52
79173	98862.53
79177	1545234.3
79180	4115383.0999999996
79185	2304656.03
79191	2339563.38
79196	5042882.88
79202	406925.0
79205	3155240.2
79206	3284460.68
7921	148442.45
79211	3302704.02
79220	7797701.24
79223	2132884.25
79225	3152510.52
79232	751796.1
7924	206201.58
79240	3197416.26
79242	3283248.5700000003
79249	1354866.76
79250	5938199.26
79254	2678797.7600000002
79257	1066188.4200000002
79260	1814708.94
79265	1058276.8
79269	390406.52
79272	3524754.27
79286	2213440.32
7930	5225103.850000001
79306	205265.63999999998
79308	361550.0
79310	7704317.34
79322	7614916.35
79337	814995.68
79343	3915481.6799999997
79352	1000701.26
79355	6191589.9
79356	365121.55
7936	4750899.66
7937	1058876.25
79373	7896186
79389	4124172.3000000003
7939	590708.25
79396	658540.84
79401	287974.7
79404	1635837.12
79405	1279701.92
79406	33320.35
79411	589896.1599999999
79419	3518991.52
79421	1272251.4
79422	946373.5
79430	5185309.3
79434	419469.73000000004
79458	2146273.12
79459	3197240.56
79464	2373124.13
79485	5873939.31
79493	1213141.74
79501	313312.58999999997
79506	5744336.24
79512	5778919.5600000005
79514	2331068.85
79528	1640411.22
79531	2812852.98
79545	1552363.3800000001
79549	2638662.54
79552	3066704.1
79566	1215459.25
79574	159016.38
79575	24945.58
79586	797236.8
79591	440614.32
79602	3175872.2800000003
7961	2852308.75
79610	2868500.48
79611	270544.8
79635	2913692.9
79644	5728760.4399999995
79651	1585710.6300000001
79653	7079109.960000001
79673	6143273.84
79684	938701.73
79686	6306133.4
79693	960250.7
79702	4953261.600000001
79706	2461982.26
79714	1186824.1700000002
79717	1521184.5
79719	2410646.92
79722	125185.62
79724	3426705
79732	131849.03999999998
79733	200290.44
79741	3215659.68
79744	1843850.1900000002
79747	92706.73999999999
7975	1652111.0999999999
79753	7907933.88
79759	6504082.9
7976	5564545.78
79761	3952918.0799999996
79769	1753400.4
79770	2561226.32
79775	520922.92
79779	4396703.64
79783	5530646.24
79784	4841452.51
79785	3897399.2399999998
79791	1692211.6199999999
79792	337286.7
79799	1530365.59
7980	2003455.4400000002
79815	7324939.260000001
79816	4473448.14
79841	2271224.66
79842	1664268.52
79851	1484169.52
79853	5493370.399999999
79872	1757572.92
7988	2824676.12
79880	256344.27
79882	1837666.8900000001
79892	1780836.2000000002
79897	924426.0
79899	246431.98
79933	3453433.92
79934	1041607.53
79942	3220362.15
7995	1130028.06
79966	349304.0
79967	325051.44
79969	261647.1
79981	5001942.08
79989	477249.56
79993	4908106.9799999995
80016	2820782.25
80021	1258969.1400000001
80022	2733967.74
80032	964296.96
80043	5252723.15
80052	763054.5
80076	570502.11
80080	5713888.27
80085	105276.98999999999
80100	2974724.9
80111	2079183.3
80112	3195932.2
80119	173930.12
80120	5351587.78
80134	542477.79
80136	595748.27
80138	134439.66999999998
80140	488928.06
80142	4354184.67
80147	862996.14
80148	600101.58
80157	5135050.2
80158	7258521.36
80163	61636.27
80174	3800141.15
80179	2773640.98
80181	1195950.3299999998
80198	1168045.06
8020	2687562.15
80204	850232.46
80206	2041117.23
80211	2092239.1800000002
80216	115792.61
80221	2077649.5
80225	232163.75
80228	2805880.57
80231	609492.8400000001
80233	1711420.4100000001
80253	935603.8200000001
80255	566384.5
80257	1314348.75
80271	666722.6799999999
80282	43134.78
80290	476950.32000000007
80296	886443.48
80303	2926823.1
80305	237806.02999999997
80306	2298976.6399999997
80311	1182791.8
80314	3405584.61
8032	795417.73
80325	5481365.89
80327	1981519.8800000001
80349	447402.45
80357	1367519.76
80368	981224.6399999999
80383	2173673.04
80384	4701950.8
80385	1004977.59
80386	2835822.2399999998
80389	2852654.4
80403	351640.12
80405	3124802.3
80408	7963312.17
80412	5494321.8
80413	1308547.08
80422	26070.35
80428	6785724.4
8043	1179624.8
80431	1716073.7499999998
80436	141983.37
80437	2489526.4899999998
80456	6068719.840000001
80459	1317655.26
80464	2705371.24
80476	5189526.5600000005
80480	2928167.44
80487	2549036.1
80512	6521102.28
80527	3453993.6
8053	558238.1
80532	1568858.24
80553	202567.97
80562	895353.18
80572	154896.18
80576	361062.57999999996
80583	2253209.27
80586	5189540.430000001
80590	4721739
80597	4104232.1700000004
80599	5287208.32
80601	2188015.4400000004
80604	1524185.28
80606	1830550.4000000001
80613	4295670.75
80616	3744510.7399999998
8062	2992102.68
80622	542532.0
80627	481009.5
80628	3239481.9000000004
80633	2460715.95
80637	1867063.66
80644	3561308.3
80648	3247192.2
80653	4920201.4399999995
80664	4527107.64
80670	1038969.62
807	4240791.12
80734	466334.6
80739	4515978.72
80740	2618266.12
80755	2454127.26
80780	779932.7999999999
80783	840835.1
80787	5367566.25
80793	493760.52
80800	4785625.350000001
80805	2617484.6
80814	1686993.0
80820	4416301.680000001
80834	1622717.8800000001
80840	1575850.28
80841	128652.79
80846	5578560.88
80859	252611.84
80860	2770735.4000000004
80870	1611672.27
8088	464691.36
80880	7673031.39
80884	369897.57
80895	5787645.4799999995
809	1045679.94
80903	5122764.7
80907	7069348.760000001
8091	39373.89
80911	448385.84
80913	43798.15
80926	5938059.82
80928	1676626.24
80929	1592941.14
80930	4385587.2
80932	1057634.63
80936	7163075.36
80939	7536564.32
80956	205286.22
80958	6808329.2
80962	173320.38
80963	11960.1
80964	1270741.4100000001
8097	4577574.5
80980	86310.72
80988	377594.10000000003
80995	4532925.4
8100	814878.8099999999
81012	1888362.76
81017	495462.32
81020	2488704.6
81024	1124342.1
81025	1869450.98
81034	3666613.7
81040	1187655.6
8107	6475474.800000001
81074	139301.91
81075	550598.4400000001
81087	198963.84
81093	767719.26
81095	1539842.1900000002
81099	4333360.2
811	7126213.029999999
81107	3771704.1
81108	2931366.1999999997
81109	3594360.48
81112	3004270.5
81117	1732341.45
81118	840186.0299999999
81119	5638896.0
8112	4514949.45
81131	3348380.56
8114	7933921.88
8115	1063427.52
81152	3686856.1199999996
8116	6410418.9
81162	749703.66
8117	216662.04
81172	961901.0
81178	3213696.69
81181	5874325.08
81184	2891699.7600000002
81188	5530695.039999999
81206	5956002.36
81207	3140929.44
8121	35342.4
81210	60253.27
81217	2188300.71
8122	116812.5
81225	479517.77999999997
81227	3956316.0
81231	3316459.38
81239	367817.04
81244	98585.8
81252	1380145.8
81262	242640.36
81265	6250863.15
81268	369185.75999999995
81271	324329.45999999996
81275	1164001.6400000001
8128	1683542.52
81283	376927.43
81284	2758987.44
81285	392727.3
81290	1000757.64
81295	2968466.5500000003
81298	11273686.13
81299	676410.21
8130	2086024.0999999999
81300	1108212.1600000001
81305	452310.48
81306	716989.78
81317	695327.04
81320	3149703.6599999997
81322	501683.04000000004
81326	6029541.5200000005
81327	419882.10000000003
81332	2307731.4699999997
81334	2933857.68
81343	10205.44
8135	2186560.3200000003
81354	4723390.7
81356	1307618.4800000002
81357	697164.0499999999
81372	131320.0
81375	367251.95
81381	1008448.3200000001
81390	3996903.67
81399	348186.08
814	1194417.4000000001
81408	1200344.44
8141	4573505.840000001
81413	3546271.6
81422	6177578.89
81427	5831630.0
81428	1159233.72
81435	3170102.46
8144	280497.4
8145	7323630.08
81453	1483044.64
81454	381106.56
81473	3846994.2
81477	6682228.76
8148	1088599.68
81484	31133.64
81486	2817286.7800000003
81493	19307.28
81509	4262062.97
81511	753787.76
81512	1295837.93
81515	879487.0399999999
81527	174665.15999999997
8153	1001373.25
81534	964374.95
81545	5498678.3100000005
81553	5422753.5
81555	2370970.46
81558	9171946.5
81562	1630477.2
81572	1906978.0
81578	1188096.0
81592	2510105.4
81620	2773792.1399999997
81626	7254883.95
81628	911829.0
81631	1653667.2
81653	1733498.06
81656	1181001.24
81657	1862323.1800000002
81663	1415976.0999999999
81671	1172295.78
81676	9031999.4
81678	3382466.2
81683	9067258.47
81691	1417386.27
81696	542991.9
81702	4517553.3
81707	8385761.1899999995
81710	2321892.0100000002
81712	3621565.08
81718	3745926.05
81727	2902036.25
81730	227475.56999999998
81733	485353.08
81739	7842132.4399999995
81746	620697.96
81754	2839045.46
81755	1439554.9
81759	2248113.11
81762	1518834.24
81766	1133409.25
81770	721545.88
81774	2031478.68
81777	1093757.6
81782	832010.6
81786	141262.80000000002
81813	765379.2000000001
81814	3760176
81817	1822470.5999999999
81827	3475240.17
81831	2040203.4
81849	4084284.7800000003
81857	1447262.19
8186	3823244.88
81861	579603.7200000001
8188	947466.66
81887	1113769.8599999999
81895	319873.87
81897	5945393.16
81903	5966263.16
81907	918625.68
81909	2117492.4299999997
81911	279375.72000000003
81912	3019975.14
81926	2753182.8
81927	550195.92
81934	6222671.0
81936	1175767.5
81939	98314.40000000001
81965	982750.34
81966	1342374.0
81971	1467471.07
81988	711882.2000000001
81991	6373074.24
81999	851917.8
82000	1065567.6
82008	404540.88
82011	2371580.4
82020	6279782
82028	3089798.6999999997
82033	930591.0499999999
82037	600103.36
82052	1893679.3
82055	4163980.34
82062	1581875.4
82073	6684614.2
82079	5072625.0
82082	4345111.47
82097	2401033.32
82108	1423026.26
82111	2823224.56
82116	1250164.1400000001
82117	724823.19
82120	5310948.06
82158	329889.26
82160	7328578.330000001
82169	2571396.25
82180	3204060.6999999997
82182	489847.09
82193	30026.079999999998
82207	4007630.7
82208	3606664.25
82217	2669315.32
82220	489251.4
82223	564713.04
82224	1057129.92
82227	4396505.88
82231	403661.44
82237	1259343.75
82239	1321233.6900000002
82251	1998394.4
82259	2234885.4
82260	1107611.5499999998
82267	4016682.78
82275	213603.93
82276	2596622.94
82280	304307.24
82284	1120715
82288	356183.49
82289	1529973.25
82292	2663209.12
82299	783783.0
82306	1013101.5
82321	4335907.42
82323	791123.7000000001
82327	4348156.050000001
82329	3450262.9699999997
82332	5096157.149999999
82346	241125.0
82347	1511822.48
82378	109987.92
82379	4054495.4
82387	804412.05
82388	241445.05
82397	436616.01
824	3317485.08
8240	2109418.7399999998
82402	381002.16
82406	4713386.76
82409	3704406.06
8242	6262346.75
82440	3841338.8000000003
82445	743375.0399999999
82449	25285.96
82465	2423106.96
82472	3610922.85
82474	17528.030000000002
82488	1086316.75
82500	1530615.91
82508	1558213.05
82519	3858255.3600000003
82524	3138862.4
82528	4381476.3
82529	7695646.5
82530	15412.320000000002
8255	7127197.609999999
82552	4202963.57
82560	2542372.8000000003
82588	1628823.3699999999
82593	41647.02
82595	2557239.93
82608	5982169.4799999995
82610	2237378.85
82619	3563965.44
82620	2450428.05
82623	6157412.8
82628	9160155.54
82633	120798.96
82644	4101424.46
82646	1611002.52
82648	2644529.48
82650	2463861.8
82655	1203646.67
82656	43116.1
82657	1414477.24
82666	1668009.5
82671	4427579.3
82682	1436192.9000000001
82687	1608249.1
82706	795424.5199999999
82707	752209.36
82712	1561968.6800000002
82714	1818268.43
82724	1204110.72
82729	8331766.879999999
82733	1624520.67
82736	569859.86
82741	2112784.24
82747	216372.0
82763	2010949.16
82779	151462.11
82790	1554860.25
82798	131235.28
828	6027172.0
82801	378648.72000000003
82803	51051.130000000005
82804	3300684.3
82811	687802.6799999999
82813	757405.74
82814	3302451.6
82819	106249.04000000001
82822	7730394.069999999
82825	2753236.8000000003
82844	166408.02000000002
82859	5080800.2
82862	2943922.7
82865	14235489.780000001
82879	6940170.64
8288	1438011.88
82884	3571573.3200000003
82892	2692810.92
82893	194910.56
829	1680168.0
82912	5265595.53
82913	490218.96
82916	2566971.1
82920	2007704.4
82921	3175584.1
82930	220127.82
82936	402665.95
82939	176696.58
82945	651063.0
82952	7821561.72
82964	165281.52000000002
82967	3132905.32
82972	24094.079999999998
82988	346511.0
82995	5443434.96
83008	2418297.28
83020	2114205.0999999996
83029	807744.54
83035	279954.83999999997
83038	918680.3600000001
83062	1863487.7
8307	3732060.4999999995
83073	5775361.5600000005
83080	2470748.28
83084	1619682.7499999998
8309	1803677.28
83091	906323.5
83092	1799980.92
83098	2759383.9600000004
83104	3181306.8600000003
83107	5193567.84
83109	339270
8311	3315659.9099999997
83112	123640.64
83114	1542563.88
83120	2302743.24
83121	426187.08
83124	564311.5800000001
83129	6987759.029999999
83130	549133.2000000001
83135	2969401.63
8314	1905884.29
83141	582950.4800000001
83145	123340.71
83172	4217479.68
83178	1341668.56
83216	172448.49
83231	1600158.5999999999
8324	2141471.4
83242	2520272.5
83247	393733.25999999995
8328	7196410.9799999995
83288	380182.39999999997
8329	7990052.899999999
83290	101777.28
83291	5636140.37
83295	2499673.12
83301	3218263.62
83308	1133331.92
83313	2481465.3600000003
83316	22809.18
83328	9224792.2
83336	2635210.93
83342	1024003.16
83349	3459564.78
83354	1177534.84
83360	538687.24
83367	2467929.25
83371	6320576.88
83378	416328
83388	4638028.5
8340	208977.86000000002
83408	1752043.44
83411	12577.2
83415	261734.30000000002
83419	1748876.3599999999
8342	909632
83421	5607416.319999999
83434	1146312.75
83436	58642.479999999996
83437	6148452.06
83438	1562930.82
83439	156360
83440	210274.12
83444	5589346.38
83447	396285.75
83464	2978523.59
83466	6180224.0
83470	1591659.9
83471	453157.12000000005
83488	3202370.24
83496	3428918.7399999998
83503	8595034.2
83510	2257937.2800000003
83520	826313.2
83525	3011778
83528	264455.76
83532	8009753.850000001
83533	1195405.32
8354	545412.9299999999
83548	59725.520000000004
8357	2132560.36
83582	1048847.8
83583	32463.600000000002
83584	1217049.6
83593	607284.93
83595	4421979.2
8360	6268918.0200000005
83603	7293833.5
83607	15166.2
83615	3252758.5
83617	2095955.5
83620	301700.7
83626	1628024.69
83627	517019.06999999995
83628	2864599.65
83639	4731916.63
83664	782050.5
8367	4558289.73
83670	2221033.64
83680	2176515.0
83686	1202489.5699999998
83689	3780519.75
83692	7809901.66
83701	6203347.6
83714	2436570.84
83715	1802287.52
83718	437465.14
83725	160623.12
83735	216059.19999999998
83739	174025.06
83747	3163368.86
83751	3392948.54
83752	732905.64
83760	6252722.54
83761	6799211.88
83770	2423147.2
83771	3012448.9499999997
83773	5792646.96
83776	3381059.92
83791	724812.57
83792	1565681.25
83798	4162706.3
83802	254631.52000000002
83806	2750508.8
83807	2677878.8000000003
83808	4611866.22
83813	1204429.6
83814	747933.48
83825	2218043.8
83828	718471.68
83835	7654886.54
8384	2180098.9
83842	359197.2
83848	850560.15
83851	673213.44
83862	1646459.7599999998
83864	294401.26
83865	1756864.3199999998
83875	246336.87
8388	4073694.2399999998
83883	5772491.0
83889	357888.0
83898	1313754.9
83903	1012186.14
83911	3009452.9
83916	478137.33
83921	1439000.8800000001
83930	327607.2
83936	4408448
8394	890164.25
8395	2598728.44
83961	378726.4
83962	597533.0800000001
83969	2416574.1599999997
83981	1493937.96
83985	2680481.22
83992	170717.05000000002
83994	483225.60000000003
84	1334146.71
840	1486128.98
84017	7009909.67
84019	8950039.98
84020	4422224.32
84023	1731842.28
84034	2998023.91
84035	739390.47
84038	5015178.29
84042	2425896
84053	1764732.97
84061	3786995.16
84063	1260051.26
84066	279883.8
84080	2867150.88
84086	196023.0
84096	7076242.56
84100	5527613.41
84104	674118.34
8411	4918284.749999999
84133	2161823.57
84134	406517.47
84139	3026944.34
84147	2886689.52
8415	2621722.04
84161	1232565.04
84164	4581575.46
84165	3975116.4
84184	1544842.53
84186	2793397.19
84191	4658274.779999999
84194	402160.63999999996
84199	1027115.16
842	681284.3899999999
84203	4185605.92
84204	976068.52
84206	3044007.3899999997
84210	686524.7
84215	9105257.36
84218	1118255.8800000001
84220	7450581.600000001
84226	1739296.8
84238	3934794.98
84241	60561.82
84254	1516480.47
84262	1480828.86
84263	6244952.0200000005
84267	1359518.42
84270	1389189.5
84274	3401092.56
84278	273218.67
84282	167502.72
84285	2174385.2800000003
84290	3573938.76
84293	4259196.42
84294	76166.31999999999
8432	8053052.16
84321	2051182.98
84322	393984
84335	5410013.53
84339	1696340.85
8435	5025526.32
84357	623924.7000000001
84365	44516.340000000004
84369	1469947.08
8437	3481426.94
84379	2544241.2
8438	1168001.5999999999
84395	3410346.48
84402	1403319.12
84403	2782643.1
84405	588958.29
84415	4778768.1
84417	1307614.1900000002
84419	2169532.3000000003
8442	1236238.86
84420	3375618.0
84435	1739195.7
8444	2700635.94
84442	3555903.92
84444	6145805.899999999
84447	4016784.22
8445	5176423.2
84473	2279613.6
84476	469869.52
84484	3436316.6999999997
84496	2400478.52
84499	66176
84507	1200742.4
84519	2699879.5
8452	3829559.58
84528	1244065.1500000001
84536	716938.86
84541	1668197.2799999998
84545	3325870.59
84549	2316968.98
84558	2239068.3
84563	1864509.92
84570	6896076.0
8458	553774.0800000001
84587	3109542.03
84593	4189973.43
84605	2797384.8
84616	1222170.46
84619	2501660.8400000003
84624	2895765.12
84628	4121245.6
8463	5951012.52
84634	262964.75
84636	5536406.199999999
8464	4673612.97
84656	222059.16
8466	3622495.95
84668	152208.0
84669	3388619.5199999996
84677	1248384.72
84690	1030627.71
8470	2692801.38
84707	7525630.5
84715	5555170.6
84716	6187484.42
8472	11702.6
84725	2172657.25
84727	2786456.4
84728	5260518.079999999
84731	9276586.919999998
84732	2639011.2
84735	6877081.75
8474	154001.84
84742	5965375.68
84745	389016.64
84747	5988580.25
84752	3020333.7600000002
84767	2945994.01
84768	1942840.8099999998
84775	3938384.7
84782	4985833.8
84783	1167877.13
84784	2066694.71
84788	1759857.52
84792	447148.79
84796	3242135.36
84797	3044247.1199999996
84799	130965.12
84829	1594298.48
84835	542033.61
84837	819749.4400000001
84840	6208641.970000001
84854	589756.8
84855	2147359.41
84863	228576.25
84882	3178752.64
84886	727815.97
84896	1124127.98
84905	4241335.05
84910	1675267.5999999999
84917	1906700.76
84925	2400546.85
84948	283853.13
8495	517910.99999999994
84950	2236779.25
84953	655754.5800000001
8496	1488251.0399999998
84964	1776866.3499999999
84973	74876.58
84976	519494.04
84980	3055815.6
85000	293470.86
85006	3430078.09
85016	730300.25
85027	387246.48
85036	1860833.8199999998
85037	7526430.51
8504	3390934.96
85060	3840793.5
85068	3404523.15
85084	3219498.4
85096	7943691.06
85101	1216413.7200000002
85103	501557.63
85118	6594888.79
85127	1789142.8800000001
85128	4427963.82
85131	2435180.2
85136	2769669.44
85141	5214560.65
85147	998663.68
85152	2171526.48
85154	141535.92
85156	2361073.4600000004
85158	13554904.0
85163	2548557.8400000003
85164	6938318.61
85165	1729334.4
85174	611731.9400000001
85188	654931.2
8519	241370.85
85190	1290940.56
85195	301954.2
85200	3643503.7
85212	1880830.08
85214	1822936.53
85215	2393605.79
85222	1498354.06
85237	4098234.14
85241	3421183.97
85249	147834.33000000002
85255	2745565.83
85271	1033477.5
85280	817416.5499999999
85290	6089041.800000001
85295	6879523.5600000005
85298	13581154.93
85306	337564.05
85309	6439847.18
85311	3283130.34
85319	123149.53
85321	726826.5
8533	7531244.28
85330	8811013.16
85333	6442264.29
8534	339595.83
85341	692672.85
85352	217021.56
8536	3057455.52
85367	3918988.9200000004
85368	3881028.7800000003
85370	1713619.5999999999
85373	8647796.22
85387	1559448.3199999998
85392	916533.4
854	867846.0599999999
8540	498789.52
85401	4601167.68
85406	2429352.45
85412	4955549.850000001
85415	5246557.28
85420	3984280.96
85421	5491722.8
85424	43966.0
85428	4714667.65
85429	455280.11
8544	157070.34
85453	522109.44
85460	4369926.19
85464	2570743.7
85471	1003206.8200000001
85472	1411810.4000000001
85475	1209895.75
85480	6835244.64
85496	2751113.92
85516	2022727.72
85537	228381.12000000002
85543	4734406.02
85546	4907720.64
85567	310675.14
85570	3957320.68
85581	7255003.25
85583	935559.24
85588	3255959.0700000003
85590	3865912.4
85592	2784433.5
85597	5357222.64
85600	970458.56
85606	15053957.150000002
85611	1670473.44
85612	758717.1799999999
85615	1556036.2999999998
85617	1649392.08
85621	381760.83
85628	8029693.4399999995
85632	401544.78
85637	576272.16
8564	826264.6
85680	1763716.6800000002
85686	1714968.64
857	5049990.0
85718	6441213.8
85724	473981.19999999995
85739	2025429.3
85755	5179415.010000001
85764	843717.7
85798	1155664.9
85799	1405978.49
85803	1531094.67
85804	3690096.89
85809	1656648.23
85816	569540.1599999999
85818	274344.12
85821	2249838.4499999997
85824	1491584.05
85830	3478906.08
85843	4408648.08
85844	1721253.48
85857	623060.75
85864	262061.80000000002
85868	770545.38
85879	3979950.0599999996
85886	2822931.6
85887	748200
85891	771762.4199999999
8590	3731075.04
85914	509782.27999999997
85916	4142932.3099999996
85927	554026.2000000001
85929	5583683.49
8593	1215725.26
85942	5530044.33
85944	1236583.0799999998
85945	1467523.98
85946	1361613.3299999998
85947	7822629.67
85948	6723047.24
8595	2271071.4
85952	3671279.15
85955	275710.0
85972	3884258.65
85974	5051716.56
85979	7137097.76
8599	640118.3999999999
85996	3150446.87
860	127745.62
86009	2422543.46
86011	3912218.33
86018	5678133.600000001
86028	715565.62
86033	1738356.3599999999
86036	2062322.65
86040	808888.08
86056	2167268.31
8607	799841.57
86071	1226773.2
86077	1462781.48
8608	8062411.16
86090	2213537.22
86091	11177793.79
86092	313995.45999999996
86101	364060.71
86111	699606.36
86115	5551682.5
86125	3504938.56
86128	869038.5599999999
86134	5017521.4
86135	3850443.6
86136	2254012.88
86146	3435422
86147	7604296.279999999
8615	1154078.87
86162	330882.72000000003
8617	3226321.78
86172	942024.4
86188	240672.06
8619	2666737.35
86191	204454.25
86197	575501.34
86200	710169.05
86209	4354840.52
86215	10795.44
86222	2104862.7600000002
86223	11772205.08
86226	442245.12
86228	564886.65
86233	2323538.8000000003
86243	23002.44
86255	7266653.26
86259	1293659.65
86268	1305819.2
86269	264875.0
86274	1281421.4400000002
86278	2761209.11
86279	764260.2000000001
86281	3122243.1799999997
86282	855822.88
86284	1806696.15
86299	288621.96
86300	2116983.22
86306	4897686.17
86310	2737141.5700000003
86314	2513739.2399999998
86315	3982364.7500000005
86316	4944952.33
86321	240673.80000000002
86322	2379829.64
86327	2556632.68
8633	1620597.72
86333	393475.18
86336	6711705.0
86338	1232228.83
86341	2789522.12
86343	472649.10000000003
86350	1696977.2
86356	585160.2
8636	2003795.58
86372	428907.41000000003
86374	2789836.06
86383	383043.3
86391	230041.0
86397	4639031.5
86411	2987448.88
86412	60275.2
86419	2144655.27
8642	1577784.0
86424	8215572.61
86429	219215.7
8643	1595203.35
86438	4913872.47
86469	2122563.57
8647	1002422.39
86470	826599.8400000001
86477	2054424.6
86489	5310020.07
86493	295809.5
86496	166314.53999999998
86500	945292.7999999999
86511	728282.35
8652	2070858.4000000001
86525	2785282.5
86527	253329.57
86529	6403481.68
86531	3429431.25
86537	1522464.06
86539	5471150.959999999
86542	3727175.2800000003
86546	376739.32
86550	2700484.0
86574	2715889.47
86576	5813362.399999999
86588	6097415.72
86594	2804461.2
86604	1017807.84
86610	6361525.97
86612	6340269.11
86641	710769.13
86647	9434604.18
86655	5231498.3
86660	5462975.17
86667	895418.5499999999
86669	787691.04
86672	1656001.2
86673	534651.48
86675	6963290.4799999995
86686	5948581.62
86694	1533334.93
86696	2478473.86
867	584413.25
8670	1696167.34
86702	27262.53
86711	437271.72000000003
86712	154285.94999999998
86714	2397611.54
86723	2347033.9899999998
86726	773974.38
86730	165321.24000000002
86734	4251482.4
86746	1620968.8599999999
86749	9346826.44
86750	2385686.4299999997
86770	93888.08
86771	2184670.44
86775	24349.88
86778	1091521.6199999999
86786	4207695.8
86790	272071.8
86793	402697.12
86798	1516976.54
86801	5364975.0
86802	928709.0399999999
86829	841841.0
86833	1934984.7000000002
86843	40535.62
86847	4465056.8100000005
8686	1937561.08
86865	5405549.45
86873	3898075.7199999997
86877	4194671.48
86879	2325136.56
8688	4163506.11
86887	3767267.6999999997
86891	4465034.98
86895	1468560.32
86896	33223.81
86903	3277699.88
86910	2369439.2
86913	1537495.96
86920	154929.6
86925	1615715.2000000002
86943	9092253.0
86949	9541943.700000001
86950	74273.26000000001
86955	7401816.42
8696	1201348.5
86975	1954387.03
86983	4438384.35
86984	821637.4400000001
86992	5694935.91
87004	8714017.79
87021	2699439.39
87027	286180.65
87036	4266285.66
87039	6430127.88
87044	1409307.04
87049	3372348.68
8705	2306588.76
87057	1204065.87
87066	2717340.34
87078	6066093.850000001
8708	646576.9199999999
87081	4206731.49
87092	3851634.2199999997
87095	113999.98
87101	8046651.83
87127	52193.76
87132	1356882.0
87136	1630903.52
87142	5241222.4799999995
87144	5798974.399999999
8715	1342665.7200000002
87164	89106.36
87176	2680613.43
87177	7613811.5
87185	1174617.24
87198	2810036.04
87204	68615.27
87207	6386345.680000001
87215	147014.74000000002
8722	513615.60000000003
87223	4023060.95
87224	3148680.06
8723	583978.6900000001
87233	2170381.5
87235	3599746.8
87239	3461598.07
87240	7133448.42
87243	7200224.67
8725	4283342.100000001
87250	3896483.3600000003
87253	1406434.26
8726	1878997.5899999999
87260	6507110.65
87276	4436385.199999999
87283	4100669.46
87290	1102989.5399999998
87291	420801.75
87296	4764862.15
87300	509267.61
87304	9215695.5
87305	13482847.04
87307	1554741.12
8733	7683697.3
87343	2481102.4
87345	30913.84
87348	5974133.88
87362	3592985.6199999996
87363	1528504.08
87371	559744.2899999999
87372	2347722.8000000003
8739	4190303.04
87390	3804414.0399999996
87413	2859247.08
87418	115379.04
87424	260533.90000000002
87425	6428984.25
8743	1453892.3
87433	38520.46
87456	4646794.88
87458	602278.47
87461	16554.0
8747	1163796.48
87472	434426.74
87481	735348.9
87484	27767.25
87508	8042966.39
87514	9699492.53
8752	265423.2
87524	2783639.65
87535	701960.0
87544	4187210.5
87545	4956659.2
87568	388796.0
87572	1680211.26
87576	77136.64
87592	3026825.7600000002
87604	7368693.67
87609	1019556.72
87611	1561659.75
87612	1126535.26
87626	3071371.44
87630	4772189.5600000005
87635	4317066.600000001
87639	7227628.94
87644	5334278.88
87649	1770494.9200000002
87655	3600748.9
87660	193183.94999999998
87664	135926.4
87666	5908694.609999999
87671	317132.87
87672	5307041.600000001
87673	1894423.05
8768	8072760.96
87682	1166557.5999999999
87696	2229431.8400000003
87698	681755.76
87703	2826833
87708	7445632.800000001
8771	1374590.25
87717	321497.52
87720	4633541.01
87722	7587159.72
87723	2620312.49
87745	10185509.4
87747	1577333.88
87749	3094324.42
8775	6113697.5
87757	523164.18
87763	3300405.91
87774	985992.75
87782	2101022.04
87788	1308053.2000000002
87798	1433119.04
87803	3865174.5
87806	4292015.26
8781	574449.96
87817	2697634.8000000003
87819	1120045.77
87827	3666206.56
87829	1192816.8
87838	1734576.48
87841	1169750.4000000001
87849	765561.83
8785	1001660.0599999999
8786	2578200.58
87860	5072486.51
87875	1112608.35
87876	540597.72
87878	3600367.7600000002
87881	1007597.78
87895	6287053.9799999995
87897	1026478.9199999999
87900	1375209.2599999998
87909	1060114.2
87914	774378.2200000001
8792	1056127.25
87920	7707860.16
87923	1372483.44
87928	1805592.53
87936	1628990.14
87937	585182.75
8795	1918465.49
87951	18710.94
87961	5802392.96
87968	977691.76
87972	2619810.06
87979	318390.0
8798	1676736.0
87980	3928587.5200000005
87988	628265.92
88004	1789668.98
88019	7162851.57
88024	583848.3200000001
88045	4033635.57
88054	2955869.28
8806	3001563.33
88064	699481.7999999999
8807	3242876.31
88075	1433113.8
88078	691992.0
8808	7733331.96
88089	1428996.2500000002
88091	4406549.06
88096	3445362.28
88098	4582795.9799999995
88100	2944093.58
88105	7618622.4399999995
88108	508465.5
88114	1014700.4400000001
88119	3322461.9
88120	169970.53
88125	3533402.25
88129	2401479.08
88136	67629.43999999999
88140	913145.76
88145	3043587.36
8816	723223.75
88162	1137859.45
88188	1139228.3599999999
8822	2353787.4899999998
88226	652074.3
8823	9040855.1
88231	133517.37
88232	66325.5
88247	7318537.38
8826	13412.4
88272	6228088.42
88285	2422800.0
8829	4244358.3
8830	2597045.7199999997
88306	4940368.239999999
88307	3620111.4
88311	135296.94
88312	6423692.16
8832	63248.8
88324	913550.4
88326	845669.5
88329	1053248.14
88332	6410653.260000001
88333	766682.5599999999
88338	163341.16
88351	4073601.15
88352	5744438.16
88372	3021230.4
88376	4218577.2
88387	283396.12
88394	1417572.9
88395	4852439.92
88399	3526626.19
884	2107479.56
8841	5665898.16
88418	53404.32
88420	8663355.4
88421	734228.04
88422	576217.18
88424	26545.4
88428	1489667.76
8843	3762697.5500000003
88437	616408.1
8844	3303333.04
88448	356383.35000000003
88450	7460220.03
88454	1401743.04
88455	107031.42
88456	1476569.8
88463	621184.2200000001
88480	1232392.28
88487	3683975.36
8850	342259.75
88504	413716.63999999996
88509	1340098.97
8851	1290632.42
88516	5027619.1
88517	2339236.48
88519	540369.36
88526	3085069.36
88536	3073483.95
88544	369673.2
88564	240077.45
88566	173973.56
88579	634367.9
88585	1088883.2
88591	1349916.3800000001
88599	6489747.12
88600	78005.2
88609	2060712.8299999998
88619	1080731.19
8862	1323099.96
88623	4364496.48
88633	979517.45
88636	1365758.4
88642	2470317.88
88643	4905387.8100000005
88644	7092413.32
8865	328319.4
88654	2090215.0199999998
88670	1717074.72
88680	223836.78
88696	4634040.42
88698	431098.64
88699	6571365.840000001
88702	3455484.99
88705	1069589.7
88708	3937846.64
88709	558357.8
88717	1849307.1800000002
88719	1403935.5999999999
8872	8102395.619999999
88723	356791.34
88731	965622.1
88736	8090762.16
88744	4438198.0
88757	7341090.33
88763	1663401.53
88767	7350469.5
88777	2910547.6399999997
88782	7032823.07
88786	44979.0
88787	4484109.5
88790	5114555.88
88792	4233010.68
888	6631607.35
88807	401072.18
88808	1075144.56
88818	815021.1000000001
88819	1009401.48
88822	5198162.04
88823	7641481.38
88824	4870082.91
88826	7698177.41
88829	1477359.0
88830	891470.7999999999
88835	1877330.98
88841	2229608.04
88844	2905917.96
88846	1386250.5
88848	3185411.45
88849	1274614.9
88864	791843.0700000001
88867	4910285.88
88873	1589519.38
88882	6442550.399999999
88891	2781216
8891	461955.01
88914	6588471.6899999995
88919	7907992.5
88920	2219976.0
88927	3064565.25
88932	2118216.9099999997
88937	85593.24
88945	7048968.3
88946	2380034.86
88965	798829.9199999999
88969	214213.22
8897	553258.43
88978	1615998.5799999998
8898	1755142.9500000002
88985	3298231.52
8899	736686.93
89004	3091150.66
89008	7046184.600000001
89019	225081.88999999998
89033	6148963.74
89035	3783201.42
89037	1523441.66
89039	2644228.8600000003
89045	3739573.76
89047	3654490.68
89050	8621185.98
89054	889691.53
89058	3086644.41
89064	2435084.25
89070	5454575.1
89084	5672787.21
89112	2183939.1999999997
89118	966736.94
89120	219304.8
89145	1324033.59
89149	4596434.640000001
89155	4840864.66
89163	3857279.85
89168	4871536.16
89170	2794574.9099999997
89175	3374865.71
89180	6662614.53
89183	1522600.1800000002
89188	2739211.52
89194	3587491.84
89199	5088657.0600000005
89202	124486.92
89204	318635.01
89210	504397.81999999995
89219	1678373.18
89222	2320438.02
89231	1010264.22
89238	1434450.0
89242	1152024.39
89246	585866.52
89247	1724161.8
89251	3378249.2399999998
89257	1937593.7200000002
89258	1050089.1500000001
89262	2948339.55
89266	5963414.16
89269	3141042.9000000004
8927	1912024.6800000002
89286	3775976.32
89306	7869847.570000001
89309	962683.12
89310	668809.35
89319	3220459.32
8932	7967222.1899999995
89337	4962978.3
89341	949221.5
89349	12912.900000000001
8935	3920860.8000000003
89353	4232277.359999999
89355	1283017.9200000002
8936	861988.4
8937	555464.78
89373	1653724.38
8938	1724117.0
89387	3200547.84
89395	8093576.100000001
89399	3721689.18
894	2069688.16
89401	1647727.17
89403	1966783.7999999998
89404	3185599.95
89411	2623352.48
89418	1162568.88
89419	962639.1900000001
89421	4592979.55
89428	5900165.33
89431	1160534.1
89457	353738.63
89458	1808973.8800000001
89463	617823.9
89483	3238859.72
89491	3222112.32
89492	693415.04
895	4489141.5
89500	1394723.46
89503	3804039.0
89512	2196513.3
89525	2856141.6
89529	1404205.04
89544	213611.19
89547	4113647.5599999996
89552	416758.16
89565	2182448.23
89571	675589.49
89574	5903992.0600000005
89586	233977.02
89589	1152718.83
89600	7689902
89608	1526625.49
89609	4955399.399999999
8962	1695521.5199999998
89635	883731.0
89644	3763084.86
89650	4014651.66
89652	3453968.2399999998
89672	10000.76
89684	596679.5
89685	239503.99
8969	648846.0
89693	3227999.0
89699	791687.82
89706	617502.49
89712	499146.3
89715	282006.9
89716	426707.82
89719	180377.12000000002
89723	2270446.08
89731	5202584.92
89732	912847.3999999999
89741	6137505.82
89743	2800704.69
89747	2745756.64
89751	3750025.8
89758	618627.1
89761	127439.14
89767	7214916.359999999
89768	10465477.219999999
89772	751765.95
89776	1134375.3199999998
89780	4903257.449999999
89781	668080.46
89784	2060969.3499999999
89791	1165219.8499999999
89798	1484551.54
89813	275144.22000000003
89815	1019841.61
89838	955986.4
89839	230036.52
89853	1205112.47
89856	822650.3999999999
89870	3737318.76
89871	4539099.92
89879	916086.08
89880	4838673.4799999995
89889	5734076.74
8989	7457610.01
89894	2405411.4
89898	2467172.8000000003
8993	11963814.3
89932	1030514.4
89933	7597186.08
8994	207691.65999999997
89941	2585049.98
89964	1308784.2599999998
89966	1193541.37
89969	1124950.32
89980	4407808.5
89989	1107331.05
89992	1991791.83
90015	565723.08
90018	2113257.5100000002
90021	1719991.05
90032	15803.82
90043	838807.02
90052	528175.2000000001
90076	125904.21
90077	1391447.3399999999
90078	5320115.2
9008	3490305.78
90082	248492.13999999998
90084	1006673.0399999999
90099	49195.439999999995
90108	1101196.3499999999
90110	9420422.7
90111	5413348.079999999
90117	4924482.850000001
90118	7624471.6
90119	3555668.6399999997
90133	5531622.1
90134	1098466.85
90136	263885.05
90137	6480347.300000001
90139	700166.0
90145	1766380.0
90147	4121097.12
90155	733815.84
90157	1497624.84
90172	2370413.83
90173	1853267.04
90179	3457775.8000000003
90181	798052.3200000001
90195	926114.42
9020	377835.84
90203	1384228.2999999998
90204	2448820.14
90211	3713512.0
90215	335284.84
90218	8191689.16
90223	1499458.51
90227	680417.92
90230	2902633.1599999997
90231	1777076.86
90253	6404024.3
90257	89963.79
90270	2167564.75
90271	2961276.72
90280	1427940.58
90288	86532.64
90295	1812959.67
90300	309253.6
90302	2142033.39
90305	3219420.32
90310	8555131.51
90311	1846634.35
90313	150053.02
90325	126592.64
90327	58349.76
9033	5056012.5
90349	7736200.619999999
9035	12863828.7
90356	533567.16
90368	2583453.44
90382	805833.1799999999
90383	5665626.0
90386	409698.78
90389	236535.9
9039	9816447.72
90403	4800140.8
90406	3141493.88
90408	2850558.81
90409	852952.3200000001
90410	3198523.02
90421	1024066.04
90427	3014241.48
90430	3826383.0000000005
90434	1444670.9600000002
90436	430093.8
90453	1596160.0
90457	916088.14
90461	3125142.8
90476	7610635.2
90479	1041582.6000000001
90486	8447873.86
90511	3156870.2300000004
90525	157021.91999999998
9053	5126255.680000001
90532	1486709.68
90553	3790348.8
90562	4710048.8
90570	4091330.4
90573	1587298.41
9058	3264508.81
90582	858453.12
90586	446341.5
90587	6054252.75
90597	991377.0
90599	8457874.86
90603	344303.82
90605	3659137.46
9061	2286550.68
90612	4774920.56
90616	3946920.5999999996
9062	4804199.4
90621	3793527.92
90622	222399.1
90626	5802402.82
90628	1192621.72
9063	4550775.54
90632	787370.6399999999
90636	1636236.25
90644	272167.12
90648	1835166.05
90653	3083562.48
90661	307777.04
90668	4303114.11
90733	1896682.56
90737	1817632.7400000002
9074	6684742.4399999995
90740	5412117.55
90755	4568129.279999999
90779	2596073.0
90780	5380987.7
90784	587442.3099999999
90791	224806.35
90797	6570506.88
90802	969472.92
90814	703052.28
90819	2914083.1999999997
90833	2919442.88
90839	911430.52
90840	2028838.02
90845	1201551.03
90858	1350129.0
90860	57427.079999999994
90867	789810.48
90879	6335769.16
9088	825405.44
90884	107509.32999999999
90895	2091399.84
90902	331792.13999999996
90906	8200951.199999999
90908	2833436.36
90910	3680441.7600000002
90924	4643285.399999999
90926	1173175.6800000002
90927	49754.35
90929	36104.939999999995
90932	3282466.56
90934	1859440.71
90936	3794933.0400000005
9094	407588.76
90954	374225.3
90956	498384.6
90957	5352209.54
90958	5159584.08
90961	2586901.77
90963	4254921.09
90964	477946.66000000003
90977	2873476.62
90987	770355.95
90992	2421121.5
90995	148918.81
9100	123745.25
91009	7515402.59
91015	3270641.68
91017	247996.63999999998
91022	217551.30000000002
91024	1901112.84
91034	1428019.04
91037	83357.56
91072	2175029.6999999997
91086	17701.25
91092	3165345.75
91093	4568692.89
91097	2666928.16
911	7011188.600000001
91106	2872287.29
91107	2485720.16
91108	448520.19999999995
91109	2479982.94
91115	21363.41
91116	2281945.6
91117	3171893.96
91129	1218639.62
91152	4564480.7
91161	2306755.3000000003
91169	6097345.890000001
91177	1267931.0
91178	3299436.33
91181	2861577.6999999997
91188	2576557.98
9120	5040275.2
91204	149897.25
91205	3648511.4400000004
91206	240680.28
91208	8845541.28
91215	3726273.3
91225	3169972.6100000003
91230	3380691.6
91238	2422741.5
91243	4616717.16
91250	1759888.34
91259	4775112.16
91263	314302.58999999997
91265	3058025.68
91271	1339546.95
91275	3018239.33
9128	270946.41
91280	134691.84
91281	1560104
91285	69321.59999999999
91289	9437472.0
91295	1926863.84
91296	2057327.25
91297	270158.64
91298	2719244.8000000003
91302	335946.60000000003
91303	821134.16
91314	526817.76
91317	493780.43999999994
91322	952483.3999999999
91325	6156906.22
91326	109098.39
91332	6592775.970000001
9134	810549.12
91342	6181109.55
91353	2381723.4
91354	6528470.4799999995
91356	5176155.26
91372	2124389.7399999998
91373	1653924.92
91379	4729181.58
91389	1225390.3199999998
91399	3276076.12
91405	625005.6799999999
91410	2044190.4000000001
91420	630130.16
91427	3533269.5
91435	6917802.09
91451	619350.9700000001
91453	5153133.4799999995
91471	8468874.56
91475	1113710.4000000001
91481	3753462.25
91485	2711964.16
91493	1275680.66
915	4835598.66
91506	1559344.52
91508	4502739.76
91511	942316.7999999999
91512	4080539.25
91526	1098251.04
91531	1398994.2000000002
91544	2315961.54
9155	5819752.44
91552	7451367.94
91554	5617538.2
91556	396789.4
91558	382181.58999999997
91562	354447.60000000003
9157	353297.56
91570	2624695.15
91576	2845022.4200000004
91591	5722863.12
91620	1160009.3699999999
91625	1313966.6099999999
91628	11611114.83
9163	2040173.9600000002
91651	1815673.47
91653	7550896.55
91655	1095523.0
91657	5970366.9799999995
91663	119896.70999999999
91671	588281.61
91675	525590.0
91676	6779224.0
91682	23325.25
9169	1047493.44
91690	464202.72000000003
91694	3850146.6
91701	114437.95000000001
91705	98592.7
91708	3863552.58
9171	3138677.0999999996
91711	228411.15000000002
91715	3693216.8
91718	2878256.8499999996
91727	3417885.96
91728	3042394.2499999995
9173	59817.22
91730	5582285.76
91739	5193165.779999999
91745	2555672.69
91752	62644.92
91753	7619859.72
91757	2166140.77
91759	6295778.649999999
91765	650138.47
91768	4155582.86
91772	83344.64
91775	1057116.48
91779	4808305.92
91783	807338.62
9180	150478.08
91810	3234059.3000000003
91813	1939589.5
91817	509222.94
91825	4024688.08
91828	4311928.600000001
9184	1322238.6099999999
91846	3506114.0
91848	42170.67
91855	919419.1199999999
91859	4484599.4399999995
91884	5751010.0
91894	10130462.19
91903	2570962.2399999998
91906	2299068.52
91907	1964884.2
9191	8535663.92
91910	1553257.96
91911	7173529.44
91925	1761504.3199999998
91926	486331.56999999995
91931	494881.5
91935	1702362.6199999999
91937	4360928.04
9194	1569382.4200000002
91964	4187558.08
91966	38181
91971	243388.30000000002
91985	442211.25
9199	5890796.1
91990	1404468.01
91998	2967706.2800000003
92000	1039805.28
92008	1255571.06
92009	5522737.5
92019	6513021.0
92025	1066601.93
92031	524139.0
92036	1565501.28
92052	5186555.0
92054	1633857.5
92059	1471520.42
92073	5973380.1
92077	472018.37
92082	5581551.36
92096	4998582.66
9210	6601991.76
92107	2101812.7
92108	5099367.17
92114	3909579.74
92117	920265.63
9212	6565650.0
92157	1681160.16
92158	5116481.32
92160	337541.39999999997
92166	4107877.4
92179	4954144.68
9218	999788.4
92180	3722390.3200000003
92193	1204902.4000000001
9220	2353472.88
92205	4713490.38
92214	2475272.3000000003
92219	104251.34000000001
92220	3283917.7600000002
92222	327055.55
92225	3544401.75
9223	364073.01
92231	206462.18000000002
92234	250141.46
92238	613367.5
92251	6158331.420000001
92257	77544.0
92258	7583324.28
9226	2080217.7
92264	1063009.21
92266	1735906.97
9227	8587350.42
92273	3956056.4099999997
92275	5692187.859999999
92276	1814481.4200000002
92278	1779539.58
92282	1149823.2
92286	1924484.76
92287	3629283.0
92292	8530618.78
92299	7442254.079999999
9230	59446.47
92306	2211818.4
92320	1895034.3699999999
92323	5892082.0200000005
92324	2137850.64
92326	1671852.48
92329	296169.72000000003
92344	3560611.6799999997
92345	3245966.4000000004
92377	3999290.77
92379	1093944.32
92387	7928972.67
9239	3667978.6199999996
92395	289951.2
92400	4129472.17
92406	13287414.5
9242	340191.63
92439	2999159.2800000003
92442	3566480.4
92449	350328.8
9246	2253917.4
92462	3130156.14
92471	1851814.6800000002
92474	2274243.4
92488	792882.48
92500	1116217.6199999999
92505	1551271.44
92516	8003836.800000001
92524	5188126.0600000005
92525	5992015.5
92527	3873300.86
92530	1449986.22
9254	1545022.5599999998
92549	176149.44
92557	573564.39
9257	1454388.76
92586	2202515.2800000003
92587	814233.6000000001
92591	31810.760000000002
92592	2203917.27
92607	265526.80000000005
92608	49527.939999999995
92617	5629068.56
92619	1781255.74
92620	8179671.550000001
92626	7678360.25
92627	4903424.6899999995
92630	341920.14999999997
92642	6073424.13
92645	1065308.72
92646	5016160.71
92648	870489.05
92652	4082832.3
92654	4039315.2800000003
92664	2347214.0
92671	971220.58
92681	6501493.68
92682	926915.72
92684	990483.1699999999
9270	2886192.54
92704	3528831.9299999997
9271	201833.03999999998
92712	2474313.83
92713	1667783.82
92724	6011429.850000001
92726	3768885.45
92727	941243.22
92730	998275.25
92732	4148031.58
92736	1988136.91
92739	1262319.08
9274	50077.95
92744	1844012.3199999998
9275	2382868.4000000004
92762	15515.150000000001
92779	47713.12
92789	3412270.8000000003
92797	949495.47
92798	610003.6
92800	2822342.01
92804	119807.92000000001
92809	3921934.14
92811	863954.0800000001
92814	7908262.5
92819	2148222.6
92820	1064180.05
92822	1456682.1600000001
92841	809603.73
92856	7453670.72
92859	207336.32
9286	6556256.07
92862	3298049.5
92865	3464121.1999999997
92876	1192058.4
92881	4201323.36
92891	2655687.6199999996
92892	1114500.28
9290	35850.200000000004
92909	4569297.15
92912	298871.55
92915	102935.46
92918	886657.5
92919	418156.19999999995
9293	5361161.28
92930	5466335.100000001
92936	2113066.11
92939	3575400.25
92943	135199.26
92949	4480479.45
92962	1523639.93
92966	999899.44
92970	2287761.48
92988	1173044.5999999999
92995	1349078.84
93005	538443.36
93020	321352.2
93026	1035612.0
93034	1361145.06
93035	5890995.99
93059	354210.48
9306	403598.8
93070	3824664.68
93079	77696.63999999998
93082	1164524.48
93089	2157460.2
93091	425351.94
93095	3595746.0
93096	5811747.36
9310	773920.86
93101	1475258.8399999999
93106	3134928.27
93107	4946789.25
93108	5176622.88
93112	6115778.12
93114	2714173.42
93117	2697785.46
93121	4459229.67
93126	4496728.5
93130	176331.72
93135	322146.72000000003
93141	8881850.879999999
93145	5184602.28
9317	8472145.32
93170	172580.77000000002
93177	290459.41
932	980620.6799999999
93213	1064136.26
9322	1435282.8
93228	4646607.0
93242	3265412.5
93246	871934.53
93287	4211659.2
93288	2637010.3499999996
93289	2500014.2399999998
93293	656715.4
93300	4588126.4
93306	897690.0
93311	2176936.3200000003
93313	3530466.2199999997
93328	9007211.2
93333	438347.25
93342	158940.48
93348	1767975.1099999999
93354	5309668.800000001
93357	796895.3400000001
93367	518030.46
93368	3406088.8800000004
9337	570686.85
93376	2633131.27
93388	707193.3999999999
93405	925561.75
93411	3855303.68
93415	4838590.9
93417	1514294.8800000001
93419	3326105.1199999996
9343	330312.5
93431	4574178.180000001
93433	187099.2
93435	1696822.7000000002
93436	7835889.97
93437	6823407.699999999
93438	2164017.7
93443	3133484.55
93445	1121199.42
93463	379201.41
93465	280833.86000000004
93466	5217349.4799999995
93468	3532488.36
93470	3850355.52
93486	393861.51
93496	5271981.119999999
935	92563.64
93501	2512308.96
93507	109186.25
93518	7011730.78
93524	2401032.78
93526	5007547.2
93531	2165286.6
93533	4612671.04
93546	120959.18999999999
9355	3082476.1
93566	4424030.34
9357	10983.68
93580	305713.31999999995
93581	8632372.36
93590	1067469.35
93595	8082188.8
93601	5653645.15
93606	2423400.45
93615	909496.02
93618	33338.28
93624	3614169.6
93625	5748946.68
93638	681745.96
93661	4200608.5
93670	2013904.6
93678	534412.56
93686	3366247.31
93687	6871839.180000001
93690	2737891.2600000002
93698	5610795.96
937	1698034.1400000001
93713	2093914.05
93714	3813365.66
93715	875621.97
93717	5004059.76
93724	6285856.08
9373	1717954.6
93734	420780.92000000004
93739	858374.08
93744	7102780.8
93747	62303.13
93748	591252.48
93752	3236346.0799999996
93758	2401024.41
93759	2826187.2
93768	1030983.01
9377	2544995.85
93772	2004766.34
93774	5850664.08
93789	321402.18
93790	2311965.7199999997
93795	2359095.72
93798	347115.13
93799	5543894.16
938	4585466.04
93804	504822.77999999997
93805	6638673.48
93806	3972451.68
93807	1708429.1400000001
93811	1750523.55
93812	248204.74
93823	192533.88
93826	2554703.85
93834	373112.46
93841	45501.12
93845	4009714.52
93851	1308733.5999999999
93862	7951992.24
93863	4062476.4000000004
93865	3396521.3400000003
93872	2995874.42
93882	1136021.52
93888	336882.0
93898	4492358.430000001
93900	668352.88
93908	1482300.9600000002
93914	322247.87
93919	4939568.6
93929	1437289.92
93936	1547570.7
93960	4348596.7700000005
93962	4248242.2
93966	7308464.399999999
93980	755502.22
93984	3866531.7600000002
93990	3619691.25
93994	109821.27
94015	464005.80000000005
94017	1631701.98
94020	997682.58
94021	815487.4
9403	15451755.620000001
94031	3282714
94035	3859458.8
94040	6508791.54
94053	203458.45
94061	134266.50999999998
94063	2808028.14
94065	1665868.77
94079	29851.140000000003
94085	247645.56
94093	352813.38
94100	3263333.84
94101	2732824.0100000002
94130	2551223.63
94134	3882158.3499999996
94136	48572.06
94137	2446856.18
94144	257638.28999999998
9415	712179.6
94160	1031464.2700000001
94162	6204137.68
94164	2746049.0
94184	2032244.6
94185	1029742.74
9419	419760.66
94191	4409323.0600000005
94199	353488.92
942	5896562.7
9420	1037518.0800000001
94200	704088.48
94203	2829686.0300000003
9421	6205439.76
94210	861774.6400000001
94212	5914670.1
94214	1567515.3900000001
94217	4566583.68
94220	4607398.68
94224	4444850.640000001
94237	3250846.71
94239	938045.31
9425	2362953.6
94254	60520.39
9426	3525693.3600000003
94261	1876174.02
94262	1948833.25
94266	872559.0700000001
94268	2071017.75
94274	1369071.2
94277	865957.11
94281	1910632.5
94284	4744982.4799999995
94288	5153827.1899999995
94290	1202917.28
94292	512484.27999999997
94319	4322928.399999999
94322	196024.5
94334	1867295.42
94337	776655.46
94355	623219.21
94357	6672298.5
94364	3941661.9200000004
94368	502204.5
94376	4393044.63
94393	1609636.74
94399	8620524.0
944	145217.16
94403	5516426.41
94415	2473615.1999999997
94416	614865.6799999999
94419	2004349.4699999997
94420	6084197.279999999
9443	965703.4
94434	2515029.8200000003
94439	16071.8
9444	6786355.84
94440	3662083.85
94444	5257778.38
94446	3496659.78
94473	2133749.6
94481	5062768.2
94494	169282.68
94499	1427798.2100000002
945	5209275.5
94507	2442839.85
94518	2100248.3
94525	2636092.8000000003
94528	1556932.0799999998
94534	7577220.29
94540	8063727.16
94545	1948081.04
94546	1149875.4000000001
9455	4158057.6399999997
94555	2381282.94
94563	1221908.52
94568	170957.76
9458	3793909.3499999996
94586	2923087.77
94590	850823.82
94605	2392900.2800000003
94616	77841.78
94617	158146.19999999998
94623	2547876.87
94626	4920558.75
94631	1762339.8900000001
94633	4983105.72
94653	3857416.0
9466	3106196.29
94666	1016090.05
94675	3641684.4
94688	4738092.94
94704	4742803.5600000005
9471	5720457.36
94714	4763333.5600000005
94723	375642.8
94724	2206421.28
94728	83412.45000000001
94729	969564.7
9473	1860479.1400000001
94731	3538399.26
94734	4438618.56
94739	4073895.0
94743	6407207.19
94747	963984.45
94749	3434518.4000000004
94765	1098980.61
94766	4432532.399999999
94767	978276.15
94772	1316876.96
94773	2339968.02
94779	802055.43
94782	1477454.8800000001
94784	55593.79
94787	5327336.13
94791	2912716.8000000003
94795	3780223.1899999995
94796	2694822.68
94829	4723082.39
94833	2478945.78
94835	2222048.92
94838	1937254.4100000001
94852	2374242.53
94853	53750.45
94854	666599.22
94860	5179297.41
94879	3473518.8000000003
94886	27707.76
94896	2914216.2
94904	1099039.0
94909	1496535.0
94915	3647494.1
94922	6901178.98
94947	560571.2
94948	5694170.79
94951	99781.14000000001
94961	2676737.6999999997
94971	99736.0
94973	4083426.06
94980	4094357.12
9499	3782799.3
94997	1688366.9100000001
9500	400165.59
95003	1116278.82
95014	24453.520000000004
95025	2424952.5300000003
95034	280065.54
95036	1335578.8800000001
95058	1842867.95
95066	4593474.77
9507	1663499.58
9508	357334.89999999997
95081	4066608.0
95093	211996.26
95095	2925356.89
95096	5115681.2
95100	7526633.16
95101	715631.4
95116	3455478.28
9512	3734383.22
95126	4650121.95
95128	168736.41
95129	7075611.699999999
95135	4638366.72
95136	219580.5
95139	529293.6
95144	1724492.16
95151	7555555.26
95154	6233716.74
95155	2413016.46
95157	4682979.0
95161	2977141.0900000003
95163	6465719.899999999
95173	1282060.5
95185	3489248.11
95190	97215.52
95193	857240.1599999999
95197	2215474.66
952	8276136.0
95209	6706032.84
95213	12555483.73
95222	4189021.2
95235	429959.67
95236	3715513.1999999997
95239	1218236.32
95241	6925094.79
95248	2803904
95252	689489.71
95253	75366.4
9527	2508931.81
95271	424748.52
95277	1079181.93
9528	4557421.8
95287	1510040.94
95292	154782.72000000003
95295	2012495.8
95298	817275.5499999999
95306	5096061.25
95307	992944.5
95309	271127.75
95318	2061105
95320	951823.2
95329	7810500.0
95331	418242.95999999996
95338	1391629.2
95350	1528904.36
95365	4091264.2499999995
95368	1204507.2
95371	7123383.050000001
95385	4884114.06
95390	3464796.72
95400	1732008.96
95403	81523.68
95409	2804370.66
95412	491045.04
95418	518705.49
95421	1804743.1199999999
95424	5734590.2
95427	803796.48
95428	2712355.3000000003
9545	2178259.02
95452	3399072.6
95458	263305.42
95461	1046632.5
95468	2381563.66
95471	3352376.4399999995
95475	1252208.16
95479	1795019.65
9549	3640543.83
95493	6781446.720000001
95514	6105010.2
9552	11776909.16
95535	176986.9
95543	529191.98
95544	3627216.6
95564	1987828.9599999997
95568	5546827.5
95579	98129.79999999999
95580	533216.25
95585	1416210.95
95587	1628114.0599999998
95588	7285228.92
95591	5988077.95
95594	2370521.92
95598	746077.02
95603	308413.83999999997
95604	420350.95
95605	84739.62
95608	7857942.72
95610	5617399.5
95614	1384694.16
95615	104286.59999999999
95617	70415.4
95618	2358555.3800000004
95626	7013117.56
9563	1377340.6500000001
95630	1603790.17
95635	677517.44
95679	4662521.82
95686	3154063.44
95715	1381369.93
95722	6335495.4
9573	2915394.02
95737	746882.88
95755	1105134.5
95761	2814011.1300000004
95796	2763191.25
95798	2261253.06
958	2738032
95801	2228149.0
95802	703662.66
95809	88647.68000000001
95815	7465952.640000001
9582	1687687.65
95820	1872381.6799999997
95822	4264812.24
95827	191115.87
95840	3563616.0300000003
95842	83583.15000000001
95857	526256.13
9586	4527146.22
95861	1621507.1600000001
95866	4320731.5
95877	1422388.81
95884	2027749.46
95885	1952797.4400000002
95888	7984735.720000001
95911	108830.4
95914	5754896.77
95926	1208181.3
95928	669254.8800000001
95939	1286294.8
95940	9207948.4
95942	9015585.120000001
95943	3203987.82
95944	280060.38
95945	6840129.03
95946	2033760.96
9595	5393414.18
95952	7927972.78
95954	1759355.73
95969	2394663.05
95972	2650556.79
95974	2915253.4400000004
95977	676019.97
95995	935274.76
96	6712815.649999999
96006	6655818.399999999
96010	1160520.8399999999
96016	1758797.22
96027	2318732.0
96033	2001598.56
96035	469084.55999999994
96040	2802200.16
9605	3873065.6799999997
96055	2502167.36
96068	163900.75
96075	1633404.4800000002
96088	3687732.65
96089	836418.0
96090	4172883.89
96099	2549761.5999999996
96110	733194.24
96115	5258628.0
96124	8679794.58
96127	816858.81
96133	4226223.3
96134	7149455.350000001
96143	214334.8
96147	835292.28
96159	1082373.5
9616	800590.98
9617	6758730.72
96170	538632.59
96187	1760349.2599999998
96188	1323551.24
96196	2639872.35
96199	2269523.16
96207	8534900.6
96212	4061637.5100000002
96220	4856493.72
96222	185566.15
96223	962383.9400000001
96225	1007903.2300000001
96226	2206979.28
96233	951068.8
96243	749320.62
96253	1277644.41
96257	1456407.9500000002
96267	561056.7200000001
96268	537613.77
96271	3887308.8000000003
96277	9360850.68
96279	323638.89999999997
96281	128329.56
96283	1285272.43
96298	3010627.8000000003
96299	2900350.4000000004
963	929440.79
96304	923339.2
96308	34779.36
96313	8520949.92
96314	4440737.8
96316	185974.56
9632	4171781.88
96320	1171084.56
96321	212061.18000000002
96324	2234573.9
96332	3791048.34
96335	1925537.25
96338	5419950.66
96343	1804992.48
9635	1542139.44
96350	676604.14
96354	1322711.5
96371	2979544.92
96372	5378463.85
96381	193729.8
96391	260852.04
96397	1063946.4
964	267485.46
96409	4791558.98
96417	334787.6
96423	101190.48000000001
96428	901291.44
96435	3794118.95
96438	2130565.5
9644	898445.1
96467	73394.55
96469	4406140.41
96475	1646857.8
96489	3593643.48
96493	13339057.83
96499	463877.55
96508	1089793.12
96524	3334733.28
96526	340549.43
96530	4595026.26
96534	1816856.5499999998
96536	556699.0
96540	68059.2
96544	1940633.0
96549	1801426.26
96573	764189.12
96574	1903487.7
9658	5750781.68
96588	306020.4
96594	3783819.2
966	8163824.79
9660	245454.16
96602	764893.68
96607	1321013.8499999999
96610	335401.92000000004
96639	2189678.54
96645	856639.29
96646	4418458.0
96653	1021290
96657	1113403.5
96664	5472645.25
96669	851120.64
96671	1485740.82
96672	3852223.8699999996
96673	8033491.2
96683	2181798.45
96693	3652854.21
96694	4750102.0
96700	43353.799999999996
96709	566440.2
96712	7897575.2700000005
96721	6206100.72
96723	98372.99999999999
96726	1040720.72
96727	7126478.45
96733	44948.04
96746	712934.25
96747	1470791.52
96748	2325201.1999999997
96770	6180874.04
96771	4241821.92
96775	3897669.0900000003
96777	4510798.54
96786	4969731.52
96790	3296098.52
96793	1266604.7999999998
96795	7625946.72
96797	1006211.2899999999
96799	2818687.41
9680	1258982.49
96801	1136244.94
96828	3095850.5
96830	961085.9199999999
9684	7392060.0
96843	367842.96
96846	4963421.05
96864	1921843.25
96873	2344827.4
96876	5555171.84
96877	5661169.56
96885	253765.08
96888	145669.99
96892	1960245.0000000002
96893	4116771.96
96902	2424962.76
96908	876083.2100000001
96912	2291026.59
96917	1066260.25
96925	254136.44999999998
9693	2128663.89
96943	1341882.1199999999
96946	5248816.72
96948	584806.41
96949	287772.1
96953	251297.1
96955	213563.84
96972	1229352.96
96980	156753.33000000002
96982	2073102.9200000002
96990	4067134.7199999997
970	2118860.4
97001	3817443.04
97003	418122.24
97018	474674.04000000004
97027	4045227.52
97034	442830.69
97036	1990170.01
97043	4196385.649999999
97049	237526.08
97055	21679.5
9706	1102215.66
97064	478134.15
97077	1317145.9400000002
97078	1389674.9100000001
97089	1430645.76
97095	4173142.26
97099	4343909.569999999
97126	1546255.4
97132	524527.5
97135	1864302.0000000002
97140	98991.93000000001
97142	4729063.0200000005
97162	181338.38
97175	12911283.5
97184	138760.96000000002
97197	497758.30000000005
972	2056943.56
97201	1171865.22
97204	1844278.11
97213	3202901.0
97220	2996972.64
97223	1954609.02
9723	2363953.92
97232	5966087.61
97233	2303838.4699999997
97238	1186045.5999999999
97240	7658627.3
97243	4760386.54
97248	550983.48
97252	1179768.7999999998
97257	568780.5599999999
97258	3264824.85
97274	4003324.4299999997
97275	856800
9728	7324344.96
97281	639350.38
97282	256186.94
97288	179519.6
97291	7283127.0
97296	512570.4
97300	642375.37
97302	4426358.25
97304	1412259.03
97305	10390890.57
9731	2432486.88
9732	4843687.52
97342	3005510.7600000002
97344	336837.60000000003
97347	5423299.2
97359	1763625.65
97361	3780176.5
97362	5079259.87
97363	342063.12
97369	1566103.17
97388	2452117.33
974	2041543.35
9740	2991329.64
9741	274721.76
97413	2017018.8399999999
97418	450239.15
97421	7817420.4
97424	215132.49
9743	3534604.4499999997
97431	1150060.45
97453	6651348.84
97456	544071.3200000001
97460	2674854.0
9747	3676330.9099999997
97470	457987.14
97480	2934355.82
97482	2343860.58
97506	427597.17
9751	533565.76
97512	104383.44
97523	2835726.95
97534	63093.119999999995
97543	813412.0800000001
97545	2491144.95
97567	3391158.5999999996
97569	5368526.75
97575	2466034.9299999997
97590	949754.52
97601	1380985.04
97602	35270.55
97604	1282907.84
97609	3626361.18
9761	2821543.6900000004
97610	1652109.36
97625	541559.48
97627	145760.0
97635	4463165.399999999
97638	2831233.1999999997
97644	6036365.28
97648	20876.7
97653	2257243.86
9766	1683861.68
97660	922489.3200000001
97663	1770759.5399999998
97664	1135142.65
97666	169076.78
9767	1146630.16
97670	6654455.0
97672	8464119.8
97682	429054.71
97694	1068729.28
97695	15000.960000000001
97702	1586552.0
97706	7323902.159999999
97714	693678.18
97718	2897736.74
97722	823212.2999999999
97744	8785315.940000001
97745	1721842.65
97748	6198579.53
97757	281454.61000000004
9776	1023375.08
97761	634572.76
97762	1873390.9999999998
97771	6049098.0
97779	368534.76
97786	7139709.899999999
97796	3487695.7699999996
97801	6397806.71
97804	1145312.32
97816	1055669.35
97818	1312646.76
97827	492296.83999999997
97829	5551207.2
97838	7768773.7
9784	2307371.59
97840	3064714.29
97847	2683669.96
97859	5798162.24
97874	3008823.0999999996
97877	4935639.6
97880	7058214.0
97894	1701023.1600000001
97897	2138666.6
97899	451981.43999999994
97909	7864207.75
9791	7982699.790000001
97912	563870.25
97918	3615168.04
9792	1422656.0
97921	2386118.79
97927	976924.0800000001
97936	3874397.5800000005
97937	44443.37
97948	6093760.33
9796	3036554.3
97961	3261061.5
97967	3703391.86
97970	4320195.92
97977	2675031.03
97980	1102256.88
97988	4922876.720000001
9799	702443.74
9800	3694630.9499999997
98002	4977608.3
98016	1276694.0799999998
98023	4573669.2
9804	284114.88
98044	809529.29
9805	1056526.24
98053	923257.44
9806	2562659.6
98061	555738.6
98073	1312966.2
98077	1557123.75
98088	6913657.960000001
98089	2164812.3000000003
98090	4487505.88
98094	8708780.04
98096	2121123.2399999998
98100	466506.56000000006
98103	111735.46
98107	2295076.15
98112	1769017.6
98113	782678.76
98114	1646671.95
98117	959470.02
98119	5960515.68
98123	2591966.16
98127	6967835.28
98135	2927064.1399999997
98139	2085118.5000000002
98144	128113.92
98159	15358.4
98188	3799307.98
98224	3858602.08
98228	1102013.56
9823	768043.21
98231	874656.0599999999
98246	4461387.7
98270	2006051.8099999998
98282	1032978.5800000001
9829	1637586.2
98305	771858.62
98307	667584.32
98310	1768118.58
98311	1823943.5
98324	3790213.1799999997
98329	3062047.5999999996
98330	7287750.24
98331	410500.96
98336	9359671.290000001
98349	1917209.28
98351	4912837.45
98370	153757.2
98375	1396508.75
98386	824063.07
98393	3392582.36
98394	1338907.1199999999
98397	3870335.07
98415	2241009.6
98417	1073218.4100000001
98418	639328.6799999999
98420	2354554.86
98423	4625328.600000001
98425	3780082.56
98435	8161771.45
98437	1238515.2
98445	582451.87
98447	5255704.72
98448	1115446.18
98449	741389.88
98452	3120460.19
98454	2299808.6999999997
98455	1567136.1600000001
98463	858229.5
98478	3075894.42
98486	1552424.6400000001
98504	5296365.899999999
98506	190558.06
9851	596891.2
98513	295064.52
98515	460182.68
98519	89592.37999999999
98525	474386.64
9853	3072129.62
98536	3089903.49
98544	1253906.4
9856	170235.44999999998
98563	390550.39999999997
98564	1821380.7499999998
98577	4835661.6
98584	1004365.0
98588	710160
98597	845862.7599999999
98598	6396959.5200000005
98599	3830070.3
98608	1692858.96
98619	3361834.7800000003
9862	89074.56000000001
98620	1238899.05
9863	1249508.3699999999
98633	1708509.41
98636	3971054.96
98642	2222632.38
98643	7968603.7299999995
98652	381207.60000000003
98668	101196.99
98679	3225789.36
98695	471616.89999999997
98696	8620784.82
98697	3678149.6
98699	6101662.800000001
98705	5772615.2
98706	1218104.1600000001
98708	335167.56
98716	2719991.7600000002
98721	125915.62
98729	1869486.3199999998
98734	3225843.2
98741	3417481.4
98754	3588471.9600000004
98762	466215.04
98766	3098202.25
98776	6331331.52
98780	436072.56
98786	2633971.34
98788	1174750.96
98789	4823476.08
9879	4018310.0
98792	6609462.590000001
98807	106326.48
98808	1779964.0
98813	1964949.99
98816	3813801.28
98817	7073976.63
98822	3131715.8400000003
98823	5948236.13
98829	4730781.600000001
98830	6129952.399999999
98833	132403.38999999998
98841	1083456.66
98844	1499873.67
98845	2398088.0500000003
98847	1315306.8
9886	6464486.49
98863	1302703.48
98864	1699177.2
9887	6505449.52
98870	943762.2999999999
98880	2915491.9499999997
98890	702386.67
98911	5263139.96
98918	4336405.43
98926	1172279.96
98932	2000905.1999999997
98937	4193381.78
98942	5388773.2
98944	255231.68000000002
9896	1126932.24
98962	1636506.3
98966	2332709.4
98976	7413573.42
98984	1180853.3199999998
99002	589982.28
99008	320129.04000000004
99017	5765694.66
99033	219364.02000000002
99035	3084326.79
99039	8128290.78
99043	1721469.0999999999
99045	1114750.48
99047	338203.8
99049	3755897.82
99053	344508.48
99058	1214325.2
9906	5373662.720000001
99061	2088189.3599999999
99067	6136316.0
99082	2681948.7
99111	2433769.08
99116	2102218.65
99119	3198976.8
9913	2089036.5
99142	1266697.5999999999
99146	4946043.6899999995
99148	3533482.44
99154	5684920.4
99155	3660383.9000000004
99162	2016824.2
99166	405713.42
99167	881289.0000000001
99173	2814506.4
9918	410322.87999999995
99180	858716.32
99181	6823446.96
99185	669564.01
99192	62169.9
99196	2463560.8800000004
99199	549190.9400000001
99202	1239080.85
99209	1084551.16
99218	4087514.3400000003
99219	1501137.9000000001
99221	191424.66
99230	994986.9
99236	357720.99000000005
99242	2631877.35
99243	553278.0
99244	311396.82
99248	1645626.1400000001
99256	883423.2899999999
99257	4984149.899999999
99259	5476979.5200000005
99263	3761482.78
99266	1617515.94
99286	2289499.39
99304	78131.8
99306	2959846.98
99308	1636889.73
99310	3358432.0
99316	1687199.8499999999
9933	4083732.6599999997
99337	1320853.5799999998
99339	2794380.4000000004
99346	23561.66
99350	859697.55
99355	1347778.58
99373	1327221.76
99385	2049773.6800000002
99394	1476247.08
99397	617972.78
99398	1674727.88
99401	2937352.3200000003
99402	2595778.5
99411	3896977.64
99416	7306589.3
99417	217243.74
99421	609575.7899999999
99426	232453.98
99428	2667125.91
99455	136184.4
99457	209561.03999999998
99458	8266564.47
99462	3370464
9948	2947614.98
99481	1834445.0499999998
99489	6487840.5
9949	324683.91
99491	308402.2
99499	6924772.890000001
995	5648973.449999999
99500	423959.25
99512	59394.06
99522	3551042.56
99527	855335.25
99543	345762.9
99545	3116801.92
99552	527531.15
99564	70557.76000000001
99568	4716949.71
99573	1439141.97
99586	344649.46
99587	38040.869999999995
99598	2125535.6399999997
996	261565.65000000002
99605	1825701.8499999999
99608	7771466.319999999
99635	6010249.06
99644	3600595.74
99649	1042398.7200000001
99651	5022468.01
99671	3138336.2399999998
99684	1140775.8599999999
9969	243503.46000000002
99693	153781.74
99696	3526289.03
99706	2279148.01
99710	5738188.5
99713	1317445.46
99716	324288.14999999997
99722	6719762.4
99729	341011.38
99732	814947
9974	5587529.850000001
99741	537875.7300000001
99742	555206.4
99747	745985.74
99749	4817321.89
99757	1104732.3599999999
99761	1811160.48
99764	5160304.65
99766	4294378.4
99767	2920672.02
99769	1165530.57
99773	58128.0
99777	2704834.8600000003
99778	2889909.77
99783	458599.68000000005
99784	38226.24
99790	666966.44
99791	7348814.100000001
99797	2220076.7800000003
9980	8382754.62
99811	3123285.3600000003
99814	1944668.7
99835	1279346.75
99836	3160124.01
99851	2781996.8
99853	1689145.38
99856	1606334.29
99868	4970019.600000001
99870	3795052.5599999996
99878	7295708.77
9988	493545.77999999997
99886	3138356.34
9989	3258147.36
99891	4336164.0
99897	3336050.2
99930	1436599.5099999998
99933	7538726.399999999
99940	4263863.16
99962	499389.12
99965	5271424.140000001
99969	191168.63999999998
99979	2667364.6
99989	498908.55999999994
99991	286004.79
