=== Evidence Binding Check for vv3.8.0 ===
检查: LEGACY_FIXES_VERIFICATION_REPORT.md...
/Users/liying/workspace/dev/yinglichina163/sqlrustgo/scripts/gate/check_evidence_binding.sh: command substitution: line 76: syntax error near unexpected token `|'
/Users/liying/workspace/dev/yinglichina163/sqlrustgo/scripts/gate/check_evidence_binding.sh: command substitution: line 76: `|'
grep: empty (sub)expression
/Users/liying/workspace/dev/yinglichina163/sqlrustgo/scripts/gate/check_evidence_binding.sh: command substitution: line 76: syntax error near unexpected token `|'
/Users/liying/workspace/dev/yinglichina163/sqlrustgo/scripts/gate/check_evidence_binding.sh: command substitution: line 76: `|'
grep: empty (sub)expression
/Users/liying/workspace/dev/yinglichina163/sqlrustgo/scripts/gate/check_evidence_binding.sh: command substitution: line 76: syntax error near unexpected token `|'
/Users/liying/workspace/dev/yinglichina163/sqlrustgo/scripts/gate/check_evidence_binding.sh: command substitution: line 76: `|'
grep: empty (sub)expression
/Users/liying/workspace/dev/yinglichina163/sqlrustgo/scripts/gate/check_evidence_binding.sh: command substitution: line 76: syntax error near unexpected token `|'
/Users/liying/workspace/dev/yinglichina163/sqlrustgo/scripts/gate/check_evidence_binding.sh: command substitution: line 76: `|'
grep: empty (sub)expression
/Users/liying/workspace/dev/yinglichina163/sqlrustgo/scripts/gate/check_evidence_binding.sh: command substitution: line 76: syntax error near unexpected token `|'
/Users/liying/workspace/dev/yinglichina163/sqlrustgo/scripts/gate/check_evidence_binding.sh: command substitution: line 76: `|'
grep: empty (sub)expression
/Users/liying/workspace/dev/yinglichina163/sqlrustgo/scripts/gate/check_evidence_binding.sh: command substitution: line 76: syntax error near unexpected token `|'
/Users/liying/workspace/dev/yinglichina163/sqlrustgo/scripts/gate/check_evidence_binding.sh: command substitution: line 76: `|'
grep: empty (sub)expression
/Users/liying/workspace/dev/yinglichina163/sqlrustgo/scripts/gate/check_evidence_binding.sh: command substitution: line 76: syntax error near unexpected token `|'
/Users/liying/workspace/dev/yinglichina163/sqlrustgo/scripts/gate/check_evidence_binding.sh: command substitution: line 76: `|'
grep: empty (sub)expression
/Users/liying/workspace/dev/yinglichina163/sqlrustgo/scripts/gate/check_evidence_binding.sh: command substitution: line 76: syntax error near unexpected token `|'
/Users/liying/workspace/dev/yinglichina163/sqlrustgo/scripts/gate/check_evidence_binding.sh: command substitution: line 76: `|'
grep: empty (sub)expression
/Users/liying/workspace/dev/yinglichina163/sqlrustgo/scripts/gate/check_evidence_binding.sh: command substitution: line 76: syntax error near unexpected token `|'
/Users/liying/workspace/dev/yinglichina163/sqlrustgo/scripts/gate/check_evidence_binding.sh: command substitution: line 76: `|'
grep: empty (sub)expression
/Users/liying/workspace/dev/yinglichina163/sqlrustgo/scripts/gate/check_evidence_binding.sh: command substitution: line 76: syntax error near unexpected token `|'
/Users/liying/workspace/dev/yinglichina163/sqlrustgo/scripts/gate/check_evidence_binding.sh: command substitution: line 76: `|'
grep: empty (sub)expression
/Users/liying/workspace/dev/yinglichina163/sqlrustgo/scripts/gate/check_evidence_binding.sh: command substitution: line 76: syntax error near unexpected token `|'
/Users/liying/workspace/dev/yinglichina163/sqlrustgo/scripts/gate/check_evidence_binding.sh: command substitution: line 76: `|'
grep: empty (sub)expression
/Users/liying/workspace/dev/yinglichina163/sqlrustgo/scripts/gate/check_evidence_binding.sh: command substitution: line 76: syntax error near unexpected token `|'
/Users/liying/workspace/dev/yinglichina163/sqlrustgo/scripts/gate/check_evidence_binding.sh: command substitution: line 76: `|'
grep: empty (sub)expression
/Users/liying/workspace/dev/yinglichina163/sqlrustgo/scripts/gate/check_evidence_binding.sh: command substitution: line 76: syntax error near unexpected token `|'
/Users/liying/workspace/dev/yinglichina163/sqlrustgo/scripts/gate/check_evidence_binding.sh: command substitution: line 76: `|'
grep: empty (sub)expression
/Users/liying/workspace/dev/yinglichina163/sqlrustgo/scripts/gate/check_evidence_binding.sh: command substitution: line 76: syntax error near unexpected token `|'
/Users/liying/workspace/dev/yinglichina163/sqlrustgo/scripts/gate/check_evidence_binding.sh: command substitution: line 76: `|'
grep: empty (sub)expression
/Users/liying/workspace/dev/yinglichina163/sqlrustgo/scripts/gate/check_evidence_binding.sh: command substitution: line 76: syntax error near unexpected token `|'
/Users/liying/workspace/dev/yinglichina163/sqlrustgo/scripts/gate/check_evidence_binding.sh: command substitution: line 76: `|'
grep: empty (sub)expression
/Users/liying/workspace/dev/yinglichina163/sqlrustgo/scripts/gate/check_evidence_binding.sh: command substitution: line 76: syntax error near unexpected token `|'
/Users/liying/workspace/dev/yinglichina163/sqlrustgo/scripts/gate/check_evidence_binding.sh: command substitution: line 76: `|'
grep: empty (sub)expression
检查: PR-830F_CONTRACT.md...
检查: AGENT_EXECUTION_PROMPT.md...
/Users/liying/workspace/dev/yinglichina163/sqlrustgo/scripts/gate/check_evidence_binding.sh: command substitution: line 76: syntax error near unexpected token `|'
/Users/liying/workspace/dev/yinglichina163/sqlrustgo/scripts/gate/check_evidence_binding.sh: command substitution: line 76: `|'
grep: empty (sub)expression
/Users/liying/workspace/dev/yinglichina163/sqlrustgo/scripts/gate/check_evidence_binding.sh: command substitution: line 76: syntax error near unexpected token `|'
/Users/liying/workspace/dev/yinglichina163/sqlrustgo/scripts/gate/check_evidence_binding.sh: command substitution: line 76: `|'
grep: empty (sub)expression
/Users/liying/workspace/dev/yinglichina163/sqlrustgo/scripts/gate/check_evidence_binding.sh: command substitution: line 76: syntax error near unexpected token `|'
/Users/liying/workspace/dev/yinglichina163/sqlrustgo/scripts/gate/check_evidence_binding.sh: command substitution: line 76: `|'
grep: empty (sub)expression
/Users/liying/workspace/dev/yinglichina163/sqlrustgo/scripts/gate/check_evidence_binding.sh: command substitution: line 76: syntax error near unexpected token `|'
/Users/liying/workspace/dev/yinglichina163/sqlrustgo/scripts/gate/check_evidence_binding.sh: command substitution: line 76: `|'
grep: empty (sub)expression
/Users/liying/workspace/dev/yinglichina163/sqlrustgo/scripts/gate/check_evidence_binding.sh: command substitution: line 76: syntax error near unexpected token `|'
/Users/liying/workspace/dev/yinglichina163/sqlrustgo/scripts/gate/check_evidence_binding.sh: command substitution: line 76: `|'
grep: empty (sub)expression
检查: ISSUE_AUDIT_AND_GAP_ANALYSIS.md...
/Users/liying/workspace/dev/yinglichina163/sqlrustgo/scripts/gate/check_evidence_binding.sh: command substitution: line 76: syntax error near unexpected token `|'
/Users/liying/workspace/dev/yinglichina163/sqlrustgo/scripts/gate/check_evidence_binding.sh: command substitution: line 76: `|'
grep: empty (sub)expression
/Users/liying/workspace/dev/yinglichina163/sqlrustgo/scripts/gate/check_evidence_binding.sh: command substitution: line 76: syntax error near unexpected token `|'
/Users/liying/workspace/dev/yinglichina163/sqlrustgo/scripts/gate/check_evidence_binding.sh: command substitution: line 76: `|'
grep: empty (sub)expression
/Users/liying/workspace/dev/yinglichina163/sqlrustgo/scripts/gate/check_evidence_binding.sh: command substitution: line 76: syntax error near unexpected token `|'
/Users/liying/workspace/dev/yinglichina163/sqlrustgo/scripts/gate/check_evidence_binding.sh: command substitution: line 76: `|'
grep: empty (sub)expression
/Users/liying/workspace/dev/yinglichina163/sqlrustgo/scripts/gate/check_evidence_binding.sh: command substitution: line 76: syntax error near unexpected token `|'
/Users/liying/workspace/dev/yinglichina163/sqlrustgo/scripts/gate/check_evidence_binding.sh: command substitution: line 76: `|'
grep: empty (sub)expression
/Users/liying/workspace/dev/yinglichina163/sqlrustgo/scripts/gate/check_evidence_binding.sh: command substitution: line 76: syntax error near unexpected token `|'
/Users/liying/workspace/dev/yinglichina163/sqlrustgo/scripts/gate/check_evidence_binding.sh: command substitution: line 76: `|'
grep: empty (sub)expression
/Users/liying/workspace/dev/yinglichina163/sqlrustgo/scripts/gate/check_evidence_binding.sh: command substitution: line 76: syntax error near unexpected token `|'
/Users/liying/workspace/dev/yinglichina163/sqlrustgo/scripts/gate/check_evidence_binding.sh: command substitution: line 76: `|'
grep: empty (sub)expression
/Users/liying/workspace/dev/yinglichina163/sqlrustgo/scripts/gate/check_evidence_binding.sh: command substitution: line 76: syntax error near unexpected token `|'
/Users/liying/workspace/dev/yinglichina163/sqlrustgo/scripts/gate/check_evidence_binding.sh: command substitution: line 76: `|'
grep: empty (sub)expression
/Users/liying/workspace/dev/yinglichina163/sqlrustgo/scripts/gate/check_evidence_binding.sh: command substitution: line 76: syntax error near unexpected token `|'
/Users/liying/workspace/dev/yinglichina163/sqlrustgo/scripts/gate/check_evidence_binding.sh: command substitution: line 76: `|'
grep: empty (sub)expression
/Users/liying/workspace/dev/yinglichina163/sqlrustgo/scripts/gate/check_evidence_binding.sh: command substitution: line 76: syntax error near unexpected token `|'
/Users/liying/workspace/dev/yinglichina163/sqlrustgo/scripts/gate/check_evidence_binding.sh: command substitution: line 76: `|'
grep: empty (sub)expression
/Users/liying/workspace/dev/yinglichina163/sqlrustgo/scripts/gate/check_evidence_binding.sh: command substitution: line 76: syntax error near unexpected token `|'
/Users/liying/workspace/dev/yinglichina163/sqlrustgo/scripts/gate/check_evidence_binding.sh: command substitution: line 76: `|'
grep: empty (sub)expression
/Users/liying/workspace/dev/yinglichina163/sqlrustgo/scripts/gate/check_evidence_binding.sh: command substitution: line 76: syntax error near unexpected token `|'
/Users/liying/workspace/dev/yinglichina163/sqlrustgo/scripts/gate/check_evidence_binding.sh: command substitution: line 76: `|'
grep: empty (sub)expression
/Users/liying/workspace/dev/yinglichina163/sqlrustgo/scripts/gate/check_evidence_binding.sh: command substitution: line 76: syntax error near unexpected token `|'
/Users/liying/workspace/dev/yinglichina163/sqlrustgo/scripts/gate/check_evidence_binding.sh: command substitution: line 76: `|'
grep: empty (sub)expression
/Users/liying/workspace/dev/yinglichina163/sqlrustgo/scripts/gate/check_evidence_binding.sh: command substitution: line 76: syntax error near unexpected token `|'
/Users/liying/workspace/dev/yinglichina163/sqlrustgo/scripts/gate/check_evidence_binding.sh: command substitution: line 76: `|'
grep: empty (sub)expression
/Users/liying/workspace/dev/yinglichina163/sqlrustgo/scripts/gate/check_evidence_binding.sh: command substitution: line 76: syntax error near unexpected token `|'
/Users/liying/workspace/dev/yinglichina163/sqlrustgo/scripts/gate/check_evidence_binding.sh: command substitution: line 76: `|'
grep: empty (sub)expression
/Users/liying/workspace/dev/yinglichina163/sqlrustgo/scripts/gate/check_evidence_binding.sh: command substitution: line 76: syntax error near unexpected token `|'
/Users/liying/workspace/dev/yinglichina163/sqlrustgo/scripts/gate/check_evidence_binding.sh: command substitution: line 76: `|'
grep: empty (sub)expression
/Users/liying/workspace/dev/yinglichina163/sqlrustgo/scripts/gate/check_evidence_binding.sh: command substitution: line 76: syntax error near unexpected token `|'
/Users/liying/workspace/dev/yinglichina163/sqlrustgo/scripts/gate/check_evidence_binding.sh: command substitution: line 76: `|'
grep: empty (sub)expression
/Users/liying/workspace/dev/yinglichina163/sqlrustgo/scripts/gate/check_evidence_binding.sh: command substitution: line 76: syntax error near unexpected token `|'
/Users/liying/workspace/dev/yinglichina163/sqlrustgo/scripts/gate/check_evidence_binding.sh: command substitution: line 76: `|'
grep: empty (sub)expression
/Users/liying/workspace/dev/yinglichina163/sqlrustgo/scripts/gate/check_evidence_binding.sh: command substitution: line 76: syntax error near unexpected token `|'
/Users/liying/workspace/dev/yinglichina163/sqlrustgo/scripts/gate/check_evidence_binding.sh: command substitution: line 76: `|'
grep: empty (sub)expression
/Users/liying/workspace/dev/yinglichina163/sqlrustgo/scripts/gate/check_evidence_binding.sh: command substitution: line 76: syntax error near unexpected token `|'
/Users/liying/workspace/dev/yinglichina163/sqlrustgo/scripts/gate/check_evidence_binding.sh: command substitution: line 76: `|'
grep: empty (sub)expression
/Users/liying/workspace/dev/yinglichina163/sqlrustgo/scripts/gate/check_evidence_binding.sh: command substitution: line 76: syntax error near unexpected token `|'
/Users/liying/workspace/dev/yinglichina163/sqlrustgo/scripts/gate/check_evidence_binding.sh: command substitution: line 76: `|'
grep: empty (sub)expression
/Users/liying/workspace/dev/yinglichina163/sqlrustgo/scripts/gate/check_evidence_binding.sh: command substitution: line 76: syntax error near unexpected token `|'
/Users/liying/workspace/dev/yinglichina163/sqlrustgo/scripts/gate/check_evidence_binding.sh: command substitution: line 76: `|'
grep: empty (sub)expression
/Users/liying/workspace/dev/yinglichina163/sqlrustgo/scripts/gate/check_evidence_binding.sh: command substitution: line 76: syntax error near unexpected token `|'
/Users/liying/workspace/dev/yinglichina163/sqlrustgo/scripts/gate/check_evidence_binding.sh: command substitution: line 76: `|'
grep: empty (sub)expression
/Users/liying/workspace/dev/yinglichina163/sqlrustgo/scripts/gate/check_evidence_binding.sh: command substitution: line 76: syntax error near unexpected token `|'
/Users/liying/workspace/dev/yinglichina163/sqlrustgo/scripts/gate/check_evidence_binding.sh: command substitution: line 76: `|'
grep: empty (sub)expression
/Users/liying/workspace/dev/yinglichina163/sqlrustgo/scripts/gate/check_evidence_binding.sh: command substitution: line 76: syntax error near unexpected token `|'
/Users/liying/workspace/dev/yinglichina163/sqlrustgo/scripts/gate/check_evidence_binding.sh: command substitution: line 76: `|'
grep: empty (sub)expression
/Users/liying/workspace/dev/yinglichina163/sqlrustgo/scripts/gate/check_evidence_binding.sh: command substitution: line 76: syntax error near unexpected token `|'
/Users/liying/workspace/dev/yinglichina163/sqlrustgo/scripts/gate/check_evidence_binding.sh: command substitution: line 76: `|'
grep: empty (sub)expression
/Users/liying/workspace/dev/yinglichina163/sqlrustgo/scripts/gate/check_evidence_binding.sh: command substitution: line 76: syntax error near unexpected token `|'
/Users/liying/workspace/dev/yinglichina163/sqlrustgo/scripts/gate/check_evidence_binding.sh: command substitution: line 76: `|'
grep: empty (sub)expression
/Users/liying/workspace/dev/yinglichina163/sqlrustgo/scripts/gate/check_evidence_binding.sh: command substitution: line 76: syntax error near unexpected token `|'
/Users/liying/workspace/dev/yinglichina163/sqlrustgo/scripts/gate/check_evidence_binding.sh: command substitution: line 76: `|'
grep: empty (sub)expression
检查: PR-800_TEST_PLAN.md...
/Users/liying/workspace/dev/yinglichina163/sqlrustgo/scripts/gate/check_evidence_binding.sh: command substitution: line 76: syntax error near unexpected token `|'
/Users/liying/workspace/dev/yinglichina163/sqlrustgo/scripts/gate/check_evidence_binding.sh: command substitution: line 76: `|'
grep: empty (sub)expression
/Users/liying/workspace/dev/yinglichina163/sqlrustgo/scripts/gate/check_evidence_binding.sh: command substitution: line 76: syntax error near unexpected token `|'
/Users/liying/workspace/dev/yinglichina163/sqlrustgo/scripts/gate/check_evidence_binding.sh: command substitution: line 76: `|'
grep: empty (sub)expression
/Users/liying/workspace/dev/yinglichina163/sqlrustgo/scripts/gate/check_evidence_binding.sh: command substitution: line 76: syntax error near unexpected token `|'
/Users/liying/workspace/dev/yinglichina163/sqlrustgo/scripts/gate/check_evidence_binding.sh: command substitution: line 76: `|'
grep: empty (sub)expression
/Users/liying/workspace/dev/yinglichina163/sqlrustgo/scripts/gate/check_evidence_binding.sh: command substitution: line 76: syntax error near unexpected token `|'
/Users/liying/workspace/dev/yinglichina163/sqlrustgo/scripts/gate/check_evidence_binding.sh: command substitution: line 76: `|'
grep: empty (sub)expression
/Users/liying/workspace/dev/yinglichina163/sqlrustgo/scripts/gate/check_evidence_binding.sh: command substitution: line 76: syntax error near unexpected token `|'
/Users/liying/workspace/dev/yinglichina163/sqlrustgo/scripts/gate/check_evidence_binding.sh: command substitution: line 76: `|'
grep: empty (sub)expression
/Users/liying/workspace/dev/yinglichina163/sqlrustgo/scripts/gate/check_evidence_binding.sh: command substitution: line 76: syntax error near unexpected token `|'
/Users/liying/workspace/dev/yinglichina163/sqlrustgo/scripts/gate/check_evidence_binding.sh: command substitution: line 76: `|'
grep: empty (sub)expression
/Users/liying/workspace/dev/yinglichina163/sqlrustgo/scripts/gate/check_evidence_binding.sh: command substitution: line 76: syntax error near unexpected token `|'
/Users/liying/workspace/dev/yinglichina163/sqlrustgo/scripts/gate/check_evidence_binding.sh: command substitution: line 76: `|'
grep: empty (sub)expression
/Users/liying/workspace/dev/yinglichina163/sqlrustgo/scripts/gate/check_evidence_binding.sh: command substitution: line 76: syntax error near unexpected token `|'
/Users/liying/workspace/dev/yinglichina163/sqlrustgo/scripts/gate/check_evidence_binding.sh: command substitution: line 76: `|'
grep: empty (sub)expression
检查: ARCHITECTURE.md...
检查: GOVERNANCE_HARNESS_ENGINEERING.md...
/Users/liying/workspace/dev/yinglichina163/sqlrustgo/scripts/gate/check_evidence_binding.sh: command substitution: line 76: syntax error near unexpected token `|'
/Users/liying/workspace/dev/yinglichina163/sqlrustgo/scripts/gate/check_evidence_binding.sh: command substitution: line 76: `|'
grep: empty (sub)expression
/Users/liying/workspace/dev/yinglichina163/sqlrustgo/scripts/gate/check_evidence_binding.sh: command substitution: line 76: syntax error near unexpected token `|'
/Users/liying/workspace/dev/yinglichina163/sqlrustgo/scripts/gate/check_evidence_binding.sh: command substitution: line 76: `|'
grep: empty (sub)expression
/Users/liying/workspace/dev/yinglichina163/sqlrustgo/scripts/gate/check_evidence_binding.sh: command substitution: line 76: syntax error near unexpected token `|'
/Users/liying/workspace/dev/yinglichina163/sqlrustgo/scripts/gate/check_evidence_binding.sh: command substitution: line 76: `|'
grep: empty (sub)expression
/Users/liying/workspace/dev/yinglichina163/sqlrustgo/scripts/gate/check_evidence_binding.sh: command substitution: line 76: syntax error near unexpected token `|'
/Users/liying/workspace/dev/yinglichina163/sqlrustgo/scripts/gate/check_evidence_binding.sh: command substitution: line 76: `|'
grep: empty (sub)expression
/Users/liying/workspace/dev/yinglichina163/sqlrustgo/scripts/gate/check_evidence_binding.sh: command substitution: line 76: syntax error near unexpected token `|'
/Users/liying/workspace/dev/yinglichina163/sqlrustgo/scripts/gate/check_evidence_binding.sh: command substitution: line 76: `|'
grep: empty (sub)expression
/Users/liying/workspace/dev/yinglichina163/sqlrustgo/scripts/gate/check_evidence_binding.sh: command substitution: line 76: syntax error near unexpected token `|'
/Users/liying/workspace/dev/yinglichina163/sqlrustgo/scripts/gate/check_evidence_binding.sh: command substitution: line 76: `|'
grep: empty (sub)expression
/Users/liying/workspace/dev/yinglichina163/sqlrustgo/scripts/gate/check_evidence_binding.sh: command substitution: line 76: syntax error near unexpected token `|'
/Users/liying/workspace/dev/yinglichina163/sqlrustgo/scripts/gate/check_evidence_binding.sh: command substitution: line 76: `|'
grep: empty (sub)expression
/Users/liying/workspace/dev/yinglichina163/sqlrustgo/scripts/gate/check_evidence_binding.sh: command substitution: line 76: syntax error near unexpected token `|'
/Users/liying/workspace/dev/yinglichina163/sqlrustgo/scripts/gate/check_evidence_binding.sh: command substitution: line 76: `|'
grep: empty (sub)expression
/Users/liying/workspace/dev/yinglichina163/sqlrustgo/scripts/gate/check_evidence_binding.sh: command substitution: line 76: syntax error near unexpected token `|'
/Users/liying/workspace/dev/yinglichina163/sqlrustgo/scripts/gate/check_evidence_binding.sh: command substitution: line 76: `|'
grep: empty (sub)expression
/Users/liying/workspace/dev/yinglichina163/sqlrustgo/scripts/gate/check_evidence_binding.sh: command substitution: line 76: syntax error near unexpected token `|'
/Users/liying/workspace/dev/yinglichina163/sqlrustgo/scripts/gate/check_evidence_binding.sh: command substitution: line 76: `|'
grep: empty (sub)expression
/Users/liying/workspace/dev/yinglichina163/sqlrustgo/scripts/gate/check_evidence_binding.sh: command substitution: line 76: syntax error near unexpected token `|'
/Users/liying/workspace/dev/yinglichina163/sqlrustgo/scripts/gate/check_evidence_binding.sh: command substitution: line 76: `|'
grep: empty (sub)expression
/Users/liying/workspace/dev/yinglichina163/sqlrustgo/scripts/gate/check_evidence_binding.sh: command substitution: line 76: syntax error near unexpected token `|'
/Users/liying/workspace/dev/yinglichina163/sqlrustgo/scripts/gate/check_evidence_binding.sh: command substitution: line 76: `|'
grep: empty (sub)expression
/Users/liying/workspace/dev/yinglichina163/sqlrustgo/scripts/gate/check_evidence_binding.sh: command substitution: line 76: syntax error near unexpected token `|'
/Users/liying/workspace/dev/yinglichina163/sqlrustgo/scripts/gate/check_evidence_binding.sh: command substitution: line 76: `|'
grep: empty (sub)expression
/Users/liying/workspace/dev/yinglichina163/sqlrustgo/scripts/gate/check_evidence_binding.sh: command substitution: line 76: syntax error near unexpected token `|'
/Users/liying/workspace/dev/yinglichina163/sqlrustgo/scripts/gate/check_evidence_binding.sh: command substitution: line 76: `|'
grep: empty (sub)expression
/Users/liying/workspace/dev/yinglichina163/sqlrustgo/scripts/gate/check_evidence_binding.sh: command substitution: line 76: syntax error near unexpected token `|'
/Users/liying/workspace/dev/yinglichina163/sqlrustgo/scripts/gate/check_evidence_binding.sh: command substitution: line 76: `|'
grep: empty (sub)expression
/Users/liying/workspace/dev/yinglichina163/sqlrustgo/scripts/gate/check_evidence_binding.sh: command substitution: line 76: syntax error near unexpected token `|'
/Users/liying/workspace/dev/yinglichina163/sqlrustgo/scripts/gate/check_evidence_binding.sh: command substitution: line 76: `|'
grep: empty (sub)expression
/Users/liying/workspace/dev/yinglichina163/sqlrustgo/scripts/gate/check_evidence_binding.sh: command substitution: line 76: syntax error near unexpected token `|'
/Users/liying/workspace/dev/yinglichina163/sqlrustgo/scripts/gate/check_evidence_binding.sh: command substitution: line 76: `|'
grep: empty (sub)expression
/Users/liying/workspace/dev/yinglichina163/sqlrustgo/scripts/gate/check_evidence_binding.sh: command substitution: line 76: syntax error near unexpected token `|'
/Users/liying/workspace/dev/yinglichina163/sqlrustgo/scripts/gate/check_evidence_binding.sh: command substitution: line 76: `|'
grep: empty (sub)expression
/Users/liying/workspace/dev/yinglichina163/sqlrustgo/scripts/gate/check_evidence_binding.sh: command substitution: line 76: syntax error near unexpected token `|'
/Users/liying/workspace/dev/yinglichina163/sqlrustgo/scripts/gate/check_evidence_binding.sh: command substitution: line 76: `|'
grep: empty (sub)expression
/Users/liying/workspace/dev/yinglichina163/sqlrustgo/scripts/gate/check_evidence_binding.sh: command substitution: line 76: syntax error near unexpected token `|'
/Users/liying/workspace/dev/yinglichina163/sqlrustgo/scripts/gate/check_evidence_binding.sh: command substitution: line 76: `|'
grep: empty (sub)expression
/Users/liying/workspace/dev/yinglichina163/sqlrustgo/scripts/gate/check_evidence_binding.sh: command substitution: line 76: syntax error near unexpected token `|'
/Users/liying/workspace/dev/yinglichina163/sqlrustgo/scripts/gate/check_evidence_binding.sh: command substitution: line 76: `|'
grep: empty (sub)expression
/Users/liying/workspace/dev/yinglichina163/sqlrustgo/scripts/gate/check_evidence_binding.sh: command substitution: line 76: syntax error near unexpected token `|'
/Users/liying/workspace/dev/yinglichina163/sqlrustgo/scripts/gate/check_evidence_binding.sh: command substitution: line 76: `|'
grep: empty (sub)expression
/Users/liying/workspace/dev/yinglichina163/sqlrustgo/scripts/gate/check_evidence_binding.sh: command substitution: line 76: syntax error near unexpected token `|'
/Users/liying/workspace/dev/yinglichina163/sqlrustgo/scripts/gate/check_evidence_binding.sh: command substitution: line 76: `|'
grep: empty (sub)expression
/Users/liying/workspace/dev/yinglichina163/sqlrustgo/scripts/gate/check_evidence_binding.sh: command substitution: line 76: syntax error near unexpected token `|'
/Users/liying/workspace/dev/yinglichina163/sqlrustgo/scripts/gate/check_evidence_binding.sh: command substitution: line 76: `|'
grep: empty (sub)expression
/Users/liying/workspace/dev/yinglichina163/sqlrustgo/scripts/gate/check_evidence_binding.sh: command substitution: line 76: syntax error near unexpected token `|'
/Users/liying/workspace/dev/yinglichina163/sqlrustgo/scripts/gate/check_evidence_binding.sh: command substitution: line 76: `|'
grep: empty (sub)expression
/Users/liying/workspace/dev/yinglichina163/sqlrustgo/scripts/gate/check_evidence_binding.sh: command substitution: line 76: syntax error near unexpected token `|'
/Users/liying/workspace/dev/yinglichina163/sqlrustgo/scripts/gate/check_evidence_binding.sh: command substitution: line 76: `|'
grep: empty (sub)expression
/Users/liying/workspace/dev/yinglichina163/sqlrustgo/scripts/gate/check_evidence_binding.sh: command substitution: line 76: syntax error near unexpected token `|'
/Users/liying/workspace/dev/yinglichina163/sqlrustgo/scripts/gate/check_evidence_binding.sh: command substitution: line 76: `|'
grep: empty (sub)expression
/Users/liying/workspace/dev/yinglichina163/sqlrustgo/scripts/gate/check_evidence_binding.sh: command substitution: line 76: syntax error near unexpected token `|'
/Users/liying/workspace/dev/yinglichina163/sqlrustgo/scripts/gate/check_evidence_binding.sh: command substitution: line 76: `|'
grep: empty (sub)expression
/Users/liying/workspace/dev/yinglichina163/sqlrustgo/scripts/gate/check_evidence_binding.sh: command substitution: line 76: syntax error near unexpected token `|'
/Users/liying/workspace/dev/yinglichina163/sqlrustgo/scripts/gate/check_evidence_binding.sh: command substitution: line 76: `|'
grep: empty (sub)expression
/Users/liying/workspace/dev/yinglichina163/sqlrustgo/scripts/gate/check_evidence_binding.sh: command substitution: line 76: syntax error near unexpected token `|'
/Users/liying/workspace/dev/yinglichina163/sqlrustgo/scripts/gate/check_evidence_binding.sh: command substitution: line 76: `|'
grep: empty (sub)expression
/Users/liying/workspace/dev/yinglichina163/sqlrustgo/scripts/gate/check_evidence_binding.sh: command substitution: line 76: syntax error near unexpected token `|'
/Users/liying/workspace/dev/yinglichina163/sqlrustgo/scripts/gate/check_evidence_binding.sh: command substitution: line 76: `|'
grep: empty (sub)expression
/Users/liying/workspace/dev/yinglichina163/sqlrustgo/scripts/gate/check_evidence_binding.sh: command substitution: line 76: syntax error near unexpected token `|'
/Users/liying/workspace/dev/yinglichina163/sqlrustgo/scripts/gate/check_evidence_binding.sh: command substitution: line 76: `|'
grep: empty (sub)expression
/Users/liying/workspace/dev/yinglichina163/sqlrustgo/scripts/gate/check_evidence_binding.sh: command substitution: line 76: syntax error near unexpected token `|'
/Users/liying/workspace/dev/yinglichina163/sqlrustgo/scripts/gate/check_evidence_binding.sh: command substitution: line 76: `|'
grep: empty (sub)expression
/Users/liying/workspace/dev/yinglichina163/sqlrustgo/scripts/gate/check_evidence_binding.sh: command substitution: line 76: syntax error near unexpected token `|'
/Users/liying/workspace/dev/yinglichina163/sqlrustgo/scripts/gate/check_evidence_binding.sh: command substitution: line 76: `|'
grep: empty (sub)expression
/Users/liying/workspace/dev/yinglichina163/sqlrustgo/scripts/gate/check_evidence_binding.sh: command substitution: line 76: syntax error near unexpected token `|'
/Users/liying/workspace/dev/yinglichina163/sqlrustgo/scripts/gate/check_evidence_binding.sh: command substitution: line 76: `|'
grep: empty (sub)expression
/Users/liying/workspace/dev/yinglichina163/sqlrustgo/scripts/gate/check_evidence_binding.sh: command substitution: line 76: syntax error near unexpected token `|'
/Users/liying/workspace/dev/yinglichina163/sqlrustgo/scripts/gate/check_evidence_binding.sh: command substitution: line 76: `|'
grep: empty (sub)expression
/Users/liying/workspace/dev/yinglichina163/sqlrustgo/scripts/gate/check_evidence_binding.sh: command substitution: line 76: syntax error near unexpected token `|'
/Users/liying/workspace/dev/yinglichina163/sqlrustgo/scripts/gate/check_evidence_binding.sh: command substitution: line 76: `|'
grep: empty (sub)expression
/Users/liying/workspace/dev/yinglichina163/sqlrustgo/scripts/gate/check_evidence_binding.sh: command substitution: line 76: syntax error near unexpected token `|'
/Users/liying/workspace/dev/yinglichina163/sqlrustgo/scripts/gate/check_evidence_binding.sh: command substitution: line 76: `|'
grep: empty (sub)expression
/Users/liying/workspace/dev/yinglichina163/sqlrustgo/scripts/gate/check_evidence_binding.sh: command substitution: line 76: syntax error near unexpected token `|'
/Users/liying/workspace/dev/yinglichina163/sqlrustgo/scripts/gate/check_evidence_binding.sh: command substitution: line 76: `|'
grep: empty (sub)expression
/Users/liying/workspace/dev/yinglichina163/sqlrustgo/scripts/gate/check_evidence_binding.sh: command substitution: line 76: syntax error near unexpected token `|'
/Users/liying/workspace/dev/yinglichina163/sqlrustgo/scripts/gate/check_evidence_binding.sh: command substitution: line 76: `|'
grep: empty (sub)expression
/Users/liying/workspace/dev/yinglichina163/sqlrustgo/scripts/gate/check_evidence_binding.sh: command substitution: line 76: syntax error near unexpected token `|'
/Users/liying/workspace/dev/yinglichina163/sqlrustgo/scripts/gate/check_evidence_binding.sh: command substitution: line 76: `|'
grep: empty (sub)expression
/Users/liying/workspace/dev/yinglichina163/sqlrustgo/scripts/gate/check_evidence_binding.sh: command substitution: line 76: syntax error near unexpected token `|'
/Users/liying/workspace/dev/yinglichina163/sqlrustgo/scripts/gate/check_evidence_binding.sh: command substitution: line 76: `|'
grep: empty (sub)expression
/Users/liying/workspace/dev/yinglichina163/sqlrustgo/scripts/gate/check_evidence_binding.sh: command substitution: line 76: syntax error near unexpected token `|'
/Users/liying/workspace/dev/yinglichina163/sqlrustgo/scripts/gate/check_evidence_binding.sh: command substitution: line 76: `|'
grep: empty (sub)expression
/Users/liying/workspace/dev/yinglichina163/sqlrustgo/scripts/gate/check_evidence_binding.sh: command substitution: line 76: syntax error near unexpected token `|'
/Users/liying/workspace/dev/yinglichina163/sqlrustgo/scripts/gate/check_evidence_binding.sh: command substitution: line 76: `|'
grep: empty (sub)expression
/Users/liying/workspace/dev/yinglichina163/sqlrustgo/scripts/gate/check_evidence_binding.sh: command substitution: line 76: syntax error near unexpected token `|'
/Users/liying/workspace/dev/yinglichina163/sqlrustgo/scripts/gate/check_evidence_binding.sh: command substitution: line 76: `|'
grep: empty (sub)expression
/Users/liying/workspace/dev/yinglichina163/sqlrustgo/scripts/gate/check_evidence_binding.sh: command substitution: line 76: syntax error near unexpected token `|'
/Users/liying/workspace/dev/yinglichina163/sqlrustgo/scripts/gate/check_evidence_binding.sh: command substitution: line 76: `|'
grep: empty (sub)expression
/Users/liying/workspace/dev/yinglichina163/sqlrustgo/scripts/gate/check_evidence_binding.sh: command substitution: line 76: syntax error near unexpected token `|'
/Users/liying/workspace/dev/yinglichina163/sqlrustgo/scripts/gate/check_evidence_binding.sh: command substitution: line 76: `|'
grep: empty (sub)expression
/Users/liying/workspace/dev/yinglichina163/sqlrustgo/scripts/gate/check_evidence_binding.sh: command substitution: line 76: syntax error near unexpected token `|'
/Users/liying/workspace/dev/yinglichina163/sqlrustgo/scripts/gate/check_evidence_binding.sh: command substitution: line 76: `|'
grep: empty (sub)expression
/Users/liying/workspace/dev/yinglichina163/sqlrustgo/scripts/gate/check_evidence_binding.sh: command substitution: line 76: syntax error near unexpected token `|'
/Users/liying/workspace/dev/yinglichina163/sqlrustgo/scripts/gate/check_evidence_binding.sh: command substitution: line 76: `|'
grep: empty (sub)expression
/Users/liying/workspace/dev/yinglichina163/sqlrustgo/scripts/gate/check_evidence_binding.sh: command substitution: line 76: syntax error near unexpected token `|'
/Users/liying/workspace/dev/yinglichina163/sqlrustgo/scripts/gate/check_evidence_binding.sh: command substitution: line 76: `|'
grep: empty (sub)expression
/Users/liying/workspace/dev/yinglichina163/sqlrustgo/scripts/gate/check_evidence_binding.sh: command substitution: line 76: syntax error near unexpected token `|'
/Users/liying/workspace/dev/yinglichina163/sqlrustgo/scripts/gate/check_evidence_binding.sh: command substitution: line 76: `|'
grep: empty (sub)expression
/Users/liying/workspace/dev/yinglichina163/sqlrustgo/scripts/gate/check_evidence_binding.sh: command substitution: line 76: syntax error near unexpected token `|'
/Users/liying/workspace/dev/yinglichina163/sqlrustgo/scripts/gate/check_evidence_binding.sh: command substitution: line 76: `|'
grep: empty (sub)expression
/Users/liying/workspace/dev/yinglichina163/sqlrustgo/scripts/gate/check_evidence_binding.sh: command substitution: line 76: syntax error near unexpected token `|'
/Users/liying/workspace/dev/yinglichina163/sqlrustgo/scripts/gate/check_evidence_binding.sh: command substitution: line 76: `|'
grep: empty (sub)expression
/Users/liying/workspace/dev/yinglichina163/sqlrustgo/scripts/gate/check_evidence_binding.sh: command substitution: line 76: syntax error near unexpected token `|'
/Users/liying/workspace/dev/yinglichina163/sqlrustgo/scripts/gate/check_evidence_binding.sh: command substitution: line 76: `|'
grep: empty (sub)expression
/Users/liying/workspace/dev/yinglichina163/sqlrustgo/scripts/gate/check_evidence_binding.sh: command substitution: line 76: syntax error near unexpected token `|'
/Users/liying/workspace/dev/yinglichina163/sqlrustgo/scripts/gate/check_evidence_binding.sh: command substitution: line 76: `|'
grep: empty (sub)expression
/Users/liying/workspace/dev/yinglichina163/sqlrustgo/scripts/gate/check_evidence_binding.sh: command substitution: line 76: syntax error near unexpected token `|'
/Users/liying/workspace/dev/yinglichina163/sqlrustgo/scripts/gate/check_evidence_binding.sh: command substitution: line 76: `|'
grep: empty (sub)expression
/Users/liying/workspace/dev/yinglichina163/sqlrustgo/scripts/gate/check_evidence_binding.sh: command substitution: line 76: syntax error near unexpected token `|'
/Users/liying/workspace/dev/yinglichina163/sqlrustgo/scripts/gate/check_evidence_binding.sh: command substitution: line 76: `|'
grep: empty (sub)expression
/Users/liying/workspace/dev/yinglichina163/sqlrustgo/scripts/gate/check_evidence_binding.sh: command substitution: line 76: syntax error near unexpected token `|'
/Users/liying/workspace/dev/yinglichina163/sqlrustgo/scripts/gate/check_evidence_binding.sh: command substitution: line 76: `|'
grep: empty (sub)expression
/Users/liying/workspace/dev/yinglichina163/sqlrustgo/scripts/gate/check_evidence_binding.sh: command substitution: line 76: syntax error near unexpected token `|'
/Users/liying/workspace/dev/yinglichina163/sqlrustgo/scripts/gate/check_evidence_binding.sh: command substitution: line 76: `|'
grep: empty (sub)expression
/Users/liying/workspace/dev/yinglichina163/sqlrustgo/scripts/gate/check_evidence_binding.sh: command substitution: line 76: syntax error near unexpected token `|'
/Users/liying/workspace/dev/yinglichina163/sqlrustgo/scripts/gate/check_evidence_binding.sh: command substitution: line 76: `|'
grep: empty (sub)expression
/Users/liying/workspace/dev/yinglichina163/sqlrustgo/scripts/gate/check_evidence_binding.sh: command substitution: line 76: syntax error near unexpected token `|'
/Users/liying/workspace/dev/yinglichina163/sqlrustgo/scripts/gate/check_evidence_binding.sh: command substitution: line 76: `|'
grep: empty (sub)expression
/Users/liying/workspace/dev/yinglichina163/sqlrustgo/scripts/gate/check_evidence_binding.sh: command substitution: line 76: syntax error near unexpected token `|'
/Users/liying/workspace/dev/yinglichina163/sqlrustgo/scripts/gate/check_evidence_binding.sh: command substitution: line 76: `|'
grep: empty (sub)expression
/Users/liying/workspace/dev/yinglichina163/sqlrustgo/scripts/gate/check_evidence_binding.sh: command substitution: line 76: syntax error near unexpected token `|'
/Users/liying/workspace/dev/yinglichina163/sqlrustgo/scripts/gate/check_evidence_binding.sh: command substitution: line 76: `|'
grep: empty (sub)expression
/Users/liying/workspace/dev/yinglichina163/sqlrustgo/scripts/gate/check_evidence_binding.sh: command substitution: line 76: syntax error near unexpected token `|'
/Users/liying/workspace/dev/yinglichina163/sqlrustgo/scripts/gate/check_evidence_binding.sh: command substitution: line 76: `|'
grep: empty (sub)expression
/Users/liying/workspace/dev/yinglichina163/sqlrustgo/scripts/gate/check_evidence_binding.sh: command substitution: line 76: syntax error near unexpected token `|'
/Users/liying/workspace/dev/yinglichina163/sqlrustgo/scripts/gate/check_evidence_binding.sh: command substitution: line 76: `|'
grep: empty (sub)expression
/Users/liying/workspace/dev/yinglichina163/sqlrustgo/scripts/gate/check_evidence_binding.sh: command substitution: line 76: syntax error near unexpected token `|'
/Users/liying/workspace/dev/yinglichina163/sqlrustgo/scripts/gate/check_evidence_binding.sh: command substitution: line 76: `|'
grep: empty (sub)expression
/Users/liying/workspace/dev/yinglichina163/sqlrustgo/scripts/gate/check_evidence_binding.sh: command substitution: line 76: syntax error near unexpected token `|'
/Users/liying/workspace/dev/yinglichina163/sqlrustgo/scripts/gate/check_evidence_binding.sh: command substitution: line 76: `|'
grep: empty (sub)expression
/Users/liying/workspace/dev/yinglichina163/sqlrustgo/scripts/gate/check_evidence_binding.sh: command substitution: line 76: syntax error near unexpected token `|'
/Users/liying/workspace/dev/yinglichina163/sqlrustgo/scripts/gate/check_evidence_binding.sh: command substitution: line 76: `|'
grep: empty (sub)expression
/Users/liying/workspace/dev/yinglichina163/sqlrustgo/scripts/gate/check_evidence_binding.sh: command substitution: line 76: syntax error near unexpected token `|'
/Users/liying/workspace/dev/yinglichina163/sqlrustgo/scripts/gate/check_evidence_binding.sh: command substitution: line 76: `|'
grep: empty (sub)expression
/Users/liying/workspace/dev/yinglichina163/sqlrustgo/scripts/gate/check_evidence_binding.sh: command substitution: line 76: syntax error near unexpected token `|'
/Users/liying/workspace/dev/yinglichina163/sqlrustgo/scripts/gate/check_evidence_binding.sh: command substitution: line 76: `|'
grep: empty (sub)expression
/Users/liying/workspace/dev/yinglichina163/sqlrustgo/scripts/gate/check_evidence_binding.sh: command substitution: line 76: syntax error near unexpected token `|'
/Users/liying/workspace/dev/yinglichina163/sqlrustgo/scripts/gate/check_evidence_binding.sh: command substitution: line 76: `|'
grep: empty (sub)expression
/Users/liying/workspace/dev/yinglichina163/sqlrustgo/scripts/gate/check_evidence_binding.sh: command substitution: line 76: syntax error near unexpected token `|'
/Users/liying/workspace/dev/yinglichina163/sqlrustgo/scripts/gate/check_evidence_binding.sh: command substitution: line 76: `|'
grep: empty (sub)expression
/Users/liying/workspace/dev/yinglichina163/sqlrustgo/scripts/gate/check_evidence_binding.sh: command substitution: line 76: syntax error near unexpected token `|'
/Users/liying/workspace/dev/yinglichina163/sqlrustgo/scripts/gate/check_evidence_binding.sh: command substitution: line 76: `|'
grep: empty (sub)expression
/Users/liying/workspace/dev/yinglichina163/sqlrustgo/scripts/gate/check_evidence_binding.sh: command substitution: line 76: syntax error near unexpected token `|'
/Users/liying/workspace/dev/yinglichina163/sqlrustgo/scripts/gate/check_evidence_binding.sh: command substitution: line 76: `|'
grep: empty (sub)expression
/Users/liying/workspace/dev/yinglichina163/sqlrustgo/scripts/gate/check_evidence_binding.sh: command substitution: line 76: syntax error near unexpected token `|'
/Users/liying/workspace/dev/yinglichina163/sqlrustgo/scripts/gate/check_evidence_binding.sh: command substitution: line 76: `|'
grep: empty (sub)expression
/Users/liying/workspace/dev/yinglichina163/sqlrustgo/scripts/gate/check_evidence_binding.sh: command substitution: line 76: syntax error near unexpected token `|'
/Users/liying/workspace/dev/yinglichina163/sqlrustgo/scripts/gate/check_evidence_binding.sh: command substitution: line 76: `|'
grep: empty (sub)expression
/Users/liying/workspace/dev/yinglichina163/sqlrustgo/scripts/gate/check_evidence_binding.sh: command substitution: line 76: syntax error near unexpected token `|'
/Users/liying/workspace/dev/yinglichina163/sqlrustgo/scripts/gate/check_evidence_binding.sh: command substitution: line 76: `|'
grep: empty (sub)expression
/Users/liying/workspace/dev/yinglichina163/sqlrustgo/scripts/gate/check_evidence_binding.sh: command substitution: line 76: syntax error near unexpected token `|'
/Users/liying/workspace/dev/yinglichina163/sqlrustgo/scripts/gate/check_evidence_binding.sh: command substitution: line 76: `|'
grep: empty (sub)expression
/Users/liying/workspace/dev/yinglichina163/sqlrustgo/scripts/gate/check_evidence_binding.sh: command substitution: line 76: syntax error near unexpected token `|'
/Users/liying/workspace/dev/yinglichina163/sqlrustgo/scripts/gate/check_evidence_binding.sh: command substitution: line 76: `|'
grep: empty (sub)expression
/Users/liying/workspace/dev/yinglichina163/sqlrustgo/scripts/gate/check_evidence_binding.sh: command substitution: line 76: syntax error near unexpected token `|'
/Users/liying/workspace/dev/yinglichina163/sqlrustgo/scripts/gate/check_evidence_binding.sh: command substitution: line 76: `|'
grep: empty (sub)expression
/Users/liying/workspace/dev/yinglichina163/sqlrustgo/scripts/gate/check_evidence_binding.sh: command substitution: line 76: syntax error near unexpected token `|'
/Users/liying/workspace/dev/yinglichina163/sqlrustgo/scripts/gate/check_evidence_binding.sh: command substitution: line 76: `|'
grep: empty (sub)expression
/Users/liying/workspace/dev/yinglichina163/sqlrustgo/scripts/gate/check_evidence_binding.sh: command substitution: line 76: syntax error near unexpected token `|'
/Users/liying/workspace/dev/yinglichina163/sqlrustgo/scripts/gate/check_evidence_binding.sh: command substitution: line 76: `|'
grep: empty (sub)expression
/Users/liying/workspace/dev/yinglichina163/sqlrustgo/scripts/gate/check_evidence_binding.sh: command substitution: line 76: syntax error near unexpected token `|'
/Users/liying/workspace/dev/yinglichina163/sqlrustgo/scripts/gate/check_evidence_binding.sh: command substitution: line 76: `|'
grep: empty (sub)expression
检查: PR-800_ACCEPTANCE.md...
/Users/liying/workspace/dev/yinglichina163/sqlrustgo/scripts/gate/check_evidence_binding.sh: command substitution: line 76: syntax error near unexpected token `|'
/Users/liying/workspace/dev/yinglichina163/sqlrustgo/scripts/gate/check_evidence_binding.sh: command substitution: line 76: `|'
grep: empty (sub)expression
/Users/liying/workspace/dev/yinglichina163/sqlrustgo/scripts/gate/check_evidence_binding.sh: command substitution: line 76: syntax error near unexpected token `|'
/Users/liying/workspace/dev/yinglichina163/sqlrustgo/scripts/gate/check_evidence_binding.sh: command substitution: line 76: `|'
grep: empty (sub)expression
/Users/liying/workspace/dev/yinglichina163/sqlrustgo/scripts/gate/check_evidence_binding.sh: command substitution: line 76: syntax error near unexpected token `|'
/Users/liying/workspace/dev/yinglichina163/sqlrustgo/scripts/gate/check_evidence_binding.sh: command substitution: line 76: `|'
grep: empty (sub)expression
/Users/liying/workspace/dev/yinglichina163/sqlrustgo/scripts/gate/check_evidence_binding.sh: command substitution: line 76: syntax error near unexpected token `|'
/Users/liying/workspace/dev/yinglichina163/sqlrustgo/scripts/gate/check_evidence_binding.sh: command substitution: line 76: `|'
grep: empty (sub)expression
/Users/liying/workspace/dev/yinglichina163/sqlrustgo/scripts/gate/check_evidence_binding.sh: command substitution: line 76: syntax error near unexpected token `|'
/Users/liying/workspace/dev/yinglichina163/sqlrustgo/scripts/gate/check_evidence_binding.sh: command substitution: line 76: `|'
grep: empty (sub)expression
/Users/liying/workspace/dev/yinglichina163/sqlrustgo/scripts/gate/check_evidence_binding.sh: command substitution: line 76: syntax error near unexpected token `|'
/Users/liying/workspace/dev/yinglichina163/sqlrustgo/scripts/gate/check_evidence_binding.sh: command substitution: line 76: `|'
grep: empty (sub)expression
/Users/liying/workspace/dev/yinglichina163/sqlrustgo/scripts/gate/check_evidence_binding.sh: command substitution: line 76: syntax error near unexpected token `|'
/Users/liying/workspace/dev/yinglichina163/sqlrustgo/scripts/gate/check_evidence_binding.sh: command substitution: line 76: `|'
grep: empty (sub)expression
/Users/liying/workspace/dev/yinglichina163/sqlrustgo/scripts/gate/check_evidence_binding.sh: command substitution: line 76: syntax error near unexpected token `|'
/Users/liying/workspace/dev/yinglichina163/sqlrustgo/scripts/gate/check_evidence_binding.sh: command substitution: line 76: `|'
grep: empty (sub)expression
/Users/liying/workspace/dev/yinglichina163/sqlrustgo/scripts/gate/check_evidence_binding.sh: command substitution: line 76: syntax error near unexpected token `|'
/Users/liying/workspace/dev/yinglichina163/sqlrustgo/scripts/gate/check_evidence_binding.sh: command substitution: line 76: `|'
grep: empty (sub)expression
/Users/liying/workspace/dev/yinglichina163/sqlrustgo/scripts/gate/check_evidence_binding.sh: command substitution: line 76: syntax error near unexpected token `|'
/Users/liying/workspace/dev/yinglichina163/sqlrustgo/scripts/gate/check_evidence_binding.sh: command substitution: line 76: `|'
grep: empty (sub)expression
/Users/liying/workspace/dev/yinglichina163/sqlrustgo/scripts/gate/check_evidence_binding.sh: command substitution: line 76: syntax error near unexpected token `|'
/Users/liying/workspace/dev/yinglichina163/sqlrustgo/scripts/gate/check_evidence_binding.sh: command substitution: line 76: `|'
grep: empty (sub)expression
/Users/liying/workspace/dev/yinglichina163/sqlrustgo/scripts/gate/check_evidence_binding.sh: command substitution: line 76: syntax error near unexpected token `|'
/Users/liying/workspace/dev/yinglichina163/sqlrustgo/scripts/gate/check_evidence_binding.sh: command substitution: line 76: `|'
grep: empty (sub)expression
/Users/liying/workspace/dev/yinglichina163/sqlrustgo/scripts/gate/check_evidence_binding.sh: command substitution: line 76: syntax error near unexpected token `|'
/Users/liying/workspace/dev/yinglichina163/sqlrustgo/scripts/gate/check_evidence_binding.sh: command substitution: line 76: `|'
grep: empty (sub)expression
/Users/liying/workspace/dev/yinglichina163/sqlrustgo/scripts/gate/check_evidence_binding.sh: command substitution: line 76: syntax error near unexpected token `|'
/Users/liying/workspace/dev/yinglichina163/sqlrustgo/scripts/gate/check_evidence_binding.sh: command substitution: line 76: `|'
grep: empty (sub)expression
/Users/liying/workspace/dev/yinglichina163/sqlrustgo/scripts/gate/check_evidence_binding.sh: command substitution: line 76: syntax error near unexpected token `|'
/Users/liying/workspace/dev/yinglichina163/sqlrustgo/scripts/gate/check_evidence_binding.sh: command substitution: line 76: `|'
grep: empty (sub)expression
/Users/liying/workspace/dev/yinglichina163/sqlrustgo/scripts/gate/check_evidence_binding.sh: command substitution: line 76: syntax error near unexpected token `|'
/Users/liying/workspace/dev/yinglichina163/sqlrustgo/scripts/gate/check_evidence_binding.sh: command substitution: line 76: `|'
grep: empty (sub)expression
/Users/liying/workspace/dev/yinglichina163/sqlrustgo/scripts/gate/check_evidence_binding.sh: command substitution: line 76: syntax error near unexpected token `|'
/Users/liying/workspace/dev/yinglichina163/sqlrustgo/scripts/gate/check_evidence_binding.sh: command substitution: line 76: `|'
grep: empty (sub)expression
/Users/liying/workspace/dev/yinglichina163/sqlrustgo/scripts/gate/check_evidence_binding.sh: command substitution: line 76: syntax error near unexpected token `|'
/Users/liying/workspace/dev/yinglichina163/sqlrustgo/scripts/gate/check_evidence_binding.sh: command substitution: line 76: `|'
grep: empty (sub)expression
/Users/liying/workspace/dev/yinglichina163/sqlrustgo/scripts/gate/check_evidence_binding.sh: command substitution: line 76: syntax error near unexpected token `|'
/Users/liying/workspace/dev/yinglichina163/sqlrustgo/scripts/gate/check_evidence_binding.sh: command substitution: line 76: `|'
grep: empty (sub)expression
/Users/liying/workspace/dev/yinglichina163/sqlrustgo/scripts/gate/check_evidence_binding.sh: command substitution: line 76: syntax error near unexpected token `|'
/Users/liying/workspace/dev/yinglichina163/sqlrustgo/scripts/gate/check_evidence_binding.sh: command substitution: line 76: `|'
grep: empty (sub)expression
/Users/liying/workspace/dev/yinglichina163/sqlrustgo/scripts/gate/check_evidence_binding.sh: command substitution: line 76: syntax error near unexpected token `|'
/Users/liying/workspace/dev/yinglichina163/sqlrustgo/scripts/gate/check_evidence_binding.sh: command substitution: line 76: `|'
grep: empty (sub)expression
/Users/liying/workspace/dev/yinglichina163/sqlrustgo/scripts/gate/check_evidence_binding.sh: command substitution: line 76: syntax error near unexpected token `|'
/Users/liying/workspace/dev/yinglichina163/sqlrustgo/scripts/gate/check_evidence_binding.sh: command substitution: line 76: `|'
grep: empty (sub)expression
/Users/liying/workspace/dev/yinglichina163/sqlrustgo/scripts/gate/check_evidence_binding.sh: command substitution: line 76: syntax error near unexpected token `|'
/Users/liying/workspace/dev/yinglichina163/sqlrustgo/scripts/gate/check_evidence_binding.sh: command substitution: line 76: `|'
grep: empty (sub)expression
检查: DEVELOPMENT_PLAN.md...
/Users/liying/workspace/dev/yinglichina163/sqlrustgo/scripts/gate/check_evidence_binding.sh: command substitution: line 76: syntax error near unexpected token `|'
/Users/liying/workspace/dev/yinglichina163/sqlrustgo/scripts/gate/check_evidence_binding.sh: command substitution: line 76: `|'
grep: empty (sub)expression
/Users/liying/workspace/dev/yinglichina163/sqlrustgo/scripts/gate/check_evidence_binding.sh: command substitution: line 76: syntax error near unexpected token `|'
/Users/liying/workspace/dev/yinglichina163/sqlrustgo/scripts/gate/check_evidence_binding.sh: command substitution: line 76: `|'
grep: empty (sub)expression
/Users/liying/workspace/dev/yinglichina163/sqlrustgo/scripts/gate/check_evidence_binding.sh: command substitution: line 76: syntax error near unexpected token `|'
/Users/liying/workspace/dev/yinglichina163/sqlrustgo/scripts/gate/check_evidence_binding.sh: command substitution: line 76: `|'
grep: empty (sub)expression
/Users/liying/workspace/dev/yinglichina163/sqlrustgo/scripts/gate/check_evidence_binding.sh: command substitution: line 76: syntax error near unexpected token `|'
/Users/liying/workspace/dev/yinglichina163/sqlrustgo/scripts/gate/check_evidence_binding.sh: command substitution: line 76: `|'
grep: empty (sub)expression
/Users/liying/workspace/dev/yinglichina163/sqlrustgo/scripts/gate/check_evidence_binding.sh: command substitution: line 76: syntax error near unexpected token `|'
/Users/liying/workspace/dev/yinglichina163/sqlrustgo/scripts/gate/check_evidence_binding.sh: command substitution: line 76: `|'
grep: empty (sub)expression
/Users/liying/workspace/dev/yinglichina163/sqlrustgo/scripts/gate/check_evidence_binding.sh: command substitution: line 76: syntax error near unexpected token `|'
/Users/liying/workspace/dev/yinglichina163/sqlrustgo/scripts/gate/check_evidence_binding.sh: command substitution: line 76: `|'
grep: empty (sub)expression
检查: BETA_GATE_CONTRACT.md...
/Users/liying/workspace/dev/yinglichina163/sqlrustgo/scripts/gate/check_evidence_binding.sh: command substitution: line 76: syntax error near unexpected token `|'
/Users/liying/workspace/dev/yinglichina163/sqlrustgo/scripts/gate/check_evidence_binding.sh: command substitution: line 76: `|'
grep: empty (sub)expression
/Users/liying/workspace/dev/yinglichina163/sqlrustgo/scripts/gate/check_evidence_binding.sh: command substitution: line 76: syntax error near unexpected token `|'
/Users/liying/workspace/dev/yinglichina163/sqlrustgo/scripts/gate/check_evidence_binding.sh: command substitution: line 76: `|'
grep: empty (sub)expression
/Users/liying/workspace/dev/yinglichina163/sqlrustgo/scripts/gate/check_evidence_binding.sh: command substitution: line 76: syntax error near unexpected token `|'
/Users/liying/workspace/dev/yinglichina163/sqlrustgo/scripts/gate/check_evidence_binding.sh: command substitution: line 76: `|'
grep: empty (sub)expression
/Users/liying/workspace/dev/yinglichina163/sqlrustgo/scripts/gate/check_evidence_binding.sh: command substitution: line 76: syntax error near unexpected token `|'
/Users/liying/workspace/dev/yinglichina163/sqlrustgo/scripts/gate/check_evidence_binding.sh: command substitution: line 76: `|'
grep: empty (sub)expression
/Users/liying/workspace/dev/yinglichina163/sqlrustgo/scripts/gate/check_evidence_binding.sh: command substitution: line 76: syntax error near unexpected token `|'
/Users/liying/workspace/dev/yinglichina163/sqlrustgo/scripts/gate/check_evidence_binding.sh: command substitution: line 76: `|'
grep: empty (sub)expression
/Users/liying/workspace/dev/yinglichina163/sqlrustgo/scripts/gate/check_evidence_binding.sh: command substitution: line 76: syntax error near unexpected token `|'
/Users/liying/workspace/dev/yinglichina163/sqlrustgo/scripts/gate/check_evidence_binding.sh: command substitution: line 76: `|'
grep: empty (sub)expression
/Users/liying/workspace/dev/yinglichina163/sqlrustgo/scripts/gate/check_evidence_binding.sh: command substitution: line 76: syntax error near unexpected token `|'
/Users/liying/workspace/dev/yinglichina163/sqlrustgo/scripts/gate/check_evidence_binding.sh: command substitution: line 76: `|'
grep: empty (sub)expression
/Users/liying/workspace/dev/yinglichina163/sqlrustgo/scripts/gate/check_evidence_binding.sh: command substitution: line 76: syntax error near unexpected token `|'
/Users/liying/workspace/dev/yinglichina163/sqlrustgo/scripts/gate/check_evidence_binding.sh: command substitution: line 76: `|'
grep: empty (sub)expression
/Users/liying/workspace/dev/yinglichina163/sqlrustgo/scripts/gate/check_evidence_binding.sh: command substitution: line 76: syntax error near unexpected token `|'
/Users/liying/workspace/dev/yinglichina163/sqlrustgo/scripts/gate/check_evidence_binding.sh: command substitution: line 76: `|'
grep: empty (sub)expression
/Users/liying/workspace/dev/yinglichina163/sqlrustgo/scripts/gate/check_evidence_binding.sh: command substitution: line 76: syntax error near unexpected token `|'
/Users/liying/workspace/dev/yinglichina163/sqlrustgo/scripts/gate/check_evidence_binding.sh: command substitution: line 76: `|'
grep: empty (sub)expression
/Users/liying/workspace/dev/yinglichina163/sqlrustgo/scripts/gate/check_evidence_binding.sh: command substitution: line 76: syntax error near unexpected token `|'
/Users/liying/workspace/dev/yinglichina163/sqlrustgo/scripts/gate/check_evidence_binding.sh: command substitution: line 76: `|'
grep: empty (sub)expression
/Users/liying/workspace/dev/yinglichina163/sqlrustgo/scripts/gate/check_evidence_binding.sh: command substitution: line 76: syntax error near unexpected token `|'
/Users/liying/workspace/dev/yinglichina163/sqlrustgo/scripts/gate/check_evidence_binding.sh: command substitution: line 76: `|'
grep: empty (sub)expression
/Users/liying/workspace/dev/yinglichina163/sqlrustgo/scripts/gate/check_evidence_binding.sh: command substitution: line 76: syntax error near unexpected token `|'
/Users/liying/workspace/dev/yinglichina163/sqlrustgo/scripts/gate/check_evidence_binding.sh: command substitution: line 76: `|'
grep: empty (sub)expression
/Users/liying/workspace/dev/yinglichina163/sqlrustgo/scripts/gate/check_evidence_binding.sh: command substitution: line 76: syntax error near unexpected token `|'
/Users/liying/workspace/dev/yinglichina163/sqlrustgo/scripts/gate/check_evidence_binding.sh: command substitution: line 76: `|'
grep: empty (sub)expression
/Users/liying/workspace/dev/yinglichina163/sqlrustgo/scripts/gate/check_evidence_binding.sh: command substitution: line 76: syntax error near unexpected token `|'
/Users/liying/workspace/dev/yinglichina163/sqlrustgo/scripts/gate/check_evidence_binding.sh: command substitution: line 76: `|'
grep: empty (sub)expression
/Users/liying/workspace/dev/yinglichina163/sqlrustgo/scripts/gate/check_evidence_binding.sh: command substitution: line 76: syntax error near unexpected token `|'
/Users/liying/workspace/dev/yinglichina163/sqlrustgo/scripts/gate/check_evidence_binding.sh: command substitution: line 76: `|'
grep: empty (sub)expression
/Users/liying/workspace/dev/yinglichina163/sqlrustgo/scripts/gate/check_evidence_binding.sh: command substitution: line 76: syntax error near unexpected token `|'
/Users/liying/workspace/dev/yinglichina163/sqlrustgo/scripts/gate/check_evidence_binding.sh: command substitution: line 76: `|'
grep: empty (sub)expression
/Users/liying/workspace/dev/yinglichina163/sqlrustgo/scripts/gate/check_evidence_binding.sh: command substitution: line 76: syntax error near unexpected token `|'
/Users/liying/workspace/dev/yinglichina163/sqlrustgo/scripts/gate/check_evidence_binding.sh: command substitution: line 76: `|'
grep: empty (sub)expression
/Users/liying/workspace/dev/yinglichina163/sqlrustgo/scripts/gate/check_evidence_binding.sh: command substitution: line 76: syntax error near unexpected token `|'
/Users/liying/workspace/dev/yinglichina163/sqlrustgo/scripts/gate/check_evidence_binding.sh: command substitution: line 76: `|'
grep: empty (sub)expression
/Users/liying/workspace/dev/yinglichina163/sqlrustgo/scripts/gate/check_evidence_binding.sh: command substitution: line 76: syntax error near unexpected token `|'
/Users/liying/workspace/dev/yinglichina163/sqlrustgo/scripts/gate/check_evidence_binding.sh: command substitution: line 76: `|'
grep: empty (sub)expression
/Users/liying/workspace/dev/yinglichina163/sqlrustgo/scripts/gate/check_evidence_binding.sh: command substitution: line 76: syntax error near unexpected token `|'
/Users/liying/workspace/dev/yinglichina163/sqlrustgo/scripts/gate/check_evidence_binding.sh: command substitution: line 76: `|'
grep: empty (sub)expression
/Users/liying/workspace/dev/yinglichina163/sqlrustgo/scripts/gate/check_evidence_binding.sh: command substitution: line 76: syntax error near unexpected token `|'
/Users/liying/workspace/dev/yinglichina163/sqlrustgo/scripts/gate/check_evidence_binding.sh: command substitution: line 76: `|'
grep: empty (sub)expression
/Users/liying/workspace/dev/yinglichina163/sqlrustgo/scripts/gate/check_evidence_binding.sh: command substitution: line 76: syntax error near unexpected token `|'
/Users/liying/workspace/dev/yinglichina163/sqlrustgo/scripts/gate/check_evidence_binding.sh: command substitution: line 76: `|'
grep: empty (sub)expression
/Users/liying/workspace/dev/yinglichina163/sqlrustgo/scripts/gate/check_evidence_binding.sh: command substitution: line 76: syntax error near unexpected token `|'
/Users/liying/workspace/dev/yinglichina163/sqlrustgo/scripts/gate/check_evidence_binding.sh: command substitution: line 76: `|'
grep: empty (sub)expression
/Users/liying/workspace/dev/yinglichina163/sqlrustgo/scripts/gate/check_evidence_binding.sh: command substitution: line 76: syntax error near unexpected token `|'
/Users/liying/workspace/dev/yinglichina163/sqlrustgo/scripts/gate/check_evidence_binding.sh: command substitution: line 76: `|'
grep: empty (sub)expression
/Users/liying/workspace/dev/yinglichina163/sqlrustgo/scripts/gate/check_evidence_binding.sh: command substitution: line 76: syntax error near unexpected token `|'
/Users/liying/workspace/dev/yinglichina163/sqlrustgo/scripts/gate/check_evidence_binding.sh: command substitution: line 76: `|'
grep: empty (sub)expression
检查: INT234_RTI_CHAIN.md...
/Users/liying/workspace/dev/yinglichina163/sqlrustgo/scripts/gate/check_evidence_binding.sh: command substitution: line 76: syntax error near unexpected token `|'
/Users/liying/workspace/dev/yinglichina163/sqlrustgo/scripts/gate/check_evidence_binding.sh: command substitution: line 76: `|'
grep: empty (sub)expression
/Users/liying/workspace/dev/yinglichina163/sqlrustgo/scripts/gate/check_evidence_binding.sh: command substitution: line 76: syntax error near unexpected token `|'
/Users/liying/workspace/dev/yinglichina163/sqlrustgo/scripts/gate/check_evidence_binding.sh: command substitution: line 76: `|'
grep: empty (sub)expression
/Users/liying/workspace/dev/yinglichina163/sqlrustgo/scripts/gate/check_evidence_binding.sh: command substitution: line 76: syntax error near unexpected token `|'
/Users/liying/workspace/dev/yinglichina163/sqlrustgo/scripts/gate/check_evidence_binding.sh: command substitution: line 76: `|'
grep: empty (sub)expression
/Users/liying/workspace/dev/yinglichina163/sqlrustgo/scripts/gate/check_evidence_binding.sh: command substitution: line 76: syntax error near unexpected token `|'
/Users/liying/workspace/dev/yinglichina163/sqlrustgo/scripts/gate/check_evidence_binding.sh: command substitution: line 76: `|'
grep: empty (sub)expression
/Users/liying/workspace/dev/yinglichina163/sqlrustgo/scripts/gate/check_evidence_binding.sh: command substitution: line 76: syntax error near unexpected token `|'
/Users/liying/workspace/dev/yinglichina163/sqlrustgo/scripts/gate/check_evidence_binding.sh: command substitution: line 76: `|'
grep: empty (sub)expression
检查: R5-GATE-REFORM.md...
/Users/liying/workspace/dev/yinglichina163/sqlrustgo/scripts/gate/check_evidence_binding.sh: command substitution: line 76: syntax error near unexpected token `|'
/Users/liying/workspace/dev/yinglichina163/sqlrustgo/scripts/gate/check_evidence_binding.sh: command substitution: line 76: `|'
grep: empty (sub)expression
/Users/liying/workspace/dev/yinglichina163/sqlrustgo/scripts/gate/check_evidence_binding.sh: command substitution: line 76: syntax error near unexpected token `|'
/Users/liying/workspace/dev/yinglichina163/sqlrustgo/scripts/gate/check_evidence_binding.sh: command substitution: line 76: `|'
grep: empty (sub)expression
/Users/liying/workspace/dev/yinglichina163/sqlrustgo/scripts/gate/check_evidence_binding.sh: command substitution: line 76: syntax error near unexpected token `|'
/Users/liying/workspace/dev/yinglichina163/sqlrustgo/scripts/gate/check_evidence_binding.sh: command substitution: line 76: `|'
grep: empty (sub)expression
/Users/liying/workspace/dev/yinglichina163/sqlrustgo/scripts/gate/check_evidence_binding.sh: command substitution: line 76: syntax error near unexpected token `|'
/Users/liying/workspace/dev/yinglichina163/sqlrustgo/scripts/gate/check_evidence_binding.sh: command substitution: line 76: `|'
grep: empty (sub)expression
/Users/liying/workspace/dev/yinglichina163/sqlrustgo/scripts/gate/check_evidence_binding.sh: command substitution: line 76: syntax error near unexpected token `|'
/Users/liying/workspace/dev/yinglichina163/sqlrustgo/scripts/gate/check_evidence_binding.sh: command substitution: line 76: `|'
grep: empty (sub)expression
/Users/liying/workspace/dev/yinglichina163/sqlrustgo/scripts/gate/check_evidence_binding.sh: command substitution: line 76: syntax error near unexpected token `|'
/Users/liying/workspace/dev/yinglichina163/sqlrustgo/scripts/gate/check_evidence_binding.sh: command substitution: line 76: `|'
grep: empty (sub)expression
/Users/liying/workspace/dev/yinglichina163/sqlrustgo/scripts/gate/check_evidence_binding.sh: command substitution: line 76: syntax error near unexpected token `|'
/Users/liying/workspace/dev/yinglichina163/sqlrustgo/scripts/gate/check_evidence_binding.sh: command substitution: line 76: `|'
grep: empty (sub)expression
/Users/liying/workspace/dev/yinglichina163/sqlrustgo/scripts/gate/check_evidence_binding.sh: command substitution: line 76: syntax error near unexpected token `|'
/Users/liying/workspace/dev/yinglichina163/sqlrustgo/scripts/gate/check_evidence_binding.sh: command substitution: line 76: `|'
grep: empty (sub)expression
/Users/liying/workspace/dev/yinglichina163/sqlrustgo/scripts/gate/check_evidence_binding.sh: command substitution: line 76: syntax error near unexpected token `|'
/Users/liying/workspace/dev/yinglichina163/sqlrustgo/scripts/gate/check_evidence_binding.sh: command substitution: line 76: `|'
grep: empty (sub)expression
检查: ALPHA_BASELINE_REPORT.md...
/Users/liying/workspace/dev/yinglichina163/sqlrustgo/scripts/gate/check_evidence_binding.sh: command substitution: line 76: syntax error near unexpected token `|'
/Users/liying/workspace/dev/yinglichina163/sqlrustgo/scripts/gate/check_evidence_binding.sh: command substitution: line 76: `|'
grep: empty (sub)expression
/Users/liying/workspace/dev/yinglichina163/sqlrustgo/scripts/gate/check_evidence_binding.sh: command substitution: line 76: syntax error near unexpected token `|'
/Users/liying/workspace/dev/yinglichina163/sqlrustgo/scripts/gate/check_evidence_binding.sh: command substitution: line 76: `|'
grep: empty (sub)expression
/Users/liying/workspace/dev/yinglichina163/sqlrustgo/scripts/gate/check_evidence_binding.sh: command substitution: line 76: syntax error near unexpected token `|'
/Users/liying/workspace/dev/yinglichina163/sqlrustgo/scripts/gate/check_evidence_binding.sh: command substitution: line 76: `|'
grep: empty (sub)expression
/Users/liying/workspace/dev/yinglichina163/sqlrustgo/scripts/gate/check_evidence_binding.sh: command substitution: line 76: syntax error near unexpected token `|'
/Users/liying/workspace/dev/yinglichina163/sqlrustgo/scripts/gate/check_evidence_binding.sh: command substitution: line 76: `|'
grep: empty (sub)expression
/Users/liying/workspace/dev/yinglichina163/sqlrustgo/scripts/gate/check_evidence_binding.sh: command substitution: line 76: syntax error near unexpected token `|'
/Users/liying/workspace/dev/yinglichina163/sqlrustgo/scripts/gate/check_evidence_binding.sh: command substitution: line 76: `|'
grep: empty (sub)expression
/Users/liying/workspace/dev/yinglichina163/sqlrustgo/scripts/gate/check_evidence_binding.sh: command substitution: line 76: syntax error near unexpected token `|'
/Users/liying/workspace/dev/yinglichina163/sqlrustgo/scripts/gate/check_evidence_binding.sh: command substitution: line 76: `|'
grep: empty (sub)expression
/Users/liying/workspace/dev/yinglichina163/sqlrustgo/scripts/gate/check_evidence_binding.sh: command substitution: line 76: syntax error near unexpected token `|'
/Users/liying/workspace/dev/yinglichina163/sqlrustgo/scripts/gate/check_evidence_binding.sh: command substitution: line 76: `|'
grep: empty (sub)expression
/Users/liying/workspace/dev/yinglichina163/sqlrustgo/scripts/gate/check_evidence_binding.sh: command substitution: line 76: syntax error near unexpected token `|'
/Users/liying/workspace/dev/yinglichina163/sqlrustgo/scripts/gate/check_evidence_binding.sh: command substitution: line 76: `|'
grep: empty (sub)expression
/Users/liying/workspace/dev/yinglichina163/sqlrustgo/scripts/gate/check_evidence_binding.sh: command substitution: line 76: syntax error near unexpected token `|'
/Users/liying/workspace/dev/yinglichina163/sqlrustgo/scripts/gate/check_evidence_binding.sh: command substitution: line 76: `|'
grep: empty (sub)expression
/Users/liying/workspace/dev/yinglichina163/sqlrustgo/scripts/gate/check_evidence_binding.sh: command substitution: line 76: syntax error near unexpected token `|'
/Users/liying/workspace/dev/yinglichina163/sqlrustgo/scripts/gate/check_evidence_binding.sh: command substitution: line 76: `|'
grep: empty (sub)expression
/Users/liying/workspace/dev/yinglichina163/sqlrustgo/scripts/gate/check_evidence_binding.sh: command substitution: line 76: syntax error near unexpected token `|'
/Users/liying/workspace/dev/yinglichina163/sqlrustgo/scripts/gate/check_evidence_binding.sh: command substitution: line 76: `|'
grep: empty (sub)expression
/Users/liying/workspace/dev/yinglichina163/sqlrustgo/scripts/gate/check_evidence_binding.sh: command substitution: line 76: syntax error near unexpected token `|'
/Users/liying/workspace/dev/yinglichina163/sqlrustgo/scripts/gate/check_evidence_binding.sh: command substitution: line 76: `|'
grep: empty (sub)expression
/Users/liying/workspace/dev/yinglichina163/sqlrustgo/scripts/gate/check_evidence_binding.sh: command substitution: line 76: syntax error near unexpected token `|'
/Users/liying/workspace/dev/yinglichina163/sqlrustgo/scripts/gate/check_evidence_binding.sh: command substitution: line 76: `|'
grep: empty (sub)expression
/Users/liying/workspace/dev/yinglichina163/sqlrustgo/scripts/gate/check_evidence_binding.sh: command substitution: line 76: syntax error near unexpected token `|'
/Users/liying/workspace/dev/yinglichina163/sqlrustgo/scripts/gate/check_evidence_binding.sh: command substitution: line 76: `|'
grep: empty (sub)expression
/Users/liying/workspace/dev/yinglichina163/sqlrustgo/scripts/gate/check_evidence_binding.sh: command substitution: line 76: syntax error near unexpected token `|'
/Users/liying/workspace/dev/yinglichina163/sqlrustgo/scripts/gate/check_evidence_binding.sh: command substitution: line 76: `|'
grep: empty (sub)expression
/Users/liying/workspace/dev/yinglichina163/sqlrustgo/scripts/gate/check_evidence_binding.sh: command substitution: line 76: syntax error near unexpected token `|'
/Users/liying/workspace/dev/yinglichina163/sqlrustgo/scripts/gate/check_evidence_binding.sh: command substitution: line 76: `|'
grep: empty (sub)expression
检查: PR-830E_SPEC.md...
/Users/liying/workspace/dev/yinglichina163/sqlrustgo/scripts/gate/check_evidence_binding.sh: command substitution: line 76: syntax error near unexpected token `|'
/Users/liying/workspace/dev/yinglichina163/sqlrustgo/scripts/gate/check_evidence_binding.sh: command substitution: line 76: `|'
grep: empty (sub)expression
/Users/liying/workspace/dev/yinglichina163/sqlrustgo/scripts/gate/check_evidence_binding.sh: command substitution: line 76: syntax error near unexpected token `|'
/Users/liying/workspace/dev/yinglichina163/sqlrustgo/scripts/gate/check_evidence_binding.sh: command substitution: line 76: `|'
grep: empty (sub)expression
/Users/liying/workspace/dev/yinglichina163/sqlrustgo/scripts/gate/check_evidence_binding.sh: command substitution: line 76: syntax error near unexpected token `|'
/Users/liying/workspace/dev/yinglichina163/sqlrustgo/scripts/gate/check_evidence_binding.sh: command substitution: line 76: `|'
grep: empty (sub)expression
/Users/liying/workspace/dev/yinglichina163/sqlrustgo/scripts/gate/check_evidence_binding.sh: command substitution: line 76: syntax error near unexpected token `|'
/Users/liying/workspace/dev/yinglichina163/sqlrustgo/scripts/gate/check_evidence_binding.sh: command substitution: line 76: `|'
grep: empty (sub)expression
检查: ARCHITECTURE_DECISIONS.md...
/Users/liying/workspace/dev/yinglichina163/sqlrustgo/scripts/gate/check_evidence_binding.sh: command substitution: line 76: syntax error near unexpected token `|'
/Users/liying/workspace/dev/yinglichina163/sqlrustgo/scripts/gate/check_evidence_binding.sh: command substitution: line 76: `|'
grep: empty (sub)expression
/Users/liying/workspace/dev/yinglichina163/sqlrustgo/scripts/gate/check_evidence_binding.sh: command substitution: line 76: syntax error near unexpected token `|'
/Users/liying/workspace/dev/yinglichina163/sqlrustgo/scripts/gate/check_evidence_binding.sh: command substitution: line 76: `|'
grep: empty (sub)expression
/Users/liying/workspace/dev/yinglichina163/sqlrustgo/scripts/gate/check_evidence_binding.sh: command substitution: line 76: syntax error near unexpected token `|'
/Users/liying/workspace/dev/yinglichina163/sqlrustgo/scripts/gate/check_evidence_binding.sh: command substitution: line 76: `|'
grep: empty (sub)expression
/Users/liying/workspace/dev/yinglichina163/sqlrustgo/scripts/gate/check_evidence_binding.sh: command substitution: line 76: syntax error near unexpected token `|'
/Users/liying/workspace/dev/yinglichina163/sqlrustgo/scripts/gate/check_evidence_binding.sh: command substitution: line 76: `|'
grep: empty (sub)expression
/Users/liying/workspace/dev/yinglichina163/sqlrustgo/scripts/gate/check_evidence_binding.sh: command substitution: line 76: syntax error near unexpected token `|'
/Users/liying/workspace/dev/yinglichina163/sqlrustgo/scripts/gate/check_evidence_binding.sh: command substitution: line 76: `|'
grep: empty (sub)expression
/Users/liying/workspace/dev/yinglichina163/sqlrustgo/scripts/gate/check_evidence_binding.sh: command substitution: line 76: syntax error near unexpected token `|'
/Users/liying/workspace/dev/yinglichina163/sqlrustgo/scripts/gate/check_evidence_binding.sh: command substitution: line 76: `|'
grep: empty (sub)expression
检查: COVERAGE-DELTA-ANALYSIS.md...
检查: GA_GATE_CHECKLIST.md...
/Users/liying/workspace/dev/yinglichina163/sqlrustgo/scripts/gate/check_evidence_binding.sh: command substitution: line 76: syntax error near unexpected token `|'
/Users/liying/workspace/dev/yinglichina163/sqlrustgo/scripts/gate/check_evidence_binding.sh: command substitution: line 76: `|'
grep: empty (sub)expression
/Users/liying/workspace/dev/yinglichina163/sqlrustgo/scripts/gate/check_evidence_binding.sh: command substitution: line 76: syntax error near unexpected token `|'
/Users/liying/workspace/dev/yinglichina163/sqlrustgo/scripts/gate/check_evidence_binding.sh: command substitution: line 76: `|'
grep: empty (sub)expression
/Users/liying/workspace/dev/yinglichina163/sqlrustgo/scripts/gate/check_evidence_binding.sh: command substitution: line 76: syntax error near unexpected token `|'
/Users/liying/workspace/dev/yinglichina163/sqlrustgo/scripts/gate/check_evidence_binding.sh: command substitution: line 76: `|'
grep: empty (sub)expression
/Users/liying/workspace/dev/yinglichina163/sqlrustgo/scripts/gate/check_evidence_binding.sh: command substitution: line 76: syntax error near unexpected token `|'
/Users/liying/workspace/dev/yinglichina163/sqlrustgo/scripts/gate/check_evidence_binding.sh: command substitution: line 76: `|'
grep: empty (sub)expression
/Users/liying/workspace/dev/yinglichina163/sqlrustgo/scripts/gate/check_evidence_binding.sh: command substitution: line 76: syntax error near unexpected token `|'
/Users/liying/workspace/dev/yinglichina163/sqlrustgo/scripts/gate/check_evidence_binding.sh: command substitution: line 76: `|'
grep: empty (sub)expression
/Users/liying/workspace/dev/yinglichina163/sqlrustgo/scripts/gate/check_evidence_binding.sh: command substitution: line 76: syntax error near unexpected token `|'
/Users/liying/workspace/dev/yinglichina163/sqlrustgo/scripts/gate/check_evidence_binding.sh: command substitution: line 76: `|'
grep: empty (sub)expression
/Users/liying/workspace/dev/yinglichina163/sqlrustgo/scripts/gate/check_evidence_binding.sh: command substitution: line 76: syntax error near unexpected token `|'
/Users/liying/workspace/dev/yinglichina163/sqlrustgo/scripts/gate/check_evidence_binding.sh: command substitution: line 76: `|'
grep: empty (sub)expression
/Users/liying/workspace/dev/yinglichina163/sqlrustgo/scripts/gate/check_evidence_binding.sh: command substitution: line 76: syntax error near unexpected token `|'
/Users/liying/workspace/dev/yinglichina163/sqlrustgo/scripts/gate/check_evidence_binding.sh: command substitution: line 76: `|'
grep: empty (sub)expression
/Users/liying/workspace/dev/yinglichina163/sqlrustgo/scripts/gate/check_evidence_binding.sh: command substitution: line 76: syntax error near unexpected token `|'
/Users/liying/workspace/dev/yinglichina163/sqlrustgo/scripts/gate/check_evidence_binding.sh: command substitution: line 76: `|'
grep: empty (sub)expression
/Users/liying/workspace/dev/yinglichina163/sqlrustgo/scripts/gate/check_evidence_binding.sh: command substitution: line 76: syntax error near unexpected token `|'
/Users/liying/workspace/dev/yinglichina163/sqlrustgo/scripts/gate/check_evidence_binding.sh: command substitution: line 76: `|'
grep: empty (sub)expression
/Users/liying/workspace/dev/yinglichina163/sqlrustgo/scripts/gate/check_evidence_binding.sh: command substitution: line 76: syntax error near unexpected token `|'
/Users/liying/workspace/dev/yinglichina163/sqlrustgo/scripts/gate/check_evidence_binding.sh: command substitution: line 76: `|'
grep: empty (sub)expression
/Users/liying/workspace/dev/yinglichina163/sqlrustgo/scripts/gate/check_evidence_binding.sh: command substitution: line 76: syntax error near unexpected token `|'
/Users/liying/workspace/dev/yinglichina163/sqlrustgo/scripts/gate/check_evidence_binding.sh: command substitution: line 76: `|'
grep: empty (sub)expression
/Users/liying/workspace/dev/yinglichina163/sqlrustgo/scripts/gate/check_evidence_binding.sh: command substitution: line 76: syntax error near unexpected token `|'
/Users/liying/workspace/dev/yinglichina163/sqlrustgo/scripts/gate/check_evidence_binding.sh: command substitution: line 76: `|'
grep: empty (sub)expression
/Users/liying/workspace/dev/yinglichina163/sqlrustgo/scripts/gate/check_evidence_binding.sh: command substitution: line 76: syntax error near unexpected token `|'
/Users/liying/workspace/dev/yinglichina163/sqlrustgo/scripts/gate/check_evidence_binding.sh: command substitution: line 76: `|'
grep: empty (sub)expression
/Users/liying/workspace/dev/yinglichina163/sqlrustgo/scripts/gate/check_evidence_binding.sh: command substitution: line 76: syntax error near unexpected token `|'
/Users/liying/workspace/dev/yinglichina163/sqlrustgo/scripts/gate/check_evidence_binding.sh: command substitution: line 76: `|'
grep: empty (sub)expression
/Users/liying/workspace/dev/yinglichina163/sqlrustgo/scripts/gate/check_evidence_binding.sh: command substitution: line 76: syntax error near unexpected token `|'
/Users/liying/workspace/dev/yinglichina163/sqlrustgo/scripts/gate/check_evidence_binding.sh: command substitution: line 76: `|'
grep: empty (sub)expression
/Users/liying/workspace/dev/yinglichina163/sqlrustgo/scripts/gate/check_evidence_binding.sh: command substitution: line 76: syntax error near unexpected token `|'
/Users/liying/workspace/dev/yinglichina163/sqlrustgo/scripts/gate/check_evidence_binding.sh: command substitution: line 76: `|'
grep: empty (sub)expression
/Users/liying/workspace/dev/yinglichina163/sqlrustgo/scripts/gate/check_evidence_binding.sh: command substitution: line 76: syntax error near unexpected token `|'
/Users/liying/workspace/dev/yinglichina163/sqlrustgo/scripts/gate/check_evidence_binding.sh: command substitution: line 76: `|'
grep: empty (sub)expression
/Users/liying/workspace/dev/yinglichina163/sqlrustgo/scripts/gate/check_evidence_binding.sh: command substitution: line 76: syntax error near unexpected token `|'
/Users/liying/workspace/dev/yinglichina163/sqlrustgo/scripts/gate/check_evidence_binding.sh: command substitution: line 76: `|'
grep: empty (sub)expression
/Users/liying/workspace/dev/yinglichina163/sqlrustgo/scripts/gate/check_evidence_binding.sh: command substitution: line 76: syntax error near unexpected token `|'
/Users/liying/workspace/dev/yinglichina163/sqlrustgo/scripts/gate/check_evidence_binding.sh: command substitution: line 76: `|'
grep: empty (sub)expression
/Users/liying/workspace/dev/yinglichina163/sqlrustgo/scripts/gate/check_evidence_binding.sh: command substitution: line 76: syntax error near unexpected token `|'
/Users/liying/workspace/dev/yinglichina163/sqlrustgo/scripts/gate/check_evidence_binding.sh: command substitution: line 76: `|'
grep: empty (sub)expression
/Users/liying/workspace/dev/yinglichina163/sqlrustgo/scripts/gate/check_evidence_binding.sh: command substitution: line 76: syntax error near unexpected token `|'
/Users/liying/workspace/dev/yinglichina163/sqlrustgo/scripts/gate/check_evidence_binding.sh: command substitution: line 76: `|'
grep: empty (sub)expression
/Users/liying/workspace/dev/yinglichina163/sqlrustgo/scripts/gate/check_evidence_binding.sh: command substitution: line 76: syntax error near unexpected token `|'
/Users/liying/workspace/dev/yinglichina163/sqlrustgo/scripts/gate/check_evidence_binding.sh: command substitution: line 76: `|'
grep: empty (sub)expression
/Users/liying/workspace/dev/yinglichina163/sqlrustgo/scripts/gate/check_evidence_binding.sh: command substitution: line 76: syntax error near unexpected token `|'
/Users/liying/workspace/dev/yinglichina163/sqlrustgo/scripts/gate/check_evidence_binding.sh: command substitution: line 76: `|'
grep: empty (sub)expression
/Users/liying/workspace/dev/yinglichina163/sqlrustgo/scripts/gate/check_evidence_binding.sh: command substitution: line 76: syntax error near unexpected token `|'
/Users/liying/workspace/dev/yinglichina163/sqlrustgo/scripts/gate/check_evidence_binding.sh: command substitution: line 76: `|'
grep: empty (sub)expression
/Users/liying/workspace/dev/yinglichina163/sqlrustgo/scripts/gate/check_evidence_binding.sh: command substitution: line 76: syntax error near unexpected token `|'
/Users/liying/workspace/dev/yinglichina163/sqlrustgo/scripts/gate/check_evidence_binding.sh: command substitution: line 76: `|'
grep: empty (sub)expression
/Users/liying/workspace/dev/yinglichina163/sqlrustgo/scripts/gate/check_evidence_binding.sh: command substitution: line 76: syntax error near unexpected token `|'
/Users/liying/workspace/dev/yinglichina163/sqlrustgo/scripts/gate/check_evidence_binding.sh: command substitution: line 76: `|'
grep: empty (sub)expression
检查: INTEGRATION_GATE_PLAN.md...
/Users/liying/workspace/dev/yinglichina163/sqlrustgo/scripts/gate/check_evidence_binding.sh: command substitution: line 76: syntax error near unexpected token `|'
/Users/liying/workspace/dev/yinglichina163/sqlrustgo/scripts/gate/check_evidence_binding.sh: command substitution: line 76: `|'
grep: empty (sub)expression
/Users/liying/workspace/dev/yinglichina163/sqlrustgo/scripts/gate/check_evidence_binding.sh: command substitution: line 76: syntax error near unexpected token `|'
/Users/liying/workspace/dev/yinglichina163/sqlrustgo/scripts/gate/check_evidence_binding.sh: command substitution: line 76: `|'
grep: empty (sub)expression
/Users/liying/workspace/dev/yinglichina163/sqlrustgo/scripts/gate/check_evidence_binding.sh: command substitution: line 76: syntax error near unexpected token `|'
/Users/liying/workspace/dev/yinglichina163/sqlrustgo/scripts/gate/check_evidence_binding.sh: command substitution: line 76: `|'
grep: empty (sub)expression
/Users/liying/workspace/dev/yinglichina163/sqlrustgo/scripts/gate/check_evidence_binding.sh: command substitution: line 76: syntax error near unexpected token `|'
/Users/liying/workspace/dev/yinglichina163/sqlrustgo/scripts/gate/check_evidence_binding.sh: command substitution: line 76: `|'
grep: empty (sub)expression
/Users/liying/workspace/dev/yinglichina163/sqlrustgo/scripts/gate/check_evidence_binding.sh: command substitution: line 76: syntax error near unexpected token `|'
/Users/liying/workspace/dev/yinglichina163/sqlrustgo/scripts/gate/check_evidence_binding.sh: command substitution: line 76: `|'
grep: empty (sub)expression
/Users/liying/workspace/dev/yinglichina163/sqlrustgo/scripts/gate/check_evidence_binding.sh: command substitution: line 76: syntax error near unexpected token `|'
/Users/liying/workspace/dev/yinglichina163/sqlrustgo/scripts/gate/check_evidence_binding.sh: command substitution: line 76: `|'
grep: empty (sub)expression
/Users/liying/workspace/dev/yinglichina163/sqlrustgo/scripts/gate/check_evidence_binding.sh: command substitution: line 76: syntax error near unexpected token `|'
/Users/liying/workspace/dev/yinglichina163/sqlrustgo/scripts/gate/check_evidence_binding.sh: command substitution: line 76: `|'
grep: empty (sub)expression
/Users/liying/workspace/dev/yinglichina163/sqlrustgo/scripts/gate/check_evidence_binding.sh: command substitution: line 76: syntax error near unexpected token `|'
/Users/liying/workspace/dev/yinglichina163/sqlrustgo/scripts/gate/check_evidence_binding.sh: command substitution: line 76: `|'
grep: empty (sub)expression
/Users/liying/workspace/dev/yinglichina163/sqlrustgo/scripts/gate/check_evidence_binding.sh: command substitution: line 76: syntax error near unexpected token `|'
/Users/liying/workspace/dev/yinglichina163/sqlrustgo/scripts/gate/check_evidence_binding.sh: command substitution: line 76: `|'
grep: empty (sub)expression
/Users/liying/workspace/dev/yinglichina163/sqlrustgo/scripts/gate/check_evidence_binding.sh: command substitution: line 76: syntax error near unexpected token `|'
/Users/liying/workspace/dev/yinglichina163/sqlrustgo/scripts/gate/check_evidence_binding.sh: command substitution: line 76: `|'
grep: empty (sub)expression
/Users/liying/workspace/dev/yinglichina163/sqlrustgo/scripts/gate/check_evidence_binding.sh: command substitution: line 76: syntax error near unexpected token `|'
/Users/liying/workspace/dev/yinglichina163/sqlrustgo/scripts/gate/check_evidence_binding.sh: command substitution: line 76: `|'
grep: empty (sub)expression
/Users/liying/workspace/dev/yinglichina163/sqlrustgo/scripts/gate/check_evidence_binding.sh: command substitution: line 76: syntax error near unexpected token `|'
/Users/liying/workspace/dev/yinglichina163/sqlrustgo/scripts/gate/check_evidence_binding.sh: command substitution: line 76: `|'
grep: empty (sub)expression
检查: PR-830E_IMPLEMENTATION_PLAN.md...
/Users/liying/workspace/dev/yinglichina163/sqlrustgo/scripts/gate/check_evidence_binding.sh: command substitution: line 76: syntax error near unexpected token `|'
/Users/liying/workspace/dev/yinglichina163/sqlrustgo/scripts/gate/check_evidence_binding.sh: command substitution: line 76: `|'
grep: empty (sub)expression
/Users/liying/workspace/dev/yinglichina163/sqlrustgo/scripts/gate/check_evidence_binding.sh: command substitution: line 76: syntax error near unexpected token `|'
/Users/liying/workspace/dev/yinglichina163/sqlrustgo/scripts/gate/check_evidence_binding.sh: command substitution: line 76: `|'
grep: empty (sub)expression
/Users/liying/workspace/dev/yinglichina163/sqlrustgo/scripts/gate/check_evidence_binding.sh: command substitution: line 76: syntax error near unexpected token `|'
/Users/liying/workspace/dev/yinglichina163/sqlrustgo/scripts/gate/check_evidence_binding.sh: command substitution: line 76: `|'
grep: empty (sub)expression
/Users/liying/workspace/dev/yinglichina163/sqlrustgo/scripts/gate/check_evidence_binding.sh: command substitution: line 76: syntax error near unexpected token `|'
/Users/liying/workspace/dev/yinglichina163/sqlrustgo/scripts/gate/check_evidence_binding.sh: command substitution: line 76: `|'
grep: empty (sub)expression
/Users/liying/workspace/dev/yinglichina163/sqlrustgo/scripts/gate/check_evidence_binding.sh: command substitution: line 76: syntax error near unexpected token `|'
/Users/liying/workspace/dev/yinglichina163/sqlrustgo/scripts/gate/check_evidence_binding.sh: command substitution: line 76: `|'
grep: empty (sub)expression
/Users/liying/workspace/dev/yinglichina163/sqlrustgo/scripts/gate/check_evidence_binding.sh: command substitution: line 76: syntax error near unexpected token `|'
/Users/liying/workspace/dev/yinglichina163/sqlrustgo/scripts/gate/check_evidence_binding.sh: command substitution: line 76: `|'
grep: empty (sub)expression
/Users/liying/workspace/dev/yinglichina163/sqlrustgo/scripts/gate/check_evidence_binding.sh: command substitution: line 76: syntax error near unexpected token `|'
/Users/liying/workspace/dev/yinglichina163/sqlrustgo/scripts/gate/check_evidence_binding.sh: command substitution: line 76: `|'
grep: empty (sub)expression
检查: ALPHA_GATE_PROMPT.md...
/Users/liying/workspace/dev/yinglichina163/sqlrustgo/scripts/gate/check_evidence_binding.sh: command substitution: line 76: syntax error near unexpected token `|'
/Users/liying/workspace/dev/yinglichina163/sqlrustgo/scripts/gate/check_evidence_binding.sh: command substitution: line 76: `|'
grep: empty (sub)expression
/Users/liying/workspace/dev/yinglichina163/sqlrustgo/scripts/gate/check_evidence_binding.sh: command substitution: line 76: syntax error near unexpected token `|'
/Users/liying/workspace/dev/yinglichina163/sqlrustgo/scripts/gate/check_evidence_binding.sh: command substitution: line 76: `|'
grep: empty (sub)expression
/Users/liying/workspace/dev/yinglichina163/sqlrustgo/scripts/gate/check_evidence_binding.sh: command substitution: line 76: syntax error near unexpected token `|'
/Users/liying/workspace/dev/yinglichina163/sqlrustgo/scripts/gate/check_evidence_binding.sh: command substitution: line 76: `|'
grep: empty (sub)expression
/Users/liying/workspace/dev/yinglichina163/sqlrustgo/scripts/gate/check_evidence_binding.sh: command substitution: line 76: syntax error near unexpected token `|'
/Users/liying/workspace/dev/yinglichina163/sqlrustgo/scripts/gate/check_evidence_binding.sh: command substitution: line 76: `|'
grep: empty (sub)expression
/Users/liying/workspace/dev/yinglichina163/sqlrustgo/scripts/gate/check_evidence_binding.sh: command substitution: line 76: syntax error near unexpected token `|'
/Users/liying/workspace/dev/yinglichina163/sqlrustgo/scripts/gate/check_evidence_binding.sh: command substitution: line 76: `|'
grep: empty (sub)expression
/Users/liying/workspace/dev/yinglichina163/sqlrustgo/scripts/gate/check_evidence_binding.sh: command substitution: line 76: syntax error near unexpected token `|'
/Users/liying/workspace/dev/yinglichina163/sqlrustgo/scripts/gate/check_evidence_binding.sh: command substitution: line 76: `|'
grep: empty (sub)expression
/Users/liying/workspace/dev/yinglichina163/sqlrustgo/scripts/gate/check_evidence_binding.sh: command substitution: line 76: syntax error near unexpected token `|'
/Users/liying/workspace/dev/yinglichina163/sqlrustgo/scripts/gate/check_evidence_binding.sh: command substitution: line 76: `|'
grep: empty (sub)expression
/Users/liying/workspace/dev/yinglichina163/sqlrustgo/scripts/gate/check_evidence_binding.sh: command substitution: line 76: syntax error near unexpected token `|'
/Users/liying/workspace/dev/yinglichina163/sqlrustgo/scripts/gate/check_evidence_binding.sh: command substitution: line 76: `|'
grep: empty (sub)expression
/Users/liying/workspace/dev/yinglichina163/sqlrustgo/scripts/gate/check_evidence_binding.sh: command substitution: line 76: syntax error near unexpected token `|'
/Users/liying/workspace/dev/yinglichina163/sqlrustgo/scripts/gate/check_evidence_binding.sh: command substitution: line 76: `|'
grep: empty (sub)expression
检查: PR-800_SPEC.md...
/Users/liying/workspace/dev/yinglichina163/sqlrustgo/scripts/gate/check_evidence_binding.sh: command substitution: line 76: syntax error near unexpected token `|'
/Users/liying/workspace/dev/yinglichina163/sqlrustgo/scripts/gate/check_evidence_binding.sh: command substitution: line 76: `|'
grep: empty (sub)expression
检查: PR-840_CONTRACT.md...
/Users/liying/workspace/dev/yinglichina163/sqlrustgo/scripts/gate/check_evidence_binding.sh: command substitution: line 76: syntax error near unexpected token `|'
/Users/liying/workspace/dev/yinglichina163/sqlrustgo/scripts/gate/check_evidence_binding.sh: command substitution: line 76: `|'
grep: empty (sub)expression
检查: GATE_EXECUTION_PROMPT.md...
/Users/liying/workspace/dev/yinglichina163/sqlrustgo/scripts/gate/check_evidence_binding.sh: command substitution: line 76: syntax error near unexpected token `|'
/Users/liying/workspace/dev/yinglichina163/sqlrustgo/scripts/gate/check_evidence_binding.sh: command substitution: line 76: `|'
grep: empty (sub)expression
/Users/liying/workspace/dev/yinglichina163/sqlrustgo/scripts/gate/check_evidence_binding.sh: command substitution: line 76: syntax error near unexpected token `|'
/Users/liying/workspace/dev/yinglichina163/sqlrustgo/scripts/gate/check_evidence_binding.sh: command substitution: line 76: `|'
grep: empty (sub)expression
/Users/liying/workspace/dev/yinglichina163/sqlrustgo/scripts/gate/check_evidence_binding.sh: command substitution: line 76: syntax error near unexpected token `|'
/Users/liying/workspace/dev/yinglichina163/sqlrustgo/scripts/gate/check_evidence_binding.sh: command substitution: line 76: `|'
grep: empty (sub)expression
/Users/liying/workspace/dev/yinglichina163/sqlrustgo/scripts/gate/check_evidence_binding.sh: command substitution: line 76: syntax error near unexpected token `|'
/Users/liying/workspace/dev/yinglichina163/sqlrustgo/scripts/gate/check_evidence_binding.sh: command substitution: line 76: `|'
grep: empty (sub)expression
/Users/liying/workspace/dev/yinglichina163/sqlrustgo/scripts/gate/check_evidence_binding.sh: command substitution: line 76: syntax error near unexpected token `|'
/Users/liying/workspace/dev/yinglichina163/sqlrustgo/scripts/gate/check_evidence_binding.sh: command substitution: line 76: `|'
grep: empty (sub)expression
/Users/liying/workspace/dev/yinglichina163/sqlrustgo/scripts/gate/check_evidence_binding.sh: command substitution: line 76: syntax error near unexpected token `|'
/Users/liying/workspace/dev/yinglichina163/sqlrustgo/scripts/gate/check_evidence_binding.sh: command substitution: line 76: `|'
grep: empty (sub)expression
/Users/liying/workspace/dev/yinglichina163/sqlrustgo/scripts/gate/check_evidence_binding.sh: command substitution: line 76: syntax error near unexpected token `|'
/Users/liying/workspace/dev/yinglichina163/sqlrustgo/scripts/gate/check_evidence_binding.sh: command substitution: line 76: `|'
grep: empty (sub)expression
/Users/liying/workspace/dev/yinglichina163/sqlrustgo/scripts/gate/check_evidence_binding.sh: command substitution: line 76: syntax error near unexpected token `|'
/Users/liying/workspace/dev/yinglichina163/sqlrustgo/scripts/gate/check_evidence_binding.sh: command substitution: line 76: `|'
grep: empty (sub)expression
/Users/liying/workspace/dev/yinglichina163/sqlrustgo/scripts/gate/check_evidence_binding.sh: command substitution: line 76: syntax error near unexpected token `|'
/Users/liying/workspace/dev/yinglichina163/sqlrustgo/scripts/gate/check_evidence_binding.sh: command substitution: line 76: `|'
grep: empty (sub)expression
/Users/liying/workspace/dev/yinglichina163/sqlrustgo/scripts/gate/check_evidence_binding.sh: command substitution: line 76: syntax error near unexpected token `|'
/Users/liying/workspace/dev/yinglichina163/sqlrustgo/scripts/gate/check_evidence_binding.sh: command substitution: line 76: `|'
grep: empty (sub)expression
/Users/liying/workspace/dev/yinglichina163/sqlrustgo/scripts/gate/check_evidence_binding.sh: command substitution: line 76: syntax error near unexpected token `|'
/Users/liying/workspace/dev/yinglichina163/sqlrustgo/scripts/gate/check_evidence_binding.sh: command substitution: line 76: `|'
grep: empty (sub)expression
/Users/liying/workspace/dev/yinglichina163/sqlrustgo/scripts/gate/check_evidence_binding.sh: command substitution: line 76: syntax error near unexpected token `|'
/Users/liying/workspace/dev/yinglichina163/sqlrustgo/scripts/gate/check_evidence_binding.sh: command substitution: line 76: `|'
grep: empty (sub)expression
/Users/liying/workspace/dev/yinglichina163/sqlrustgo/scripts/gate/check_evidence_binding.sh: command substitution: line 76: syntax error near unexpected token `|'
/Users/liying/workspace/dev/yinglichina163/sqlrustgo/scripts/gate/check_evidence_binding.sh: command substitution: line 76: `|'
grep: empty (sub)expression
/Users/liying/workspace/dev/yinglichina163/sqlrustgo/scripts/gate/check_evidence_binding.sh: command substitution: line 76: syntax error near unexpected token `|'
/Users/liying/workspace/dev/yinglichina163/sqlrustgo/scripts/gate/check_evidence_binding.sh: command substitution: line 76: `|'
grep: empty (sub)expression
检查: PR-830F_IMPLEMENTATION_PLAN.md...
/Users/liying/workspace/dev/yinglichina163/sqlrustgo/scripts/gate/check_evidence_binding.sh: command substitution: line 76: syntax error near unexpected token `|'
/Users/liying/workspace/dev/yinglichina163/sqlrustgo/scripts/gate/check_evidence_binding.sh: command substitution: line 76: `|'
grep: empty (sub)expression
检查: COMPREHENSIVE_GATE_REPORT.md...
/Users/liying/workspace/dev/yinglichina163/sqlrustgo/scripts/gate/check_evidence_binding.sh: command substitution: line 76: syntax error near unexpected token `|'
/Users/liying/workspace/dev/yinglichina163/sqlrustgo/scripts/gate/check_evidence_binding.sh: command substitution: line 76: `|'
grep: empty (sub)expression
/Users/liying/workspace/dev/yinglichina163/sqlrustgo/scripts/gate/check_evidence_binding.sh: command substitution: line 76: syntax error near unexpected token `|'
/Users/liying/workspace/dev/yinglichina163/sqlrustgo/scripts/gate/check_evidence_binding.sh: command substitution: line 76: `|'
grep: empty (sub)expression
/Users/liying/workspace/dev/yinglichina163/sqlrustgo/scripts/gate/check_evidence_binding.sh: command substitution: line 76: syntax error near unexpected token `|'
/Users/liying/workspace/dev/yinglichina163/sqlrustgo/scripts/gate/check_evidence_binding.sh: command substitution: line 76: `|'
grep: empty (sub)expression
/Users/liying/workspace/dev/yinglichina163/sqlrustgo/scripts/gate/check_evidence_binding.sh: command substitution: line 76: syntax error near unexpected token `|'
/Users/liying/workspace/dev/yinglichina163/sqlrustgo/scripts/gate/check_evidence_binding.sh: command substitution: line 76: `|'
grep: empty (sub)expression
/Users/liying/workspace/dev/yinglichina163/sqlrustgo/scripts/gate/check_evidence_binding.sh: command substitution: line 76: syntax error near unexpected token `|'
/Users/liying/workspace/dev/yinglichina163/sqlrustgo/scripts/gate/check_evidence_binding.sh: command substitution: line 76: `|'
grep: empty (sub)expression
/Users/liying/workspace/dev/yinglichina163/sqlrustgo/scripts/gate/check_evidence_binding.sh: command substitution: line 76: syntax error near unexpected token `|'
/Users/liying/workspace/dev/yinglichina163/sqlrustgo/scripts/gate/check_evidence_binding.sh: command substitution: line 76: `|'
grep: empty (sub)expression
/Users/liying/workspace/dev/yinglichina163/sqlrustgo/scripts/gate/check_evidence_binding.sh: command substitution: line 76: syntax error near unexpected token `|'
/Users/liying/workspace/dev/yinglichina163/sqlrustgo/scripts/gate/check_evidence_binding.sh: command substitution: line 76: `|'
grep: empty (sub)expression
/Users/liying/workspace/dev/yinglichina163/sqlrustgo/scripts/gate/check_evidence_binding.sh: command substitution: line 76: syntax error near unexpected token `|'
/Users/liying/workspace/dev/yinglichina163/sqlrustgo/scripts/gate/check_evidence_binding.sh: command substitution: line 76: `|'
grep: empty (sub)expression
/Users/liying/workspace/dev/yinglichina163/sqlrustgo/scripts/gate/check_evidence_binding.sh: command substitution: line 76: syntax error near unexpected token `|'
/Users/liying/workspace/dev/yinglichina163/sqlrustgo/scripts/gate/check_evidence_binding.sh: command substitution: line 76: `|'
grep: empty (sub)expression
/Users/liying/workspace/dev/yinglichina163/sqlrustgo/scripts/gate/check_evidence_binding.sh: command substitution: line 76: syntax error near unexpected token `|'
/Users/liying/workspace/dev/yinglichina163/sqlrustgo/scripts/gate/check_evidence_binding.sh: command substitution: line 76: `|'
grep: empty (sub)expression
/Users/liying/workspace/dev/yinglichina163/sqlrustgo/scripts/gate/check_evidence_binding.sh: command substitution: line 76: syntax error near unexpected token `|'
/Users/liying/workspace/dev/yinglichina163/sqlrustgo/scripts/gate/check_evidence_binding.sh: command substitution: line 76: `|'
grep: empty (sub)expression
/Users/liying/workspace/dev/yinglichina163/sqlrustgo/scripts/gate/check_evidence_binding.sh: command substitution: line 76: syntax error near unexpected token `|'
/Users/liying/workspace/dev/yinglichina163/sqlrustgo/scripts/gate/check_evidence_binding.sh: command substitution: line 76: `|'
grep: empty (sub)expression
/Users/liying/workspace/dev/yinglichina163/sqlrustgo/scripts/gate/check_evidence_binding.sh: command substitution: line 76: syntax error near unexpected token `|'
/Users/liying/workspace/dev/yinglichina163/sqlrustgo/scripts/gate/check_evidence_binding.sh: command substitution: line 76: `|'
grep: empty (sub)expression
/Users/liying/workspace/dev/yinglichina163/sqlrustgo/scripts/gate/check_evidence_binding.sh: command substitution: line 76: syntax error near unexpected token `|'
/Users/liying/workspace/dev/yinglichina163/sqlrustgo/scripts/gate/check_evidence_binding.sh: command substitution: line 76: `|'
grep: empty (sub)expression
/Users/liying/workspace/dev/yinglichina163/sqlrustgo/scripts/gate/check_evidence_binding.sh: command substitution: line 76: syntax error near unexpected token `|'
/Users/liying/workspace/dev/yinglichina163/sqlrustgo/scripts/gate/check_evidence_binding.sh: command substitution: line 76: `|'
grep: empty (sub)expression
/Users/liying/workspace/dev/yinglichina163/sqlrustgo/scripts/gate/check_evidence_binding.sh: command substitution: line 76: syntax error near unexpected token `|'
/Users/liying/workspace/dev/yinglichina163/sqlrustgo/scripts/gate/check_evidence_binding.sh: command substitution: line 76: `|'
grep: empty (sub)expression
/Users/liying/workspace/dev/yinglichina163/sqlrustgo/scripts/gate/check_evidence_binding.sh: command substitution: line 76: syntax error near unexpected token `|'
/Users/liying/workspace/dev/yinglichina163/sqlrustgo/scripts/gate/check_evidence_binding.sh: command substitution: line 76: `|'
grep: empty (sub)expression
/Users/liying/workspace/dev/yinglichina163/sqlrustgo/scripts/gate/check_evidence_binding.sh: command substitution: line 76: syntax error near unexpected token `|'
/Users/liying/workspace/dev/yinglichina163/sqlrustgo/scripts/gate/check_evidence_binding.sh: command substitution: line 76: `|'
grep: empty (sub)expression
/Users/liying/workspace/dev/yinglichina163/sqlrustgo/scripts/gate/check_evidence_binding.sh: command substitution: line 76: syntax error near unexpected token `|'
/Users/liying/workspace/dev/yinglichina163/sqlrustgo/scripts/gate/check_evidence_binding.sh: command substitution: line 76: `|'
grep: empty (sub)expression
/Users/liying/workspace/dev/yinglichina163/sqlrustgo/scripts/gate/check_evidence_binding.sh: command substitution: line 76: syntax error near unexpected token `|'
/Users/liying/workspace/dev/yinglichina163/sqlrustgo/scripts/gate/check_evidence_binding.sh: command substitution: line 76: `|'
grep: empty (sub)expression
/Users/liying/workspace/dev/yinglichina163/sqlrustgo/scripts/gate/check_evidence_binding.sh: command substitution: line 76: syntax error near unexpected token `|'
/Users/liying/workspace/dev/yinglichina163/sqlrustgo/scripts/gate/check_evidence_binding.sh: command substitution: line 76: `|'
grep: empty (sub)expression
/Users/liying/workspace/dev/yinglichina163/sqlrustgo/scripts/gate/check_evidence_binding.sh: command substitution: line 76: syntax error near unexpected token `|'
/Users/liying/workspace/dev/yinglichina163/sqlrustgo/scripts/gate/check_evidence_binding.sh: command substitution: line 76: `|'
grep: empty (sub)expression
/Users/liying/workspace/dev/yinglichina163/sqlrustgo/scripts/gate/check_evidence_binding.sh: command substitution: line 76: syntax error near unexpected token `|'
/Users/liying/workspace/dev/yinglichina163/sqlrustgo/scripts/gate/check_evidence_binding.sh: command substitution: line 76: `|'
grep: empty (sub)expression
/Users/liying/workspace/dev/yinglichina163/sqlrustgo/scripts/gate/check_evidence_binding.sh: command substitution: line 76: syntax error near unexpected token `|'
/Users/liying/workspace/dev/yinglichina163/sqlrustgo/scripts/gate/check_evidence_binding.sh: command substitution: line 76: `|'
grep: empty (sub)expression
/Users/liying/workspace/dev/yinglichina163/sqlrustgo/scripts/gate/check_evidence_binding.sh: command substitution: line 76: syntax error near unexpected token `|'
/Users/liying/workspace/dev/yinglichina163/sqlrustgo/scripts/gate/check_evidence_binding.sh: command substitution: line 76: `|'
grep: empty (sub)expression
/Users/liying/workspace/dev/yinglichina163/sqlrustgo/scripts/gate/check_evidence_binding.sh: command substitution: line 76: syntax error near unexpected token `|'
/Users/liying/workspace/dev/yinglichina163/sqlrustgo/scripts/gate/check_evidence_binding.sh: command substitution: line 76: `|'
grep: empty (sub)expression
/Users/liying/workspace/dev/yinglichina163/sqlrustgo/scripts/gate/check_evidence_binding.sh: command substitution: line 76: syntax error near unexpected token `|'
/Users/liying/workspace/dev/yinglichina163/sqlrustgo/scripts/gate/check_evidence_binding.sh: command substitution: line 76: `|'
grep: empty (sub)expression
/Users/liying/workspace/dev/yinglichina163/sqlrustgo/scripts/gate/check_evidence_binding.sh: command substitution: line 76: syntax error near unexpected token `|'
/Users/liying/workspace/dev/yinglichina163/sqlrustgo/scripts/gate/check_evidence_binding.sh: command substitution: line 76: `|'
grep: empty (sub)expression
/Users/liying/workspace/dev/yinglichina163/sqlrustgo/scripts/gate/check_evidence_binding.sh: command substitution: line 76: syntax error near unexpected token `|'
/Users/liying/workspace/dev/yinglichina163/sqlrustgo/scripts/gate/check_evidence_binding.sh: command substitution: line 76: `|'
grep: empty (sub)expression
/Users/liying/workspace/dev/yinglichina163/sqlrustgo/scripts/gate/check_evidence_binding.sh: command substitution: line 76: syntax error near unexpected token `|'
/Users/liying/workspace/dev/yinglichina163/sqlrustgo/scripts/gate/check_evidence_binding.sh: command substitution: line 76: `|'
grep: empty (sub)expression
/Users/liying/workspace/dev/yinglichina163/sqlrustgo/scripts/gate/check_evidence_binding.sh: command substitution: line 76: syntax error near unexpected token `|'
/Users/liying/workspace/dev/yinglichina163/sqlrustgo/scripts/gate/check_evidence_binding.sh: command substitution: line 76: `|'
grep: empty (sub)expression
/Users/liying/workspace/dev/yinglichina163/sqlrustgo/scripts/gate/check_evidence_binding.sh: command substitution: line 76: syntax error near unexpected token `|'
/Users/liying/workspace/dev/yinglichina163/sqlrustgo/scripts/gate/check_evidence_binding.sh: command substitution: line 76: `|'
grep: empty (sub)expression
/Users/liying/workspace/dev/yinglichina163/sqlrustgo/scripts/gate/check_evidence_binding.sh: command substitution: line 76: syntax error near unexpected token `|'
/Users/liying/workspace/dev/yinglichina163/sqlrustgo/scripts/gate/check_evidence_binding.sh: command substitution: line 76: `|'
grep: empty (sub)expression
/Users/liying/workspace/dev/yinglichina163/sqlrustgo/scripts/gate/check_evidence_binding.sh: command substitution: line 76: syntax error near unexpected token `|'
/Users/liying/workspace/dev/yinglichina163/sqlrustgo/scripts/gate/check_evidence_binding.sh: command substitution: line 76: `|'
grep: empty (sub)expression
/Users/liying/workspace/dev/yinglichina163/sqlrustgo/scripts/gate/check_evidence_binding.sh: command substitution: line 76: syntax error near unexpected token `|'
/Users/liying/workspace/dev/yinglichina163/sqlrustgo/scripts/gate/check_evidence_binding.sh: command substitution: line 76: `|'
grep: empty (sub)expression
/Users/liying/workspace/dev/yinglichina163/sqlrustgo/scripts/gate/check_evidence_binding.sh: command substitution: line 76: syntax error near unexpected token `|'
/Users/liying/workspace/dev/yinglichina163/sqlrustgo/scripts/gate/check_evidence_binding.sh: command substitution: line 76: `|'
grep: empty (sub)expression
/Users/liying/workspace/dev/yinglichina163/sqlrustgo/scripts/gate/check_evidence_binding.sh: command substitution: line 76: syntax error near unexpected token `|'
/Users/liying/workspace/dev/yinglichina163/sqlrustgo/scripts/gate/check_evidence_binding.sh: command substitution: line 76: `|'
grep: empty (sub)expression
/Users/liying/workspace/dev/yinglichina163/sqlrustgo/scripts/gate/check_evidence_binding.sh: command substitution: line 76: syntax error near unexpected token `|'
/Users/liying/workspace/dev/yinglichina163/sqlrustgo/scripts/gate/check_evidence_binding.sh: command substitution: line 76: `|'
grep: empty (sub)expression
/Users/liying/workspace/dev/yinglichina163/sqlrustgo/scripts/gate/check_evidence_binding.sh: command substitution: line 76: syntax error near unexpected token `|'
/Users/liying/workspace/dev/yinglichina163/sqlrustgo/scripts/gate/check_evidence_binding.sh: command substitution: line 76: `|'
grep: empty (sub)expression
/Users/liying/workspace/dev/yinglichina163/sqlrustgo/scripts/gate/check_evidence_binding.sh: command substitution: line 76: syntax error near unexpected token `|'
/Users/liying/workspace/dev/yinglichina163/sqlrustgo/scripts/gate/check_evidence_binding.sh: command substitution: line 76: `|'
grep: empty (sub)expression
/Users/liying/workspace/dev/yinglichina163/sqlrustgo/scripts/gate/check_evidence_binding.sh: command substitution: line 76: syntax error near unexpected token `|'
/Users/liying/workspace/dev/yinglichina163/sqlrustgo/scripts/gate/check_evidence_binding.sh: command substitution: line 76: `|'
grep: empty (sub)expression
/Users/liying/workspace/dev/yinglichina163/sqlrustgo/scripts/gate/check_evidence_binding.sh: command substitution: line 76: syntax error near unexpected token `|'
/Users/liying/workspace/dev/yinglichina163/sqlrustgo/scripts/gate/check_evidence_binding.sh: command substitution: line 76: `|'
grep: empty (sub)expression
/Users/liying/workspace/dev/yinglichina163/sqlrustgo/scripts/gate/check_evidence_binding.sh: command substitution: line 76: syntax error near unexpected token `|'
/Users/liying/workspace/dev/yinglichina163/sqlrustgo/scripts/gate/check_evidence_binding.sh: command substitution: line 76: `|'
grep: empty (sub)expression
/Users/liying/workspace/dev/yinglichina163/sqlrustgo/scripts/gate/check_evidence_binding.sh: command substitution: line 76: syntax error near unexpected token `|'
/Users/liying/workspace/dev/yinglichina163/sqlrustgo/scripts/gate/check_evidence_binding.sh: command substitution: line 76: `|'
grep: empty (sub)expression
/Users/liying/workspace/dev/yinglichina163/sqlrustgo/scripts/gate/check_evidence_binding.sh: command substitution: line 76: syntax error near unexpected token `|'
/Users/liying/workspace/dev/yinglichina163/sqlrustgo/scripts/gate/check_evidence_binding.sh: command substitution: line 76: `|'
grep: empty (sub)expression
检查: PR-830F_SPEC.md...
/Users/liying/workspace/dev/yinglichina163/sqlrustgo/scripts/gate/check_evidence_binding.sh: command substitution: line 76: syntax error near unexpected token `|'
/Users/liying/workspace/dev/yinglichina163/sqlrustgo/scripts/gate/check_evidence_binding.sh: command substitution: line 76: `|'
grep: empty (sub)expression
/Users/liying/workspace/dev/yinglichina163/sqlrustgo/scripts/gate/check_evidence_binding.sh: command substitution: line 76: syntax error near unexpected token `|'
/Users/liying/workspace/dev/yinglichina163/sqlrustgo/scripts/gate/check_evidence_binding.sh: command substitution: line 76: `|'
grep: empty (sub)expression
/Users/liying/workspace/dev/yinglichina163/sqlrustgo/scripts/gate/check_evidence_binding.sh: command substitution: line 76: syntax error near unexpected token `|'
/Users/liying/workspace/dev/yinglichina163/sqlrustgo/scripts/gate/check_evidence_binding.sh: command substitution: line 76: `|'
grep: empty (sub)expression
检查: LEGACY_ISSUES.md...
/Users/liying/workspace/dev/yinglichina163/sqlrustgo/scripts/gate/check_evidence_binding.sh: command substitution: line 76: syntax error near unexpected token `|'
/Users/liying/workspace/dev/yinglichina163/sqlrustgo/scripts/gate/check_evidence_binding.sh: command substitution: line 76: `|'
grep: empty (sub)expression
/Users/liying/workspace/dev/yinglichina163/sqlrustgo/scripts/gate/check_evidence_binding.sh: command substitution: line 76: syntax error near unexpected token `|'
/Users/liying/workspace/dev/yinglichina163/sqlrustgo/scripts/gate/check_evidence_binding.sh: command substitution: line 76: `|'
grep: empty (sub)expression
/Users/liying/workspace/dev/yinglichina163/sqlrustgo/scripts/gate/check_evidence_binding.sh: command substitution: line 76: syntax error near unexpected token `|'
/Users/liying/workspace/dev/yinglichina163/sqlrustgo/scripts/gate/check_evidence_binding.sh: command substitution: line 76: `|'
grep: empty (sub)expression
/Users/liying/workspace/dev/yinglichina163/sqlrustgo/scripts/gate/check_evidence_binding.sh: command substitution: line 76: syntax error near unexpected token `|'
/Users/liying/workspace/dev/yinglichina163/sqlrustgo/scripts/gate/check_evidence_binding.sh: command substitution: line 76: `|'
grep: empty (sub)expression
/Users/liying/workspace/dev/yinglichina163/sqlrustgo/scripts/gate/check_evidence_binding.sh: command substitution: line 76: syntax error near unexpected token `|'
/Users/liying/workspace/dev/yinglichina163/sqlrustgo/scripts/gate/check_evidence_binding.sh: command substitution: line 76: `|'
grep: empty (sub)expression
/Users/liying/workspace/dev/yinglichina163/sqlrustgo/scripts/gate/check_evidence_binding.sh: command substitution: line 76: syntax error near unexpected token `|'
/Users/liying/workspace/dev/yinglichina163/sqlrustgo/scripts/gate/check_evidence_binding.sh: command substitution: line 76: `|'
grep: empty (sub)expression
/Users/liying/workspace/dev/yinglichina163/sqlrustgo/scripts/gate/check_evidence_binding.sh: command substitution: line 76: syntax error near unexpected token `|'
/Users/liying/workspace/dev/yinglichina163/sqlrustgo/scripts/gate/check_evidence_binding.sh: command substitution: line 76: `|'
grep: empty (sub)expression
/Users/liying/workspace/dev/yinglichina163/sqlrustgo/scripts/gate/check_evidence_binding.sh: command substitution: line 76: syntax error near unexpected token `|'
/Users/liying/workspace/dev/yinglichina163/sqlrustgo/scripts/gate/check_evidence_binding.sh: command substitution: line 76: `|'
grep: empty (sub)expression
/Users/liying/workspace/dev/yinglichina163/sqlrustgo/scripts/gate/check_evidence_binding.sh: command substitution: line 76: syntax error near unexpected token `|'
/Users/liying/workspace/dev/yinglichina163/sqlrustgo/scripts/gate/check_evidence_binding.sh: command substitution: line 76: `|'
grep: empty (sub)expression
/Users/liying/workspace/dev/yinglichina163/sqlrustgo/scripts/gate/check_evidence_binding.sh: command substitution: line 76: syntax error near unexpected token `|'
/Users/liying/workspace/dev/yinglichina163/sqlrustgo/scripts/gate/check_evidence_binding.sh: command substitution: line 76: `|'
grep: empty (sub)expression
/Users/liying/workspace/dev/yinglichina163/sqlrustgo/scripts/gate/check_evidence_binding.sh: command substitution: line 76: syntax error near unexpected token `|'
/Users/liying/workspace/dev/yinglichina163/sqlrustgo/scripts/gate/check_evidence_binding.sh: command substitution: line 76: `|'
grep: empty (sub)expression
/Users/liying/workspace/dev/yinglichina163/sqlrustgo/scripts/gate/check_evidence_binding.sh: command substitution: line 76: syntax error near unexpected token `|'
/Users/liying/workspace/dev/yinglichina163/sqlrustgo/scripts/gate/check_evidence_binding.sh: command substitution: line 76: `|'
grep: empty (sub)expression
/Users/liying/workspace/dev/yinglichina163/sqlrustgo/scripts/gate/check_evidence_binding.sh: command substitution: line 76: syntax error near unexpected token `|'
/Users/liying/workspace/dev/yinglichina163/sqlrustgo/scripts/gate/check_evidence_binding.sh: command substitution: line 76: `|'
grep: empty (sub)expression
/Users/liying/workspace/dev/yinglichina163/sqlrustgo/scripts/gate/check_evidence_binding.sh: command substitution: line 76: syntax error near unexpected token `|'
/Users/liying/workspace/dev/yinglichina163/sqlrustgo/scripts/gate/check_evidence_binding.sh: command substitution: line 76: `|'
grep: empty (sub)expression
检查: VERSION_PLAN.md...
/Users/liying/workspace/dev/yinglichina163/sqlrustgo/scripts/gate/check_evidence_binding.sh: command substitution: line 76: syntax error near unexpected token `|'
/Users/liying/workspace/dev/yinglichina163/sqlrustgo/scripts/gate/check_evidence_binding.sh: command substitution: line 76: `|'
grep: empty (sub)expression
/Users/liying/workspace/dev/yinglichina163/sqlrustgo/scripts/gate/check_evidence_binding.sh: command substitution: line 76: syntax error near unexpected token `|'
/Users/liying/workspace/dev/yinglichina163/sqlrustgo/scripts/gate/check_evidence_binding.sh: command substitution: line 76: `|'
grep: empty (sub)expression
/Users/liying/workspace/dev/yinglichina163/sqlrustgo/scripts/gate/check_evidence_binding.sh: command substitution: line 76: syntax error near unexpected token `|'
/Users/liying/workspace/dev/yinglichina163/sqlrustgo/scripts/gate/check_evidence_binding.sh: command substitution: line 76: `|'
grep: empty (sub)expression
/Users/liying/workspace/dev/yinglichina163/sqlrustgo/scripts/gate/check_evidence_binding.sh: command substitution: line 76: syntax error near unexpected token `|'
/Users/liying/workspace/dev/yinglichina163/sqlrustgo/scripts/gate/check_evidence_binding.sh: command substitution: line 76: `|'
grep: empty (sub)expression
/Users/liying/workspace/dev/yinglichina163/sqlrustgo/scripts/gate/check_evidence_binding.sh: command substitution: line 76: syntax error near unexpected token `|'
/Users/liying/workspace/dev/yinglichina163/sqlrustgo/scripts/gate/check_evidence_binding.sh: command substitution: line 76: `|'
grep: empty (sub)expression
检查: GATE_EFFECTIVENESS_MATRIX.md...
/Users/liying/workspace/dev/yinglichina163/sqlrustgo/scripts/gate/check_evidence_binding.sh: command substitution: line 76: syntax error near unexpected token `|'
/Users/liying/workspace/dev/yinglichina163/sqlrustgo/scripts/gate/check_evidence_binding.sh: command substitution: line 76: `|'
grep: empty (sub)expression
/Users/liying/workspace/dev/yinglichina163/sqlrustgo/scripts/gate/check_evidence_binding.sh: command substitution: line 76: syntax error near unexpected token `|'
/Users/liying/workspace/dev/yinglichina163/sqlrustgo/scripts/gate/check_evidence_binding.sh: command substitution: line 76: `|'
grep: empty (sub)expression
/Users/liying/workspace/dev/yinglichina163/sqlrustgo/scripts/gate/check_evidence_binding.sh: command substitution: line 76: syntax error near unexpected token `|'
/Users/liying/workspace/dev/yinglichina163/sqlrustgo/scripts/gate/check_evidence_binding.sh: command substitution: line 76: `|'
grep: empty (sub)expression
/Users/liying/workspace/dev/yinglichina163/sqlrustgo/scripts/gate/check_evidence_binding.sh: command substitution: line 76: syntax error near unexpected token `|'
/Users/liying/workspace/dev/yinglichina163/sqlrustgo/scripts/gate/check_evidence_binding.sh: command substitution: line 76: `|'
grep: empty (sub)expression
/Users/liying/workspace/dev/yinglichina163/sqlrustgo/scripts/gate/check_evidence_binding.sh: command substitution: line 76: syntax error near unexpected token `|'
/Users/liying/workspace/dev/yinglichina163/sqlrustgo/scripts/gate/check_evidence_binding.sh: command substitution: line 76: `|'
grep: empty (sub)expression
/Users/liying/workspace/dev/yinglichina163/sqlrustgo/scripts/gate/check_evidence_binding.sh: command substitution: line 76: syntax error near unexpected token `|'
/Users/liying/workspace/dev/yinglichina163/sqlrustgo/scripts/gate/check_evidence_binding.sh: command substitution: line 76: `|'
grep: empty (sub)expression
/Users/liying/workspace/dev/yinglichina163/sqlrustgo/scripts/gate/check_evidence_binding.sh: command substitution: line 76: syntax error near unexpected token `|'
/Users/liying/workspace/dev/yinglichina163/sqlrustgo/scripts/gate/check_evidence_binding.sh: command substitution: line 76: `|'
grep: empty (sub)expression
/Users/liying/workspace/dev/yinglichina163/sqlrustgo/scripts/gate/check_evidence_binding.sh: command substitution: line 76: syntax error near unexpected token `|'
/Users/liying/workspace/dev/yinglichina163/sqlrustgo/scripts/gate/check_evidence_binding.sh: command substitution: line 76: `|'
grep: empty (sub)expression
/Users/liying/workspace/dev/yinglichina163/sqlrustgo/scripts/gate/check_evidence_binding.sh: command substitution: line 76: syntax error near unexpected token `|'
/Users/liying/workspace/dev/yinglichina163/sqlrustgo/scripts/gate/check_evidence_binding.sh: command substitution: line 76: `|'
grep: empty (sub)expression
/Users/liying/workspace/dev/yinglichina163/sqlrustgo/scripts/gate/check_evidence_binding.sh: command substitution: line 76: syntax error near unexpected token `|'
/Users/liying/workspace/dev/yinglichina163/sqlrustgo/scripts/gate/check_evidence_binding.sh: command substitution: line 76: `|'
grep: empty (sub)expression
/Users/liying/workspace/dev/yinglichina163/sqlrustgo/scripts/gate/check_evidence_binding.sh: command substitution: line 76: syntax error near unexpected token `|'
/Users/liying/workspace/dev/yinglichina163/sqlrustgo/scripts/gate/check_evidence_binding.sh: command substitution: line 76: `|'
grep: empty (sub)expression
/Users/liying/workspace/dev/yinglichina163/sqlrustgo/scripts/gate/check_evidence_binding.sh: command substitution: line 76: syntax error near unexpected token `|'
/Users/liying/workspace/dev/yinglichina163/sqlrustgo/scripts/gate/check_evidence_binding.sh: command substitution: line 76: `|'
grep: empty (sub)expression
/Users/liying/workspace/dev/yinglichina163/sqlrustgo/scripts/gate/check_evidence_binding.sh: command substitution: line 76: syntax error near unexpected token `|'
/Users/liying/workspace/dev/yinglichina163/sqlrustgo/scripts/gate/check_evidence_binding.sh: command substitution: line 76: `|'
grep: empty (sub)expression
/Users/liying/workspace/dev/yinglichina163/sqlrustgo/scripts/gate/check_evidence_binding.sh: command substitution: line 76: syntax error near unexpected token `|'
/Users/liying/workspace/dev/yinglichina163/sqlrustgo/scripts/gate/check_evidence_binding.sh: command substitution: line 76: `|'
grep: empty (sub)expression
/Users/liying/workspace/dev/yinglichina163/sqlrustgo/scripts/gate/check_evidence_binding.sh: command substitution: line 76: syntax error near unexpected token `|'
/Users/liying/workspace/dev/yinglichina163/sqlrustgo/scripts/gate/check_evidence_binding.sh: command substitution: line 76: `|'
grep: empty (sub)expression
/Users/liying/workspace/dev/yinglichina163/sqlrustgo/scripts/gate/check_evidence_binding.sh: command substitution: line 76: syntax error near unexpected token `|'
/Users/liying/workspace/dev/yinglichina163/sqlrustgo/scripts/gate/check_evidence_binding.sh: command substitution: line 76: `|'
grep: empty (sub)expression
/Users/liying/workspace/dev/yinglichina163/sqlrustgo/scripts/gate/check_evidence_binding.sh: command substitution: line 76: syntax error near unexpected token `|'
/Users/liying/workspace/dev/yinglichina163/sqlrustgo/scripts/gate/check_evidence_binding.sh: command substitution: line 76: `|'
grep: empty (sub)expression
/Users/liying/workspace/dev/yinglichina163/sqlrustgo/scripts/gate/check_evidence_binding.sh: command substitution: line 76: syntax error near unexpected token `|'
/Users/liying/workspace/dev/yinglichina163/sqlrustgo/scripts/gate/check_evidence_binding.sh: command substitution: line 76: `|'
grep: empty (sub)expression
/Users/liying/workspace/dev/yinglichina163/sqlrustgo/scripts/gate/check_evidence_binding.sh: command substitution: line 76: syntax error near unexpected token `|'
/Users/liying/workspace/dev/yinglichina163/sqlrustgo/scripts/gate/check_evidence_binding.sh: command substitution: line 76: `|'
grep: empty (sub)expression
/Users/liying/workspace/dev/yinglichina163/sqlrustgo/scripts/gate/check_evidence_binding.sh: command substitution: line 76: syntax error near unexpected token `|'
/Users/liying/workspace/dev/yinglichina163/sqlrustgo/scripts/gate/check_evidence_binding.sh: command substitution: line 76: `|'
grep: empty (sub)expression
/Users/liying/workspace/dev/yinglichina163/sqlrustgo/scripts/gate/check_evidence_binding.sh: command substitution: line 76: syntax error near unexpected token `|'
/Users/liying/workspace/dev/yinglichina163/sqlrustgo/scripts/gate/check_evidence_binding.sh: command substitution: line 76: `|'
grep: empty (sub)expression
/Users/liying/workspace/dev/yinglichina163/sqlrustgo/scripts/gate/check_evidence_binding.sh: command substitution: line 76: syntax error near unexpected token `|'
/Users/liying/workspace/dev/yinglichina163/sqlrustgo/scripts/gate/check_evidence_binding.sh: command substitution: line 76: `|'
grep: empty (sub)expression
/Users/liying/workspace/dev/yinglichina163/sqlrustgo/scripts/gate/check_evidence_binding.sh: command substitution: line 76: syntax error near unexpected token `|'
/Users/liying/workspace/dev/yinglichina163/sqlrustgo/scripts/gate/check_evidence_binding.sh: command substitution: line 76: `|'
grep: empty (sub)expression
/Users/liying/workspace/dev/yinglichina163/sqlrustgo/scripts/gate/check_evidence_binding.sh: command substitution: line 76: syntax error near unexpected token `|'
/Users/liying/workspace/dev/yinglichina163/sqlrustgo/scripts/gate/check_evidence_binding.sh: command substitution: line 76: `|'
grep: empty (sub)expression
/Users/liying/workspace/dev/yinglichina163/sqlrustgo/scripts/gate/check_evidence_binding.sh: command substitution: line 76: syntax error near unexpected token `|'
/Users/liying/workspace/dev/yinglichina163/sqlrustgo/scripts/gate/check_evidence_binding.sh: command substitution: line 76: `|'
grep: empty (sub)expression
检查: RECOVERY_TEST_DESIGN.md...
/Users/liying/workspace/dev/yinglichina163/sqlrustgo/scripts/gate/check_evidence_binding.sh: command substitution: line 76: syntax error near unexpected token `|'
/Users/liying/workspace/dev/yinglichina163/sqlrustgo/scripts/gate/check_evidence_binding.sh: command substitution: line 76: `|'
grep: empty (sub)expression
/Users/liying/workspace/dev/yinglichina163/sqlrustgo/scripts/gate/check_evidence_binding.sh: command substitution: line 76: syntax error near unexpected token `|'
/Users/liying/workspace/dev/yinglichina163/sqlrustgo/scripts/gate/check_evidence_binding.sh: command substitution: line 76: `|'
grep: empty (sub)expression
/Users/liying/workspace/dev/yinglichina163/sqlrustgo/scripts/gate/check_evidence_binding.sh: command substitution: line 76: syntax error near unexpected token `|'
/Users/liying/workspace/dev/yinglichina163/sqlrustgo/scripts/gate/check_evidence_binding.sh: command substitution: line 76: `|'
grep: empty (sub)expression
/Users/liying/workspace/dev/yinglichina163/sqlrustgo/scripts/gate/check_evidence_binding.sh: command substitution: line 76: syntax error near unexpected token `|'
/Users/liying/workspace/dev/yinglichina163/sqlrustgo/scripts/gate/check_evidence_binding.sh: command substitution: line 76: `|'
grep: empty (sub)expression
/Users/liying/workspace/dev/yinglichina163/sqlrustgo/scripts/gate/check_evidence_binding.sh: command substitution: line 76: syntax error near unexpected token `|'
/Users/liying/workspace/dev/yinglichina163/sqlrustgo/scripts/gate/check_evidence_binding.sh: command substitution: line 76: `|'
grep: empty (sub)expression
/Users/liying/workspace/dev/yinglichina163/sqlrustgo/scripts/gate/check_evidence_binding.sh: command substitution: line 76: syntax error near unexpected token `|'
/Users/liying/workspace/dev/yinglichina163/sqlrustgo/scripts/gate/check_evidence_binding.sh: command substitution: line 76: `|'
grep: empty (sub)expression
/Users/liying/workspace/dev/yinglichina163/sqlrustgo/scripts/gate/check_evidence_binding.sh: command substitution: line 76: syntax error near unexpected token `|'
/Users/liying/workspace/dev/yinglichina163/sqlrustgo/scripts/gate/check_evidence_binding.sh: command substitution: line 76: `|'
grep: empty (sub)expression
/Users/liying/workspace/dev/yinglichina163/sqlrustgo/scripts/gate/check_evidence_binding.sh: command substitution: line 76: syntax error near unexpected token `|'
/Users/liying/workspace/dev/yinglichina163/sqlrustgo/scripts/gate/check_evidence_binding.sh: command substitution: line 76: `|'
grep: empty (sub)expression
/Users/liying/workspace/dev/yinglichina163/sqlrustgo/scripts/gate/check_evidence_binding.sh: command substitution: line 76: syntax error near unexpected token `|'
/Users/liying/workspace/dev/yinglichina163/sqlrustgo/scripts/gate/check_evidence_binding.sh: command substitution: line 76: `|'
grep: empty (sub)expression
/Users/liying/workspace/dev/yinglichina163/sqlrustgo/scripts/gate/check_evidence_binding.sh: command substitution: line 76: syntax error near unexpected token `|'
/Users/liying/workspace/dev/yinglichina163/sqlrustgo/scripts/gate/check_evidence_binding.sh: command substitution: line 76: `|'
grep: empty (sub)expression
/Users/liying/workspace/dev/yinglichina163/sqlrustgo/scripts/gate/check_evidence_binding.sh: command substitution: line 76: syntax error near unexpected token `|'
/Users/liying/workspace/dev/yinglichina163/sqlrustgo/scripts/gate/check_evidence_binding.sh: command substitution: line 76: `|'
grep: empty (sub)expression
/Users/liying/workspace/dev/yinglichina163/sqlrustgo/scripts/gate/check_evidence_binding.sh: command substitution: line 76: syntax error near unexpected token `|'
/Users/liying/workspace/dev/yinglichina163/sqlrustgo/scripts/gate/check_evidence_binding.sh: command substitution: line 76: `|'
grep: empty (sub)expression
检查: PR-830E_CONTRACT.md...
/Users/liying/workspace/dev/yinglichina163/sqlrustgo/scripts/gate/check_evidence_binding.sh: command substitution: line 76: syntax error near unexpected token `|'
/Users/liying/workspace/dev/yinglichina163/sqlrustgo/scripts/gate/check_evidence_binding.sh: command substitution: line 76: `|'
grep: empty (sub)expression
/Users/liying/workspace/dev/yinglichina163/sqlrustgo/scripts/gate/check_evidence_binding.sh: command substitution: line 76: syntax error near unexpected token `|'
/Users/liying/workspace/dev/yinglichina163/sqlrustgo/scripts/gate/check_evidence_binding.sh: command substitution: line 76: `|'
grep: empty (sub)expression
/Users/liying/workspace/dev/yinglichina163/sqlrustgo/scripts/gate/check_evidence_binding.sh: command substitution: line 76: syntax error near unexpected token `|'
/Users/liying/workspace/dev/yinglichina163/sqlrustgo/scripts/gate/check_evidence_binding.sh: command substitution: line 76: `|'
grep: empty (sub)expression
/Users/liying/workspace/dev/yinglichina163/sqlrustgo/scripts/gate/check_evidence_binding.sh: command substitution: line 76: syntax error near unexpected token `|'
/Users/liying/workspace/dev/yinglichina163/sqlrustgo/scripts/gate/check_evidence_binding.sh: command substitution: line 76: `|'
grep: empty (sub)expression
检查: ARCH-900.md...
/Users/liying/workspace/dev/yinglichina163/sqlrustgo/scripts/gate/check_evidence_binding.sh: command substitution: line 76: syntax error near unexpected token `|'
/Users/liying/workspace/dev/yinglichina163/sqlrustgo/scripts/gate/check_evidence_binding.sh: command substitution: line 76: `|'
grep: empty (sub)expression
检查: FEATURE_CHECKLIST.md...
/Users/liying/workspace/dev/yinglichina163/sqlrustgo/scripts/gate/check_evidence_binding.sh: command substitution: line 76: syntax error near unexpected token `|'
/Users/liying/workspace/dev/yinglichina163/sqlrustgo/scripts/gate/check_evidence_binding.sh: command substitution: line 76: `|'
grep: empty (sub)expression
/Users/liying/workspace/dev/yinglichina163/sqlrustgo/scripts/gate/check_evidence_binding.sh: command substitution: line 76: syntax error near unexpected token `|'
/Users/liying/workspace/dev/yinglichina163/sqlrustgo/scripts/gate/check_evidence_binding.sh: command substitution: line 76: `|'
grep: empty (sub)expression
/Users/liying/workspace/dev/yinglichina163/sqlrustgo/scripts/gate/check_evidence_binding.sh: command substitution: line 76: syntax error near unexpected token `|'
/Users/liying/workspace/dev/yinglichina163/sqlrustgo/scripts/gate/check_evidence_binding.sh: command substitution: line 76: `|'
grep: empty (sub)expression
/Users/liying/workspace/dev/yinglichina163/sqlrustgo/scripts/gate/check_evidence_binding.sh: command substitution: line 76: syntax error near unexpected token `|'
/Users/liying/workspace/dev/yinglichina163/sqlrustgo/scripts/gate/check_evidence_binding.sh: command substitution: line 76: `|'
grep: empty (sub)expression
/Users/liying/workspace/dev/yinglichina163/sqlrustgo/scripts/gate/check_evidence_binding.sh: command substitution: line 76: syntax error near unexpected token `|'
/Users/liying/workspace/dev/yinglichina163/sqlrustgo/scripts/gate/check_evidence_binding.sh: command substitution: line 76: `|'
grep: empty (sub)expression
/Users/liying/workspace/dev/yinglichina163/sqlrustgo/scripts/gate/check_evidence_binding.sh: command substitution: line 76: syntax error near unexpected token `|'
/Users/liying/workspace/dev/yinglichina163/sqlrustgo/scripts/gate/check_evidence_binding.sh: command substitution: line 76: `|'
grep: empty (sub)expression
/Users/liying/workspace/dev/yinglichina163/sqlrustgo/scripts/gate/check_evidence_binding.sh: command substitution: line 76: syntax error near unexpected token `|'
/Users/liying/workspace/dev/yinglichina163/sqlrustgo/scripts/gate/check_evidence_binding.sh: command substitution: line 76: `|'
grep: empty (sub)expression
/Users/liying/workspace/dev/yinglichina163/sqlrustgo/scripts/gate/check_evidence_binding.sh: command substitution: line 76: syntax error near unexpected token `|'
/Users/liying/workspace/dev/yinglichina163/sqlrustgo/scripts/gate/check_evidence_binding.sh: command substitution: line 76: `|'
grep: empty (sub)expression
/Users/liying/workspace/dev/yinglichina163/sqlrustgo/scripts/gate/check_evidence_binding.sh: command substitution: line 76: syntax error near unexpected token `|'
/Users/liying/workspace/dev/yinglichina163/sqlrustgo/scripts/gate/check_evidence_binding.sh: command substitution: line 76: `|'
grep: empty (sub)expression
/Users/liying/workspace/dev/yinglichina163/sqlrustgo/scripts/gate/check_evidence_binding.sh: command substitution: line 76: syntax error near unexpected token `|'
/Users/liying/workspace/dev/yinglichina163/sqlrustgo/scripts/gate/check_evidence_binding.sh: command substitution: line 76: `|'
grep: empty (sub)expression
/Users/liying/workspace/dev/yinglichina163/sqlrustgo/scripts/gate/check_evidence_binding.sh: command substitution: line 76: syntax error near unexpected token `|'
/Users/liying/workspace/dev/yinglichina163/sqlrustgo/scripts/gate/check_evidence_binding.sh: command substitution: line 76: `|'
grep: empty (sub)expression
/Users/liying/workspace/dev/yinglichina163/sqlrustgo/scripts/gate/check_evidence_binding.sh: command substitution: line 76: syntax error near unexpected token `|'
/Users/liying/workspace/dev/yinglichina163/sqlrustgo/scripts/gate/check_evidence_binding.sh: command substitution: line 76: `|'
grep: empty (sub)expression
/Users/liying/workspace/dev/yinglichina163/sqlrustgo/scripts/gate/check_evidence_binding.sh: command substitution: line 76: syntax error near unexpected token `|'
/Users/liying/workspace/dev/yinglichina163/sqlrustgo/scripts/gate/check_evidence_binding.sh: command substitution: line 76: `|'
grep: empty (sub)expression
检查: ALPHA_GATE_REPORT.md...
/Users/liying/workspace/dev/yinglichina163/sqlrustgo/scripts/gate/check_evidence_binding.sh: command substitution: line 76: syntax error near unexpected token `|'
/Users/liying/workspace/dev/yinglichina163/sqlrustgo/scripts/gate/check_evidence_binding.sh: command substitution: line 76: `|'
grep: empty (sub)expression
/Users/liying/workspace/dev/yinglichina163/sqlrustgo/scripts/gate/check_evidence_binding.sh: command substitution: line 76: syntax error near unexpected token `|'
/Users/liying/workspace/dev/yinglichina163/sqlrustgo/scripts/gate/check_evidence_binding.sh: command substitution: line 76: `|'
grep: empty (sub)expression
/Users/liying/workspace/dev/yinglichina163/sqlrustgo/scripts/gate/check_evidence_binding.sh: command substitution: line 76: syntax error near unexpected token `|'
/Users/liying/workspace/dev/yinglichina163/sqlrustgo/scripts/gate/check_evidence_binding.sh: command substitution: line 76: `|'
grep: empty (sub)expression
/Users/liying/workspace/dev/yinglichina163/sqlrustgo/scripts/gate/check_evidence_binding.sh: command substitution: line 76: syntax error near unexpected token `|'
/Users/liying/workspace/dev/yinglichina163/sqlrustgo/scripts/gate/check_evidence_binding.sh: command substitution: line 76: `|'
grep: empty (sub)expression
/Users/liying/workspace/dev/yinglichina163/sqlrustgo/scripts/gate/check_evidence_binding.sh: command substitution: line 76: syntax error near unexpected token `|'
/Users/liying/workspace/dev/yinglichina163/sqlrustgo/scripts/gate/check_evidence_binding.sh: command substitution: line 76: `|'
grep: empty (sub)expression
/Users/liying/workspace/dev/yinglichina163/sqlrustgo/scripts/gate/check_evidence_binding.sh: command substitution: line 76: syntax error near unexpected token `|'
/Users/liying/workspace/dev/yinglichina163/sqlrustgo/scripts/gate/check_evidence_binding.sh: command substitution: line 76: `|'
grep: empty (sub)expression
/Users/liying/workspace/dev/yinglichina163/sqlrustgo/scripts/gate/check_evidence_binding.sh: command substitution: line 76: syntax error near unexpected token `|'
/Users/liying/workspace/dev/yinglichina163/sqlrustgo/scripts/gate/check_evidence_binding.sh: command substitution: line 76: `|'
grep: empty (sub)expression
/Users/liying/workspace/dev/yinglichina163/sqlrustgo/scripts/gate/check_evidence_binding.sh: command substitution: line 76: syntax error near unexpected token `|'
/Users/liying/workspace/dev/yinglichina163/sqlrustgo/scripts/gate/check_evidence_binding.sh: command substitution: line 76: `|'
grep: empty (sub)expression
/Users/liying/workspace/dev/yinglichina163/sqlrustgo/scripts/gate/check_evidence_binding.sh: command substitution: line 76: syntax error near unexpected token `|'
/Users/liying/workspace/dev/yinglichina163/sqlrustgo/scripts/gate/check_evidence_binding.sh: command substitution: line 76: `|'
grep: empty (sub)expression
/Users/liying/workspace/dev/yinglichina163/sqlrustgo/scripts/gate/check_evidence_binding.sh: command substitution: line 76: syntax error near unexpected token `|'
/Users/liying/workspace/dev/yinglichina163/sqlrustgo/scripts/gate/check_evidence_binding.sh: command substitution: line 76: `|'
grep: empty (sub)expression
/Users/liying/workspace/dev/yinglichina163/sqlrustgo/scripts/gate/check_evidence_binding.sh: command substitution: line 76: syntax error near unexpected token `|'
/Users/liying/workspace/dev/yinglichina163/sqlrustgo/scripts/gate/check_evidence_binding.sh: command substitution: line 76: `|'
grep: empty (sub)expression
/Users/liying/workspace/dev/yinglichina163/sqlrustgo/scripts/gate/check_evidence_binding.sh: command substitution: line 76: syntax error near unexpected token `|'
/Users/liying/workspace/dev/yinglichina163/sqlrustgo/scripts/gate/check_evidence_binding.sh: command substitution: line 76: `|'
grep: empty (sub)expression
/Users/liying/workspace/dev/yinglichina163/sqlrustgo/scripts/gate/check_evidence_binding.sh: command substitution: line 76: syntax error near unexpected token `|'
/Users/liying/workspace/dev/yinglichina163/sqlrustgo/scripts/gate/check_evidence_binding.sh: command substitution: line 76: `|'
grep: empty (sub)expression
/Users/liying/workspace/dev/yinglichina163/sqlrustgo/scripts/gate/check_evidence_binding.sh: command substitution: line 76: syntax error near unexpected token `|'
/Users/liying/workspace/dev/yinglichina163/sqlrustgo/scripts/gate/check_evidence_binding.sh: command substitution: line 76: `|'
grep: empty (sub)expression
/Users/liying/workspace/dev/yinglichina163/sqlrustgo/scripts/gate/check_evidence_binding.sh: command substitution: line 76: syntax error near unexpected token `|'
/Users/liying/workspace/dev/yinglichina163/sqlrustgo/scripts/gate/check_evidence_binding.sh: command substitution: line 76: `|'
grep: empty (sub)expression
/Users/liying/workspace/dev/yinglichina163/sqlrustgo/scripts/gate/check_evidence_binding.sh: command substitution: line 76: syntax error near unexpected token `|'
/Users/liying/workspace/dev/yinglichina163/sqlrustgo/scripts/gate/check_evidence_binding.sh: command substitution: line 76: `|'
grep: empty (sub)expression
/Users/liying/workspace/dev/yinglichina163/sqlrustgo/scripts/gate/check_evidence_binding.sh: command substitution: line 76: syntax error near unexpected token `|'
/Users/liying/workspace/dev/yinglichina163/sqlrustgo/scripts/gate/check_evidence_binding.sh: command substitution: line 76: `|'
grep: empty (sub)expression
/Users/liying/workspace/dev/yinglichina163/sqlrustgo/scripts/gate/check_evidence_binding.sh: command substitution: line 76: syntax error near unexpected token `|'
/Users/liying/workspace/dev/yinglichina163/sqlrustgo/scripts/gate/check_evidence_binding.sh: command substitution: line 76: `|'
grep: empty (sub)expression
/Users/liying/workspace/dev/yinglichina163/sqlrustgo/scripts/gate/check_evidence_binding.sh: command substitution: line 76: syntax error near unexpected token `|'
/Users/liying/workspace/dev/yinglichina163/sqlrustgo/scripts/gate/check_evidence_binding.sh: command substitution: line 76: `|'
grep: empty (sub)expression
/Users/liying/workspace/dev/yinglichina163/sqlrustgo/scripts/gate/check_evidence_binding.sh: command substitution: line 76: syntax error near unexpected token `|'
/Users/liying/workspace/dev/yinglichina163/sqlrustgo/scripts/gate/check_evidence_binding.sh: command substitution: line 76: `|'
grep: empty (sub)expression
/Users/liying/workspace/dev/yinglichina163/sqlrustgo/scripts/gate/check_evidence_binding.sh: command substitution: line 76: syntax error near unexpected token `|'
/Users/liying/workspace/dev/yinglichina163/sqlrustgo/scripts/gate/check_evidence_binding.sh: command substitution: line 76: `|'
grep: empty (sub)expression
/Users/liying/workspace/dev/yinglichina163/sqlrustgo/scripts/gate/check_evidence_binding.sh: command substitution: line 76: syntax error near unexpected token `|'
/Users/liying/workspace/dev/yinglichina163/sqlrustgo/scripts/gate/check_evidence_binding.sh: command substitution: line 76: `|'
grep: empty (sub)expression
/Users/liying/workspace/dev/yinglichina163/sqlrustgo/scripts/gate/check_evidence_binding.sh: command substitution: line 76: syntax error near unexpected token `|'
/Users/liying/workspace/dev/yinglichina163/sqlrustgo/scripts/gate/check_evidence_binding.sh: command substitution: line 76: `|'
grep: empty (sub)expression
/Users/liying/workspace/dev/yinglichina163/sqlrustgo/scripts/gate/check_evidence_binding.sh: command substitution: line 76: syntax error near unexpected token `|'
/Users/liying/workspace/dev/yinglichina163/sqlrustgo/scripts/gate/check_evidence_binding.sh: command substitution: line 76: `|'
grep: empty (sub)expression
/Users/liying/workspace/dev/yinglichina163/sqlrustgo/scripts/gate/check_evidence_binding.sh: command substitution: line 76: syntax error near unexpected token `|'
/Users/liying/workspace/dev/yinglichina163/sqlrustgo/scripts/gate/check_evidence_binding.sh: command substitution: line 76: `|'
grep: empty (sub)expression
/Users/liying/workspace/dev/yinglichina163/sqlrustgo/scripts/gate/check_evidence_binding.sh: command substitution: line 76: syntax error near unexpected token `|'
/Users/liying/workspace/dev/yinglichina163/sqlrustgo/scripts/gate/check_evidence_binding.sh: command substitution: line 76: `|'
grep: empty (sub)expression
/Users/liying/workspace/dev/yinglichina163/sqlrustgo/scripts/gate/check_evidence_binding.sh: command substitution: line 76: syntax error near unexpected token `|'
/Users/liying/workspace/dev/yinglichina163/sqlrustgo/scripts/gate/check_evidence_binding.sh: command substitution: line 76: `|'
grep: empty (sub)expression
/Users/liying/workspace/dev/yinglichina163/sqlrustgo/scripts/gate/check_evidence_binding.sh: command substitution: line 76: syntax error near unexpected token `|'
/Users/liying/workspace/dev/yinglichina163/sqlrustgo/scripts/gate/check_evidence_binding.sh: command substitution: line 76: `|'
grep: empty (sub)expression
检查: GRAPH_VS_LEGACY_GATE_RECONCILIATION.md...
/Users/liying/workspace/dev/yinglichina163/sqlrustgo/scripts/gate/check_evidence_binding.sh: command substitution: line 76: syntax error near unexpected token `|'
/Users/liying/workspace/dev/yinglichina163/sqlrustgo/scripts/gate/check_evidence_binding.sh: command substitution: line 76: `|'
grep: empty (sub)expression
检查: ARCH-900-DEAD-MODULE-REPORT.md...
/Users/liying/workspace/dev/yinglichina163/sqlrustgo/scripts/gate/check_evidence_binding.sh: command substitution: line 76: syntax error near unexpected token `|'
/Users/liying/workspace/dev/yinglichina163/sqlrustgo/scripts/gate/check_evidence_binding.sh: command substitution: line 76: `|'
grep: empty (sub)expression
检查: TEST_PLAN.md...
/Users/liying/workspace/dev/yinglichina163/sqlrustgo/scripts/gate/check_evidence_binding.sh: command substitution: line 76: syntax error near unexpected token `|'
/Users/liying/workspace/dev/yinglichina163/sqlrustgo/scripts/gate/check_evidence_binding.sh: command substitution: line 76: `|'
grep: empty (sub)expression
/Users/liying/workspace/dev/yinglichina163/sqlrustgo/scripts/gate/check_evidence_binding.sh: command substitution: line 76: syntax error near unexpected token `|'
/Users/liying/workspace/dev/yinglichina163/sqlrustgo/scripts/gate/check_evidence_binding.sh: command substitution: line 76: `|'
grep: empty (sub)expression
/Users/liying/workspace/dev/yinglichina163/sqlrustgo/scripts/gate/check_evidence_binding.sh: command substitution: line 76: syntax error near unexpected token `|'
/Users/liying/workspace/dev/yinglichina163/sqlrustgo/scripts/gate/check_evidence_binding.sh: command substitution: line 76: `|'
grep: empty (sub)expression
/Users/liying/workspace/dev/yinglichina163/sqlrustgo/scripts/gate/check_evidence_binding.sh: command substitution: line 76: syntax error near unexpected token `|'
/Users/liying/workspace/dev/yinglichina163/sqlrustgo/scripts/gate/check_evidence_binding.sh: command substitution: line 76: `|'
grep: empty (sub)expression
/Users/liying/workspace/dev/yinglichina163/sqlrustgo/scripts/gate/check_evidence_binding.sh: command substitution: line 76: syntax error near unexpected token `|'
/Users/liying/workspace/dev/yinglichina163/sqlrustgo/scripts/gate/check_evidence_binding.sh: command substitution: line 76: `|'
grep: empty (sub)expression
/Users/liying/workspace/dev/yinglichina163/sqlrustgo/scripts/gate/check_evidence_binding.sh: command substitution: line 76: syntax error near unexpected token `|'
/Users/liying/workspace/dev/yinglichina163/sqlrustgo/scripts/gate/check_evidence_binding.sh: command substitution: line 76: `|'
grep: empty (sub)expression
/Users/liying/workspace/dev/yinglichina163/sqlrustgo/scripts/gate/check_evidence_binding.sh: command substitution: line 76: syntax error near unexpected token `|'
/Users/liying/workspace/dev/yinglichina163/sqlrustgo/scripts/gate/check_evidence_binding.sh: command substitution: line 76: `|'
grep: empty (sub)expression
/Users/liying/workspace/dev/yinglichina163/sqlrustgo/scripts/gate/check_evidence_binding.sh: command substitution: line 76: syntax error near unexpected token `|'
/Users/liying/workspace/dev/yinglichina163/sqlrustgo/scripts/gate/check_evidence_binding.sh: command substitution: line 76: `|'
grep: empty (sub)expression
/Users/liying/workspace/dev/yinglichina163/sqlrustgo/scripts/gate/check_evidence_binding.sh: command substitution: line 76: syntax error near unexpected token `|'
/Users/liying/workspace/dev/yinglichina163/sqlrustgo/scripts/gate/check_evidence_binding.sh: command substitution: line 76: `|'
grep: empty (sub)expression
/Users/liying/workspace/dev/yinglichina163/sqlrustgo/scripts/gate/check_evidence_binding.sh: command substitution: line 76: syntax error near unexpected token `|'
/Users/liying/workspace/dev/yinglichina163/sqlrustgo/scripts/gate/check_evidence_binding.sh: command substitution: line 76: `|'
grep: empty (sub)expression
/Users/liying/workspace/dev/yinglichina163/sqlrustgo/scripts/gate/check_evidence_binding.sh: command substitution: line 76: syntax error near unexpected token `|'
/Users/liying/workspace/dev/yinglichina163/sqlrustgo/scripts/gate/check_evidence_binding.sh: command substitution: line 76: `|'
grep: empty (sub)expression
/Users/liying/workspace/dev/yinglichina163/sqlrustgo/scripts/gate/check_evidence_binding.sh: command substitution: line 76: syntax error near unexpected token `|'
/Users/liying/workspace/dev/yinglichina163/sqlrustgo/scripts/gate/check_evidence_binding.sh: command substitution: line 76: `|'
grep: empty (sub)expression
/Users/liying/workspace/dev/yinglichina163/sqlrustgo/scripts/gate/check_evidence_binding.sh: command substitution: line 76: syntax error near unexpected token `|'
/Users/liying/workspace/dev/yinglichina163/sqlrustgo/scripts/gate/check_evidence_binding.sh: command substitution: line 76: `|'
grep: empty (sub)expression
/Users/liying/workspace/dev/yinglichina163/sqlrustgo/scripts/gate/check_evidence_binding.sh: command substitution: line 76: syntax error near unexpected token `|'
/Users/liying/workspace/dev/yinglichina163/sqlrustgo/scripts/gate/check_evidence_binding.sh: command substitution: line 76: `|'
grep: empty (sub)expression
/Users/liying/workspace/dev/yinglichina163/sqlrustgo/scripts/gate/check_evidence_binding.sh: command substitution: line 76: syntax error near unexpected token `|'
/Users/liying/workspace/dev/yinglichina163/sqlrustgo/scripts/gate/check_evidence_binding.sh: command substitution: line 76: `|'
grep: empty (sub)expression
/Users/liying/workspace/dev/yinglichina163/sqlrustgo/scripts/gate/check_evidence_binding.sh: command substitution: line 76: syntax error near unexpected token `|'
/Users/liying/workspace/dev/yinglichina163/sqlrustgo/scripts/gate/check_evidence_binding.sh: command substitution: line 76: `|'
grep: empty (sub)expression
/Users/liying/workspace/dev/yinglichina163/sqlrustgo/scripts/gate/check_evidence_binding.sh: command substitution: line 76: syntax error near unexpected token `|'
/Users/liying/workspace/dev/yinglichina163/sqlrustgo/scripts/gate/check_evidence_binding.sh: command substitution: line 76: `|'
grep: empty (sub)expression
/Users/liying/workspace/dev/yinglichina163/sqlrustgo/scripts/gate/check_evidence_binding.sh: command substitution: line 76: syntax error near unexpected token `|'
/Users/liying/workspace/dev/yinglichina163/sqlrustgo/scripts/gate/check_evidence_binding.sh: command substitution: line 76: `|'
grep: empty (sub)expression
/Users/liying/workspace/dev/yinglichina163/sqlrustgo/scripts/gate/check_evidence_binding.sh: command substitution: line 76: syntax error near unexpected token `|'
/Users/liying/workspace/dev/yinglichina163/sqlrustgo/scripts/gate/check_evidence_binding.sh: command substitution: line 76: `|'
grep: empty (sub)expression
/Users/liying/workspace/dev/yinglichina163/sqlrustgo/scripts/gate/check_evidence_binding.sh: command substitution: line 76: syntax error near unexpected token `|'
/Users/liying/workspace/dev/yinglichina163/sqlrustgo/scripts/gate/check_evidence_binding.sh: command substitution: line 76: `|'
grep: empty (sub)expression
/Users/liying/workspace/dev/yinglichina163/sqlrustgo/scripts/gate/check_evidence_binding.sh: command substitution: line 76: syntax error near unexpected token `|'
/Users/liying/workspace/dev/yinglichina163/sqlrustgo/scripts/gate/check_evidence_binding.sh: command substitution: line 76: `|'
grep: empty (sub)expression
/Users/liying/workspace/dev/yinglichina163/sqlrustgo/scripts/gate/check_evidence_binding.sh: command substitution: line 76: syntax error near unexpected token `|'
/Users/liying/workspace/dev/yinglichina163/sqlrustgo/scripts/gate/check_evidence_binding.sh: command substitution: line 76: `|'
grep: empty (sub)expression
/Users/liying/workspace/dev/yinglichina163/sqlrustgo/scripts/gate/check_evidence_binding.sh: command substitution: line 76: syntax error near unexpected token `|'
/Users/liying/workspace/dev/yinglichina163/sqlrustgo/scripts/gate/check_evidence_binding.sh: command substitution: line 76: `|'
grep: empty (sub)expression
/Users/liying/workspace/dev/yinglichina163/sqlrustgo/scripts/gate/check_evidence_binding.sh: command substitution: line 76: syntax error near unexpected token `|'
/Users/liying/workspace/dev/yinglichina163/sqlrustgo/scripts/gate/check_evidence_binding.sh: command substitution: line 76: `|'
grep: empty (sub)expression
/Users/liying/workspace/dev/yinglichina163/sqlrustgo/scripts/gate/check_evidence_binding.sh: command substitution: line 76: syntax error near unexpected token `|'
/Users/liying/workspace/dev/yinglichina163/sqlrustgo/scripts/gate/check_evidence_binding.sh: command substitution: line 76: `|'
grep: empty (sub)expression
/Users/liying/workspace/dev/yinglichina163/sqlrustgo/scripts/gate/check_evidence_binding.sh: command substitution: line 76: syntax error near unexpected token `|'
/Users/liying/workspace/dev/yinglichina163/sqlrustgo/scripts/gate/check_evidence_binding.sh: command substitution: line 76: `|'
grep: empty (sub)expression
/Users/liying/workspace/dev/yinglichina163/sqlrustgo/scripts/gate/check_evidence_binding.sh: command substitution: line 76: syntax error near unexpected token `|'
/Users/liying/workspace/dev/yinglichina163/sqlrustgo/scripts/gate/check_evidence_binding.sh: command substitution: line 76: `|'
grep: empty (sub)expression
/Users/liying/workspace/dev/yinglichina163/sqlrustgo/scripts/gate/check_evidence_binding.sh: command substitution: line 76: syntax error near unexpected token `|'
/Users/liying/workspace/dev/yinglichina163/sqlrustgo/scripts/gate/check_evidence_binding.sh: command substitution: line 76: `|'
grep: empty (sub)expression
/Users/liying/workspace/dev/yinglichina163/sqlrustgo/scripts/gate/check_evidence_binding.sh: command substitution: line 76: syntax error near unexpected token `|'
/Users/liying/workspace/dev/yinglichina163/sqlrustgo/scripts/gate/check_evidence_binding.sh: command substitution: line 76: `|'
grep: empty (sub)expression
检查: ROADMAP.md...
/Users/liying/workspace/dev/yinglichina163/sqlrustgo/scripts/gate/check_evidence_binding.sh: command substitution: line 76: syntax error near unexpected token `|'
/Users/liying/workspace/dev/yinglichina163/sqlrustgo/scripts/gate/check_evidence_binding.sh: command substitution: line 76: `|'
grep: empty (sub)expression
/Users/liying/workspace/dev/yinglichina163/sqlrustgo/scripts/gate/check_evidence_binding.sh: command substitution: line 76: syntax error near unexpected token `|'
/Users/liying/workspace/dev/yinglichina163/sqlrustgo/scripts/gate/check_evidence_binding.sh: command substitution: line 76: `|'
grep: empty (sub)expression
检查: RC_GA_GATE_REPORT.md...
/Users/liying/workspace/dev/yinglichina163/sqlrustgo/scripts/gate/check_evidence_binding.sh: command substitution: line 76: syntax error near unexpected token `|'
/Users/liying/workspace/dev/yinglichina163/sqlrustgo/scripts/gate/check_evidence_binding.sh: command substitution: line 76: `|'
grep: empty (sub)expression
/Users/liying/workspace/dev/yinglichina163/sqlrustgo/scripts/gate/check_evidence_binding.sh: command substitution: line 76: syntax error near unexpected token `|'
/Users/liying/workspace/dev/yinglichina163/sqlrustgo/scripts/gate/check_evidence_binding.sh: command substitution: line 76: `|'
grep: empty (sub)expression
/Users/liying/workspace/dev/yinglichina163/sqlrustgo/scripts/gate/check_evidence_binding.sh: command substitution: line 76: syntax error near unexpected token `|'
/Users/liying/workspace/dev/yinglichina163/sqlrustgo/scripts/gate/check_evidence_binding.sh: command substitution: line 76: `|'
grep: empty (sub)expression
/Users/liying/workspace/dev/yinglichina163/sqlrustgo/scripts/gate/check_evidence_binding.sh: command substitution: line 76: syntax error near unexpected token `|'
/Users/liying/workspace/dev/yinglichina163/sqlrustgo/scripts/gate/check_evidence_binding.sh: command substitution: line 76: `|'
grep: empty (sub)expression
/Users/liying/workspace/dev/yinglichina163/sqlrustgo/scripts/gate/check_evidence_binding.sh: command substitution: line 76: syntax error near unexpected token `|'
/Users/liying/workspace/dev/yinglichina163/sqlrustgo/scripts/gate/check_evidence_binding.sh: command substitution: line 76: `|'
grep: empty (sub)expression
/Users/liying/workspace/dev/yinglichina163/sqlrustgo/scripts/gate/check_evidence_binding.sh: command substitution: line 76: syntax error near unexpected token `|'
/Users/liying/workspace/dev/yinglichina163/sqlrustgo/scripts/gate/check_evidence_binding.sh: command substitution: line 76: `|'
grep: empty (sub)expression
/Users/liying/workspace/dev/yinglichina163/sqlrustgo/scripts/gate/check_evidence_binding.sh: command substitution: line 76: syntax error near unexpected token `|'
/Users/liying/workspace/dev/yinglichina163/sqlrustgo/scripts/gate/check_evidence_binding.sh: command substitution: line 76: `|'
grep: empty (sub)expression
/Users/liying/workspace/dev/yinglichina163/sqlrustgo/scripts/gate/check_evidence_binding.sh: command substitution: line 76: syntax error near unexpected token `|'
/Users/liying/workspace/dev/yinglichina163/sqlrustgo/scripts/gate/check_evidence_binding.sh: command substitution: line 76: `|'
grep: empty (sub)expression
/Users/liying/workspace/dev/yinglichina163/sqlrustgo/scripts/gate/check_evidence_binding.sh: command substitution: line 76: syntax error near unexpected token `|'
/Users/liying/workspace/dev/yinglichina163/sqlrustgo/scripts/gate/check_evidence_binding.sh: command substitution: line 76: `|'
grep: empty (sub)expression
/Users/liying/workspace/dev/yinglichina163/sqlrustgo/scripts/gate/check_evidence_binding.sh: command substitution: line 76: syntax error near unexpected token `|'
/Users/liying/workspace/dev/yinglichina163/sqlrustgo/scripts/gate/check_evidence_binding.sh: command substitution: line 76: `|'
grep: empty (sub)expression
/Users/liying/workspace/dev/yinglichina163/sqlrustgo/scripts/gate/check_evidence_binding.sh: command substitution: line 76: syntax error near unexpected token `|'
/Users/liying/workspace/dev/yinglichina163/sqlrustgo/scripts/gate/check_evidence_binding.sh: command substitution: line 76: `|'
grep: empty (sub)expression
/Users/liying/workspace/dev/yinglichina163/sqlrustgo/scripts/gate/check_evidence_binding.sh: command substitution: line 76: syntax error near unexpected token `|'
/Users/liying/workspace/dev/yinglichina163/sqlrustgo/scripts/gate/check_evidence_binding.sh: command substitution: line 76: `|'
grep: empty (sub)expression
/Users/liying/workspace/dev/yinglichina163/sqlrustgo/scripts/gate/check_evidence_binding.sh: command substitution: line 76: syntax error near unexpected token `|'
/Users/liying/workspace/dev/yinglichina163/sqlrustgo/scripts/gate/check_evidence_binding.sh: command substitution: line 76: `|'
grep: empty (sub)expression
/Users/liying/workspace/dev/yinglichina163/sqlrustgo/scripts/gate/check_evidence_binding.sh: command substitution: line 76: syntax error near unexpected token `|'
/Users/liying/workspace/dev/yinglichina163/sqlrustgo/scripts/gate/check_evidence_binding.sh: command substitution: line 76: `|'
grep: empty (sub)expression
/Users/liying/workspace/dev/yinglichina163/sqlrustgo/scripts/gate/check_evidence_binding.sh: command substitution: line 76: syntax error near unexpected token `|'
/Users/liying/workspace/dev/yinglichina163/sqlrustgo/scripts/gate/check_evidence_binding.sh: command substitution: line 76: `|'
grep: empty (sub)expression
/Users/liying/workspace/dev/yinglichina163/sqlrustgo/scripts/gate/check_evidence_binding.sh: command substitution: line 76: syntax error near unexpected token `|'
/Users/liying/workspace/dev/yinglichina163/sqlrustgo/scripts/gate/check_evidence_binding.sh: command substitution: line 76: `|'
grep: empty (sub)expression
/Users/liying/workspace/dev/yinglichina163/sqlrustgo/scripts/gate/check_evidence_binding.sh: command substitution: line 76: syntax error near unexpected token `|'
/Users/liying/workspace/dev/yinglichina163/sqlrustgo/scripts/gate/check_evidence_binding.sh: command substitution: line 76: `|'
grep: empty (sub)expression
/Users/liying/workspace/dev/yinglichina163/sqlrustgo/scripts/gate/check_evidence_binding.sh: command substitution: line 76: syntax error near unexpected token `|'
/Users/liying/workspace/dev/yinglichina163/sqlrustgo/scripts/gate/check_evidence_binding.sh: command substitution: line 76: `|'
grep: empty (sub)expression
/Users/liying/workspace/dev/yinglichina163/sqlrustgo/scripts/gate/check_evidence_binding.sh: command substitution: line 76: syntax error near unexpected token `|'
/Users/liying/workspace/dev/yinglichina163/sqlrustgo/scripts/gate/check_evidence_binding.sh: command substitution: line 76: `|'
grep: empty (sub)expression
/Users/liying/workspace/dev/yinglichina163/sqlrustgo/scripts/gate/check_evidence_binding.sh: command substitution: line 76: syntax error near unexpected token `|'
/Users/liying/workspace/dev/yinglichina163/sqlrustgo/scripts/gate/check_evidence_binding.sh: command substitution: line 76: `|'
grep: empty (sub)expression
/Users/liying/workspace/dev/yinglichina163/sqlrustgo/scripts/gate/check_evidence_binding.sh: command substitution: line 76: syntax error near unexpected token `|'
/Users/liying/workspace/dev/yinglichina163/sqlrustgo/scripts/gate/check_evidence_binding.sh: command substitution: line 76: `|'
grep: empty (sub)expression
/Users/liying/workspace/dev/yinglichina163/sqlrustgo/scripts/gate/check_evidence_binding.sh: command substitution: line 76: syntax error near unexpected token `|'
/Users/liying/workspace/dev/yinglichina163/sqlrustgo/scripts/gate/check_evidence_binding.sh: command substitution: line 76: `|'
grep: empty (sub)expression
/Users/liying/workspace/dev/yinglichina163/sqlrustgo/scripts/gate/check_evidence_binding.sh: command substitution: line 76: syntax error near unexpected token `|'
/Users/liying/workspace/dev/yinglichina163/sqlrustgo/scripts/gate/check_evidence_binding.sh: command substitution: line 76: `|'
grep: empty (sub)expression
/Users/liying/workspace/dev/yinglichina163/sqlrustgo/scripts/gate/check_evidence_binding.sh: command substitution: line 76: syntax error near unexpected token `|'
/Users/liying/workspace/dev/yinglichina163/sqlrustgo/scripts/gate/check_evidence_binding.sh: command substitution: line 76: `|'
grep: empty (sub)expression
/Users/liying/workspace/dev/yinglichina163/sqlrustgo/scripts/gate/check_evidence_binding.sh: command substitution: line 76: syntax error near unexpected token `|'
/Users/liying/workspace/dev/yinglichina163/sqlrustgo/scripts/gate/check_evidence_binding.sh: command substitution: line 76: `|'
grep: empty (sub)expression
/Users/liying/workspace/dev/yinglichina163/sqlrustgo/scripts/gate/check_evidence_binding.sh: command substitution: line 76: syntax error near unexpected token `|'
/Users/liying/workspace/dev/yinglichina163/sqlrustgo/scripts/gate/check_evidence_binding.sh: command substitution: line 76: `|'
grep: empty (sub)expression
/Users/liying/workspace/dev/yinglichina163/sqlrustgo/scripts/gate/check_evidence_binding.sh: command substitution: line 76: syntax error near unexpected token `|'
/Users/liying/workspace/dev/yinglichina163/sqlrustgo/scripts/gate/check_evidence_binding.sh: command substitution: line 76: `|'
grep: empty (sub)expression
/Users/liying/workspace/dev/yinglichina163/sqlrustgo/scripts/gate/check_evidence_binding.sh: command substitution: line 76: syntax error near unexpected token `|'
/Users/liying/workspace/dev/yinglichina163/sqlrustgo/scripts/gate/check_evidence_binding.sh: command substitution: line 76: `|'
grep: empty (sub)expression
/Users/liying/workspace/dev/yinglichina163/sqlrustgo/scripts/gate/check_evidence_binding.sh: command substitution: line 76: syntax error near unexpected token `|'
/Users/liying/workspace/dev/yinglichina163/sqlrustgo/scripts/gate/check_evidence_binding.sh: command substitution: line 76: `|'
grep: empty (sub)expression
/Users/liying/workspace/dev/yinglichina163/sqlrustgo/scripts/gate/check_evidence_binding.sh: command substitution: line 76: syntax error near unexpected token `|'
/Users/liying/workspace/dev/yinglichina163/sqlrustgo/scripts/gate/check_evidence_binding.sh: command substitution: line 76: `|'
grep: empty (sub)expression
/Users/liying/workspace/dev/yinglichina163/sqlrustgo/scripts/gate/check_evidence_binding.sh: command substitution: line 76: syntax error near unexpected token `|'
/Users/liying/workspace/dev/yinglichina163/sqlrustgo/scripts/gate/check_evidence_binding.sh: command substitution: line 76: `|'
grep: empty (sub)expression
/Users/liying/workspace/dev/yinglichina163/sqlrustgo/scripts/gate/check_evidence_binding.sh: command substitution: line 76: syntax error near unexpected token `|'
/Users/liying/workspace/dev/yinglichina163/sqlrustgo/scripts/gate/check_evidence_binding.sh: command substitution: line 76: `|'
grep: empty (sub)expression
/Users/liying/workspace/dev/yinglichina163/sqlrustgo/scripts/gate/check_evidence_binding.sh: command substitution: line 76: syntax error near unexpected token `|'
/Users/liying/workspace/dev/yinglichina163/sqlrustgo/scripts/gate/check_evidence_binding.sh: command substitution: line 76: `|'
grep: empty (sub)expression
/Users/liying/workspace/dev/yinglichina163/sqlrustgo/scripts/gate/check_evidence_binding.sh: command substitution: line 76: syntax error near unexpected token `|'
/Users/liying/workspace/dev/yinglichina163/sqlrustgo/scripts/gate/check_evidence_binding.sh: command substitution: line 76: `|'
grep: empty (sub)expression
/Users/liying/workspace/dev/yinglichina163/sqlrustgo/scripts/gate/check_evidence_binding.sh: command substitution: line 76: syntax error near unexpected token `|'
/Users/liying/workspace/dev/yinglichina163/sqlrustgo/scripts/gate/check_evidence_binding.sh: command substitution: line 76: `|'
grep: empty (sub)expression
/Users/liying/workspace/dev/yinglichina163/sqlrustgo/scripts/gate/check_evidence_binding.sh: command substitution: line 76: syntax error near unexpected token `|'
/Users/liying/workspace/dev/yinglichina163/sqlrustgo/scripts/gate/check_evidence_binding.sh: command substitution: line 76: `|'
grep: empty (sub)expression
/Users/liying/workspace/dev/yinglichina163/sqlrustgo/scripts/gate/check_evidence_binding.sh: command substitution: line 76: syntax error near unexpected token `|'
/Users/liying/workspace/dev/yinglichina163/sqlrustgo/scripts/gate/check_evidence_binding.sh: command substitution: line 76: `|'
grep: empty (sub)expression
/Users/liying/workspace/dev/yinglichina163/sqlrustgo/scripts/gate/check_evidence_binding.sh: command substitution: line 76: syntax error near unexpected token `|'
/Users/liying/workspace/dev/yinglichina163/sqlrustgo/scripts/gate/check_evidence_binding.sh: command substitution: line 76: `|'
grep: empty (sub)expression
/Users/liying/workspace/dev/yinglichina163/sqlrustgo/scripts/gate/check_evidence_binding.sh: command substitution: line 76: syntax error near unexpected token `|'
/Users/liying/workspace/dev/yinglichina163/sqlrustgo/scripts/gate/check_evidence_binding.sh: command substitution: line 76: `|'
grep: empty (sub)expression
/Users/liying/workspace/dev/yinglichina163/sqlrustgo/scripts/gate/check_evidence_binding.sh: command substitution: line 76: syntax error near unexpected token `|'
/Users/liying/workspace/dev/yinglichina163/sqlrustgo/scripts/gate/check_evidence_binding.sh: command substitution: line 76: `|'
grep: empty (sub)expression
/Users/liying/workspace/dev/yinglichina163/sqlrustgo/scripts/gate/check_evidence_binding.sh: command substitution: line 76: syntax error near unexpected token `|'
/Users/liying/workspace/dev/yinglichina163/sqlrustgo/scripts/gate/check_evidence_binding.sh: command substitution: line 76: `|'
grep: empty (sub)expression
/Users/liying/workspace/dev/yinglichina163/sqlrustgo/scripts/gate/check_evidence_binding.sh: command substitution: line 76: syntax error near unexpected token `|'
/Users/liying/workspace/dev/yinglichina163/sqlrustgo/scripts/gate/check_evidence_binding.sh: command substitution: line 76: `|'
grep: empty (sub)expression
/Users/liying/workspace/dev/yinglichina163/sqlrustgo/scripts/gate/check_evidence_binding.sh: command substitution: line 76: syntax error near unexpected token `|'
/Users/liying/workspace/dev/yinglichina163/sqlrustgo/scripts/gate/check_evidence_binding.sh: command substitution: line 76: `|'
grep: empty (sub)expression
/Users/liying/workspace/dev/yinglichina163/sqlrustgo/scripts/gate/check_evidence_binding.sh: command substitution: line 76: syntax error near unexpected token `|'
/Users/liying/workspace/dev/yinglichina163/sqlrustgo/scripts/gate/check_evidence_binding.sh: command substitution: line 76: `|'
grep: empty (sub)expression
/Users/liying/workspace/dev/yinglichina163/sqlrustgo/scripts/gate/check_evidence_binding.sh: command substitution: line 76: syntax error near unexpected token `|'
/Users/liying/workspace/dev/yinglichina163/sqlrustgo/scripts/gate/check_evidence_binding.sh: command substitution: line 76: `|'
grep: empty (sub)expression
/Users/liying/workspace/dev/yinglichina163/sqlrustgo/scripts/gate/check_evidence_binding.sh: command substitution: line 76: syntax error near unexpected token `|'
/Users/liying/workspace/dev/yinglichina163/sqlrustgo/scripts/gate/check_evidence_binding.sh: command substitution: line 76: `|'
grep: empty (sub)expression
/Users/liying/workspace/dev/yinglichina163/sqlrustgo/scripts/gate/check_evidence_binding.sh: command substitution: line 76: syntax error near unexpected token `|'
/Users/liying/workspace/dev/yinglichina163/sqlrustgo/scripts/gate/check_evidence_binding.sh: command substitution: line 76: `|'
grep: empty (sub)expression
/Users/liying/workspace/dev/yinglichina163/sqlrustgo/scripts/gate/check_evidence_binding.sh: command substitution: line 76: syntax error near unexpected token `|'
/Users/liying/workspace/dev/yinglichina163/sqlrustgo/scripts/gate/check_evidence_binding.sh: command substitution: line 76: `|'
grep: empty (sub)expression
/Users/liying/workspace/dev/yinglichina163/sqlrustgo/scripts/gate/check_evidence_binding.sh: command substitution: line 76: syntax error near unexpected token `|'
/Users/liying/workspace/dev/yinglichina163/sqlrustgo/scripts/gate/check_evidence_binding.sh: command substitution: line 76: `|'
grep: empty (sub)expression
/Users/liying/workspace/dev/yinglichina163/sqlrustgo/scripts/gate/check_evidence_binding.sh: command substitution: line 76: syntax error near unexpected token `|'
/Users/liying/workspace/dev/yinglichina163/sqlrustgo/scripts/gate/check_evidence_binding.sh: command substitution: line 76: `|'
grep: empty (sub)expression
/Users/liying/workspace/dev/yinglichina163/sqlrustgo/scripts/gate/check_evidence_binding.sh: command substitution: line 76: syntax error near unexpected token `|'
/Users/liying/workspace/dev/yinglichina163/sqlrustgo/scripts/gate/check_evidence_binding.sh: command substitution: line 76: `|'
grep: empty (sub)expression
/Users/liying/workspace/dev/yinglichina163/sqlrustgo/scripts/gate/check_evidence_binding.sh: command substitution: line 76: syntax error near unexpected token `|'
/Users/liying/workspace/dev/yinglichina163/sqlrustgo/scripts/gate/check_evidence_binding.sh: command substitution: line 76: `|'
grep: empty (sub)expression
检查: CROSS-VERSION-DEBT.md...
检查: BETA_GATE_REPORT.md...
/Users/liying/workspace/dev/yinglichina163/sqlrustgo/scripts/gate/check_evidence_binding.sh: command substitution: line 76: syntax error near unexpected token `|'
/Users/liying/workspace/dev/yinglichina163/sqlrustgo/scripts/gate/check_evidence_binding.sh: command substitution: line 76: `|'
grep: empty (sub)expression
/Users/liying/workspace/dev/yinglichina163/sqlrustgo/scripts/gate/check_evidence_binding.sh: command substitution: line 76: syntax error near unexpected token `|'
/Users/liying/workspace/dev/yinglichina163/sqlrustgo/scripts/gate/check_evidence_binding.sh: command substitution: line 76: `|'
grep: empty (sub)expression
/Users/liying/workspace/dev/yinglichina163/sqlrustgo/scripts/gate/check_evidence_binding.sh: command substitution: line 76: syntax error near unexpected token `|'
/Users/liying/workspace/dev/yinglichina163/sqlrustgo/scripts/gate/check_evidence_binding.sh: command substitution: line 76: `|'
grep: empty (sub)expression
/Users/liying/workspace/dev/yinglichina163/sqlrustgo/scripts/gate/check_evidence_binding.sh: command substitution: line 76: syntax error near unexpected token `|'
/Users/liying/workspace/dev/yinglichina163/sqlrustgo/scripts/gate/check_evidence_binding.sh: command substitution: line 76: `|'
grep: empty (sub)expression
/Users/liying/workspace/dev/yinglichina163/sqlrustgo/scripts/gate/check_evidence_binding.sh: command substitution: line 76: syntax error near unexpected token `|'
/Users/liying/workspace/dev/yinglichina163/sqlrustgo/scripts/gate/check_evidence_binding.sh: command substitution: line 76: `|'
grep: empty (sub)expression
/Users/liying/workspace/dev/yinglichina163/sqlrustgo/scripts/gate/check_evidence_binding.sh: command substitution: line 76: syntax error near unexpected token `|'
/Users/liying/workspace/dev/yinglichina163/sqlrustgo/scripts/gate/check_evidence_binding.sh: command substitution: line 76: `|'
grep: empty (sub)expression
/Users/liying/workspace/dev/yinglichina163/sqlrustgo/scripts/gate/check_evidence_binding.sh: command substitution: line 76: syntax error near unexpected token `|'
/Users/liying/workspace/dev/yinglichina163/sqlrustgo/scripts/gate/check_evidence_binding.sh: command substitution: line 76: `|'
grep: empty (sub)expression
/Users/liying/workspace/dev/yinglichina163/sqlrustgo/scripts/gate/check_evidence_binding.sh: command substitution: line 76: syntax error near unexpected token `|'
/Users/liying/workspace/dev/yinglichina163/sqlrustgo/scripts/gate/check_evidence_binding.sh: command substitution: line 76: `|'
grep: empty (sub)expression
/Users/liying/workspace/dev/yinglichina163/sqlrustgo/scripts/gate/check_evidence_binding.sh: command substitution: line 76: syntax error near unexpected token `|'
/Users/liying/workspace/dev/yinglichina163/sqlrustgo/scripts/gate/check_evidence_binding.sh: command substitution: line 76: `|'
grep: empty (sub)expression
/Users/liying/workspace/dev/yinglichina163/sqlrustgo/scripts/gate/check_evidence_binding.sh: command substitution: line 76: syntax error near unexpected token `|'
/Users/liying/workspace/dev/yinglichina163/sqlrustgo/scripts/gate/check_evidence_binding.sh: command substitution: line 76: `|'
grep: empty (sub)expression
/Users/liying/workspace/dev/yinglichina163/sqlrustgo/scripts/gate/check_evidence_binding.sh: command substitution: line 76: syntax error near unexpected token `|'
/Users/liying/workspace/dev/yinglichina163/sqlrustgo/scripts/gate/check_evidence_binding.sh: command substitution: line 76: `|'
grep: empty (sub)expression
/Users/liying/workspace/dev/yinglichina163/sqlrustgo/scripts/gate/check_evidence_binding.sh: command substitution: line 76: syntax error near unexpected token `|'
/Users/liying/workspace/dev/yinglichina163/sqlrustgo/scripts/gate/check_evidence_binding.sh: command substitution: line 76: `|'
grep: empty (sub)expression
/Users/liying/workspace/dev/yinglichina163/sqlrustgo/scripts/gate/check_evidence_binding.sh: command substitution: line 76: syntax error near unexpected token `|'
/Users/liying/workspace/dev/yinglichina163/sqlrustgo/scripts/gate/check_evidence_binding.sh: command substitution: line 76: `|'
grep: empty (sub)expression
/Users/liying/workspace/dev/yinglichina163/sqlrustgo/scripts/gate/check_evidence_binding.sh: command substitution: line 76: syntax error near unexpected token `|'
/Users/liying/workspace/dev/yinglichina163/sqlrustgo/scripts/gate/check_evidence_binding.sh: command substitution: line 76: `|'
grep: empty (sub)expression
/Users/liying/workspace/dev/yinglichina163/sqlrustgo/scripts/gate/check_evidence_binding.sh: command substitution: line 76: syntax error near unexpected token `|'
/Users/liying/workspace/dev/yinglichina163/sqlrustgo/scripts/gate/check_evidence_binding.sh: command substitution: line 76: `|'
grep: empty (sub)expression
/Users/liying/workspace/dev/yinglichina163/sqlrustgo/scripts/gate/check_evidence_binding.sh: command substitution: line 76: syntax error near unexpected token `|'
/Users/liying/workspace/dev/yinglichina163/sqlrustgo/scripts/gate/check_evidence_binding.sh: command substitution: line 76: `|'
grep: empty (sub)expression
/Users/liying/workspace/dev/yinglichina163/sqlrustgo/scripts/gate/check_evidence_binding.sh: command substitution: line 76: syntax error near unexpected token `|'
/Users/liying/workspace/dev/yinglichina163/sqlrustgo/scripts/gate/check_evidence_binding.sh: command substitution: line 76: `|'
grep: empty (sub)expression
/Users/liying/workspace/dev/yinglichina163/sqlrustgo/scripts/gate/check_evidence_binding.sh: command substitution: line 76: syntax error near unexpected token `|'
/Users/liying/workspace/dev/yinglichina163/sqlrustgo/scripts/gate/check_evidence_binding.sh: command substitution: line 76: `|'
grep: empty (sub)expression
/Users/liying/workspace/dev/yinglichina163/sqlrustgo/scripts/gate/check_evidence_binding.sh: command substitution: line 76: syntax error near unexpected token `|'
/Users/liying/workspace/dev/yinglichina163/sqlrustgo/scripts/gate/check_evidence_binding.sh: command substitution: line 76: `|'
grep: empty (sub)expression
检查: RECOVERY_TEST_MIGRATION_PLAN.md...
/Users/liying/workspace/dev/yinglichina163/sqlrustgo/scripts/gate/check_evidence_binding.sh: command substitution: line 76: syntax error near unexpected token `|'
/Users/liying/workspace/dev/yinglichina163/sqlrustgo/scripts/gate/check_evidence_binding.sh: command substitution: line 76: `|'
grep: empty (sub)expression
/Users/liying/workspace/dev/yinglichina163/sqlrustgo/scripts/gate/check_evidence_binding.sh: command substitution: line 76: syntax error near unexpected token `|'
/Users/liying/workspace/dev/yinglichina163/sqlrustgo/scripts/gate/check_evidence_binding.sh: command substitution: line 76: `|'
grep: empty (sub)expression
/Users/liying/workspace/dev/yinglichina163/sqlrustgo/scripts/gate/check_evidence_binding.sh: command substitution: line 76: syntax error near unexpected token `|'
/Users/liying/workspace/dev/yinglichina163/sqlrustgo/scripts/gate/check_evidence_binding.sh: command substitution: line 76: `|'
grep: empty (sub)expression
/Users/liying/workspace/dev/yinglichina163/sqlrustgo/scripts/gate/check_evidence_binding.sh: command substitution: line 76: syntax error near unexpected token `|'
/Users/liying/workspace/dev/yinglichina163/sqlrustgo/scripts/gate/check_evidence_binding.sh: command substitution: line 76: `|'
grep: empty (sub)expression
/Users/liying/workspace/dev/yinglichina163/sqlrustgo/scripts/gate/check_evidence_binding.sh: command substitution: line 76: syntax error near unexpected token `|'
/Users/liying/workspace/dev/yinglichina163/sqlrustgo/scripts/gate/check_evidence_binding.sh: command substitution: line 76: `|'
grep: empty (sub)expression
/Users/liying/workspace/dev/yinglichina163/sqlrustgo/scripts/gate/check_evidence_binding.sh: command substitution: line 76: syntax error near unexpected token `|'
/Users/liying/workspace/dev/yinglichina163/sqlrustgo/scripts/gate/check_evidence_binding.sh: command substitution: line 76: `|'
grep: empty (sub)expression
/Users/liying/workspace/dev/yinglichina163/sqlrustgo/scripts/gate/check_evidence_binding.sh: command substitution: line 76: syntax error near unexpected token `|'
/Users/liying/workspace/dev/yinglichina163/sqlrustgo/scripts/gate/check_evidence_binding.sh: command substitution: line 76: `|'
grep: empty (sub)expression
/Users/liying/workspace/dev/yinglichina163/sqlrustgo/scripts/gate/check_evidence_binding.sh: command substitution: line 76: syntax error near unexpected token `|'
/Users/liying/workspace/dev/yinglichina163/sqlrustgo/scripts/gate/check_evidence_binding.sh: command substitution: line 76: `|'
grep: empty (sub)expression
检查: SGL_BETA_GATE_REPORT.md...
/Users/liying/workspace/dev/yinglichina163/sqlrustgo/scripts/gate/check_evidence_binding.sh: command substitution: line 76: syntax error near unexpected token `|'
/Users/liying/workspace/dev/yinglichina163/sqlrustgo/scripts/gate/check_evidence_binding.sh: command substitution: line 76: `|'
grep: empty (sub)expression
/Users/liying/workspace/dev/yinglichina163/sqlrustgo/scripts/gate/check_evidence_binding.sh: command substitution: line 76: syntax error near unexpected token `|'
/Users/liying/workspace/dev/yinglichina163/sqlrustgo/scripts/gate/check_evidence_binding.sh: command substitution: line 76: `|'
grep: empty (sub)expression
/Users/liying/workspace/dev/yinglichina163/sqlrustgo/scripts/gate/check_evidence_binding.sh: command substitution: line 76: syntax error near unexpected token `|'
/Users/liying/workspace/dev/yinglichina163/sqlrustgo/scripts/gate/check_evidence_binding.sh: command substitution: line 76: `|'
grep: empty (sub)expression
/Users/liying/workspace/dev/yinglichina163/sqlrustgo/scripts/gate/check_evidence_binding.sh: command substitution: line 76: syntax error near unexpected token `|'
/Users/liying/workspace/dev/yinglichina163/sqlrustgo/scripts/gate/check_evidence_binding.sh: command substitution: line 76: `|'
grep: empty (sub)expression
/Users/liying/workspace/dev/yinglichina163/sqlrustgo/scripts/gate/check_evidence_binding.sh: command substitution: line 76: syntax error near unexpected token `|'
/Users/liying/workspace/dev/yinglichina163/sqlrustgo/scripts/gate/check_evidence_binding.sh: command substitution: line 76: `|'
grep: empty (sub)expression
/Users/liying/workspace/dev/yinglichina163/sqlrustgo/scripts/gate/check_evidence_binding.sh: command substitution: line 76: syntax error near unexpected token `|'
/Users/liying/workspace/dev/yinglichina163/sqlrustgo/scripts/gate/check_evidence_binding.sh: command substitution: line 76: `|'
grep: empty (sub)expression
/Users/liying/workspace/dev/yinglichina163/sqlrustgo/scripts/gate/check_evidence_binding.sh: command substitution: line 76: syntax error near unexpected token `|'
/Users/liying/workspace/dev/yinglichina163/sqlrustgo/scripts/gate/check_evidence_binding.sh: command substitution: line 76: `|'
grep: empty (sub)expression
/Users/liying/workspace/dev/yinglichina163/sqlrustgo/scripts/gate/check_evidence_binding.sh: command substitution: line 76: syntax error near unexpected token `|'
/Users/liying/workspace/dev/yinglichina163/sqlrustgo/scripts/gate/check_evidence_binding.sh: command substitution: line 76: `|'
grep: empty (sub)expression
/Users/liying/workspace/dev/yinglichina163/sqlrustgo/scripts/gate/check_evidence_binding.sh: command substitution: line 76: syntax error near unexpected token `|'
/Users/liying/workspace/dev/yinglichina163/sqlrustgo/scripts/gate/check_evidence_binding.sh: command substitution: line 76: `|'
grep: empty (sub)expression
/Users/liying/workspace/dev/yinglichina163/sqlrustgo/scripts/gate/check_evidence_binding.sh: command substitution: line 76: syntax error near unexpected token `|'
/Users/liying/workspace/dev/yinglichina163/sqlrustgo/scripts/gate/check_evidence_binding.sh: command substitution: line 76: `|'
grep: empty (sub)expression
/Users/liying/workspace/dev/yinglichina163/sqlrustgo/scripts/gate/check_evidence_binding.sh: command substitution: line 76: syntax error near unexpected token `|'
/Users/liying/workspace/dev/yinglichina163/sqlrustgo/scripts/gate/check_evidence_binding.sh: command substitution: line 76: `|'
grep: empty (sub)expression
/Users/liying/workspace/dev/yinglichina163/sqlrustgo/scripts/gate/check_evidence_binding.sh: command substitution: line 76: syntax error near unexpected token `|'
/Users/liying/workspace/dev/yinglichina163/sqlrustgo/scripts/gate/check_evidence_binding.sh: command substitution: line 76: `|'
grep: empty (sub)expression
检查: SGL-005_STORAGEBYPASS_AUDIT.md...
/Users/liying/workspace/dev/yinglichina163/sqlrustgo/scripts/gate/check_evidence_binding.sh: command substitution: line 76: syntax error near unexpected token `|'
/Users/liying/workspace/dev/yinglichina163/sqlrustgo/scripts/gate/check_evidence_binding.sh: command substitution: line 76: `|'
grep: empty (sub)expression
/Users/liying/workspace/dev/yinglichina163/sqlrustgo/scripts/gate/check_evidence_binding.sh: command substitution: line 76: syntax error near unexpected token `|'
/Users/liying/workspace/dev/yinglichina163/sqlrustgo/scripts/gate/check_evidence_binding.sh: command substitution: line 76: `|'
grep: empty (sub)expression
/Users/liying/workspace/dev/yinglichina163/sqlrustgo/scripts/gate/check_evidence_binding.sh: command substitution: line 76: syntax error near unexpected token `|'
/Users/liying/workspace/dev/yinglichina163/sqlrustgo/scripts/gate/check_evidence_binding.sh: command substitution: line 76: `|'
grep: empty (sub)expression
/Users/liying/workspace/dev/yinglichina163/sqlrustgo/scripts/gate/check_evidence_binding.sh: command substitution: line 76: syntax error near unexpected token `|'
/Users/liying/workspace/dev/yinglichina163/sqlrustgo/scripts/gate/check_evidence_binding.sh: command substitution: line 76: `|'
grep: empty (sub)expression
/Users/liying/workspace/dev/yinglichina163/sqlrustgo/scripts/gate/check_evidence_binding.sh: command substitution: line 76: syntax error near unexpected token `|'
/Users/liying/workspace/dev/yinglichina163/sqlrustgo/scripts/gate/check_evidence_binding.sh: command substitution: line 76: `|'
grep: empty (sub)expression
/Users/liying/workspace/dev/yinglichina163/sqlrustgo/scripts/gate/check_evidence_binding.sh: command substitution: line 76: syntax error near unexpected token `|'
/Users/liying/workspace/dev/yinglichina163/sqlrustgo/scripts/gate/check_evidence_binding.sh: command substitution: line 76: `|'
grep: empty (sub)expression
/Users/liying/workspace/dev/yinglichina163/sqlrustgo/scripts/gate/check_evidence_binding.sh: command substitution: line 76: syntax error near unexpected token `|'
/Users/liying/workspace/dev/yinglichina163/sqlrustgo/scripts/gate/check_evidence_binding.sh: command substitution: line 76: `|'
grep: empty (sub)expression
/Users/liying/workspace/dev/yinglichina163/sqlrustgo/scripts/gate/check_evidence_binding.sh: command substitution: line 76: syntax error near unexpected token `|'
/Users/liying/workspace/dev/yinglichina163/sqlrustgo/scripts/gate/check_evidence_binding.sh: command substitution: line 76: `|'
grep: empty (sub)expression
检查: 项目分析报告_完整版.md...
检查: ALPHA_CONDITIONAL_PASS.md...
/Users/liying/workspace/dev/yinglichina163/sqlrustgo/scripts/gate/check_evidence_binding.sh: command substitution: line 76: syntax error near unexpected token `|'
/Users/liying/workspace/dev/yinglichina163/sqlrustgo/scripts/gate/check_evidence_binding.sh: command substitution: line 76: `|'
grep: empty (sub)expression
/Users/liying/workspace/dev/yinglichina163/sqlrustgo/scripts/gate/check_evidence_binding.sh: command substitution: line 76: syntax error near unexpected token `|'
/Users/liying/workspace/dev/yinglichina163/sqlrustgo/scripts/gate/check_evidence_binding.sh: command substitution: line 76: `|'
grep: empty (sub)expression
/Users/liying/workspace/dev/yinglichina163/sqlrustgo/scripts/gate/check_evidence_binding.sh: command substitution: line 76: syntax error near unexpected token `|'
/Users/liying/workspace/dev/yinglichina163/sqlrustgo/scripts/gate/check_evidence_binding.sh: command substitution: line 76: `|'
grep: empty (sub)expression
/Users/liying/workspace/dev/yinglichina163/sqlrustgo/scripts/gate/check_evidence_binding.sh: command substitution: line 76: syntax error near unexpected token `|'
/Users/liying/workspace/dev/yinglichina163/sqlrustgo/scripts/gate/check_evidence_binding.sh: command substitution: line 76: `|'
grep: empty (sub)expression
/Users/liying/workspace/dev/yinglichina163/sqlrustgo/scripts/gate/check_evidence_binding.sh: command substitution: line 76: syntax error near unexpected token `|'
/Users/liying/workspace/dev/yinglichina163/sqlrustgo/scripts/gate/check_evidence_binding.sh: command substitution: line 76: `|'
grep: empty (sub)expression
/Users/liying/workspace/dev/yinglichina163/sqlrustgo/scripts/gate/check_evidence_binding.sh: command substitution: line 76: syntax error near unexpected token `|'
/Users/liying/workspace/dev/yinglichina163/sqlrustgo/scripts/gate/check_evidence_binding.sh: command substitution: line 76: `|'
grep: empty (sub)expression
/Users/liying/workspace/dev/yinglichina163/sqlrustgo/scripts/gate/check_evidence_binding.sh: command substitution: line 76: syntax error near unexpected token `|'
/Users/liying/workspace/dev/yinglichina163/sqlrustgo/scripts/gate/check_evidence_binding.sh: command substitution: line 76: `|'
grep: empty (sub)expression
/Users/liying/workspace/dev/yinglichina163/sqlrustgo/scripts/gate/check_evidence_binding.sh: command substitution: line 76: syntax error near unexpected token `|'
/Users/liying/workspace/dev/yinglichina163/sqlrustgo/scripts/gate/check_evidence_binding.sh: command substitution: line 76: `|'
grep: empty (sub)expression
/Users/liying/workspace/dev/yinglichina163/sqlrustgo/scripts/gate/check_evidence_binding.sh: command substitution: line 76: syntax error near unexpected token `|'
/Users/liying/workspace/dev/yinglichina163/sqlrustgo/scripts/gate/check_evidence_binding.sh: command substitution: line 76: `|'
grep: empty (sub)expression
/Users/liying/workspace/dev/yinglichina163/sqlrustgo/scripts/gate/check_evidence_binding.sh: command substitution: line 76: syntax error near unexpected token `|'
/Users/liying/workspace/dev/yinglichina163/sqlrustgo/scripts/gate/check_evidence_binding.sh: command substitution: line 76: `|'
grep: empty (sub)expression
/Users/liying/workspace/dev/yinglichina163/sqlrustgo/scripts/gate/check_evidence_binding.sh: command substitution: line 76: syntax error near unexpected token `|'
/Users/liying/workspace/dev/yinglichina163/sqlrustgo/scripts/gate/check_evidence_binding.sh: command substitution: line 76: `|'
grep: empty (sub)expression
/Users/liying/workspace/dev/yinglichina163/sqlrustgo/scripts/gate/check_evidence_binding.sh: command substitution: line 76: syntax error near unexpected token `|'
/Users/liying/workspace/dev/yinglichina163/sqlrustgo/scripts/gate/check_evidence_binding.sh: command substitution: line 76: `|'
grep: empty (sub)expression
/Users/liying/workspace/dev/yinglichina163/sqlrustgo/scripts/gate/check_evidence_binding.sh: command substitution: line 76: syntax error near unexpected token `|'
/Users/liying/workspace/dev/yinglichina163/sqlrustgo/scripts/gate/check_evidence_binding.sh: command substitution: line 76: `|'
grep: empty (sub)expression
/Users/liying/workspace/dev/yinglichina163/sqlrustgo/scripts/gate/check_evidence_binding.sh: command substitution: line 76: syntax error near unexpected token `|'
/Users/liying/workspace/dev/yinglichina163/sqlrustgo/scripts/gate/check_evidence_binding.sh: command substitution: line 76: `|'
grep: empty (sub)expression
/Users/liying/workspace/dev/yinglichina163/sqlrustgo/scripts/gate/check_evidence_binding.sh: command substitution: line 76: syntax error near unexpected token `|'
/Users/liying/workspace/dev/yinglichina163/sqlrustgo/scripts/gate/check_evidence_binding.sh: command substitution: line 76: `|'
grep: empty (sub)expression
/Users/liying/workspace/dev/yinglichina163/sqlrustgo/scripts/gate/check_evidence_binding.sh: command substitution: line 76: syntax error near unexpected token `|'
/Users/liying/workspace/dev/yinglichina163/sqlrustgo/scripts/gate/check_evidence_binding.sh: command substitution: line 76: `|'
grep: empty (sub)expression
/Users/liying/workspace/dev/yinglichina163/sqlrustgo/scripts/gate/check_evidence_binding.sh: command substitution: line 76: syntax error near unexpected token `|'
/Users/liying/workspace/dev/yinglichina163/sqlrustgo/scripts/gate/check_evidence_binding.sh: command substitution: line 76: `|'
grep: empty (sub)expression
/Users/liying/workspace/dev/yinglichina163/sqlrustgo/scripts/gate/check_evidence_binding.sh: command substitution: line 76: syntax error near unexpected token `|'
/Users/liying/workspace/dev/yinglichina163/sqlrustgo/scripts/gate/check_evidence_binding.sh: command substitution: line 76: `|'
grep: empty (sub)expression
/Users/liying/workspace/dev/yinglichina163/sqlrustgo/scripts/gate/check_evidence_binding.sh: command substitution: line 76: syntax error near unexpected token `|'
/Users/liying/workspace/dev/yinglichina163/sqlrustgo/scripts/gate/check_evidence_binding.sh: command substitution: line 76: `|'
grep: empty (sub)expression
/Users/liying/workspace/dev/yinglichina163/sqlrustgo/scripts/gate/check_evidence_binding.sh: command substitution: line 76: syntax error near unexpected token `|'
/Users/liying/workspace/dev/yinglichina163/sqlrustgo/scripts/gate/check_evidence_binding.sh: command substitution: line 76: `|'
grep: empty (sub)expression
/Users/liying/workspace/dev/yinglichina163/sqlrustgo/scripts/gate/check_evidence_binding.sh: command substitution: line 76: syntax error near unexpected token `|'
/Users/liying/workspace/dev/yinglichina163/sqlrustgo/scripts/gate/check_evidence_binding.sh: command substitution: line 76: `|'
grep: empty (sub)expression
/Users/liying/workspace/dev/yinglichina163/sqlrustgo/scripts/gate/check_evidence_binding.sh: command substitution: line 76: syntax error near unexpected token `|'
/Users/liying/workspace/dev/yinglichina163/sqlrustgo/scripts/gate/check_evidence_binding.sh: command substitution: line 76: `|'
grep: empty (sub)expression
/Users/liying/workspace/dev/yinglichina163/sqlrustgo/scripts/gate/check_evidence_binding.sh: command substitution: line 76: syntax error near unexpected token `|'
/Users/liying/workspace/dev/yinglichina163/sqlrustgo/scripts/gate/check_evidence_binding.sh: command substitution: line 76: `|'
grep: empty (sub)expression
/Users/liying/workspace/dev/yinglichina163/sqlrustgo/scripts/gate/check_evidence_binding.sh: command substitution: line 76: syntax error near unexpected token `|'
/Users/liying/workspace/dev/yinglichina163/sqlrustgo/scripts/gate/check_evidence_binding.sh: command substitution: line 76: `|'
grep: empty (sub)expression
/Users/liying/workspace/dev/yinglichina163/sqlrustgo/scripts/gate/check_evidence_binding.sh: command substitution: line 76: syntax error near unexpected token `|'
/Users/liying/workspace/dev/yinglichina163/sqlrustgo/scripts/gate/check_evidence_binding.sh: command substitution: line 76: `|'
grep: empty (sub)expression
/Users/liying/workspace/dev/yinglichina163/sqlrustgo/scripts/gate/check_evidence_binding.sh: command substitution: line 76: syntax error near unexpected token `|'
/Users/liying/workspace/dev/yinglichina163/sqlrustgo/scripts/gate/check_evidence_binding.sh: command substitution: line 76: `|'
grep: empty (sub)expression
/Users/liying/workspace/dev/yinglichina163/sqlrustgo/scripts/gate/check_evidence_binding.sh: command substitution: line 76: syntax error near unexpected token `|'
/Users/liying/workspace/dev/yinglichina163/sqlrustgo/scripts/gate/check_evidence_binding.sh: command substitution: line 76: `|'
grep: empty (sub)expression
/Users/liying/workspace/dev/yinglichina163/sqlrustgo/scripts/gate/check_evidence_binding.sh: command substitution: line 76: syntax error near unexpected token `|'
/Users/liying/workspace/dev/yinglichina163/sqlrustgo/scripts/gate/check_evidence_binding.sh: command substitution: line 76: `|'
grep: empty (sub)expression
/Users/liying/workspace/dev/yinglichina163/sqlrustgo/scripts/gate/check_evidence_binding.sh: command substitution: line 76: syntax error near unexpected token `|'
/Users/liying/workspace/dev/yinglichina163/sqlrustgo/scripts/gate/check_evidence_binding.sh: command substitution: line 76: `|'
grep: empty (sub)expression
/Users/liying/workspace/dev/yinglichina163/sqlrustgo/scripts/gate/check_evidence_binding.sh: command substitution: line 76: syntax error near unexpected token `|'
/Users/liying/workspace/dev/yinglichina163/sqlrustgo/scripts/gate/check_evidence_binding.sh: command substitution: line 76: `|'
grep: empty (sub)expression
/Users/liying/workspace/dev/yinglichina163/sqlrustgo/scripts/gate/check_evidence_binding.sh: command substitution: line 76: syntax error near unexpected token `|'
/Users/liying/workspace/dev/yinglichina163/sqlrustgo/scripts/gate/check_evidence_binding.sh: command substitution: line 76: `|'
grep: empty (sub)expression
/Users/liying/workspace/dev/yinglichina163/sqlrustgo/scripts/gate/check_evidence_binding.sh: command substitution: line 76: syntax error near unexpected token `|'
/Users/liying/workspace/dev/yinglichina163/sqlrustgo/scripts/gate/check_evidence_binding.sh: command substitution: line 76: `|'
grep: empty (sub)expression
/Users/liying/workspace/dev/yinglichina163/sqlrustgo/scripts/gate/check_evidence_binding.sh: command substitution: line 76: syntax error near unexpected token `|'
/Users/liying/workspace/dev/yinglichina163/sqlrustgo/scripts/gate/check_evidence_binding.sh: command substitution: line 76: `|'
grep: empty (sub)expression
/Users/liying/workspace/dev/yinglichina163/sqlrustgo/scripts/gate/check_evidence_binding.sh: command substitution: line 76: syntax error near unexpected token `|'
/Users/liying/workspace/dev/yinglichina163/sqlrustgo/scripts/gate/check_evidence_binding.sh: command substitution: line 76: `|'
grep: empty (sub)expression
/Users/liying/workspace/dev/yinglichina163/sqlrustgo/scripts/gate/check_evidence_binding.sh: command substitution: line 76: syntax error near unexpected token `|'
/Users/liying/workspace/dev/yinglichina163/sqlrustgo/scripts/gate/check_evidence_binding.sh: command substitution: line 76: `|'
grep: empty (sub)expression
/Users/liying/workspace/dev/yinglichina163/sqlrustgo/scripts/gate/check_evidence_binding.sh: command substitution: line 76: syntax error near unexpected token `|'
/Users/liying/workspace/dev/yinglichina163/sqlrustgo/scripts/gate/check_evidence_binding.sh: command substitution: line 76: `|'
grep: empty (sub)expression
/Users/liying/workspace/dev/yinglichina163/sqlrustgo/scripts/gate/check_evidence_binding.sh: command substitution: line 76: syntax error near unexpected token `|'
/Users/liying/workspace/dev/yinglichina163/sqlrustgo/scripts/gate/check_evidence_binding.sh: command substitution: line 76: `|'
grep: empty (sub)expression
/Users/liying/workspace/dev/yinglichina163/sqlrustgo/scripts/gate/check_evidence_binding.sh: command substitution: line 76: syntax error near unexpected token `|'
/Users/liying/workspace/dev/yinglichina163/sqlrustgo/scripts/gate/check_evidence_binding.sh: command substitution: line 76: `|'
grep: empty (sub)expression
/Users/liying/workspace/dev/yinglichina163/sqlrustgo/scripts/gate/check_evidence_binding.sh: command substitution: line 76: syntax error near unexpected token `|'
/Users/liying/workspace/dev/yinglichina163/sqlrustgo/scripts/gate/check_evidence_binding.sh: command substitution: line 76: `|'
grep: empty (sub)expression
/Users/liying/workspace/dev/yinglichina163/sqlrustgo/scripts/gate/check_evidence_binding.sh: command substitution: line 76: syntax error near unexpected token `|'
/Users/liying/workspace/dev/yinglichina163/sqlrustgo/scripts/gate/check_evidence_binding.sh: command substitution: line 76: `|'
grep: empty (sub)expression
/Users/liying/workspace/dev/yinglichina163/sqlrustgo/scripts/gate/check_evidence_binding.sh: command substitution: line 76: syntax error near unexpected token `|'
/Users/liying/workspace/dev/yinglichina163/sqlrustgo/scripts/gate/check_evidence_binding.sh: command substitution: line 76: `|'
grep: empty (sub)expression
/Users/liying/workspace/dev/yinglichina163/sqlrustgo/scripts/gate/check_evidence_binding.sh: command substitution: line 76: syntax error near unexpected token `|'
/Users/liying/workspace/dev/yinglichina163/sqlrustgo/scripts/gate/check_evidence_binding.sh: command substitution: line 76: `|'
grep: empty (sub)expression
/Users/liying/workspace/dev/yinglichina163/sqlrustgo/scripts/gate/check_evidence_binding.sh: command substitution: line 76: syntax error near unexpected token `|'
/Users/liying/workspace/dev/yinglichina163/sqlrustgo/scripts/gate/check_evidence_binding.sh: command substitution: line 76: `|'
grep: empty (sub)expression
/Users/liying/workspace/dev/yinglichina163/sqlrustgo/scripts/gate/check_evidence_binding.sh: command substitution: line 76: syntax error near unexpected token `|'
/Users/liying/workspace/dev/yinglichina163/sqlrustgo/scripts/gate/check_evidence_binding.sh: command substitution: line 76: `|'
grep: empty (sub)expression
/Users/liying/workspace/dev/yinglichina163/sqlrustgo/scripts/gate/check_evidence_binding.sh: command substitution: line 76: syntax error near unexpected token `|'
/Users/liying/workspace/dev/yinglichina163/sqlrustgo/scripts/gate/check_evidence_binding.sh: command substitution: line 76: `|'
grep: empty (sub)expression
/Users/liying/workspace/dev/yinglichina163/sqlrustgo/scripts/gate/check_evidence_binding.sh: command substitution: line 76: syntax error near unexpected token `|'
/Users/liying/workspace/dev/yinglichina163/sqlrustgo/scripts/gate/check_evidence_binding.sh: command substitution: line 76: `|'
grep: empty (sub)expression
/Users/liying/workspace/dev/yinglichina163/sqlrustgo/scripts/gate/check_evidence_binding.sh: command substitution: line 76: syntax error near unexpected token `|'
/Users/liying/workspace/dev/yinglichina163/sqlrustgo/scripts/gate/check_evidence_binding.sh: command substitution: line 76: `|'
grep: empty (sub)expression
/Users/liying/workspace/dev/yinglichina163/sqlrustgo/scripts/gate/check_evidence_binding.sh: command substitution: line 76: syntax error near unexpected token `|'
/Users/liying/workspace/dev/yinglichina163/sqlrustgo/scripts/gate/check_evidence_binding.sh: command substitution: line 76: `|'
grep: empty (sub)expression
/Users/liying/workspace/dev/yinglichina163/sqlrustgo/scripts/gate/check_evidence_binding.sh: command substitution: line 76: syntax error near unexpected token `|'
/Users/liying/workspace/dev/yinglichina163/sqlrustgo/scripts/gate/check_evidence_binding.sh: command substitution: line 76: `|'
grep: empty (sub)expression
/Users/liying/workspace/dev/yinglichina163/sqlrustgo/scripts/gate/check_evidence_binding.sh: command substitution: line 76: syntax error near unexpected token `|'
/Users/liying/workspace/dev/yinglichina163/sqlrustgo/scripts/gate/check_evidence_binding.sh: command substitution: line 76: `|'
grep: empty (sub)expression
检查: ALPHA_GATE_CONTRACT.md...
/Users/liying/workspace/dev/yinglichina163/sqlrustgo/scripts/gate/check_evidence_binding.sh: command substitution: line 76: syntax error near unexpected token `|'
/Users/liying/workspace/dev/yinglichina163/sqlrustgo/scripts/gate/check_evidence_binding.sh: command substitution: line 76: `|'
grep: empty (sub)expression
/Users/liying/workspace/dev/yinglichina163/sqlrustgo/scripts/gate/check_evidence_binding.sh: command substitution: line 76: syntax error near unexpected token `|'
/Users/liying/workspace/dev/yinglichina163/sqlrustgo/scripts/gate/check_evidence_binding.sh: command substitution: line 76: `|'
grep: empty (sub)expression
/Users/liying/workspace/dev/yinglichina163/sqlrustgo/scripts/gate/check_evidence_binding.sh: command substitution: line 76: syntax error near unexpected token `|'
/Users/liying/workspace/dev/yinglichina163/sqlrustgo/scripts/gate/check_evidence_binding.sh: command substitution: line 76: `|'
grep: empty (sub)expression
/Users/liying/workspace/dev/yinglichina163/sqlrustgo/scripts/gate/check_evidence_binding.sh: command substitution: line 76: syntax error near unexpected token `|'
/Users/liying/workspace/dev/yinglichina163/sqlrustgo/scripts/gate/check_evidence_binding.sh: command substitution: line 76: `|'
grep: empty (sub)expression
/Users/liying/workspace/dev/yinglichina163/sqlrustgo/scripts/gate/check_evidence_binding.sh: command substitution: line 76: syntax error near unexpected token `|'
/Users/liying/workspace/dev/yinglichina163/sqlrustgo/scripts/gate/check_evidence_binding.sh: command substitution: line 76: `|'
grep: empty (sub)expression
/Users/liying/workspace/dev/yinglichina163/sqlrustgo/scripts/gate/check_evidence_binding.sh: command substitution: line 76: syntax error near unexpected token `|'
/Users/liying/workspace/dev/yinglichina163/sqlrustgo/scripts/gate/check_evidence_binding.sh: command substitution: line 76: `|'
grep: empty (sub)expression
/Users/liying/workspace/dev/yinglichina163/sqlrustgo/scripts/gate/check_evidence_binding.sh: command substitution: line 76: syntax error near unexpected token `|'
/Users/liying/workspace/dev/yinglichina163/sqlrustgo/scripts/gate/check_evidence_binding.sh: command substitution: line 76: `|'
grep: empty (sub)expression
/Users/liying/workspace/dev/yinglichina163/sqlrustgo/scripts/gate/check_evidence_binding.sh: command substitution: line 76: syntax error near unexpected token `|'
/Users/liying/workspace/dev/yinglichina163/sqlrustgo/scripts/gate/check_evidence_binding.sh: command substitution: line 76: `|'
grep: empty (sub)expression
/Users/liying/workspace/dev/yinglichina163/sqlrustgo/scripts/gate/check_evidence_binding.sh: command substitution: line 76: syntax error near unexpected token `|'
/Users/liying/workspace/dev/yinglichina163/sqlrustgo/scripts/gate/check_evidence_binding.sh: command substitution: line 76: `|'
grep: empty (sub)expression
/Users/liying/workspace/dev/yinglichina163/sqlrustgo/scripts/gate/check_evidence_binding.sh: command substitution: line 76: syntax error near unexpected token `|'
/Users/liying/workspace/dev/yinglichina163/sqlrustgo/scripts/gate/check_evidence_binding.sh: command substitution: line 76: `|'
grep: empty (sub)expression
/Users/liying/workspace/dev/yinglichina163/sqlrustgo/scripts/gate/check_evidence_binding.sh: command substitution: line 76: syntax error near unexpected token `|'
/Users/liying/workspace/dev/yinglichina163/sqlrustgo/scripts/gate/check_evidence_binding.sh: command substitution: line 76: `|'
grep: empty (sub)expression
/Users/liying/workspace/dev/yinglichina163/sqlrustgo/scripts/gate/check_evidence_binding.sh: command substitution: line 76: syntax error near unexpected token `|'
/Users/liying/workspace/dev/yinglichina163/sqlrustgo/scripts/gate/check_evidence_binding.sh: command substitution: line 76: `|'
grep: empty (sub)expression
/Users/liying/workspace/dev/yinglichina163/sqlrustgo/scripts/gate/check_evidence_binding.sh: command substitution: line 76: syntax error near unexpected token `|'
/Users/liying/workspace/dev/yinglichina163/sqlrustgo/scripts/gate/check_evidence_binding.sh: command substitution: line 76: `|'
grep: empty (sub)expression
/Users/liying/workspace/dev/yinglichina163/sqlrustgo/scripts/gate/check_evidence_binding.sh: command substitution: line 76: syntax error near unexpected token `|'
/Users/liying/workspace/dev/yinglichina163/sqlrustgo/scripts/gate/check_evidence_binding.sh: command substitution: line 76: `|'
grep: empty (sub)expression
/Users/liying/workspace/dev/yinglichina163/sqlrustgo/scripts/gate/check_evidence_binding.sh: command substitution: line 76: syntax error near unexpected token `|'
/Users/liying/workspace/dev/yinglichina163/sqlrustgo/scripts/gate/check_evidence_binding.sh: command substitution: line 76: `|'
grep: empty (sub)expression
/Users/liying/workspace/dev/yinglichina163/sqlrustgo/scripts/gate/check_evidence_binding.sh: command substitution: line 76: syntax error near unexpected token `|'
/Users/liying/workspace/dev/yinglichina163/sqlrustgo/scripts/gate/check_evidence_binding.sh: command substitution: line 76: `|'
grep: empty (sub)expression
/Users/liying/workspace/dev/yinglichina163/sqlrustgo/scripts/gate/check_evidence_binding.sh: command substitution: line 76: syntax error near unexpected token `|'
/Users/liying/workspace/dev/yinglichina163/sqlrustgo/scripts/gate/check_evidence_binding.sh: command substitution: line 76: `|'
grep: empty (sub)expression
/Users/liying/workspace/dev/yinglichina163/sqlrustgo/scripts/gate/check_evidence_binding.sh: command substitution: line 76: syntax error near unexpected token `|'
/Users/liying/workspace/dev/yinglichina163/sqlrustgo/scripts/gate/check_evidence_binding.sh: command substitution: line 76: `|'
grep: empty (sub)expression
/Users/liying/workspace/dev/yinglichina163/sqlrustgo/scripts/gate/check_evidence_binding.sh: command substitution: line 76: syntax error near unexpected token `|'
/Users/liying/workspace/dev/yinglichina163/sqlrustgo/scripts/gate/check_evidence_binding.sh: command substitution: line 76: `|'
grep: empty (sub)expression
/Users/liying/workspace/dev/yinglichina163/sqlrustgo/scripts/gate/check_evidence_binding.sh: command substitution: line 76: syntax error near unexpected token `|'
/Users/liying/workspace/dev/yinglichina163/sqlrustgo/scripts/gate/check_evidence_binding.sh: command substitution: line 76: `|'
grep: empty (sub)expression
/Users/liying/workspace/dev/yinglichina163/sqlrustgo/scripts/gate/check_evidence_binding.sh: command substitution: line 76: syntax error near unexpected token `|'
/Users/liying/workspace/dev/yinglichina163/sqlrustgo/scripts/gate/check_evidence_binding.sh: command substitution: line 76: `|'
grep: empty (sub)expression
/Users/liying/workspace/dev/yinglichina163/sqlrustgo/scripts/gate/check_evidence_binding.sh: command substitution: line 76: syntax error near unexpected token `|'
/Users/liying/workspace/dev/yinglichina163/sqlrustgo/scripts/gate/check_evidence_binding.sh: command substitution: line 76: `|'
grep: empty (sub)expression
/Users/liying/workspace/dev/yinglichina163/sqlrustgo/scripts/gate/check_evidence_binding.sh: command substitution: line 76: syntax error near unexpected token `|'
/Users/liying/workspace/dev/yinglichina163/sqlrustgo/scripts/gate/check_evidence_binding.sh: command substitution: line 76: `|'
grep: empty (sub)expression
/Users/liying/workspace/dev/yinglichina163/sqlrustgo/scripts/gate/check_evidence_binding.sh: command substitution: line 76: syntax error near unexpected token `|'
/Users/liying/workspace/dev/yinglichina163/sqlrustgo/scripts/gate/check_evidence_binding.sh: command substitution: line 76: `|'
grep: empty (sub)expression
/Users/liying/workspace/dev/yinglichina163/sqlrustgo/scripts/gate/check_evidence_binding.sh: command substitution: line 76: syntax error near unexpected token `|'
/Users/liying/workspace/dev/yinglichina163/sqlrustgo/scripts/gate/check_evidence_binding.sh: command substitution: line 76: `|'
grep: empty (sub)expression
/Users/liying/workspace/dev/yinglichina163/sqlrustgo/scripts/gate/check_evidence_binding.sh: command substitution: line 76: syntax error near unexpected token `|'
/Users/liying/workspace/dev/yinglichina163/sqlrustgo/scripts/gate/check_evidence_binding.sh: command substitution: line 76: `|'
grep: empty (sub)expression
/Users/liying/workspace/dev/yinglichina163/sqlrustgo/scripts/gate/check_evidence_binding.sh: command substitution: line 76: syntax error near unexpected token `|'
/Users/liying/workspace/dev/yinglichina163/sqlrustgo/scripts/gate/check_evidence_binding.sh: command substitution: line 76: `|'
grep: empty (sub)expression
/Users/liying/workspace/dev/yinglichina163/sqlrustgo/scripts/gate/check_evidence_binding.sh: command substitution: line 76: syntax error near unexpected token `|'
/Users/liying/workspace/dev/yinglichina163/sqlrustgo/scripts/gate/check_evidence_binding.sh: command substitution: line 76: `|'
grep: empty (sub)expression
/Users/liying/workspace/dev/yinglichina163/sqlrustgo/scripts/gate/check_evidence_binding.sh: command substitution: line 76: syntax error near unexpected token `|'
/Users/liying/workspace/dev/yinglichina163/sqlrustgo/scripts/gate/check_evidence_binding.sh: command substitution: line 76: `|'
grep: empty (sub)expression
/Users/liying/workspace/dev/yinglichina163/sqlrustgo/scripts/gate/check_evidence_binding.sh: command substitution: line 76: syntax error near unexpected token `|'
/Users/liying/workspace/dev/yinglichina163/sqlrustgo/scripts/gate/check_evidence_binding.sh: command substitution: line 76: `|'
grep: empty (sub)expression
/Users/liying/workspace/dev/yinglichina163/sqlrustgo/scripts/gate/check_evidence_binding.sh: command substitution: line 76: syntax error near unexpected token `|'
/Users/liying/workspace/dev/yinglichina163/sqlrustgo/scripts/gate/check_evidence_binding.sh: command substitution: line 76: `|'
grep: empty (sub)expression
/Users/liying/workspace/dev/yinglichina163/sqlrustgo/scripts/gate/check_evidence_binding.sh: command substitution: line 76: syntax error near unexpected token `|'
/Users/liying/workspace/dev/yinglichina163/sqlrustgo/scripts/gate/check_evidence_binding.sh: command substitution: line 76: `|'
grep: empty (sub)expression
/Users/liying/workspace/dev/yinglichina163/sqlrustgo/scripts/gate/check_evidence_binding.sh: command substitution: line 76: syntax error near unexpected token `|'
/Users/liying/workspace/dev/yinglichina163/sqlrustgo/scripts/gate/check_evidence_binding.sh: command substitution: line 76: `|'
grep: empty (sub)expression
/Users/liying/workspace/dev/yinglichina163/sqlrustgo/scripts/gate/check_evidence_binding.sh: command substitution: line 76: syntax error near unexpected token `|'
/Users/liying/workspace/dev/yinglichina163/sqlrustgo/scripts/gate/check_evidence_binding.sh: command substitution: line 76: `|'
grep: empty (sub)expression
/Users/liying/workspace/dev/yinglichina163/sqlrustgo/scripts/gate/check_evidence_binding.sh: command substitution: line 76: syntax error near unexpected token `|'
/Users/liying/workspace/dev/yinglichina163/sqlrustgo/scripts/gate/check_evidence_binding.sh: command substitution: line 76: `|'
grep: empty (sub)expression
/Users/liying/workspace/dev/yinglichina163/sqlrustgo/scripts/gate/check_evidence_binding.sh: command substitution: line 76: syntax error near unexpected token `|'
/Users/liying/workspace/dev/yinglichina163/sqlrustgo/scripts/gate/check_evidence_binding.sh: command substitution: line 76: `|'
grep: empty (sub)expression
/Users/liying/workspace/dev/yinglichina163/sqlrustgo/scripts/gate/check_evidence_binding.sh: command substitution: line 76: syntax error near unexpected token `|'
/Users/liying/workspace/dev/yinglichina163/sqlrustgo/scripts/gate/check_evidence_binding.sh: command substitution: line 76: `|'
grep: empty (sub)expression
/Users/liying/workspace/dev/yinglichina163/sqlrustgo/scripts/gate/check_evidence_binding.sh: command substitution: line 76: syntax error near unexpected token `|'
/Users/liying/workspace/dev/yinglichina163/sqlrustgo/scripts/gate/check_evidence_binding.sh: command substitution: line 76: `|'
grep: empty (sub)expression
/Users/liying/workspace/dev/yinglichina163/sqlrustgo/scripts/gate/check_evidence_binding.sh: command substitution: line 76: syntax error near unexpected token `|'
/Users/liying/workspace/dev/yinglichina163/sqlrustgo/scripts/gate/check_evidence_binding.sh: command substitution: line 76: `|'
grep: empty (sub)expression
检查: INTEGRATION_GATE_REPORT.md...
/Users/liying/workspace/dev/yinglichina163/sqlrustgo/scripts/gate/check_evidence_binding.sh: command substitution: line 76: syntax error near unexpected token `|'
/Users/liying/workspace/dev/yinglichina163/sqlrustgo/scripts/gate/check_evidence_binding.sh: command substitution: line 76: `|'
grep: empty (sub)expression
/Users/liying/workspace/dev/yinglichina163/sqlrustgo/scripts/gate/check_evidence_binding.sh: command substitution: line 76: syntax error near unexpected token `|'
/Users/liying/workspace/dev/yinglichina163/sqlrustgo/scripts/gate/check_evidence_binding.sh: command substitution: line 76: `|'
grep: empty (sub)expression
/Users/liying/workspace/dev/yinglichina163/sqlrustgo/scripts/gate/check_evidence_binding.sh: command substitution: line 76: syntax error near unexpected token `|'
/Users/liying/workspace/dev/yinglichina163/sqlrustgo/scripts/gate/check_evidence_binding.sh: command substitution: line 76: `|'
grep: empty (sub)expression
/Users/liying/workspace/dev/yinglichina163/sqlrustgo/scripts/gate/check_evidence_binding.sh: command substitution: line 76: syntax error near unexpected token `|'
/Users/liying/workspace/dev/yinglichina163/sqlrustgo/scripts/gate/check_evidence_binding.sh: command substitution: line 76: `|'
grep: empty (sub)expression
/Users/liying/workspace/dev/yinglichina163/sqlrustgo/scripts/gate/check_evidence_binding.sh: command substitution: line 76: syntax error near unexpected token `|'
/Users/liying/workspace/dev/yinglichina163/sqlrustgo/scripts/gate/check_evidence_binding.sh: command substitution: line 76: `|'
grep: empty (sub)expression
/Users/liying/workspace/dev/yinglichina163/sqlrustgo/scripts/gate/check_evidence_binding.sh: command substitution: line 76: syntax error near unexpected token `|'
/Users/liying/workspace/dev/yinglichina163/sqlrustgo/scripts/gate/check_evidence_binding.sh: command substitution: line 76: `|'
grep: empty (sub)expression
/Users/liying/workspace/dev/yinglichina163/sqlrustgo/scripts/gate/check_evidence_binding.sh: command substitution: line 76: syntax error near unexpected token `|'
/Users/liying/workspace/dev/yinglichina163/sqlrustgo/scripts/gate/check_evidence_binding.sh: command substitution: line 76: `|'
grep: empty (sub)expression
/Users/liying/workspace/dev/yinglichina163/sqlrustgo/scripts/gate/check_evidence_binding.sh: command substitution: line 76: syntax error near unexpected token `|'
/Users/liying/workspace/dev/yinglichina163/sqlrustgo/scripts/gate/check_evidence_binding.sh: command substitution: line 76: `|'
grep: empty (sub)expression
/Users/liying/workspace/dev/yinglichina163/sqlrustgo/scripts/gate/check_evidence_binding.sh: command substitution: line 76: syntax error near unexpected token `|'
/Users/liying/workspace/dev/yinglichina163/sqlrustgo/scripts/gate/check_evidence_binding.sh: command substitution: line 76: `|'
grep: empty (sub)expression
/Users/liying/workspace/dev/yinglichina163/sqlrustgo/scripts/gate/check_evidence_binding.sh: command substitution: line 76: syntax error near unexpected token `|'
/Users/liying/workspace/dev/yinglichina163/sqlrustgo/scripts/gate/check_evidence_binding.sh: command substitution: line 76: `|'
grep: empty (sub)expression
/Users/liying/workspace/dev/yinglichina163/sqlrustgo/scripts/gate/check_evidence_binding.sh: command substitution: line 76: syntax error near unexpected token `|'
/Users/liying/workspace/dev/yinglichina163/sqlrustgo/scripts/gate/check_evidence_binding.sh: command substitution: line 76: `|'
grep: empty (sub)expression
/Users/liying/workspace/dev/yinglichina163/sqlrustgo/scripts/gate/check_evidence_binding.sh: command substitution: line 76: syntax error near unexpected token `|'
/Users/liying/workspace/dev/yinglichina163/sqlrustgo/scripts/gate/check_evidence_binding.sh: command substitution: line 76: `|'
grep: empty (sub)expression
/Users/liying/workspace/dev/yinglichina163/sqlrustgo/scripts/gate/check_evidence_binding.sh: command substitution: line 76: syntax error near unexpected token `|'
/Users/liying/workspace/dev/yinglichina163/sqlrustgo/scripts/gate/check_evidence_binding.sh: command substitution: line 76: `|'
grep: empty (sub)expression
/Users/liying/workspace/dev/yinglichina163/sqlrustgo/scripts/gate/check_evidence_binding.sh: command substitution: line 76: syntax error near unexpected token `|'
/Users/liying/workspace/dev/yinglichina163/sqlrustgo/scripts/gate/check_evidence_binding.sh: command substitution: line 76: `|'
grep: empty (sub)expression
/Users/liying/workspace/dev/yinglichina163/sqlrustgo/scripts/gate/check_evidence_binding.sh: command substitution: line 76: syntax error near unexpected token `|'
/Users/liying/workspace/dev/yinglichina163/sqlrustgo/scripts/gate/check_evidence_binding.sh: command substitution: line 76: `|'
grep: empty (sub)expression
/Users/liying/workspace/dev/yinglichina163/sqlrustgo/scripts/gate/check_evidence_binding.sh: command substitution: line 76: syntax error near unexpected token `|'
/Users/liying/workspace/dev/yinglichina163/sqlrustgo/scripts/gate/check_evidence_binding.sh: command substitution: line 76: `|'
grep: empty (sub)expression
/Users/liying/workspace/dev/yinglichina163/sqlrustgo/scripts/gate/check_evidence_binding.sh: command substitution: line 76: syntax error near unexpected token `|'
/Users/liying/workspace/dev/yinglichina163/sqlrustgo/scripts/gate/check_evidence_binding.sh: command substitution: line 76: `|'
grep: empty (sub)expression
/Users/liying/workspace/dev/yinglichina163/sqlrustgo/scripts/gate/check_evidence_binding.sh: command substitution: line 76: syntax error near unexpected token `|'
/Users/liying/workspace/dev/yinglichina163/sqlrustgo/scripts/gate/check_evidence_binding.sh: command substitution: line 76: `|'
grep: empty (sub)expression
/Users/liying/workspace/dev/yinglichina163/sqlrustgo/scripts/gate/check_evidence_binding.sh: command substitution: line 76: syntax error near unexpected token `|'
/Users/liying/workspace/dev/yinglichina163/sqlrustgo/scripts/gate/check_evidence_binding.sh: command substitution: line 76: `|'
grep: empty (sub)expression
检查: INT1_WAL_RECOVERY_RTI_CHAIN.md...
/Users/liying/workspace/dev/yinglichina163/sqlrustgo/scripts/gate/check_evidence_binding.sh: command substitution: line 76: syntax error near unexpected token `|'
/Users/liying/workspace/dev/yinglichina163/sqlrustgo/scripts/gate/check_evidence_binding.sh: command substitution: line 76: `|'
grep: empty (sub)expression
/Users/liying/workspace/dev/yinglichina163/sqlrustgo/scripts/gate/check_evidence_binding.sh: command substitution: line 76: syntax error near unexpected token `|'
/Users/liying/workspace/dev/yinglichina163/sqlrustgo/scripts/gate/check_evidence_binding.sh: command substitution: line 76: `|'
grep: empty (sub)expression
/Users/liying/workspace/dev/yinglichina163/sqlrustgo/scripts/gate/check_evidence_binding.sh: command substitution: line 76: syntax error near unexpected token `|'
/Users/liying/workspace/dev/yinglichina163/sqlrustgo/scripts/gate/check_evidence_binding.sh: command substitution: line 76: `|'
grep: empty (sub)expression
/Users/liying/workspace/dev/yinglichina163/sqlrustgo/scripts/gate/check_evidence_binding.sh: command substitution: line 76: syntax error near unexpected token `|'
/Users/liying/workspace/dev/yinglichina163/sqlrustgo/scripts/gate/check_evidence_binding.sh: command substitution: line 76: `|'
grep: empty (sub)expression
/Users/liying/workspace/dev/yinglichina163/sqlrustgo/scripts/gate/check_evidence_binding.sh: command substitution: line 76: syntax error near unexpected token `|'
/Users/liying/workspace/dev/yinglichina163/sqlrustgo/scripts/gate/check_evidence_binding.sh: command substitution: line 76: `|'
grep: empty (sub)expression
/Users/liying/workspace/dev/yinglichina163/sqlrustgo/scripts/gate/check_evidence_binding.sh: command substitution: line 76: syntax error near unexpected token `|'
/Users/liying/workspace/dev/yinglichina163/sqlrustgo/scripts/gate/check_evidence_binding.sh: command substitution: line 76: `|'
grep: empty (sub)expression
/Users/liying/workspace/dev/yinglichina163/sqlrustgo/scripts/gate/check_evidence_binding.sh: command substitution: line 76: syntax error near unexpected token `|'
/Users/liying/workspace/dev/yinglichina163/sqlrustgo/scripts/gate/check_evidence_binding.sh: command substitution: line 76: `|'
grep: empty (sub)expression
/Users/liying/workspace/dev/yinglichina163/sqlrustgo/scripts/gate/check_evidence_binding.sh: command substitution: line 76: syntax error near unexpected token `|'
/Users/liying/workspace/dev/yinglichina163/sqlrustgo/scripts/gate/check_evidence_binding.sh: command substitution: line 76: `|'
grep: empty (sub)expression
/Users/liying/workspace/dev/yinglichina163/sqlrustgo/scripts/gate/check_evidence_binding.sh: command substitution: line 76: syntax error near unexpected token `|'
/Users/liying/workspace/dev/yinglichina163/sqlrustgo/scripts/gate/check_evidence_binding.sh: command substitution: line 76: `|'
grep: empty (sub)expression
/Users/liying/workspace/dev/yinglichina163/sqlrustgo/scripts/gate/check_evidence_binding.sh: command substitution: line 76: syntax error near unexpected token `|'
/Users/liying/workspace/dev/yinglichina163/sqlrustgo/scripts/gate/check_evidence_binding.sh: command substitution: line 76: `|'
grep: empty (sub)expression
/Users/liying/workspace/dev/yinglichina163/sqlrustgo/scripts/gate/check_evidence_binding.sh: command substitution: line 76: syntax error near unexpected token `|'
/Users/liying/workspace/dev/yinglichina163/sqlrustgo/scripts/gate/check_evidence_binding.sh: command substitution: line 76: `|'
grep: empty (sub)expression
/Users/liying/workspace/dev/yinglichina163/sqlrustgo/scripts/gate/check_evidence_binding.sh: command substitution: line 76: syntax error near unexpected token `|'
/Users/liying/workspace/dev/yinglichina163/sqlrustgo/scripts/gate/check_evidence_binding.sh: command substitution: line 76: `|'
grep: empty (sub)expression

Report: /Users/liying/workspace/dev/yinglichina163/sqlrustgo/artifacts/gate/v3.8.0/EVIDENCE_BINDING_REPORT.md
PASS=98, WARN=150, FAIL=530, UNVERIFIED=503

❌ Evidence binding check FAILED - 发现 530 个违规
