1	13378707.239999998
10	6433776.51
100	9131099.530000001
1000	12324528.870000001
10000	5402983.529999999
10001	6261453.28
10002	8509881.040000001
10003	12109118.71
10004	8791011.02
10005	4657576.489999999
10006	9105851.09
10007	18011259.38
10008	15734056.579999998
10009	14585073.95
1001	11501267.899999999
10010	14600352.25
10011	8773829.91
10012	20914410.11
10013	9007071.19
10014	5869221.7
10015	12024925.9
10016	17523552.389999997
10017	14171146.97
10018	12098710.74
10019	16926097.810000002
1002	5540610.31
10020	15334758.57
10021	11417916.339999998
10022	8884888.809999999
10023	3209724.88
10024	14491090.299999999
10025	17283594.369999997
10026	4238023.53
10027	14240798.75
10028	19181828.41
10029	6099912.87
1003	15359125.209999999
10030	10034911.879999999
10031	7813538.8
10032	3467412.65
10033	10431679.139999999
10034	12634121.09
10035	2862386.8500000006
10036	3675807.36
10037	5339608.16
10038	19026045.82
10039	21007276.21
1004	1521087.6199999999
10040	1203138.25
10041	13952716.350000001
10042	9355741.370000001
10043	15498064.579999998
10044	6651467.18
10045	13216236.4
10046	13967567.04
10047	16422689.819999997
10048	10611352.600000001
10049	8623788.540000001
1005	3630891.3600000003
10050	9468581.03
10051	24127882.830000002
10052	8753393.52
10053	13678660.360000001
10054	14074629.56
10055	5963836.27
10056	13206834.44
10057	14332088.530000001
10058	7633219.17
10059	10292095.68
1006	18912375.4
10060	10029849.649999999
10061	5924260.88
10062	13519823.89
10063	21589186.810000002
10064	14574697.7
10065	14414802.85
10066	11112903.15
10067	2618235.76
10068	6562595.6899999995
10069	12391152.24
1007	11611674.350000001
10070	3146267.9499999997
10071	15793420.87
10072	5495494.5
10073	9568306.690000001
10074	10557841.18
10075	10331030.52
10076	10621214.290000001
10077	5934098.24
10078	6997480.64
10079	9742665.75
1008	6250304.359999999
10080	15853914.79
10081	13283805.309999999
10082	14310436.66
10083	3940622.9299999997
10084	11599000.49
10085	6822815.539999999
10086	10763574.85
10087	16776518.689999998
10088	5015148.66
10089	4500389.26
1009	17099180.66
10090	5336696.85
10091	7926649.120000001
10092	16153456.2
10093	9089503.959999999
10094	17838100.05
10095	10122963.85
10096	7790320.8100000005
10097	12517838.669999998
10098	6237129.46
10099	16519918.05
101	8521762
1010	4921861.6
10100	10910361.25
10101	9850802.370000001
10102	3768374.22
10103	11122968.93
10104	10099990.29
10105	10143747.959999999
10106	7251623.130000001
10107	12401581.990000002
10108	6884945.21
10109	8841365.46
1011	19992515.839999996
10110	11051301.82
10111	18812385.2
10112	8398213.04
10113	5401305.8
10114	9483417.74
10115	5877655.82
10116	13750890.559999999
10117	13219483.81
10118	13940917.52
10119	13525332.370000001
1012	7123953.879999999
10120	6824704.949999999
10121	5634130.83
10122	12961041.100000001
10123	5329107.25
10124	10660356.9
10125	4486910.0600000005
10126	3875159.9000000004
10127	13897864.45
10128	6367177.26
10129	13093046.58
1013	13623084.829999998
10130	11157076.419999998
10131	9295551.239999998
10132	12150209.23
10133	7787073.4799999995
10134	8678319.350000001
10135	6407219.4399999995
10136	8891571.89
10137	8104537.389999999
10138	6841548.6899999995
10139	6768922.0600000005
1014	6901371.83
10140	3598964.96
10141	12447994.24
10142	5664461.99
10143	4167012.33
10144	4669192.8
10145	11050777.729999999
10146	12106607.39
10147	8970198.24
10148	12499625.13
10149	23738525.72
1015	18035684.92
10150	11188621.93
10151	17028909.03
10152	15173626.399999999
10153	18347107.1
10154	4179936.7
10155	10343633.98
10156	4890841.26
10157	13010053.67
10158	8444863.09
10159	25214949.83
1016	8737495.82
10160	15698268.870000001
10161	3396910.1000000006
10162	12341670.849999998
10163	8355380.06
10164	9678772.030000001
10165	4541740.63
10166	6434657.55
10167	19994775.220000003
10168	11571450.07
10169	8113393.9399999995
1017	11454952.14
10170	11919105.739999998
10171	5361159.699999999
10172	10637713.4
10173	6803144.779999999
10174	4655709.98
10175	6959456.97
10176	7621334.69
10177	8603888.08
10178	2869082.9899999998
10179	7310740.5
1018	2322696.1300000004
10180	17774953.51
10181	16653891.280000001
10182	14316437.239999998
10183	14654159.37
10184	5386829.09
10185	12091922.370000001
10186	8385018.94
10187	11964170.34
10188	6241960.92
10189	16890334.3
1019	4289864.85
10190	1895321.6099999999
10191	3562247.42
10192	1716695.73
10193	8980148.34
10194	13165190.67
10195	10278894.2
10196	12272470.5
10197	4439995.380000001
10198	8683517.26
10199	12233353.620000003
102	11515542.11
1020	11142195.19
10200	11568635.68
10201	13878510.69
10202	18643672.759999998
10203	5810532.08
10204	1826220.29
10205	11747888.6
10206	9013322.85
10207	700732.49
10208	9623766.379999999
10209	13222277.48
1021	12755522.4
10210	5401087.600000001
10211	15096162.08
10212	10486658.959999999
10213	7384586.359999999
10214	5469711.23
10215	9178728.34
10216	4337279.62
10217	18734757.02
10218	16135112.650000002
10219	19893862.880000003
1022	13688069.43
10220	10739610.92
10221	5582599.09
10222	5963854.04
10223	9924552.120000001
10224	9673088.860000001
10225	6325269.119999999
10226	5842493.88
10227	5604357.4
10228	18320911.37
10229	4074034.0300000003
1023	11013005.5
10230	8029656.98
10231	10036829.44
10232	4469660.37
10233	10332506.360000001
10234	10229965.190000001
10235	9597195.64
10236	12196849.649999999
10237	11218419.01
10238	6199688.61
10239	12302612.75
1024	14165136.379999999
10240	17389418.64
10241	5433999.3
10242	3666320.84
10243	7643368.17
10244	12485168.75
10245	5887491.05
10246	8126738.77
10247	15166698.930000002
10248	16047392.6
10249	13104175.24
1025	5261469.58
10250	11902616.319999998
10251	10059620.27
10252	10679098.57
10253	8625139.709999999
10254	6710773.859999999
10255	11702257.73
10256	4915476.61
10257	6351020.59
10258	7391941.56
10259	12027934.15
1026	6872252.86
10260	12219401.87
10261	5258652.949999999
10262	4135519.17
10263	3997000.23
10264	11255431.509999998
10265	11284248.27
10266	4734309.55
10267	13465345.120000001
10268	4575265.94
10269	15945953.309999999
1027	8622217.9
10270	4991915.79
10271	15738958.71
10272	8493550.74
10273	5993884.659999999
10274	9835705.73
10275	18154072.11
10276	17339176.11
10277	5955540.5
10278	10419362.620000001
10279	18036476.76
1028	5920517.52
10280	3620579.1300000004
10281	15957656.87
10282	7123657.439999999
10283	6909503.05
10284	3957529.1300000004
10285	5927042.08
10286	5197898.28
10287	21400177.21
10288	10550185.65
10289	8668776
1029	11527407.46
10290	8135296.23
10291	15642410.06
10292	4343201.85
10293	12140084.789999997
10294	8669335.6
10295	6940760.62
10296	11876795.69
10297	7518244.0600000005
10298	5771729.109999999
10299	10433993.750000002
103	10691221.600000001
1030	14617826.68
10300	12210257.28
10301	6774349.029999999
10302	7853938.789999999
10303	15194122.54
10304	18254744.42
10305	3574020.53
10306	4484775.399999999
10307	12527279.440000001
10308	8866505.26
10309	5726986.640000001
1031	17438069.400000002
10310	11025876.71
10311	3363614.75
10312	7934583.289999999
10313	5220685.949999999
10314	15535872.469999999
10315	8807166.530000001
10316	1634531.95
10317	6238446.3
10318	5074895.37
10319	17043846.6
1032	9211875.15
10320	11081234.51
10321	5204069.340000001
10322	5325130.58
10323	7584139.18
10324	8457844.49
10325	13646608.48
10326	7559092.0600000005
10327	11956695.629999999
10328	2485103.48
10329	14886861.7
1033	9360828.22
10330	11794624.190000001
10331	12723225.280000001
10332	10404222.46
10333	4425387.72
10334	12927818.48
10335	5057291.33
10336	9672980.489999998
10337	4023659.91
10338	4166066.84
10339	5193442.989999999
1034	8808474.76
10340	3652863.52
10341	9839597.770000001
10342	7112280.609999999
10343	5908234.62
10344	7236101.529999999
10345	19821525.37
10346	10491415.249999998
10347	12771439.809999999
10348	12808717.65
10349	5074814.4
1035	13647442.250000002
10350	1361178.51
10351	18580284.299999997
10352	3040522.3
10353	14949472.47
10354	12359748.4
10355	10152691.53
10356	15228865.93
10357	6570531.750000001
10358	18801474.34
10359	6198762.91
1036	7284992.580000001
10360	13473162.52
10361	5352311.92
10362	8641941.49
10363	2500631.97
10364	11557031.27
10365	2382811.23
10366	6044142.520000001
10367	5004444.57
10368	16083403.08
10369	6453927.719999999
1037	1750052.15
10370	7100494.28
10371	1963622.8800000001
10372	8089145.029999999
10373	7073590.66
10374	13018371.629999999
10375	7775959.659999999
10376	4869221.640000001
10377	10967424.350000001
10378	15008817.5
10379	15051727.42
1038	2758952.4299999997
10380	15887154.469999999
10381	9963469.3
10382	5848213.96
10383	14484571.13
10384	13144734.129999999
10385	8536555.33
10386	7117380.529999999
10387	8464549.860000001
10388	3085317.639999999
10389	6556715.9
1039	6210248.949999999
10390	14712180.870000001
10391	11439827.309999999
10392	18643902.880000003
10393	10192454.24
10394	7339502.069999999
10395	15950427.74
10396	18602503.190000005
10397	8774572.52
10398	14041482.12
10399	8254813.35
104	6134341.85
1040	6541211.62
10400	5555758.2
10401	3967988.9999999995
10402	9484358.78
10403	6944062.09
10404	5689024.989999999
10405	7586259.029999999
10406	11573990.77
10407	18232785.450000003
10408	6853765.920000001
10409	10076770.46
1041	8446581.42
10410	13775417.14
10411	20158700.740000002
10412	15248668.32
10413	5979737.59
10414	6644914.3
10415	11989966.190000001
10416	8734622.92
10417	13973881.42
10418	9484961.01
10419	15890918.02
1042	13360674.89
10420	21172822.94
10421	1810762.0899999999
10422	10218184.690000001
10423	18442949.68
10424	14481648.84
10425	3014696.0500000003
10426	11631991.72
10427	10158425.51
10428	8035698.779999999
10429	10650595.44
1043	18722366.78
10430	13060421.969999999
10431	12712161.939999998
10432	13952957.79
10433	11260804.65
10434	7652800.45
10435	6770314.359999999
10436	9356999.58
10437	6595261.26
10438	17107982.169999998
10439	9247278.129999999
1044	17479432.64
10440	11096179.869999997
10441	11928036.67
10442	15974919.51
10443	11908090.8
10444	1909818.19
10445	12138291.68
10446	5083376.140000001
10447	8800459.64
10448	8499929.129999999
10449	10159123.94
1045	6707911.370000001
10450	12664567.42
10451	14201204.73
10452	5030601.03
10453	5606978.0200000005
10454	12379091.43
10455	2927252
10456	17572957.4
10457	17530315.509999998
10458	9054048.610000001
10459	10845870.48
1046	9720265.34
10460	10952912.5
10461	12494439.12
10462	8464192.08
10463	2551540.77
10464	6561376.44
10465	10268055.010000002
10466	9698053.780000001
10467	13182556.549999999
10468	10462439.56
10469	7276256.79
1047	11324285.049999999
10470	7639781.81
10471	1186235.72
10472	9606272.87
10473	5322368.76
10474	5748750.279999999
10475	12083366.34
10476	17110140.430000003
10477	12931719.78
10478	14098650.91
10479	7552871
1048	6740798.04
10480	5230437.6
10481	12756915.920000002
10482	6496664.28
10483	12413276.67
10484	6020049.26
10485	3675265.8
10486	4275194.62
10487	7371294.529999999
10488	8140029.739999999
10489	14342131.09
1049	7031662.720000001
10490	12690418.86
10491	12254328.700000001
10492	18744168.410000004
10493	13794308.159999998
10494	7452854.18
10495	7047076.09
10496	9154225.02
10497	7875232.37
10498	9801402.57
10499	24140715.020000003
105	15053163.809999999
1050	4453467.38
10500	13896359.03
10501	9096081.99
10502	14738900.09
10503	7411926.76
10504	20090997.86
10505	9753387.450000001
10506	6726189.3
10507	7835366.1899999995
10508	5816854.89
10509	5839595.94
1051	6011981.68
10510	12428404.569999998
10511	17277631.26
10512	6949416.32
10513	12365974.530000001
10514	8057755.539999999
10515	9816121.879999999
10516	2835844.02
10517	2755495.35
10518	6813518.75
10519	3851165.3699999996
1052	21186892.5
10520	10776117.07
10521	14666123.63
10522	6008681.5
10523	3062977.98
10524	7074339.01
10525	15094915.09
10526	11505340.02
10527	6327796.68
10528	15381550.31
10529	1486973.26
1053	6858218.5
10530	9801439.79
10531	13561720.770000001
10532	9476366.370000001
10533	9721015.04
10534	11231400.86
10535	7097628.59
10536	15770531.63
10537	8690991.38
10538	7659974.289999999
10539	5198965.33
1054	13200073.64
10540	14003472.61
10541	9387686.73
10542	6169585.529999999
10543	5099998.75
10544	16460167.870000001
10545	12472132.53
10546	9425283.39
10547	12783788.469999999
10548	8449699.77
10549	11834413.510000002
1055	16988523.169999998
10550	7381087.17
10551	11211603.81
10552	12882022.7
10553	6678721.7299999995
10554	11653903.989999998
10555	6629420.4399999995
10556	22959296.97
10557	4787148.899999999
10558	10659542.219999999
10559	7356188.18
1056	7053642.460000001
10560	9477701.28
10561	19209327.12
10562	10995244.16
10563	9181600.790000001
10564	22000795.200000003
10565	14859034.059999999
10566	17177305.65
10567	6368173.13
10568	10951544.51
10569	7760942.32
1057	10205495.75
10570	3864295.4899999998
10571	8280582.59
10572	15281696.079999998
10573	6040989.0200000005
10574	2177523.92
10575	7156262.600000001
10576	7305990.9
10577	12142346.61
10578	3607605.8600000003
10579	16853077.43
1058	7252313
10580	15512293.93
10581	24194959.229999997
10582	7604103.92
10583	22721565.720000003
10584	10305013.71
10585	5753497.75
10586	4615517.12
10587	13684758.66
10588	4955167.7
10589	6620255.44
1059	8018376.57
10590	18576477.29
10591	15949140.319999998
10592	8472435.34
10593	9532368.04
10594	12111106.860000001
10595	8336302.67
10596	14144915.549999999
10597	8200480.18
10598	16296103.24
10599	12798311.07
106	9869361.73
1060	18550546.41
10600	7213064.84
10601	11566772.46
10602	14098301.91
10603	16206672
10604	14881914.04
10605	13435571.489999998
10606	6710645
10607	5327750.96
10608	3564905.42
10609	10910371.12
1061	13724976.92
10610	9373367.43
10611	9202543.35
10612	16774393.600000001
10613	3380693.6499999994
10614	6987174.61
10615	10856145.93
10616	8709256.84
10617	12875577.09
10618	9198921.280000001
10619	11302211.5
1062	7972287.849999999
10620	11764203.61
10621	9482035.93
10622	10097522.940000001
10623	12709000.28
10624	19966869.2
10625	8404721.42
10626	7954581.51
10627	11920200.830000002
10628	2264236.7
10629	15890810.79
1063	3686699.3099999996
10630	12974576.73
10631	18457220.9
10632	18617752.369999997
10633	17815353.92
10634	10327724.870000001
10635	19996853.59
10636	10445543.93
10637	8880610.04
10638	4726547.970000001
10639	9409034.32
1064	9014855.7
10640	4621950.79
10641	8128219.7299999995
10642	9922220.68
10643	9670423.4
10644	10086267.42
10645	6507624
10646	12723244.91
10647	11222447.790000001
10648	11185057.2
10649	3184261.51
1065	15437509.370000001
10650	6752358.57
10651	15533736.45
10652	8044382.780000001
10653	14589665.6
10654	14664660.75
10655	11363334.49
10656	6369960.33
10657	9362327.79
10658	18618056.01
10659	7177489.659999999
1066	10295692.090000002
10660	10130443.54
10661	12740187.44
10662	15447808.97
10663	6108905.66
10664	9926871.969999999
10665	9999783.700000001
10666	9977595.3
10667	10028229.889999999
10668	13636553.89
10669	9099981.73
1067	4312753.649999999
10670	5576623.6
10671	6600539.9399999995
10672	5439717.73
10673	5313288.72
10674	16834325.99
10675	13770131.76
10676	9029538
10677	7924103.090000001
10678	15756184.280000001
10679	15859984.860000001
1068	7128538.12
10680	3172487.48
10681	7449360.66
10682	9571924.209999999
10683	6764636
10684	14386108.91
10685	15164468.439999998
10686	9588981.080000002
10687	16516895.08
10688	10617335.09
10689	11544710.98
1069	13617458.43
10690	7012405.410000001
10691	1964001.7000000002
10692	7263255.739999999
10693	11676682.320000002
10694	10806433.360000001
10695	6110513.379999999
10696	2910420.9
10697	11789230.42
10698	11134446.879999999
10699	12627842.080000002
107	7082828.68
1070	15542276.879999999
10700	12344324.34
10701	9856647.77
10702	4575866.43
10703	12365918.62
10704	5702759.9
10705	3903744.81
10706	6768859.6
10707	8682889.47
10708	6363861.99
10709	8994859.16
1071	13961863.370000001
10710	11586392.49
10711	18544273.689999998
10712	4471491.949999999
10713	20533085.84
10714	13615990.14
10715	10013798.27
10716	3223947.64
10717	10216126.969999999
10718	6208847.63
10719	11234307.700000001
1072	4791597.78
10720	9244209.5
10721	6391797.710000001
10722	11919921.13
10723	14039408.340000002
10724	6142445.43
10725	15675328.16
10726	7327163.34
10727	7770281.48
10728	7617291.71
10729	4940974.42
1073	3213077.24
10730	14777223.9
10731	7888668.680000001
10732	11455454.989999998
10733	17386802.76
10734	4295870.3
10735	16583642.87
10736	7869239.319999999
10737	11852580.490000002
10738	9489153.83
10739	8487583.719999999
1074	10649691.96
10740	12455228.39
10741	8013294.9399999995
10742	4210150.03
10743	12728237.2
10744	15857476.399999999
10745	10662553.549999999
10746	2949392.6599999997
10747	10669653.92
10748	14325297.170000002
10749	18244211.1
1075	6096130.08
10750	2843723.25
10751	3608197.2
10752	10431004.690000001
10753	16136657.8
10754	9713937.22
10755	7603196.67
10756	12990079.54
10757	15415586.68
10758	12172170.920000002
10759	5294457.51
1076	9798836.320000002
10760	13669205.96
10761	8762046.04
10762	8002884.430000001
10763	7422206.5
10764	11954828.41
10765	11111368.879999999
10766	8880251.98
10767	13234742.309999999
10768	11904328.46
10769	19341942.14
1077	5725911.68
10770	20429175.47
10771	10783318.07
10772	6314564.33
10773	10796397.350000001
10774	15781584.489999998
10775	5760845.199999999
10776	7439723.19
10777	4985802.449999999
10778	4969081.62
10779	8978094.33
1078	11497736.42
10780	887129.09
10781	12025607.95
10782	9618603.11
10783	9016454.31
10784	3759398.0300000003
10785	9069411.04
10786	13558204.9
10787	8916915.87
10788	11889912.969999999
10789	12933932.270000001
1079	14687553.799999999
10790	10977785.15
10791	9999647.5
10792	14927465.67
10793	4290005.01
10794	10585348.799999999
10795	4334955.78
10796	9445493.420000002
10797	10677877.94
10798	10044050.91
10799	16507120.02
108	9868370.309999999
1080	5895382.75
10800	8431626.209999999
10801	12215455.68
10802	4048043.2699999996
10803	7211855.07
10804	7313095.12
10805	5642178.070000001
10806	6788658.32
10807	21432948.89
10808	6694236.099999999
10809	7706630.65
1081	19937990.1
10810	10585956.87
10811	12093730.34
10812	5157800.630000001
10813	5150078.1
10814	15006537
10815	4339948.09
10816	7005376.53
10817	9965216.19
10818	6151270.4
10819	13058780.979999999
1082	12267014.64
10820	8693943.850000001
10821	12705623.23
10822	13100902.100000001
10823	14039660.54
10824	11028595.61
10825	14292150.16
10826	6013485.75
10827	9769706.74
10828	7859832.989999999
10829	6303652.14
1083	17692841.82
10830	16518599.78
10831	16136755.08
10832	11734278.63
10833	7635322.319999999
10834	7283066.359999999
10835	6146701.510000001
10836	15812923.250000002
10837	7313671.47
10838	13911929.1
10839	16877336.66
1084	17714775.849999998
10840	2157590.1500000004
10841	8642604.51
10842	1375214.26
10843	14148320.32
10844	3965241.74
10845	12262931.45
10846	8323960.619999999
10847	8716423.2
10848	14088260.610000001
10849	16375132.059999999
1085	10338598.07
10850	12118958.209999999
10851	10906644.48
10852	4928718.02
10853	4070511.5799999996
10854	5036810.75
10855	5646625.79
10856	9810761.629999999
10857	14140989.190000001
10858	14299121.65
10859	13018362.719999999
1086	6102458.869999999
10860	6825381.970000001
10861	10137533.580000002
10862	18685742.21
10863	13211021.48
10864	9646374.27
10865	12118769.31
10866	12296239.99
10867	1796824.84
10868	9029638.19
10869	12744295.83
1087	11298066.629999999
10870	5860438.59
10871	6735027.36
10872	10661246.2
10873	9906214.14
10874	9627929.07
10875	8735682.200000001
10876	11468452.660000002
10877	7623880.25
10878	6121003.45
10879	7394743.390000001
1088	5294733.9
10880	8649638.540000001
10881	2488672.1599999997
10882	7454693.23
10883	5851675.27
10884	12395491.44
10885	4083700.56
10886	10381363.6
10887	12311592.83
10888	7190757.540000001
10889	9707313.64
1089	11537503.500000002
10890	15053560.16
10891	15569608.36
10892	894891.8899999999
10893	6066985.21
10894	15534699.040000001
10895	19330078.12
10896	11794241.780000001
10897	9107193.709999999
10898	10154953.72
10899	7429473.289999998
109	15054682.62
1090	10918761.92
10900	12139417.26
10901	8243345.160000001
10902	6373429.180000001
10903	13511004.169999998
10904	16921155.130000003
10905	15098680.479999999
10906	9582320.08
10907	4189574.7300000004
10908	16596543.16
10909	13381904.3
1091	12338218.59
10910	7416315.68
10911	10969061.89
10912	3836854.9099999997
10913	9545184.08
10914	11533100.4
10915	10215829.59
10916	11968982.51
10917	17535506.49
10918	10389621.81
10919	14976445.64
1092	3303454.4
10920	10311947.74
10921	5327486.09
10922	12753861.690000001
10923	9300953.31
10924	4278293.2299999995
10925	9155511.010000002
10926	8467972.24
10927	9591844.64
10928	4965737.71
10929	21061318
1093	8013154.33
10930	6025140.94
10931	11580458.92
10932	6966379.02
10933	5814165.9
10934	3651140.7
10935	8575514.4
10936	9404568.59
10937	13878593.71
10938	9682297.2
10939	2671950.2899999996
1094	4865683.38
10940	3987937.08
10941	16021123.329999998
10942	14997180.42
10943	16470561.95
10944	11468450.97
10945	9015350.419999998
10946	14736969.200000001
10947	7596212.129999999
10948	8230658.53
10949	9851756.74
1095	6056094.250000001
10950	6213159.02
10951	4022133.23
10952	16196997.8
10953	6686982.16
10954	4906558.970000001
10955	9417457.48
10956	7661453.06
10957	7101224.82
10958	13770499.090000002
10959	7181912.8
1096	11156119.71
10960	11094714.3
10961	16366530.34
10962	8577406.010000002
10963	9323637.26
10964	7597878.27
10965	5302922.06
10966	9877423.43
10967	27054600.240000002
10968	8292326.5600000005
10969	6577264.949999999
1097	11541349.25
10970	3962700.42
10971	3431993.9799999995
10972	5819673.81
10973	13415915.59
10974	918200.5599999999
10975	11181856.190000001
10976	11157364.35
10977	15644180.319999998
10978	12289807.610000001
10979	4993727.369999999
1098	13618366.030000001
10980	9688720.71
10981	7888149.76
10982	15961308
10983	10239035.27
10984	11778438.439999998
10985	12356554.370000001
10986	9409474.45
10987	11794244.09
10988	13646892.969999999
10989	18044847.28
1099	3053573.4400000004
10990	13398214.959999997
10991	19312548.35
10992	2812645.26
10993	10208970.629999999
10994	10325184.23
10995	9453933.610000001
10996	10936787.07
10997	17925315.39
10998	1969813.2500000002
10999	14982304.82
11	12007151.56
110	5261352.11
1100	24580969.03
11000	6419151.01
11001	3553304.57
11002	5800658.43
11003	6862931.040000001
11004	14708333.370000001
11005	4857195.52
11006	7865464.120000001
11007	4530438.390000001
11008	7280979.52
11009	11898121.69
1101	9978149.45
11010	3107292.26
11011	13452741.99
11012	4120154.01
11013	10899969.659999998
11014	10505980.11
11015	4393230.0600000005
11016	8023158.1
11017	4641244.890000001
11018	11721340.889999999
11019	3602378.6500000004
1102	12091847.61
11020	21273933.869999997
11021	16232479.95
11022	15988091.7
11023	19578595.57
11024	4305264.03
11025	10638470.17
11026	13903504.54
11027	15371103.729999999
11028	5160057.1
11029	15745806.389999999
1103	9225258.25
11030	3663076.92
11031	14537796.56
11032	11589434.67
11033	14292694.89
11034	5280506.58
11035	9514081.42
11036	8422925.07
11037	4675302.44
11038	16157012.16
11039	5400617.4
1104	19383622.84
11040	19735291.009999998
11041	7654242.46
11042	7254969.1
11043	5316932.84
11044	6208010.239999999
11045	8380730.4799999995
11046	5404790.88
11047	8825620.01
11048	14861372.209999999
11049	9442717.11
1105	2377641.37
11050	9408148.38
11051	4225814.5200000005
11052	6717268.46
11053	8057415.140000001
11054	16822960
11055	1996341.15
11056	11548169.91
11057	22860886.310000002
11058	2618473.7800000003
11059	7339120.409999999
1106	13518444.11
11060	5172126.15
11061	8031447.659999999
11062	9776972.54
11063	8168783.67
11064	8822742.22
11065	1993992.3
11066	5288285.48
11067	3716959.71
11068	3366165.07
11069	8657032.21
1107	11884598.4
11070	13915190.34
11071	10551364.73
11072	2890171.76
11073	17626045.410000004
11074	10453724.98
11075	4243097.99
11076	2420834.65
11077	1294479.29
11078	14509707.95
11079	6680094.57
1108	15053067.86
11080	9071877.47
11081	9442027.9
11082	10040862.059999999
11083	6623509.17
11084	13843890.709999999
11085	7251090.300000001
11086	2598163.12
11087	12297119.47
11088	9710707.91
11089	2611166.09
1109	5058297.85
11090	7987629.72
11091	4301809.04
11092	8006312.3100000005
11093	22055399.909999996
11094	5890244.9799999995
11095	11822214.93
11096	7874718.0600000005
11097	13446468.13
11098	11655640.77
11099	15933700.610000001
111	17083882.62
1110	15112381.08
11100	5440307.75
11101	16053182.370000001
11102	13442078.8
11103	11098227.32
11104	13392388.77
11105	8277041.350000001
11106	7988393.140000001
11107	8122722.94
11108	7866134.13
11109	4824565.99
1111	6962749.1
11110	6943589.16
11111	10784021.700000001
11112	8933311.45
11113	7682102.51
11114	8204148.12
11115	10581916.8
11116	14596702.45
11117	11388717.62
11118	5376452.52
11119	16878509.89
1112	4714276.02
11120	8642699.94
11121	3108823.7
11122	8462809.4
11123	10339467.88
11124	6986839.059999999
11125	10428225.6
11126	4368946.38
11127	10437873.280000001
11128	17573682.080000002
11129	10174412.82
1113	8104275.21
11130	11826678.58
11131	9108516.26
11132	7000149.7299999995
11133	8036875.629999999
11134	4669099.43
11135	3283548.5199999996
11136	5566133.7
11137	13075103.729999999
11138	8048119.840000001
11139	20754581.130000003
1114	11502617.55
11140	7685297.27
11141	12082230.420000002
11142	11946079.74
11143	9690020.89
11144	4651996.390000001
11145	10414356.870000001
11146	11095846.27
11147	10734261.76
11148	5332414.3
11149	4873378.029999999
1115	9405861.040000001
11150	19311675.169999998
11151	17042547.87
11152	8818671.94
11153	8696268.66
11154	15342926.64
11155	9765432.82
11156	4680558.2299999995
11157	6531904.06
11158	3531928.2399999998
11159	6933238.640000001
1116	7661511.08
11160	15317496.96
11161	5178848.81
11162	5189098.529999999
11163	6981295.6499999985
11164	17027259.82
11165	10151747.47
11166	11206503.32
11167	10092999.11
11168	11128016.629999999
11169	15721413.6
1117	10854488.919999998
11170	7907555.970000001
11171	4050676.2199999997
11172	5397444.289999999
11173	2999152.4
11174	7582005.719999999
11175	10506875.69
11176	7933857.74
11177	11949171.75
11178	22526277.24
11179	8760348.35
1118	9940772.639999999
11180	5855500.27
11181	3770302.77
11182	16302143.52
11183	14874426.3
11184	16129592.77
11185	11943512.68
11186	8880426.030000001
11187	16396565.27
11188	16433794.379999999
11189	9030261.23
1119	6186511.300000001
11190	14646427.48
11191	7509237.58
11192	13756667.579999998
11193	4969382.88
11194	9458581.459999999
11195	17305092.92
11196	11603559.129999999
11197	8877826.459999999
11198	7093238.71
11199	8637892.780000001
112	12349579.75
1120	14715931.010000002
11200	7022359.6899999995
11201	19710817.16
11202	6768256.569999999
11203	10852416.08
11204	20222111.71
11205	10105778.85
11206	18043191.53
11207	17709091.58
11208	11290781.06
11209	12715788.389999999
1121	7109418.22
11210	10109328.25
11211	14195435.92
11212	20351856.82
11213	14164061.02
11214	12145338.71
11215	9612905.47
11216	14289673.49
11217	8727002.1
11218	18350709.729999997
11219	13609344.02
1122	11052282.8
11220	5289318.95
11221	5560046.5600000005
11222	12791786.620000001
11223	7536054.850000001
11224	16396669.630000003
11225	5551323.04
11226	15181520.120000001
11227	7092108.219999999
11228	13902283.16
11229	15873032.95
1123	7989604.91
11230	7384552.68
11231	5860239.77
11232	7451420.770000001
11233	10967258.49
11234	6896963.7299999995
11235	11258364.71
11236	13841600.309999999
11237	7617131.690000001
11238	5011308.119999999
11239	8613183.47
1124	7724179.469999999
11240	13533908.370000001
11241	22065568.540000003
11242	7732120.0200000005
11243	11281804.240000002
11244	4830589.37
11245	5157507.29
11246	10349123.88
11247	13721734.780000001
11248	9293723.21
11249	11049686.74
1125	13667003.88
11250	10686936.280000001
11251	13578288.27
11252	7173003.62
11253	6867179.359999999
11254	8389587.23
11255	11358590.45
11256	8541633.96
11257	14468097
11258	16475680.830000002
11259	9374677.4
1126	7153520.41
11260	5715279.18
11261	12418073.32
11262	4595890.91
11263	6648296.15
11264	2614041.98
11265	13661603.7
11266	13915732.549999999
11267	16172741.11
11268	14557019.57
11269	10580546.89
1127	10771472.859999998
11270	13172079.67
11271	4716250.43
11272	4477800.43
11273	20507514.810000002
11274	6247840.85
11275	8744495.48
11276	11003802.98
11277	8900500.72
11278	7925151.569999999
11279	8801354.290000001
1128	11253589.180000002
11280	19911803.36
11281	1199198.04
11282	13309740.8
11283	11144168.08
11284	5319530.07
11285	16670545.83
11286	7714828.23
11287	6583435.35
11288	12533308.139999999
11289	15802309.82
1129	9019787.649999999
11290	4837063.6
11291	7171205.79
11292	12334346.64
11293	15303875.97
11294	2265612.73
11295	6878148.359999999
11296	13241988.5
11297	13413987.33
11298	15820799.079999998
11299	20688124.58
113	8405217.959999999
1130	12127052.690000001
11300	8882423.82
11301	10240015.43
11302	12091484.030000001
11303	13475693.139999997
11304	22650404
11305	6232478.99
11306	4431630.04
11307	11422414.299999999
11308	2439534.35
11309	11396782.4
1131	6962245.4
11310	11085154.66
11311	9694687.030000001
11312	7588499.809999999
11313	13425216.260000002
11314	9092025.919999998
11315	11205990.04
11316	12038456.04
11317	20796437.36
11318	8718632.690000001
11319	13523188.98
1132	14782263.8
11320	13534700.930000002
11321	8518493.129999999
11322	4220455.6
11323	9192376.89
11324	9792639.8
11325	7260506.319999999
11326	12932694.399999999
11327	12233807.11
11328	9984266.41
11329	3855176.4399999995
1133	8306793.710000001
11330	11277189.65
11331	16545947.49
11332	2281386.48
11333	5157316.12
11334	916918.85
11335	7318091.97
11336	4776011.18
11337	12047432.969999999
11338	9566837.66
11339	4225906.17
1134	16882638.459999997
11340	11345662.799999999
11341	10955238.22
11342	8039161.209999999
11343	7377659.41
11344	7617712.46
11345	4203917.58
11346	6158167.62
11347	11501964.73
11348	15502948.71
11349	5679461.94
1135	7389884.77
11350	10814750.84
11351	12806154.49
11352	16173843.28
11353	10466000.35
11354	2949722.58
11355	6194597.08
11356	14454234.100000001
11357	5904883.640000001
11358	15824597.329999998
11359	5104081.7
1136	8620001.45
11360	4563343.279999999
11361	12535896.29
11362	520849.22000000003
11363	11398491.530000001
11364	16116983.97
11365	11235373.43
11366	11608576.96
11367	7559831.210000001
11368	10990781.03
11369	9637265.76
1137	9652384.83
11370	6354498.55
11371	15090489.030000001
11372	7280050.2
11373	8523656.72
11374	6862893.68
11375	7804874.18
11376	15858741.250000002
11377	12632499.4
11378	11312995
11379	3746297.4099999997
1138	8924999.68
11380	14340130.75
11381	13245585.32
11382	6975594.879999999
11383	8974623.459999999
11384	11739727.99
11385	8340105.3500000015
11386	20117299.14
11387	12840120.8
11388	8304018.109999999
11389	10632686.54
1139	2304924.95
11390	15342432.02
11391	16306819.700000001
11392	18561572.650000002
11393	9503761.5
11394	9997528.14
11395	15019851.399999999
11396	4818959.07
11397	12120778.2
11398	6227126.89
11399	9240741.69
114	7832023.280000001
1140	16454604.73
11400	9995333.290000001
11401	7745431.220000001
11402	8409162.620000001
11403	5676710.17
11404	10667722.6
11405	14004222.420000002
11406	7994409.48
11407	10514833.45
11408	7233655.09
11409	19383892.700000003
1141	13283601.709999999
11410	11431991.620000001
11411	15418643.58
11412	10952208.92
11413	21175626.79
11414	6548749.72
11415	14859323.79
11416	5706599.0600000005
11417	13903343.34
11418	10920434.809999999
11419	14921315.530000001
1142	4056684.52
11420	7161374.73
11421	10049868.85
11422	10052816.8
11423	19996253.049999997
11424	10498380.139999999
11425	5218445.65
11426	7868833.35
11427	20183883.35
11428	3715231.58
11429	9177186.809999999
1143	6653453.6
11430	14200405.110000001
11431	8970715.2
11432	10272362.690000001
11433	13587899.900000002
11434	5580681.170000001
11435	10106042.51
11436	6890753.91
11437	8306071.96
11438	1243279.6099999999
11439	5189313
1144	22229017.980000004
11440	4527971.44
11441	7850542.98
11442	10514100.13
11443	6216297.58
11444	2833419.04
11445	12020150.95
11446	9605022.74
11447	6640000.1899999995
11448	5587541.75
11449	3586263.3000000003
1145	14581704.559999999
11450	18316624.54
11451	15743977.280000001
11452	5737687.010000001
11453	5371176.96
11454	18133188.84
11455	7842204.02
11456	8547267.77
11457	2827994.98
11458	19714260.740000002
11459	11212472.74
1146	10900317.83
11460	12289511.16
11461	4857744.02
11462	18759515.27
11463	8098958.469999999
11464	14114108.85
11465	5009607.72
11466	4631438.82
11467	12682180.5
11468	11637825.790000001
11469	10790470.75
1147	3020905.66
11470	11131064.19
11471	16175549.06
11472	17666419.7
11473	4251453.92
11474	6438995.88
11475	7460336.17
11476	10556694.83
11477	15344749.53
11478	11626316.96
11479	12693109.959999999
1148	7732216.33
11480	8163443.7
11481	7071879.319999999
11482	14831828.55
11483	8542471.38
11484	14821037.650000002
11485	8952362.299999999
11486	10435901.69
11487	12383462.07
11488	9371357.129999999
11489	3858926.83
1149	14543876.97
11490	8787356.139999999
11491	8962600.85
11492	10014913.690000001
11493	11522287.26
11494	9644997.2
11495	4068551.05
11496	12723907.48
11497	5049408.3
11498	16019583.52
11499	10156661.36
115	7954624
1150	4987636.81
11500	12717787.190000001
11501	28020289.93
11502	14413825.14
11503	19540668.58
11504	4403131.07
11505	11382839.1
11506	12438672.17
11507	7938738.44
11508	13459814.5
11509	13117459.69
1151	16671839.27
11510	8545677.200000001
11511	8793437.75
11512	10511548.66
11513	7001838.15
11514	6212700.42
11515	10727880.649999999
11516	11612882.14
11517	9153142.35
11518	6163971.78
11519	12999625.1
1152	3531943.55
11520	9259869.45
11521	5279058.71
11522	13008288.74
11523	14294194.150000002
11524	15754060.209999999
11525	6507747.35
11526	5276340.100000001
11527	11391582.96
11528	15159240.469999999
11529	5412088.079999999
1153	5826751.069999999
11530	8666244.5
11531	3082039.6399999997
11532	14798958.870000001
11533	7068550.359999999
11534	11194256.76
11535	14426964.16
11536	13840811.75
11537	6514612.13
11538	7055021.29
11539	10826231.98
1154	12137582.73
11540	9512487.29
11541	9886668.52
11542	10099784.28
11543	13997816.86
11544	12400144.23
11545	9917738.2
11546	6643337.33
11547	10157074.76
11548	9462902.69
11549	9824448.870000001
1155	2767948.0100000002
11550	10394048.920000002
11551	13970193.940000001
11552	5446923.1899999995
11553	12092736.26
11554	8221482.16
11555	9715731.149999999
11556	11227988.23
11557	1100560.85
11558	9598742.649999999
11559	14657800.490000002
1156	3179920.4
11560	9489687.76
11561	3608669.43
11562	13556793.18
11563	3475869.38
11564	6378146.74
11565	6442919.71
11566	15919487.469999999
11567	7589794.36
11568	10244955.51
11569	6712539.01
1157	11942424.36
11570	6181461.67
11571	5358035.920000001
11572	7969341.82
11573	10745929.08
11574	8563717.48
11575	9392116.55
11576	6537019.66
11577	13243813.95
11578	10302809.959999999
11579	9848410.93
1158	14761436.880000003
11580	14061707.56
11581	11994201.73
11582	14130838.250000002
11583	14785239.150000002
11584	9711096.65
11585	5747747.66
11586	7446246.38
11587	7449901.119999999
11588	7952377.880000001
11589	7422981.23
1159	4611418.45
11590	7615056.49
11591	7361024.119999999
11592	8877929.19
11593	19150131.96
11594	11810195.44
11595	12290232.209999999
11596	17389827.52
11597	6864050.140000001
11598	12333679.349999998
11599	10712086.239999998
116	14432091.339999998
1160	9150180.44
11600	6353077.040000001
11601	16228522.620000001
11602	2804867.31
11603	7860161.250000001
11604	15656129.24
11605	5725672.029999999
11606	6554646.6899999995
11607	10819230.06
11608	13553399.75
11609	4519724.96
1161	15765576.66
11610	3178760.68
11611	11299228.549999999
11612	17523944.869999997
11613	8599609.18
11614	6519359.88
11615	13720525.79
11616	12312291.14
11617	5469992.180000001
11618	4839674.0600000005
11619	9873615.26
1162	10126877.93
11620	6482408.99
11621	7591773.210000001
11622	11589691.12
11623	6876450.050000001
11624	3595730.0300000003
11625	9191274.6
11626	10817848.64
11627	14031799.92
11628	11094826.24
11629	4011362.71
1163	5011421
11630	20053444.189999998
11631	9028263.67
11632	18918028.36
11633	6784706.1
11634	14916927.55
11635	7058157.75
11636	14509820.7
11637	12618459.62
11638	10378313.66
11639	9446216.1
1164	22353008.36
11640	12676120.77
11641	12131370.3
11642	8330394.25
11643	8726227.29
11644	12620300.3
11645	10912469.07
11646	13045822.729999999
11647	7365010.659999999
11648	5079077.220000001
11649	7414341.84
1165	7763867.11
11650	11521353.320000002
11651	12323799.379999999
11652	7281160
11653	7117781.359999999
11654	4572997.6899999995
11655	4505112.08
11656	8498800.32
11657	12023525.44
11658	11687149.810000002
11659	9679351.37
1166	9564148.010000002
11660	10376276.14
11661	12078068.99
11662	10415626.01
11663	13114804.04
11664	5458521.15
11665	8478777.35
11666	14386425.080000002
11667	3973575.17
11668	11726132.64
11669	7685874.409999999
1167	16075816.81
11670	12312252.07
11671	13420407.370000001
11672	14644994.499999998
11673	13734510.99
11674	9605111.86
11675	15490834.620000001
11676	10439283.799999999
11677	22874837.09
11678	5582639.41
11679	5590657.15
1168	20120018
11680	7559998.95
11681	4776924.430000001
11682	13945436.62
11683	6023745.300000001
11684	13879948.19
11685	4569638.97
11686	10401223.46
11687	15019948.04
11688	10687341.430000002
11689	7251124.89
1169	10835759.66
11690	10685921.92
11691	11062588.02
11692	8439848.5
11693	8022806.01
11694	2506946.49
11695	10097362.32
11696	4196127.86
11697	7327952.0600000005
11698	13182805.45
11699	14880982.55
117	9408426.72
1170	6307699.3100000005
11700	6585079.76
11701	11942462.399999999
11702	7797997.220000001
11703	10045951.74
11704	14336295.17
11705	10894728.02
11706	16063145.15
11707	10068608.14
11708	4942615.9
11709	12943892.389999999
1171	6239024.74
11710	7883281.22
11711	14450527.24
11712	11193943.95
11713	12864331.07
11714	16048999.9
11715	14472652.749999998
11716	4967953.89
11717	12775540.649999999
11718	11121923.54
11719	3029674.65
1172	4020420.9699999997
11720	8030041.51
11721	5002274.000000001
11722	11198741.09
11723	11756478.29
11724	9832982.83
11725	3282281.8
11726	11518202.129999999
11727	6453818.44
11728	11185580.46
11729	7186805.53
1173	18667721.53
11730	6652445.41
11731	9713641.95
11732	21362930.66
11733	9677001.639999999
11734	14480823.7
11735	12761948.7
11736	9152738.229999999
11737	10136623.04
11738	4748412.26
11739	7296966.69
1174	6674936.470000001
11740	13216419.57
11741	2328015.49
11742	16581983.02
11743	19383487.549999997
11744	10208705.38
11745	13310516.42
11746	9882655.66
11747	2837136.9000000004
11748	16341403.84
11749	7589255.53
1175	10594440.35
11750	14699456.180000002
11751	11165107.469999999
11752	9319879.440000001
11753	5173466.8
11754	2937305.01
11755	4482586.08
11756	4231922.42
11757	7457103.93
11758	6976822.909999999
11759	11800411.16
1176	10409960.41
11760	20995179.31
11761	8796714.82
11762	14575307.09
11763	11036124.59
11764	10337233.559999999
11765	9678186.079999998
11766	7627144.02
11767	7552145.73
11768	2970043.44
11769	5673455.16
1177	11127945.3
11770	5126661.92
11771	4268559.680000001
11772	2990595.5799999996
11773	15629485.43
11774	10031992.56
11775	21903949.6
11776	6380035.890000001
11777	12990437.68
11778	10911382.620000003
11779	4380592.34
1178	17767530.400000002
11780	6915053.28
11781	8429663.74
11782	7170861.18
11783	11067319.07
11784	12668159.87
11785	15880788.549999999
11786	3327204.3599999994
11787	13454015.48
11788	10618833.26
11789	16246663.41
1179	13596539.8
11790	4979354.6899999995
11791	9462289.1
11792	11127072.89
11793	7460835.0200000005
11794	9918332.600000001
11795	14554265.01
11796	9406086.11
11797	9646160.7
11798	13116048.29
11799	10319316.13
118	9622756.149999999
1180	1615553.85
11800	11033452.89
11801	7224603.569999999
11802	8649585.030000001
11803	8797233.84
11804	12127053.249999998
11805	4910839.029999999
11806	7790249.45
11807	7561899.12
11808	15149401.49
11809	12836014.07
1181	11419483.52
11810	13778588.1
11811	9064802.89
11812	19694578.51
11813	12618992.1
11814	11561150.370000001
11815	7089813.25
11816	21141014.14
11817	8742818.440000001
11818	13572433.01
11819	7711921.02
1182	6822243.989999999
11820	1905011.07
11821	2392104
11822	8964711.91
11823	2763636.24
11824	7235011.28
11825	10770626.26
11826	19973530.490000002
11827	4085011.38
11828	7472496.65
11829	9567139.41
1183	8460638.06
11830	17888078.47
11831	10661249.33
11832	8418879.29
11833	14161214.83
11834	5092054.91
11835	3026706.0599999996
11836	4000694.89
11837	9506287.870000001
11838	3717609.8000000003
11839	3228919.2800000003
1184	6633130.2700000005
11840	9722858.56
11841	6762487.160000001
11842	12043351.799999999
11843	7221711.39
11844	12925141.450000001
11845	4808789.99
11846	9776465.04
11847	12549191.44
11848	13772857.39
11849	13855556.059999999
1185	13330921.370000001
11850	6967473.930000001
11851	16087805.75
11852	7844074.930000001
11853	3913330.38
11854	11746037.07
11855	14828890.89
11856	16507788.310000002
11857	14970879.530000001
11858	6989860.42
11859	8145305.83
1186	10718707.530000001
11860	9324873.87
11861	15632870.45
11862	3018328.11
11863	7023396.460000001
11864	4885336.949999999
11865	11665565.979999999
11866	13659529.620000001
11867	5656813.41
11868	15486540.46
11869	10521639.42
1187	4268169.79
11870	13978731.55
11871	14767267.060000002
11872	5163100.08
11873	13381121.080000002
11874	10763536.86
11875	3192271.39
11876	10966326.45
11877	9881611.27
11878	7665522.43
11879	9880077.780000001
1188	8412953.219999999
11880	11284561.07
11881	12653897.06
11882	11785935.3
11883	8541327.790000001
11884	10209185.709999999
11885	14887435.64
11886	3566939.38
11887	6530222.27
11888	14317427.1
11889	2394337.5300000003
1189	8018397.28
11890	7776410.22
11891	13109005.44
11892	4282228.63
11893	7979937.5
11894	13370052.16
11895	6717074.699999999
11896	6916415.199999999
11897	6400489.58
11898	9289624.15
11899	23751329.529999997
119	4954403.4799999995
1190	5149989.41
11900	8515651.08
11901	6628641.7700000005
11902	18025483.759999998
11903	10166754.3
11904	5771557.55
11905	2160534.52
11906	8260860.609999999
11907	8534546.68
11908	6751613.67
11909	10434445.12
1191	5561114.6
11910	4473553.850000001
11911	11963710.079999998
11912	4826825.55
11913	11168231.07
11914	9660763.67
11915	9417306.65
11916	4533015.17
11917	15294931.25
11918	13499181.49
11919	7915814.17
1192	7796655.620000001
11920	14685928.299999999
11921	10124648.1
11922	6303968.46
11923	6619528.0200000005
11924	12038869.18
11925	9329517.760000002
11926	21613409.57
11927	6254465.2700000005
11928	7088551.779999999
11929	5082439.649999999
1193	5489511.93
11930	18656566.27
11931	7354707.200000001
11932	9171312.57
11933	9814865.51
11934	12567706.61
11935	11513671.700000001
11936	10002793.11
11937	12274384.919999998
11938	14519936.559999999
11939	7695620
1194	9144966.08
11940	4758778.069999999
11941	7502326.68
11942	10517539.08
11943	10873047.559999999
11944	10231251.07
11945	10278375.66
11946	21612266.02
11947	7778639.380000001
11948	12578654.379999999
11949	13766908.559999999
1195	9615853.57
11950	8107519.24
11951	15665826.59
11952	11327239.32
11953	9160494.06
11954	1761725.98
11955	9422653.99
11956	4133788.21
11957	9265170.49
11958	9990409.81
11959	9750127.98
1196	2516313.4200000004
11960	13889885.58
11961	16399345.440000001
11962	5934565.899999999
11963	8248822.58
11964	3663922.91
11965	6739216.13
11966	13381863.4
11967	11272892.339999998
11968	13676053.850000001
11969	3425550.5099999993
1197	9445133.94
11970	18134014.45
11971	2055155.9700000002
11972	14300659.23
11973	4049305.6900000004
11974	7933533.75
11975	9563574.01
11976	9088382.4
11977	5656414.459999999
11978	13225440.86
11979	2163911.54
1198	9405265.959999999
11980	6313261.97
11981	5763493.27
11982	6721522.279999999
11983	15101344.989999998
11984	6424341.6899999995
11985	4892274.78
11986	7383002.49
11987	6409170.17
11988	12724003.43
11989	7834659.52
1199	10131119.47
11990	8975294.91
11991	5911558.140000001
11992	12853045.67
11993	1577508.7100000002
11994	12106186.09
11995	7689209.15
11996	6961962.1
11997	16476933.840000002
11998	10031296.83
11999	11339687.379999999
12	10108587.4
120	6920857.09
1200	3056109.31
12000	20070676.999999996
12001	4851915.04
12002	9584714.77
12003	6393601.129999999
12004	9536903.98
12005	11613929.760000002
12006	10253575.54
12007	24294536.880000003
12008	7294346.5
12009	14878150.24
1201	7285951.88
12010	3320910.07
12011	11166602.84
12012	3095430.64
12013	8687395.25
12014	6495743.58
12015	14219062.43
12016	4518654.02
12017	11570863.13
12018	10071505.57
12019	7095495.319999999
1202	4252518.14
12020	16115209.329999998
12021	7324156.0200000005
12022	15565241.040000001
12023	13249106.23
12024	11239563.18
12025	3312183.5599999996
12026	8897965.26
12027	6931171.18
12028	11220174.68
12029	15813704.340000002
1203	10082126.04
12030	19303862.98
12031	7836686.29
12032	11918312.82
12033	14722570.440000001
12034	11328432.99
12035	13082171.030000001
12036	17465851.83
12037	8138918.21
12038	8738291.510000002
12039	13224850.86
1204	4104745.4000000004
12040	8894426.92
12041	13399073.730000002
12042	7405577.85
12043	6436873.15
12044	2993616.84
12045	9681607.29
12046	10006368.65
12047	5633702.56
12048	8876883.01
12049	6282399.83
1205	13170383.01
12050	6712947.9
12051	13156449.16
12052	19230414.369999997
12053	13259583.399999999
12054	11881025.260000002
12055	14570931.79
12056	12919146.889999999
12057	6767785.9
12058	5084380.13
12059	10283345.27
1206	3078330.0100000002
12060	13775354.329999998
12061	5526186.969999999
12062	10276709.26
12063	12057936.910000002
12064	7518864.5600000005
12065	10625097.39
12066	9622815.459999999
12067	8078509.050000001
12068	14781506.3
12069	5775560.75
1207	11685909.94
12070	6764564.92
12071	11527130.07
12072	7028795.3
12073	5586770.33
12074	7196167.62
12075	7163697.06
12076	6598156.44
12077	17727414.869999997
12078	10188469.76
12079	13582094.48
1208	14149756.469999999
12080	11449525.07
12081	3849147.54
12082	6355559.609999999
12083	8647653.69
12084	7997725.73
12085	3137701.2299999995
12086	3202244.17
12087	6962902.62
12088	10714400.06
12089	14668186.43
1209	2256616.47
12090	8000696.069999999
12091	8755548.5
12092	11131491.51
12093	13065394.14
12094	8170788.899999999
12095	13078327.41
12096	7889457.649999999
12097	16981575.76
12098	18403514.97
12099	3896645.64
121	14200326.05
1210	8346047.08
12100	9715955.66
12101	5198775.109999999
12102	10358703.11
12103	6893543.579999999
12104	11797012.190000001
12105	9036613.47
12106	8274237.879999999
12107	7594550.2299999995
12108	10569231.02
12109	7259956.78
1211	4623113.4
12110	13165119.59
12111	11901862.02
12112	9539806.06
12113	13973370.66
12114	4914051.6
12115	15254183.86
12116	10775365.969999999
12117	10484584.61
12118	8523708.96
12119	11700640.950000001
1212	9474448.410000002
12120	13860755.25
12121	5018632.9399999995
12122	4838615.15
12123	10361850
12124	11622734.55
12125	9811798.17
12126	4547333.07
12127	19146891.72
12128	5985152.81
12129	10809861.64
1213	19597896.959999997
12130	4914644.87
12131	6661438.03
12132	5822035.4
12133	16109379.12
12134	11152252.78
12135	9166690.829999998
12136	8542490.670000002
12137	9077808.46
12138	7860705.720000001
12139	9392002.059999999
1214	12967245.920000002
12140	6974001.99
12141	13586290.65
12142	2947707.1
12143	7027577.52
12144	8201032.24
12145	9467837.16
12146	14879874.7
12147	24820905.36
12148	11287007.870000001
12149	4938147
1215	7342022.69
12150	4591446.2
12151	4842276.699999999
12152	14436045.66
12153	18565492.3
12154	9112476.92
12155	13631615.64
12156	8787140.459999999
12157	15002415.100000001
12158	17041306.560000002
12159	9935309.31
1216	11672403.24
12160	12633917.74
12161	8383235.149999999
12162	5593721.7299999995
12163	13801777.32
12164	16213003.629999999
12165	8232614.84
12166	12498122.379999999
12167	5179642.890000001
12168	14856295
12169	16725654.200000001
1217	9874353.030000001
12170	7823260.640000001
12171	21292143.94
12172	14814715.4
12173	11168037.14
12174	5312356.75
12175	19174270.72
12176	10174350.799999999
12177	11221292.52
12178	11659594.530000001
12179	20759790.9
1218	20574145.439999998
12180	12745010.85
12181	21622393.909999996
12182	11730709.66
12183	5944861.52
12184	6929466.36
12185	6364597.37
12186	16470496.74
12187	6384664.079999999
12188	5606751.62
12189	10438190.28
1219	8161851.71
12190	7173399.68
12191	10385917.459999999
12192	5295457.35
12193	15647256.42
12194	12053650.12
12195	4288875.24
12196	3120452.5600000005
12197	8086845.94
12198	5737246.42
12199	4796607.8
122	6812763.34
1220	4752367.17
12200	3769001.0700000003
12201	15982756.530000001
12202	9428940.719999999
12203	7580284.859999999
12204	6298885.07
12205	8113540.98
12206	11693381.89
12207	7767538.8
12208	10779685.34
12209	7595871.9399999995
1221	17450544.64
12210	2305261.71
12211	10253376.82
12212	9026443.08
12213	15513163.79
12214	9486622.2
12215	7055597.209999999
12216	8560562.209999999
12217	16860119.7
12218	6429253.95
12219	12835512.080000002
1222	14273708.509999998
12220	9870205.07
12221	8423997.46
12222	10402232.34
12223	10586655.270000001
12224	9400242.57
12225	9773410.430000002
12226	11734307.530000001
12227	17787415.610000003
12228	10903044.01
12229	11111851.040000001
1223	9996812.74
12230	8127524.6899999995
12231	12936275.69
12232	9210913.71
12233	5951018.85
12234	15792442.310000002
12235	2290912.49
12236	9098297.559999999
12237	5537216.44
12238	10858304.73
12239	18949043.08
1224	7290646.680000001
12240	16127353.24
12241	9541228.58
12242	4109581.45
12243	9353945.34
12244	3939992.96
12245	13827948.84
12246	11647828.08
12247	3328124.73
12248	5774231.94
12249	4447602.640000001
1225	11262865.57
12250	10716145.67
12251	6651929.06
12252	10527994.03
12253	9536263.94
12254	3253240.3000000003
12255	4727158.43
12256	8521023.39
12257	10306508.489999998
12258	5323777.600000001
12259	7965965.029999999
1226	17759983.21
12260	19971963.889999997
12261	10936874.46
12262	11003379.46
12263	18080298.169999998
12264	12093925.999999998
12265	13993051.72
12266	7861863.02
12267	2994207.6300000004
12268	5558878.890000001
12269	8293976.36
1227	12154052.629999999
12270	5597923.42
12271	18018935.03
12272	11029820.05
12273	11175581.5
12274	10505664.21
12275	9040093.790000001
12276	8512157.74
12277	7842313.359999999
12278	9912913.68
12279	7414931.32
1228	8976042.61
12280	10552356.08
12281	8062344.930000001
12282	6822141.73
12283	5060331.580000001
12284	5476623.02
12285	2432665.04
12286	8379762.920000001
12287	10971920.799999999
12288	9351807.61
12289	18892572.48
1229	3835200.73
12290	14813370.48
12291	7782513.789999999
12292	13727963.59
12293	5138045.170000001
12294	11298760.5
12295	12117357.26
12296	7630784.63
12297	5981470.04
12298	2948868.4699999997
12299	5812753.540000001
123	7049500.720000001
1230	9917276.559999999
12300	8698315.7
12301	5629352.4799999995
12302	11578983.740000002
12303	3861657.13
12304	8038752
12305	13401721.28
12306	11279080.95
12307	15634781.2
12308	15724371.63
12309	8201137.880000001
1231	9814189.23
12310	11256799.17
12311	12383790.52
12312	9116050.14
12313	6940336.399999999
12314	9736938.33
12315	4689750.64
12316	8363002.299999999
12317	12158618.600000001
12318	17736358.740000002
12319	4380592.640000001
1232	11217681.16
12320	16038526.190000001
12321	12393624.2
12322	4499181.489999999
12323	12277684.620000001
12324	6798710.239999999
12325	4217084.0600000005
12326	9270031.9
12327	11429481.780000001
12328	5847077.66
12329	7930219.859999999
1233	10606818.86
12330	7696470.630000001
12331	9180955.47
12332	10936886.28
12333	6328754.62
12334	3644877.07
12335	5491094.419999999
12336	2950189.3
12337	11707668.989999998
12338	14273998.120000001
12339	1469532.79
1234	8202136.819999999
12340	11638846.780000001
12341	13203319.33
12342	2294551.2199999997
12343	13054459.730000002
12344	15607819.899999999
12345	8365671.319999999
12346	4758000.4
12347	6407738.88
12348	11430417.51
12349	8577872.41
1235	5531350.140000001
12350	5290734.82
12351	13428209.4
12352	12321400.16
12353	4833189
12354	24482707.419999998
12355	9151266.280000001
12356	9170910.610000001
12357	4498213.7
12358	15432116.76
12359	4879647.260000001
1236	15156959.029999997
12360	10107391.59
12361	17283021.490000002
12362	9378052.33
12363	18896180.17
12364	11726727.920000002
12365	10723850.75
12366	10391000.34
12367	24925378.330000002
12368	7335777.16
12369	11176693.48
1237	10247453.440000001
12370	2889742.08
12371	12777617.389999999
12372	12986873.88
12373	7848339.71
12374	11792416.13
12375	10113142.33
12376	16875884.37
12377	10215132.459999999
12378	1940449.04
12379	15282955.969999999
1238	6186639.300000001
12380	7597108.46
12381	6838851.3100000005
12382	11257594.709999999
12383	7272618.35
12384	5206169.42
12385	4993114.350000001
12386	10959598.27
12387	15946425.9
12388	11604708.560000002
12389	13892118.29
1239	6057526.680000001
12390	6890718.74
12391	9760072.86
12392	7657839.71
12393	9577298.350000001
12394	16647083.169999998
12395	8810091.299999999
12396	14622921.530000001
12397	2492313.83
12398	7514858.129999999
12399	5649936.58
124	25962759.900000002
1240	3872038.04
12400	6773160.54
12401	10241471.52
12402	10827304.68
12403	13365489.1
12404	9592590.55
12405	17691441.54
12406	4521574.74
12407	10161513.06
12408	5670859.17
12409	18128954.32
1241	14128986.530000001
12410	8005150.5
12411	13462012.63
12412	5146522.880000001
12413	7832607.930000001
12414	8365236.58
12415	10660863.84
12416	11991139.38
12417	12521240.3
12418	13062030.31
12419	13412916.82
1242	3796123.31
12420	11299442.530000001
12421	12850250.79
12422	13294919.209999999
12423	13025017.43
12424	12124864.05
12425	14063366.14
12426	3763593.2699999996
12427	4504219.92
12428	16305619.83
12429	12862888.430000002
1243	17469089.41
12430	12380407.399999999
12431	12405114.48
12432	5968952.4399999995
12433	7243211.680000001
12434	8674918.85
12435	5618597.13
12436	9427844.469999999
12437	23415480.77
12438	12366247.860000001
12439	4888831.77
1244	5686946.3100000005
12440	7998377.5200000005
12441	13959346.88
12442	13090975.47
12443	14592911.68
12444	18799909.54
12445	8291210.66
12446	6538339.779999999
12447	12106523.9
12448	11684072.719999999
12449	11585942.129999999
1245	14550880.98
12450	15533219.17
12451	8097200.61
12452	3795596.1500000004
12453	10008555.120000001
12454	8906825.68
12455	18536003.130000003
12456	8054018.77
12457	16877343.81
12458	16887700.12
12459	8604676.219999999
1246	4818097.07
12460	5450733.74
12461	11391107.46
12462	7901990.789999999
12463	6759654.350000001
12464	4168520.0500000003
12465	6659850.1
12466	6245501.42
12467	5484323.180000001
12468	6275660.279999999
12469	9516949.930000002
1247	12597236.549999999
12470	5405727.199999999
12471	7844068.4
12472	13525319.560000002
12473	12935287.279999997
12474	3532032
12475	6084119.65
12476	17211955.580000002
12477	13492689.930000002
12478	12334526.06
12479	12296928.8
1248	8625799.24
12480	4731514.74
12481	2378108.79
12482	6802015.67
12483	7781639.1
12484	1536301.85
12485	5142685.53
12486	6741264.76
12487	6510658.119999999
12488	4157501.08
12489	11744166.420000002
1249	12076916.61
12490	9769064.790000001
12491	7190144.15
12492	7672723.8100000005
12493	11444727.01
12494	8502740.73
12495	5336724.08
12496	10818073.02
12497	10209446.85
12498	10282159.68
12499	15173942.49
125	12003476.11
1250	2632668.38
12500	3145582.68
12501	5842212.220000001
12502	8775957.68
12503	10919945.37
12504	12938808.5
12505	8636765.83
12506	11869065.479999999
12507	7055816.930000001
12508	5657258.78
12509	7178397.239999999
1251	9704399.81
12510	16890719.57
12511	6640177.409999999
12512	13076501.66
12513	17193652.48
12514	12354484.280000001
12515	9688461.34
12516	6275942.24
12517	8070300.989999999
12518	18741049.290000003
12519	8306859.14
1252	6673038.72
12520	6976975.850000001
12521	8821071.219999999
12522	11836979.16
12523	7815243.09
12524	9107077.1
12525	13158118.909999998
12526	3169532.7199999997
12527	9247958.78
12528	6757585.390000001
12529	15737514.120000001
1253	11509537.059999999
12530	10293774.69
12531	14164574.709999999
12532	14789718.91
12533	8730204.08
12534	11394976.34
12535	10443224.219999999
12536	15819068.860000001
12537	19567225.230000004
12538	9631090.719999999
12539	5699471.55
1254	12178676.580000002
12540	13669070.69
12541	8806600.07
12542	10926947.389999999
12543	7976571.449999999
12544	7826947.4
12545	7909594.74
12546	6153468.909999999
12547	13467592.45
12548	13567477.7
12549	9840861.93
1255	6375649.220000001
12550	8320093.06
12551	9925419.66
12552	19459945.98
12553	5916719.54
12554	9952400.42
12555	11922232.41
12556	12808243.700000001
12557	12778515.219999999
12558	10813946.23
12559	13657416.26
1256	7994622.149999999
12560	11111390.510000002
12561	12185479.55
12562	11269544.09
12563	3475767.5500000003
12564	11519716.170000002
12565	16006901.179999998
12566	14458059.619999997
12567	14272019.920000002
12568	10216937.02
12569	12325045.39
1257	13236213.59
12570	10666584.579999998
12571	14497309.450000001
12572	11803683.73
12573	13962202.870000001
12574	4002978.1
12575	13725618.42
12576	5347950.17
12577	10947730.09
12578	15453523.5
12579	8669737.14
1258	3709991.34
12580	13343236.870000001
12581	14249860.32
12582	6109016.87
12583	10326394.009999998
12584	5411632.840000001
12585	19983015.020000003
12586	7198112.03
12587	6380585.72
12588	13606817.45
12589	12875027.27
1259	5595442.859999999
12590	7672034.379999999
12591	3295478.4
12592	8194678.98
12593	7458667.27
12594	5919003.38
12595	12514770.180000002
12596	14768215.200000001
12597	15962299.27
12598	8903772.780000001
12599	6945308.58
126	6813302.029999999
1260	7057714.1
12600	11210134.850000001
12601	10230537.080000002
12602	7228832.79
12603	7949459.87
12604	10344930.56
12605	10159178.889999999
12606	2559164.02
12607	13435577.06
12608	2303693.62
12609	6008085.570000001
1261	10165771.790000001
12610	8674520.12
12611	9408991.28
12612	13813630.16
12613	16278461.13
12614	6594734.119999999
12615	11985279.86
12616	6811348.510000001
12617	15756158.54
12618	9839033.02
12619	4307819.16
1262	13016073.16
12620	7994995.79
12621	3803950.33
12622	7153075.82
12623	4214608.81
12624	8979884.01
12625	3995949.1500000004
12626	7731379.359999999
12627	12136501.82
12628	5161632.890000001
12629	11082949.79
1263	9920825.53
12630	20560743.330000002
12631	9969867.46
12632	7673278.510000001
12633	19183856.31
12634	6028714.44
12635	2975528.95
12636	10287466.37
12637	7720938.08
12638	9029409.42
12639	5862801.870000001
1264	14429387.56
12640	12613608.32
12641	5143401.890000001
12642	15500967.93
12643	9707267.92
12644	9702463.75
12645	6701641.450000001
12646	9059050.350000001
12647	4629145.8100000005
12648	6686890.609999999
12649	18594878.21
1265	7444376.799999999
12650	11227234.44
12651	9928350.07
12652	11252994.589999998
12653	5573988.0200000005
12654	8532602.06
12655	9056038.819999998
12656	9181559.49
12657	7864171.520000001
12658	10211308.389999999
12659	5975143.200000001
1266	2687880.09
12660	5027182.63
12661	10436675.41
12662	20475287.14
12663	6069182.06
12664	5252575.12
12665	5929015.51
12666	4850015.01
12667	10580469.02
12668	3013860.64
12669	7443067.840000001
1267	8907593.559999999
12670	18937069.9
12671	3329797.7
12672	7733454.879999999
12673	4830920.21
12674	6614163.96
12675	9313289.100000001
12676	15184620.83
12677	15037926.840000002
12678	13219905.649999999
12679	5524215.609999999
1268	13644875.450000001
12680	16883861.340000004
12681	8899064.700000001
12682	9796850.66
12683	15111053.01
12684	13709315.23
12685	8080404.75
12686	6311074.98
12687	16562715.66
12688	5909005.859999999
12689	8311211.74
1269	6519758.61
12690	7284516.48
12691	8809304.82
12692	20257915.299999997
12693	12465300.029999997
12694	10341110.34
12695	10996534.31
12696	14601105.3
12697	7137831.2
12698	9118033.149999999
12699	12284896.030000001
127	6483139.620000001
1270	9384152.739999998
12700	9579044.700000001
12701	10308864.52
12702	9952940.069999998
12703	5011089.34
12704	7724871.76
12705	8688093.77
12706	5416921.08
12707	8719195.81
12708	10042590.51
12709	7287030.6
1271	9913869.450000001
12710	18215954.630000003
12711	9288645.979999999
12712	2734631.03
12713	13355804.86
12714	10205821.04
12715	7804719.02
12716	5524009.63
12717	17100526.53
12718	6428042.88
12719	11742291.04
1272	9367934.85
12720	5042820.299999999
12721	12846965.51
12722	16664013.569999998
12723	10777035.83
12724	13678562.059999999
12725	11860814.670000002
12726	13355011.01
12727	6390103.86
12728	11482177.06
12729	12209694.76
1273	5696500.199999999
12730	9583632.82
12731	18042777.52
12732	9504773.05
12733	14588551
12734	9427771.07
12735	14099483.41
12736	14169617.94
12737	23278651.7
12738	10506726.7
12739	4270001.56
1274	16642205.16
12740	8039658.859999999
12741	7375630.359999999
12742	10434826.6
12743	10287982.9
12744	12232784.370000001
12745	15847016.6
12746	10890944.940000001
12747	11625997.13
12748	7198811.44
12749	15107328.809999999
1275	8260903.74
12750	10719903.67
12751	16447742.940000001
12752	5219114.83
12753	3005664
12754	9060635.600000001
12755	21387120.55
12756	11822986.9
12757	20453323.97
12758	2402719.69
12759	21684183.95
1276	10607657.200000001
12760	14700795.87
12761	11999374.809999999
12762	17429452.220000003
12763	5519140.61
12764	5333535.680000001
12765	8814857.77
12766	8156918.54
12767	8579787.309999999
12768	19855474.080000002
12769	17762917.290000003
1277	10277980.46
12770	7714453.19
12771	16010300.879999999
12772	5609317.67
12773	9397012.440000001
12774	8591931.26
12775	5529954.449999999
12776	6895341.939999999
12777	9071987.879999999
12778	7774637.709999999
12779	6278115.390000001
1278	18448207.28
12780	9867983.350000001
12781	10332694.549999999
12782	7643520.0200000005
12783	10036774.760000002
12784	2677080.2199999997
12785	11634703
12786	9559112.41
12787	11716975.27
12788	4905180.99
12789	7801666.01
1279	6840370.92
12790	11128300.899999999
12791	2085776.6500000001
12792	4962445.71
12793	11154112.87
12794	11307074.71
12795	8857639.450000001
12796	12487841.36
12797	13583092.419999998
12798	8098035.1
12799	14894423.1
128	14393555.26
1280	16233488.02
12800	16118617.629999999
12801	9774857.149999999
12802	10664136.02
12803	14239383.94
12804	12710403.34
12805	12564776.18
12806	17419848.23
12807	7194859.699999999
12808	13272425.98
12809	12453347.83
1281	8084005.2
12810	7992869.73
12811	14352607.36
12812	9675799.86
12813	15574690.9
12814	3865328.1399999997
12815	13133057.96
12816	2209562.7600000002
12817	10444958.46
12818	10656073.76
12819	17431879.81
1282	9014342.049999999
12820	17787806.68
12821	2920183.2800000003
12822	11693703.2
12823	9326451.719999999
12824	9213297.41
12825	17769469.68
12826	14615613.64
12827	8058153.98
12828	4602088.07
12829	3997374.5300000003
1283	16839370.21
12830	16303024.260000002
12831	13610157.439999998
12832	14337534.39
12833	4864943.59
12834	16170776.079999998
12835	3439063.92
12836	13378585.71
12837	8724057.379999999
12838	4319156.79
12839	2805420.11
1284	13645850.559999999
12840	20503988.819999997
12841	8273108.51
12842	11152489.86
12843	14857342.790000001
12844	8800497.329999998
12845	12309888.440000001
12846	7446252.569999999
12847	4865253.51
12848	10350134.26
12849	6363306.59
1285	2795627.03
12850	8662500.540000001
12851	5018355.08
12852	6231785.999999999
12853	12582503.17
12854	12858018.75
12855	22313579.060000002
12856	13498032.939999998
12857	13780393.2
12858	4518221.5
12859	5992775.36
1286	10126741.07
12860	16689899.219999999
12861	13700678.099999998
12862	2105491.83
12863	13006239.59
12864	14154553.200000001
12865	14974948.68
12866	6826620.120000001
12867	6839346.649999999
12868	11592460.3
12869	15174359.43
1287	7715417.08
12870	4418144.71
12871	548877.25
12872	6833963.82
12873	12195217.67
12874	10281223.7
12875	21455734.31
12876	15304833.479999999
12877	7555109.5200000005
12878	3205726.97
12879	14710853.839999998
1288	8014912.530000001
12880	19050430.29
12881	8640199.4
12882	7471167
12883	9151934.18
12884	17405322.509999998
12885	8566187.41
12886	10573199.920000002
12887	14347031.08
12888	10231356.91
12889	4328423.38
1289	9733718.64
12890	15348833.540000001
12891	10743815.58
12892	12106476.86
12893	10297995.01
12894	15065198.32
12895	11109155.299999999
12896	11204302.18
12897	6053040.1
12898	10454033.14
12899	8740102.22
129	3997604.7800000003
1290	7754060.83
12900	14813499.660000002
12901	13862026.2
12902	5598258.73
12903	18679306.67
12904	13725177.23
12905	11711472.870000001
12906	16706043.510000002
12907	10698567.99
12908	9368080.33
12909	13645810.2
1291	5442086.67
12910	6272018.4799999995
12911	10716054.899999999
12912	14224649.559999999
12913	19459853.89
12914	6295996.55
12915	4137585.1100000003
12916	11328405.77
12917	7206172.38
12918	5090140.72
12919	8043865.3
1292	14788461.81
12920	18100036.54
12921	20587151.33
12922	16530871.639999999
12923	10364541.67
12924	9700871.98
12925	14488779.09
12926	4485775.07
12927	10843855
12928	6967065.22
12929	5917944.41
1293	7935720.08
12930	2689452.5700000003
12931	13051777.06
12932	14339474.149999999
12933	9240972.32
12934	9627899.399999999
12935	6448965.8
12936	3391408
12937	11467216.48
12938	14025030.13
12939	11291153.27
1294	7938104.31
12940	4887619.960000001
12941	14424946.240000002
12942	4783552.24
12943	12442639.26
12944	9637775.33
12945	13041806.62
12946	5777288.2299999995
12947	3837787.6499999994
12948	12523021.94
12949	11337278.9
1295	10090774.35
12950	10519819.13
12951	8941011.52
12952	9016847.309999999
12953	8737697.94
12954	4557079
12955	9463498.44
12956	8798832.58
12957	22002984.39
12958	9020000.57
12959	16763240.639999999
1296	9584724.05
12960	9877978.17
12961	13471435.17
12962	4927991.609999999
12963	18398017.36
12964	6311785.329999999
12965	10574328.9
12966	7181186.39
12967	2516123.8
12968	6709937.319999999
12969	12587536.27
1297	5365970.1899999995
12970	10159731.549999999
12971	7226062.890000001
12972	10851636.830000002
12973	6631615.359999999
12974	6382766.26
12975	6016280.05
12976	19243869.1
12977	18694402.41
12978	10996195.72
12979	9568662.649999999
1298	13465724.270000001
12980	11683085.219999999
12981	9930119.379999999
12982	3978201.31
12983	8751729.23
12984	10507089.639999999
12985	11820678.79
12986	21296989.72
12987	8342209.999999999
12988	9201489.83
12989	16854722.200000003
1299	3400125.8000000003
12990	7350093.09
12991	6748825.130000001
12992	6427806.909999999
12993	10922126.59
12994	9189338.15
12995	6078862.750000001
12996	7763089.76
12997	8954968.690000001
12998	7817384.749999999
12999	3455716.54
13	9592610.32
130	11682461.489999998
1300	8266530.59
13000	17047626.47
13001	10770797.459999999
13002	7630228.31
13003	10462485.620000001
13004	15327775.45
13005	7024970.88
13006	12970516.1
13007	4214572.43
13008	16099950.680000002
13009	5680942.73
1301	5567836.199999999
13010	6724877.22
13011	12341780.35
13012	4214288.11
13013	6500795.859999999
13014	15378239.319999998
13015	7937519.299999999
13016	13508947.14
13017	7088993.71
13018	6949810.789999999
13019	9934688.15
1302	8505066.17
13020	11298659.790000001
13021	14617786.22
13022	17049671.279999997
13023	5641564.2
13024	16814198.13
13025	4800398.200000001
13026	3072748.55
13027	13134916.389999999
13028	13313281.77
13029	10829374.56
1303	15809294.52
13030	7270369.490000001
13031	9093553.28
13032	8168196.95
13033	4123280.7700000005
13034	13366131.979999999
13035	9554705.61
13036	5732579.65
13037	7431811.54
13038	4665759.06
13039	8581001.99
1304	6518087.05
13040	3877038.16
13041	6033570.01
13042	14414819.32
13043	6216812.91
13044	3211567.0000000005
13045	16542500.290000001
13046	7479278.73
13047	6814588.06
13048	3217084.7399999998
13049	15968652.65
1305	3711800.6900000004
13050	15162349.59
13051	8020739.86
13052	1865159.1600000001
13053	7915805.760000002
13054	12276443.98
13055	14199386.399999999
13056	18935533
13057	6242918.31
13058	16794808.82
13059	10831978.72
1306	9989837.529999997
13060	19578698.46
13061	9736251.309999999
13062	2923406.03
13063	1923846.42
13064	1981831.6199999999
13065	9266999.719999999
13066	1989446.13
13067	4940513.8
13068	12380176.34
13069	4349186.66
1307	7844675.04
13070	9708176.55
13071	4641257.0600000005
13072	16365980.059999999
13073	5247106.130000001
13074	8234205.859999999
13075	3446458.6799999997
13076	6043662.609999999
13077	12892277.15
13078	5487899.03
13079	8820656.200000001
1308	8056918.07
13080	5221479.52
13081	7364555.449999999
13082	6355974.03
13083	5983675.41
13084	12229769.309999999
13085	10787279.28
13086	5534035.5600000005
13087	16034979.64
13088	3100326.34
13089	12771017.68
1309	15266774.84
13090	15999478.91
13091	6691997.72
13092	7838899.449999999
13093	3552002.05
13094	16918807.2
13095	12364031.760000002
13096	7324889.380000001
13097	18350165.14
13098	21925303.34
13099	13646589.66
131	9223742.49
1310	5099690.37
13100	3896005.4200000004
13101	6347529.63
13102	8433102.3
13103	15240940.509999998
13104	2435377.94
13105	9237172.909999998
13106	9919946.729999999
13107	5081988.83
13108	10172089.979999999
13109	4108423.8899999997
1311	14357004.260000002
13110	16182625.260000002
13111	14652046.14
13112	8757417.77
13113	5692638.22
13114	18109127.009999998
13115	11115147.66
13116	16202218.59
13117	9833760.75
13118	7281734.08
13119	15054211.92
1312	22472227.650000002
13120	9397970.52
13121	9569438.82
13122	5586273.59
13123	7053005.869999999
13124	14599965.750000002
13125	9261366.860000001
13126	9794863.71
13127	10314457.19
13128	7237141.3
13129	13705958.23
1313	15873408.009999998
13130	4631629.9
13131	7892240.800000001
13132	10119356.03
13133	7580307.01
13134	8933845.360000001
13135	6952984.7700000005
13136	6797960.170000001
13137	8606415.940000001
13138	7901256.59
13139	5260484.35
1314	10011803.559999999
13140	16832877.8
13141	8643322.46
13142	4789300.86
13143	14660893.359999998
13144	9549234.459999999
13145	3954326.7199999997
13146	4207085.6
13147	15349535.83
13148	13585452.71
13149	7023239.469999999
1315	14471719.91
13150	6394892.539999999
13151	12298550.06
13152	4175780.7100000004
13153	7838173.32
13154	10298826.55
13155	7306535.64
13156	11302625.42
13157	11443415.35
13158	13481290.349999998
13159	8168230.68
1316	2868427.08
13160	5361500.86
13161	11380822.93
13162	17883088.21
13163	5828483.53
13164	3196730.2
13165	11280430.59
13166	14713820.280000001
13167	8208153.260000001
13168	6194364.090000001
13169	15497934.349999998
1317	4106584.5399999996
13170	5218188.47
13171	10966348.78
13172	9404241.48
13173	9068143.200000001
13174	12764700.37
13175	6070171.97
13176	12470951.950000001
13177	5265064.029999999
13178	6896132.359999999
13179	8523149.02
1318	3924078.34
13180	10772409.49
13181	10312231.36
13182	16011477.790000001
13183	7642352.289999999
13184	12698465.92
13185	8453118.379999999
13186	12853239.58
13187	8332894.84
13188	26787478.270000003
13189	9587286.37
1319	12407584.46
13190	10542145.4
13191	9939178.489999998
13192	10423537.25
13193	10149541.860000001
13194	15621779.870000001
13195	10844305.17
13196	13172878.170000002
13197	8997791.12
13198	14495049.25
13199	8489229.32
132	8416851.24
1320	11272006.540000001
13200	4166842.62
13201	16300863.34
13202	9788377.41
13203	16603187.35
13204	11034436.96
13205	7381869.049999999
13206	16222216.44
13207	12712054.999999998
13208	16627050.559999999
13209	8486335.54
1321	14745599.82
13210	20596188.67
13211	17694058.06
13212	12182086.41
13213	13198542.85
13214	8100429.83
13215	9026286.71
13216	12717213.83
13217	7660976.08
13218	11712232.18
13219	2260788.56
1322	6979141.44
13220	14556091.689999998
13221	12344136.319999998
13222	9436487.55
13223	15479987.43
13224	6201509.18
13225	9785222.99
13226	15712203.590000002
13227	5693010.96
13228	7129096.66
13229	11634335.729999999
1323	19265276.509999998
13230	12222579.229999999
13231	6623812.51
13232	11314443.01
13233	6798266.6
13234	11571042.54
13235	12862422.42
13236	10025536.3
13237	12795261.23
13238	10439803.66
13239	10421309.830000002
1324	14504883.61
13240	11441307.82
13241	7960158.81
13242	12914084.29
13243	9051270.52
13244	10547822.340000002
13245	15725878.399999999
13246	7147674.83
13247	11322869.02
13248	14814931.299999999
13249	17689842.71
1325	10638114.71
13250	10208172.629999999
13251	13206252.44
13252	10771920.68
13253	19752606
13254	9550211.440000001
13255	11864690.23
13256	8454257.219999999
13257	14877488.059999999
13258	6017152.760000001
13259	12168100.030000001
1326	6210647.5200000005
13260	7162487.15
13261	4199882.34
13262	10723733.77
13263	9146277.559999999
13264	2526139.5999999996
13265	11549304.379999999
13266	7959872.32
13267	4293967.350000001
13268	13002696.370000001
13269	13053579.129999999
1327	8626784.95
13270	16776821.16
13271	2949909.4499999997
13272	3218592.1100000003
13273	13132831.74
13274	13429161.09
13275	14926161.240000002
13276	9569407.7
13277	12752889.99
13278	5418798.0600000005
13279	12789422.99
1328	5141296.85
13280	6229348.4
13281	6955215.430000001
13282	7315521.38
13283	10327785.98
13284	14153933.66
13285	9434109.959999999
13286	8999862.48
13287	3548362.93
13288	7817426.83
13289	3859817.69
1329	9268656.66
13290	12394122.489999998
13291	4481648.050000001
13292	5023196.4399999995
13293	13268978.129999999
13294	10430490.18
13295	4962338.57
13296	8557417.989999998
13297	6572569.35
13298	2696691.64
13299	10449430.7
133	1517282.33
1330	12253035.1
13300	8849481
13301	13994321.410000002
13302	12338550.260000002
13303	7843484.39
13304	9716583.41
13305	11089961.15
13306	5953274.41
13307	7242982.209999999
13308	8548243.91
13309	6898126.89
1331	11206363.66
13310	10404228.27
13311	6516611.72
13312	13188637.55
13313	15884498.950000001
13314	14271171.690000001
13315	15335980.31
13316	14379486.7
13317	10901652.709999999
13318	19040557.99
13319	8588425.879999999
1332	9006321.32
13320	13281425.96
13321	9590395.030000001
13322	6186404.540000001
13323	4369717.33
13324	12743922.299999999
13325	4374964.180000001
13326	9455264.72
13327	9173923.299999999
13328	11031030.83
13329	9674511.530000001
1333	3344971.9699999997
13330	9904442.010000002
13331	8145127.68
13332	2838721.7199999997
13333	5904173.609999999
13334	20178661.189999998
13335	10855003.340000002
13336	12252494.170000002
13337	5500916.72
13338	13106648.63
13339	6170038.44
1334	14371572.030000001
13340	6823047.410000001
13341	15301806.3
13342	5399667.619999999
13343	16488253.4
13344	16916632.060000002
13345	9999088.010000002
13346	12450675.229999999
13347	4900833.51
13348	9787405.409999998
13349	2042853.5299999998
1335	4362545.6
13350	2430765.36
13351	5983886.050000001
13352	7481541.75
13353	6050787.220000001
13354	7748692.58
13355	4300568.1
13356	13450411.759999998
13357	8034309.69
13358	11806880.14
13359	4396524.1899999995
1336	3306917.88
13360	3468708.5199999996
13361	11580875.53
13362	5137784.93
13363	6335503.140000001
13364	12265546.7
13365	7765683.04
13366	9736955.700000001
13367	3513140.92
13368	8347744.739999999
13369	9895722.319999998
1337	12665294.719999999
13370	14694811.54
13371	9227555.000000002
13372	17492197.89
13373	6234202.709999999
13374	10386433.850000001
13375	6398407.83
13376	6485721.8
13377	9552594.290000001
13378	8196647.720000001
13379	11267522.33
1338	8935689.22
13380	13080317.549999999
13381	18164320.990000002
13382	11117942.889999999
13383	13629070.809999999
13384	6962091.88
13385	7996366.120000001
13386	9838434.370000001
13387	16731623.14
13388	17665732.169999998
13389	6640720.08
1339	4290627.78
13390	9091939.15
13391	6011394.039999999
13392	6428495.32
13393	4899172.680000001
13394	9217226.54
13395	14537480.860000001
13396	4234215.91
13397	7454983.54
13398	12482962.309999999
13399	15581597.219999999
134	11683586.93
1340	13672934.489999998
13400	5776329.32
13401	7433224.28
13402	1126348.26
13403	7994159.87
13404	12067195.200000001
13405	8365928.93
13406	15605819.700000003
13407	11632682.34
13408	17035380.16
13409	9470252.51
1341	5506435.090000001
13410	21009381.639999997
13411	9574681.83
13412	8387281.73
13413	15289229.75
13414	10543162.2
13415	16390787.389999999
13416	10522289.56
13417	12656012.190000001
13418	19192303.83
13419	7682876.23
1342	13440387.18
13420	3056649.3899999997
13421	18900562.36
13422	4772123.02
13423	21176269.83
13424	9609618.08
13425	14418690.61
13426	16816504.369999997
13427	17200555.96
13428	3045288.92
13429	10154911.42
1343	10709602.64
13430	6910910.359999999
13431	9495094.02
13432	12464339.120000001
13433	12468084.78
13434	16122224.910000004
13435	16729705.35
13436	13168292.620000001
13437	17428978.07
13438	5773630.66
13439	19841078.26
1344	17273369.07
13440	15760498.610000001
13441	11046590.44
13442	8408206.58
13443	11104572.76
13444	4916403.550000001
13445	7954968.57
13446	12342240.56
13447	14520369.14
13448	13101500.690000001
13449	9917013.63
1345	9962599.059999999
13450	5005949.57
13451	7621924.719999999
13452	2438009.07
13453	10242744.190000001
13454	2409329.81
13455	15016676.67
13456	13698365.72
13457	12101111.549999999
13458	12453098.15
13459	8741754.12
1346	6044453.67
13460	4123033.0699999994
13461	18113604.1
13462	7395737.29
13463	7924811.26
13464	5953651.199999999
13465	20484112.55
13466	16315316.259999998
13467	7733531.39
13468	11120156.86
13469	12438086.39
1347	5679855.64
13470	10561121.639999999
13471	8792071.63
13472	13214660.44
13473	11854893.959999999
13474	14641845.96
13475	8464197.860000001
13476	5833431.779999999
13477	9702994.7
13478	6055890.08
13479	12008053.42
1348	8514259.26
13480	7043600.280000001
13481	3469351.04
13482	8233592.359999999
13483	10406729.56
13484	15736547.799999999
13485	7522380.290000001
13486	17767775.64
13487	9668636.21
13488	7631800.39
13489	5399844.13
1349	17587490.84
13490	8053218.35
13491	10293593.799999999
13492	14766561.8
13493	4590777.11
13494	8266869.99
13495	4608889.609999999
13496	10450326.43
13497	4388124.38
13498	16455021.61
13499	14727419.53
135	9311247.28
1350	11429186.239999998
13500	9427755.3
13501	12528083.24
13502	6301221.43
13503	21224330.009999998
13504	2840734.25
13505	7635222.52
13506	13317079.780000001
13507	14837720.96
13508	13855700.530000001
13509	14337766.889999999
1351	12006856.49
13510	11400235.09
13511	4110704.57
13512	4376642.850000001
13513	6479150.38
13514	13941254.939999998
13515	6835556.71
13516	21940085.56
13517	16701157.750000002
13518	11691746.12
13519	13739356.020000001
1352	2332485.15
13520	8522560.610000001
13521	6967903.800000001
13522	10609621.9
13523	5523178.62
13524	12455135.719999999
13525	11964324
13526	12928641.309999999
13527	7028745.279999999
13528	18237286.03
13529	3998741.29
1353	3520546.5999999996
13530	11507855.4
13531	15664858.57
13532	2056863.16
13533	9595180.4
13534	7627933.79
13535	9673465.26
13536	14433393.34
13537	5542581.05
13538	4898323.699999999
13539	12486066.49
1354	5288191.58
13540	21019972.729999997
13541	14583521.510000002
13542	9406920.040000001
13543	7598601.04
13544	8965016.66
13545	8966938.489999998
13546	13998611.700000001
13547	9405905.23
13548	9415810.54
13549	5093491.26
1355	12764749.389999999
13550	13711486.14
13551	13881853.620000001
13552	14911003.1
13553	8985160.51
13554	8353106.409999999
13555	20713061.040000003
13556	3193693.12
13557	11053082.83
13558	5452793.19
13559	9830682.26
1356	16885487.16
13560	5193219.919999999
13561	15842433.44
13562	4935433.33
13563	4369061.4399999995
13564	12975126.200000001
13565	9412911.98
13566	21368624.839999996
13567	16015007.3
13568	15344441.4
13569	15989762.21
1357	14561250.34
13570	17901078.99
13571	12421755.500000002
13572	11359311.490000002
13573	9965985.36
13574	6227097.29
13575	6783534.109999999
13576	6277724.05
13577	7698840.8
13578	13414281.66
13579	9804935.98
1358	14544759.149999999
13580	10189747.549999999
13581	18751312.599999998
13582	7745918.83
13583	13324014.24
13584	5166231.29
13585	14439612.750000002
13586	6359874.07
13587	13938768.350000001
13588	12801391.69
13589	6508195.11
1359	10256390.499999998
13590	8774516.09
13591	9322182
13592	12074546.36
13593	6823922.71
13594	5224125.55
13595	18745682.75
13596	6695512.84
13597	8710115.07
13598	11298842.44
13599	5533674.41
136	14654967.75
1360	3180916.92
13600	10777529.110000001
13601	4560735.359999999
13602	4972672.800000001
13603	12608471.41
13604	11555550.34
13605	8003411.190000001
13606	15144369.839999998
13607	7866259.449999999
13608	8051195.35
13609	12242659.9
1361	3983524.92
13610	9501794.43
13611	13190534.16
13612	8774354.21
13613	8735195.3
13614	6089208.85
13615	19812103.6
13616	14426083.579999998
13617	3908666.9499999997
13618	693472.5800000001
13619	7803630.06
1362	14120074.21
13620	10512893.05
13621	13418340.26
13622	2672619.49
13623	14206017.38
13624	8223533.31
13625	14498357.64
13626	10004172.6
13627	6028123.119999999
13628	13757231.55
13629	9120972.06
1363	13286549
13630	9165464.510000002
13631	11172537.889999999
13632	9410944.1
13633	11831713.57
13634	8844607.25
13635	2826256.77
13636	5510497.029999999
13637	2022709.5099999998
13638	9199999.28
13639	7463390.630000001
1364	5345321.85
13640	11928322.659999998
13641	14069394.850000001
13642	12282061.6
13643	8999050.25
13644	8773234.8
13645	8783408.190000001
13646	16261250.729999999
13647	5341463.0600000005
13648	10524989.89
13649	11353081.249999998
1365	6041075.72
13650	9790960.41
13651	13807509.58
13652	10845286.84
13653	13539352.87
13654	5812565.609999999
13655	2333598.84
13656	3711469.6999999997
13657	8764042.31
13658	5505424.369999999
13659	13890469.29
1366	18605313.9
13660	14286505.98
13661	2229819.62
13662	10907387.88
13663	6492155.18
13664	7451843.95
13665	10994619.54
13666	10539356.66
13667	19969582.65
13668	9346942.399999999
13669	10332039.91
1367	17523644.82
13670	12638303.25
13671	9863324.7
13672	6682874.550000001
13673	10295793.59
13674	8135809.419999999
13675	6208538.72
13676	4810248.170000001
13677	7966821.949999999
13678	8558008.9
13679	12862126.099999998
1368	544343.59
13680	12375074.96
13681	10895934.39
13682	9987550.18
13683	7223215.1
13684	13690742.469999999
13685	3247005.4499999997
13686	17231542.25
13687	15400980.669999998
13688	3971112.95
13689	6360837.08
1369	15156284.239999998
13690	11430932.7
13691	14258679.98
13692	4108163.5000000005
13693	7551592.21
13694	4269728.38
13695	13263739.920000002
13696	16871426.959999997
13697	10067288.200000001
13698	11695738.31
13699	3871108.5000000005
137	6180452.850000001
1370	8821455.540000001
13700	9973663.04
13701	17013402.21
13702	25154275.799999997
13703	3319069.5900000003
13704	11688813.26
13705	14762135.799999999
13706	3411208.8899999997
13707	4533736.36
13708	14488504.200000001
13709	5078401.71
1371	12653393.5
13710	13115604.830000002
13711	8541942.39
13712	14326535.03
13713	6442283.42
13714	9824092.500000002
13715	2150094.5999999996
13716	11724327.05
13717	11979150.77
13718	12053345.71
13719	5069854.56
1372	9937237.239999998
13720	9032812.03
13721	12234726.03
13722	5705713.88
13723	3078250.61
13724	10858490.08
13725	1979819.88
13726	13449484.010000002
13727	5281442.35
13728	10840311.12
13729	15063534.26
1373	9432765.04
13730	17442449.759999998
13731	10995519.97
13732	6463872.9
13733	7482481.359999999
13734	16288927.7
13735	12012224.18
13736	8467847.77
13737	4208243.81
13738	10364215.75
13739	9705560.95
1374	12630638.64
13740	9994247.629999999
13741	5987386.18
13742	10834173.2
13743	5905268.85
13744	14883654.459999999
13745	15494392.299999999
13746	2123128.1999999997
13747	10940110.99
13748	13715154.35
13749	4849096.289999999
1375	10007999.26
13750	6111413.22
13751	10849021.73
13752	15003016.65
13753	5771314.44
13754	7265837.94
13755	12279403.149999999
13756	13389865.849999998
13757	21131255.21
13758	8643091.77
13759	14522265.000000002
1376	17957943.52
13760	10886304.08
13761	5032196.89
13762	10580965.34
13763	3705534.5900000003
13764	11145319.1
13765	5008633.71
13766	4534903.2
13767	3458705.4899999998
13768	5372974.100000001
13769	12073598.68
1377	9949802.620000001
13770	15249724.26
13771	10970317.54
13772	12236325.55
13773	9913915.62
13774	14569238.24
13775	12987873.42
13776	7260679.0600000005
13777	15327148.239999998
13778	10041588.6
13779	7660460.2299999995
1378	9225420.34
13780	10166778.450000001
13781	15727936.100000001
13782	7478281.35
13783	7729380.7700000005
13784	11827850.71
13785	14936942.95
13786	13868522.91
13787	10283292.450000001
13788	15590587.619999997
13789	10394658.350000001
1379	11422950.309999999
13790	14366239.090000002
13791	3968913.8800000004
13792	14996084.459999999
13793	15487758.330000002
13794	5882392.38
13795	5640454.74
13796	7077155.53
13797	14013311.25
13798	16806541.43
13799	9173653.959999999
138	3567425.75
1380	9569316.9
13800	1613863.6099999999
13801	13099260.73
13802	13165847.63
13803	2413516.1500000004
13804	11311111.34
13805	9552888.09
13806	11943597.220000003
13807	14867084.81
13808	7928948.53
13809	19241148.42
1381	15473415.01
13810	12343625.37
13811	11759785.73
13812	8529263.4
13813	19053136.580000002
13814	7334843.159999999
13815	18464041.9
13816	4961025.09
13817	11467757.75
13818	5728836.43
13819	10880432.129999999
1382	5565308.8100000005
13820	12013825.48
13821	10196437.25
13822	5790872.73
13823	7558001.64
13824	4027303.44
13825	10563726.49
13826	12975562.379999999
13827	13153955.540000001
13828	10946588.28
13829	7562799.539999999
1383	9311046.329999998
13830	10613025.46
13831	10367173.52
13832	14284000.059999999
13833	8827969.8
13834	10369351.25
13835	2834516.73
13836	19764548.389999997
13837	8397949.3
13838	2545174.5
13839	4957923.84
1384	19155510.799999997
13840	11099850.120000001
13841	10160426.379999999
13842	14560990.09
13843	6025686.33
13844	8767192.98
13845	14782061.5
13846	6953065.0600000005
13847	6540273.199999999
13848	9391381.39
13849	11859640.76
1385	5948938.2299999995
13850	6875605.29
13851	13354058.91
13852	9471276.55
13853	11978953.600000001
13854	5054889.66
13855	13917589.64
13856	11292290.01
13857	9733543.49
13858	12620702.290000001
13859	9018902.99
1386	6685878.359999999
13860	10922801.69
13861	2908767.8100000005
13862	12063477.129999999
13863	8623445.19
13864	5779867.74
13865	13448244.600000001
13866	8945634.200000001
13867	12104366.329999998
13868	2090223.26
13869	10169538.459999999
1387	14601624.12
13870	10585552.09
13871	5348962.59
13872	15632704.09
13873	1920524.8199999998
13874	2085826.62
13875	13129085.48
13876	6336980.21
13877	4666841.58
13878	10096764.42
13879	11802689.069999998
1388	8684909.22
13880	3375500.17
13881	5243669.380000001
13882	10994466.579999998
13883	11028402.8
13884	9565770.89
13885	7429825.12
13886	6569749.050000001
13887	10686387.09
13888	8999453.379999999
13889	9260112.39
1389	15167470.9
13890	10437296.81
13891	11298494.23
13892	10451150.559999999
13893	14737095.93
13894	8386284.119999999
13895	10191823.75
13896	5187937.84
13897	7277245.540000001
13898	12539972.44
13899	10174321.61
139	10440453.71
1390	11791740.29
13900	17942958.84
13901	11863258.4
13902	8051906.170000001
13903	6217635.069999999
13904	14987893.799999999
13905	10653797.78
13906	12077812.38
13907	15429456.28
13908	15257285.450000001
13909	10971508.59
1391	13224266.34
13910	11336285.239999998
13911	15337128.530000001
13912	9902418.45
13913	16426685.02
13914	4258631.7299999995
13915	9196413.510000002
13916	4171564.9700000007
13917	14216734.55
13918	6884203.23
13919	10854375.9
1392	4572607.18
13920	11631571.469999999
13921	5242060.78
13922	5911236.71
13923	13863192.77
13924	3027993.8900000006
13925	7416148.850000001
13926	14369862.1
13927	13321008.379999999
13928	12595856.45
13929	6364377.799999999
1393	5311022.57
13930	6813597.5200000005
13931	10588511.030000001
13932	13548137.54
13933	10264976.43
13934	10471354.63
13935	7659293.819999999
13936	16788299.8
13937	10309744.969999999
13938	12984182.36
13939	14424336.3
1394	17756649.4
13940	8827502.370000001
13941	8674863.18
13942	16548510.239999998
13943	4479144.890000001
13944	8613083.020000001
13945	13332582.879999999
13946	11446606.360000001
13947	7643156.869999999
13948	12053190.21
13949	8725847.64
1395	9973347.19
13950	4583118.24
13951	8125136.2
13952	7676507.699999999
13953	15708934.069999998
13954	11198669.709999999
13955	14745644.8
13956	6445885.92
13957	9671821.96
13958	6441998.390000001
13959	12483939.72
1396	19567751.36
13960	5225355.27
13961	6541888.74
13962	10613346.47
13963	8450964.02
13964	8038504.43
13965	7429656.56
13966	3128391.12
13967	17245842.99
13968	9789044.67
13969	3199589.51
1397	13893777.190000001
13970	5039403.200000001
13971	8994871.57
13972	14053214.190000001
13973	10947751.379999999
13974	4200573.33
13975	18891016.1
13976	10611902.95
13977	10103924.36
13978	14397163.09
13979	8165075.49
1398	9568265.94
13980	9023856.99
13981	14231903.32
13982	5520446.56
13983	9725128.450000001
13984	7105073.68
13985	15884597.940000001
13986	10921032.339999998
13987	5190625.819999999
13988	5153817.759999999
13989	11509043.68
1399	19845343.65
13990	7955200.66
13991	19675735.23
13992	19876926.52
13993	4304448.04
13994	14567508.950000001
13995	8080720
13996	24333237.73
13997	8477620.2
13998	11437187.09
13999	13584062.120000001
14	12993977.21
140	7122050.08
1400	7621944.04
14000	11886621.469999999
14001	6984774.84
14002	7438806.75
14003	17624495.75
14004	7363702.169999999
14005	9175748.96
14006	13468757.48
14007	6475489.100000001
14008	9535638.09
14009	7313145.86
1401	15471085.139999999
14010	12834612.370000001
14011	8166450.08
14012	7495004.5200000005
14013	18327985.68
14014	14385029.96
14015	14304394.090000004
14016	11889469.85
14017	1133227.79
14018	14591960.809999999
14019	4037007.4
1402	12204409.559999999
14020	12367929.58
14021	10501547.14
14022	13571246.45
14023	3691133.8499999996
14024	12444715.75
14025	9362684.56
14026	5794500.149999999
14027	13970740.84
14028	5415130.66
14029	9407200.04
1403	8837746.34
14030	3474388.71
14031	5459926.19
14032	3009936.27
14033	4565776.989999999
14034	6635989.78
14035	6579126.9
14036	6755334.27
14037	8917271.120000001
14038	12194872.8
14039	15076500.079999998
1404	6112100.359999999
14040	5673916.49
14041	13220794.940000001
14042	11824176.01
14043	8989459.879999999
14044	12255385.830000002
14045	7663185.99
14046	12652261.35
14047	10220230.54
14048	19842473.43
14049	6025332.14
1405	9812020.45
14050	11642135.1
14051	13792701.9
14052	3420502.25
14053	1915930.7800000003
14054	2623626.21
14055	14713030.91
14056	4527444.109999999
14057	3646049.8899999997
14058	18436314.48
14059	8075312.999999999
1406	13551522.1
14060	12722146.56
14061	13223853.16
14062	10662861.87
14063	9451424.45
14064	5767279.930000001
14065	5674819.550000001
14066	17862318.07
14067	16406009.25
14068	9693915.01
14069	15406359.149999999
1407	6539205.920000001
14070	12166477.849999998
14071	4419454.77
14072	13991752.19
14073	16460408.930000002
14074	6544941.1899999995
14075	5369395.149999999
14076	13443201.38
14077	18534985.37
14078	5046970.73
14079	9053896.629999999
1408	2383405.62
14080	13399401.419999998
14081	8520551.23
14082	15853038.23
14083	11669432.549999999
14084	4624695.7
14085	8112958.970000001
14086	5794222.119999999
14087	7752621.15
14088	8619086.8
14089	4073986.8899999997
1409	11577907.05
14090	8324615.840000001
14091	10881085.860000001
14092	10881777.940000001
14093	7395170.039999999
14094	4003793.8699999996
14095	9165101.120000001
14096	16174149.82
14097	6580247.85
14098	9034170.81
14099	12814194.3
141	8686511.12
1410	4726940.869999999
14100	4727304.41
14101	3380355.9099999997
14102	9279838.3
14103	4771743.67
14104	6665638.58
14105	6286602.319999999
14106	7350270.6899999995
14107	8109994.64
14108	8894810.46
14109	8362781.909999999
1411	7199025.0200000005
14110	14819872.549999999
14111	3373376.02
14112	19302023.2
14113	7319526.9799999995
14114	9266246.8
14115	8514188.6
14116	5319969.68
14117	9503946.41
14118	15059607.45
14119	8739731.190000001
1412	13048691.76
14120	3980754.7100000004
14121	14262975.73
14122	10145368.59
14123	1859364.04
14124	11307292.059999999
14125	6730496.550000001
14126	13446851.870000001
14127	6503908.380000001
14128	15100724.659999998
14129	8292493.52
1413	8889687.49
14130	3429029.88
14131	11738273.89
14132	16899429.479999997
14133	6273784.890000001
14134	9748304.54
14135	12245239.08
14136	16230535.32
14137	7644630.1899999995
14138	1405447.8299999998
14139	5903085.57
1414	6635203.05
14140	22432682.47
14141	7037659.050000001
14142	7837505.94
14143	6769039.18
14144	11673497.55
14145	18244566.5
14146	15601636.730000002
14147	16884285.96
14148	13770658.55
14149	17464515.299999997
1415	13440452.620000001
14150	13547518.58
14151	11211602.29
14152	8173491.620000001
14153	16304667.719999999
14154	12068936.440000001
14155	8076910.220000001
14156	8072689.19
14157	7631132.26
14158	7531784.090000001
14159	3913439.48
1416	14731045.950000001
14160	9797458.58
14161	7607196.66
14162	6878955.48
14163	8605538.61
14164	7999555.44
14165	12658978.940000001
14166	8621931.59
14167	11650374.07
14168	3851317.58
14169	13408358.549999999
1417	7831949.92
14170	14920645.810000002
14171	6233175.58
14172	6565392.75
14173	7675120.41
14174	1021304.6499999999
14175	7660990.239999999
14176	8441408.33
14177	6574412.07
14178	3284146.93
14179	7407157.459999999
1418	4609709.760000001
14180	8916935.020000001
14181	2344922.36
14182	18043875.61
14183	6349642.930000001
14184	21495587.87
14185	14019416.309999999
14186	10533741.839999998
14187	10615991.24
14188	3686450.6100000003
14189	12012108.84
1419	10223770.25
14190	5774236.21
14191	10674667.129999999
14192	12774023.71
14193	11863188.42
14194	10652176.23
14195	8667575.34
14196	8195556.14
14197	10741230.25
14198	1070918.25
14199	12869722.88
142	14220399.040000001
1420	13661050.83
14200	17613887.04
14201	14577680.23
14202	10173969.8
14203	7939890.51
14204	7767630.34
14205	7476057.300000001
14206	10850629.52
14207	3213776.89
14208	12160247.06
14209	22254876.200000003
1421	16565210.12
14210	6891880.800000001
14211	6755801.28
14212	5040357.47
14213	13556282.89
14214	13855022.830000002
14215	6503041.45
14216	6273445.890000001
14217	10248909.67
14218	11571088.19
14219	2902800.67
1422	5598153.39
14220	6612979.14
14221	11379106.84
14222	14664034.649999999
14223	14599812.350000001
14224	5865139.06
14225	4514478.84
14226	11418027.17
14227	8871905.73
14228	8822324.34
14229	12705514.799999999
1423	3989589.16
14230	3503146.3099999996
14231	8905306.83
14232	5124913.37
14233	4270312.9399999995
14234	1541879.2200000002
14235	8987225.24
14236	17701395.95
14237	7311707.98
14238	7252930.16
14239	4845295.77
1424	4262273
14240	5567587.96
14241	3523627.1
14242	14488273.99
14243	11092962.77
14244	4992654.65
14245	11209034.880000003
14246	12496132.799999999
14247	6326825.709999999
14248	15077854.05
14249	12707540.12
1425	13836325.22
14250	6860200.87
14251	13640388.68
14252	10468709.72
14253	8018627.029999999
14254	9877687.75
14255	7967873.86
14256	22341625.02
14257	10344445.22
14258	7700053.359999999
14259	8890252.379999999
1426	7779855.12
14260	11765993.24
14261	10879614.48
14262	14856824.25
14263	11581632.209999999
14264	11281333.06
14265	15469885.48
14266	9747261.740000002
14267	10546277.06
14268	12188652.32
14269	10238135.870000001
1427	4317608.48
14270	14966352.41
14271	6686113.42
14272	9241998.879999999
14273	2952576.58
14274	3445264.27
14275	6125687.85
14276	8021585.49
14277	8889141.870000001
14278	7754318.370000001
14279	10853300.28
1428	9551673.5
14280	10503331.33
14281	12642509.479999999
14282	13880147.709999999
14283	6866171.92
14284	14375345.080000002
14285	6010513.59
14286	6918107.47
14287	3115324.09
14288	10466628.45
14289	21113973.14
1429	10402048.479999999
14290	9705976.24
14291	7385308.83
14292	10297816.809999999
14293	19271787.46
14294	12433549.89
14295	13611552.200000001
14296	1879510.46
14297	4755601.21
14298	11949935.86
14299	9775481.46
143	15856861.59
1430	6905375.79
14300	13524905.149999999
14301	7317704.92
14302	17234850.09
14303	6267669.140000001
14304	10110054.29
14305	14815825.02
14306	10605612.26
14307	5983542.550000001
14308	7026676.209999999
14309	6979383.139999999
1431	9061535.530000001
14310	8197141.49
14311	8225953.789999999
14312	2932103.4199999995
14313	15133669.2
14314	5353292.04
14315	8299959.7299999995
14316	5772798.16
14317	13488079.780000001
14318	7946510.31
14319	10278118.870000001
1432	5790340.98
14320	15121752.21
14321	8054670.779999999
14322	6658663.67
14323	7741604.630000001
14324	8784560.59
14325	9756706.66
14326	6668193.5600000005
14327	10960594.64
14328	11689183.59
14329	12856143.29
1433	7855438.12
14330	9274319.82
14331	4512477.039999999
14332	7992076.300000001
14333	11311770.99
14334	11599658.799999999
14335	502249.99
14336	2202880.15
14337	9019252.08
14338	6325837.390000001
14339	8704697.89
1434	7096813.57
14340	6722311.859999999
14341	15956546.04
14342	8420345.76
14343	6589746.430000001
14344	7922232.37
14345	9767078.06
14346	9402599.07
14347	10099588.24
14348	14850003.530000001
14349	14383889.49
1435	14657933.549999999
14350	5377270.56
14351	9984034.36
14352	13983933.1
14353	11679269.95
14354	12464037.55
14355	15943841.78
14356	1090533.44
14357	16599442.8
14358	3320104.6100000003
14359	7511015.37
1436	9542052.25
14360	12140044.190000001
14361	18428601.84
14362	7653832.4
14363	13253546.389999999
14364	10553702.44
14365	9519864.41
14366	13893553.15
14367	12193098.5
14368	7936493.350000001
14369	4425540.78
1437	18030194.32
14370	11199264.03
14371	7169791.529999999
14372	12465805.000000002
14373	9741455.08
14374	7491937.42
14375	6337986.32
14376	11860698.65
14377	9359054.31
14378	6346204.82
14379	13444500.870000001
1438	13930477.19
14380	14015056.36
14381	8138478.91
14382	8123897.619999999
14383	11527579.66
14384	8836512.049999999
14385	7688528.45
14386	21906237.53
14387	6449467.86
14388	7859268.92
14389	10793715.379999999
1439	11795946.65
14390	15592329.040000001
14391	12091379.85
14392	18898836.42
14393	6557956.94
14394	10966588.5
14395	10705910.79
14396	6857904.33
14397	11370434.46
14398	1173004.19
14399	6636673.87
144	6546945.92
1440	8811097.06
14400	7768203.210000001
14401	12166340.379999999
14402	10559564.82
14403	9456372.840000002
14404	13675805.02
14405	10418001.47
14406	3164216.05
14407	14275573.949999997
14408	14345438.59
14409	15062861.629999999
1441	5463295.44
14410	13936403.97
14411	7716321.63
14412	7318168.39
14413	10513490.64
14414	11748747.18
14415	12536122.43
14416	6594160.819999999
14417	6905554.370000001
14418	8288354.81
14419	8448915.06
1442	4785314.92
14420	24650081.46
14421	6464309.86
14422	13521520
14423	12960120.85
14424	16581009.460000003
14425	3879995.59
14426	10662865.67
14427	11391656.82
14428	9091869.38
14429	7055491.08
1443	12220638.860000003
14430	5812020.07
14431	7803248.069999999
14432	12026864.95
14433	16308167.190000001
14434	7510657.55
14435	18987828.62
14436	8923294.01
14437	19782510.66
14438	11888286.25
14439	8766032.120000001
1444	5664377.13
14440	8824345.419999998
14441	10871597.68
14442	2595380.9400000004
14443	10878755.530000001
14444	15487651.08
14445	7093257.76
14446	4557794.149999999
14447	8866499.479999999
14448	5932483.920000001
14449	4583093.47
1445	8246250.89
14450	13510335.540000001
14451	6019929.260000001
14452	10209841.15
14453	12683977.67
14454	4201882.82
14455	15085721.45
14456	10481237.59
14457	9909391.42
14458	5609502.78
14459	9443672.76
1446	6023626.539999999
14460	5364741.14
14461	8090000.05
14462	10128501.17
14463	9931708.56
14464	12177922.3
14465	10866889.020000001
14466	11381771.61
14467	10649307.700000001
14468	9015567.43
14469	4932133.47
1447	10659282.74
14470	6972895.57
14471	5976347.06
14472	7733283.919999999
14473	8747065.92
14474	7479027.81
14475	7979208.010000001
14476	3331176.38
14477	13906040.870000001
14478	16221302.01
14479	3533693.72
1448	8972243.25
14480	9082471.420000002
14481	19036382.1
14482	3682963.87
14483	5905506.4799999995
14484	5582989.84
14485	2520396.75
14486	9528827.15
14487	14206408.74
14488	6558878.96
14489	10015889.83
1449	9694029.67
14490	7728321.72
14491	3746971.8800000004
14492	16442030.39
14493	9298971.71
14494	9371857.91
14495	8390260.3
14496	6393016.76
14497	5869570.99
14498	12742843.05
14499	8938248.83
145	6633786.59
1450	10541719.23
14500	14089864.469999999
14501	13367991.88
14502	4740262.13
14503	10046213.04
14504	8300461.090000001
14505	7831524.4399999995
14506	10196758.120000001
14507	5074092.64
14508	6941979.77
14509	17691665.04
1451	12639236.59
14510	6715792.94
14511	5223189.359999999
14512	14499490.58
14513	7291339.0200000005
14514	6056121.9399999995
14515	4758547.86
14516	9187392.77
14517	12010963.040000001
14518	8789112.54
14519	11649020.48
1452	11506591.2
14520	8575164.649999999
14521	6436863.670000001
14522	9624266.719999999
14523	11025969.2
14524	12234203.36
14525	8614157.07
14526	7459003.120000001
14527	20769762.15
14528	20972323.8
14529	10817167.420000002
1453	5234597.6
14530	8117123.590000001
14531	16615031.639999999
14532	2849795.9299999997
14533	3773671.21
14534	7752351.48
14535	9075413.53
14536	8255836.62
14537	2721407.1
14538	1462878.4399999997
14539	9856765
1454	18609195.060000002
14540	8199336.25
14541	5554915.96
14542	8538055.67
14543	15747096.45
14544	17887857.56
14545	18010981.590000004
14546	4702177.39
14547	10752919.120000001
14548	7534545.209999999
14549	10705173.5
1455	7073452.6
14550	10557763.6
14551	6070454.09
14552	17064006.65
14553	13709315.08
14554	13034631.96
14555	7991092.41
14556	18699068.95
14557	3752995.05
14558	9652126.27
14559	2859409.6799999997
1456	11503450.03
14560	14801566.08
14561	20797404.1
14562	13038902.75
14563	9291351.23
14564	10326484.93
14565	12775985.189999998
14566	7640293.379999999
14567	5591071.56
14568	2136186.04
14569	5779661.67
1457	10722744.63
14570	15390239.4
14571	3875565.6900000004
14572	11383981.09
14573	16960433.67
14574	8090860.3100000005
14575	8470502.4
14576	8884851.03
14577	8144242.8
14578	1797586.58
14579	9625355.69
1458	10324167.700000001
14580	8023740.5600000005
14581	12891368.27
14582	7873054.26
14583	1537175.19
14584	5505101.29
14585	7820466.780000001
14586	19754230.4
14587	6638054.069999999
14588	17613048.54
14589	6683151.49
1459	9303343.59
14590	12363330.879999999
14591	9586378.29
14592	6374364.01
14593	3704855.42
14594	17306811.84
14595	9650432.73
14596	8556735.9
14597	13101713.27
14598	17031927.55
14599	13551696.790000001
146	14810759.44
1460	15759466.010000002
14600	3508712.8
14601	4267896.5600000005
14602	12491613.41
14603	1643163.1800000002
14604	10140268.29
14605	7669398.880000001
14606	18541816.95
14607	12095261.139999999
14608	11589813.120000001
14609	13628372.71
1461	9643925.17
14610	6428282.5
14611	7801435.92
14612	3442294.9200000004
14613	13436778.41
14614	13401053.57
14615	8162088.75
14616	5616205.37
14617	5058900.98
14618	5473314.86
14619	9862267.49
1462	8167074.77
14620	8195143.5
14621	9605153.77
14622	12831174.25
14623	3490010.1799999997
14624	13732751.48
14625	8203188.49
14626	13242308.120000001
14627	5230459.51
14628	12284364.559999999
14629	12938011.39
1463	4258130.66
14630	3291489.2800000003
14631	6723347.45
14632	5218706.22
14633	4043085.5200000005
14634	9248404.42
14635	11272239.66
14636	7745645.25
14637	7492850.949999999
14638	16586390.97
14639	8063955.12
1464	15920330.129999999
14640	8429831.28
14641	14411489.3
14642	2513953.77
14643	1757652.93
14644	3738947.3699999996
14645	8964316.49
14646	6013784.779999999
14647	5508784.14
14648	8327645.199999999
14649	11867423.4
1465	11105578.88
14650	3411091.6300000004
14651	2485040.08
14652	9326341.85
14653	9260133.87
14654	8403323.98
14655	9553282.58
14656	10484473.75
14657	9380592.459999999
14658	9922831.98
14659	17728358.28
1466	4135614.46
14660	4173062.74
14661	11021460.809999999
14662	3154645.83
14663	6198195.449999999
14664	15183276.71
14665	8400037.260000002
14666	3680126.0700000003
14667	15460019.969999999
14668	12746104.59
14669	11984225.13
1467	4935771.75
14670	7702417.84
14671	13227451.64
14672	11180611.87
14673	22346370.41
14674	4787997.8100000005
14675	13032181.68
14676	7023628.450000001
14677	5797184.869999999
14678	14315464.99
14679	3502289.05
1468	5861761.28
14680	10839264.77
14681	5528936.64
14682	5397688.640000001
14683	5863054.359999999
14684	9304720
14685	7525680.809999999
14686	12450335.74
14687	14584569.42
14688	11796919.99
14689	16839162.92
1469	8647918.6
14690	7924563.63
14691	3814467.48
14692	11926971.94
14693	10524194.88
14694	8516776.35
14695	5635522.98
14696	6591499.77
14697	7098988.48
14698	2882911.14
14699	23502730.759999998
147	9513932.18
1470	10744866.48
14700	12070617.799999999
14701	11256794.53
14702	10801139.84
14703	11865838.26
14704	4730500.86
14705	6300564.88
14706	13036856.23
14707	5051514.22
14708	9382383.120000001
14709	8445883.290000001
1471	14019757.19
14710	17206156.11
14711	13172655.93
14712	9141175.41
14713	11645930.709999999
14714	16841937.94
14715	12627566.530000001
14716	5580461.72
14717	12303906.33
14718	9668005.62
14719	12229842.790000001
1472	19561046.7
14720	7951385.5
14721	11230933.33
14722	10744219.84
14723	16494898.240000002
14724	6089369.970000001
14725	8943018.66
14726	5871379.86
14727	8327690.040000001
14728	7214548.140000001
14729	1533987.8
1473	9803747.56
14730	13175033.399999999
14731	14458741.76
14732	2938676.12
14733	16322456.060000002
14734	7090603.65
14735	17837915.54
14736	33610171.57000001
14737	4224001.64
14738	5881231.64
14739	12350474.629999999
1474	13681123.67
14740	12735911.370000001
14741	9445469.94
14742	17530805.42
14743	14750827.82
14744	19312481.98
14745	8337166.619999999
14746	9292260.530000001
14747	10747438.71
14748	14165316.34
14749	16500670.84
1475	7336625.130000001
14750	12458426.030000001
14751	7629805.82
14752	12596998.739999998
14753	10811751.61
14754	4042199.4400000004
14755	8283366.48
14756	5011390.379999999
14757	9788914.650000002
14758	13919806.9
14759	8842351.15
1476	3964695.87
14760	9594736.07
14761	17427344.990000002
14762	10364366.07
14763	5021186.54
14764	13275856.04
14765	6138355.8
14766	4042916.05
14767	13923684.53
14768	7941736.34
14769	13305835.790000001
1477	8319336.840000001
14770	7776073.22
14771	16850057.79
14772	12302677.79
14773	16616198.18
14774	13363051.51
14775	6545961.799999999
14776	20870496.22
14777	11990853.61
14778	8921523.07
14779	2787588.64
1478	14910436.32
14780	10046132.07
14781	10002391.5
14782	16599035.499999998
14783	11497361.459999999
14784	10584603.15
14785	4546404.279999999
14786	8189824.57
14787	7536041.529999999
14788	9232395.809999999
14789	8127653.87
1479	10501816.1
14790	9202869.8
14791	10153767.81
14792	14991432.34
14793	4266090.79
14794	7347782.7
14795	9959959.549999999
14796	19564829.32
14797	21677397.740000002
14798	4543415.4799999995
14799	14076224.11
148	5061589.2700000005
1480	4287560.68
14800	4133363.24
14801	10943139.53
14802	13154795.740000002
14803	12981169.190000001
14804	12614926.57
14805	10386864.24
14806	6449674.43
14807	10765127.43
14808	5487180.52
14809	11821887.950000001
1481	9732818.9
14810	10233455.09
14811	10682541.98
14812	8885629.989999998
14813	6376633.73
14814	6562591.57
14815	13431904.66
14816	8314732.8100000005
14817	7452117.279999999
14818	9356502.53
14819	7848150.029999999
1482	3299506.97
14820	13068985.420000002
14821	3796362.1
14822	2152469.5000000005
14823	9218292.33
14824	9319664.530000001
14825	14090432.61
14826	11397795.81
14827	6284573.550000001
14828	5957828.3100000005
14829	6512825.050000001
1483	9795647.239999998
14830	7355529.4
14831	12270562.139999999
14832	19347649.93
14833	3894302.58
14834	14011652.709999999
14835	10238802.379999999
14836	14500597.74
14837	5626905.98
14838	10508568.86
14839	11954667.309999999
1484	6367241.45
14840	15329838.77
14841	8460297.62
14842	10579666.920000002
14843	5934267.399999999
14844	19890462.320000004
14845	15047133.450000001
14846	8966952.169999998
14847	14221743.76
14848	12488865.09
14849	17573731.1
1485	6771363.9799999995
14850	10705012.39
14851	8804729.56
14852	8610569.25
14853	13568629.08
14854	12633408.66
14855	8611964.58
14856	16810654.36
14857	4364501.75
14858	12246497.03
14859	11326402.5
1486	5855855.890000001
14860	13830435.319999998
14861	9393721.049999999
14862	7774653.08
14863	14504511.32
14864	1046268.95
14865	9204944.049999999
14866	5174528.970000001
14867	4744065.5200000005
14868	10642668.3
14869	8752900.15
1487	7464719.619999999
14870	3687594.1099999994
14871	18282163.18
14872	16651998.75
14873	13974833.27
14874	13042940.889999999
14875	7453108.41
14876	9621746.1
14877	11454088.709999999
14878	6045741.050000001
14879	6090440.42
1488	4897896.2
14880	16449893.09
14881	4798653.11
14882	6881393.49
14883	4629022.54
14884	6521737.45
14885	12791561.06
14886	8188755.58
14887	9920485.79
14888	8737447.48
14889	7506709.77
1489	19930131.54
14890	9587203.45
14891	18874108.69
14892	10581408.42
14893	16451847.98
14894	7869726.699999999
14895	6276229.37
14896	19871282.39
14897	5548388.05
14898	7146340.09
14899	17882617.5
149	5367514.63
1490	9754653.79
14900	2152995.23
14901	10682071.96
14902	9755484.61
14903	14300078.6
14904	8436805.77
14905	8892656.78
14906	11754529.11
14907	2661409.06
14908	6360663.2
14909	4217736.78
1491	6546144.5
14910	10370966.17
14911	14746120.3
14912	16227319.18
14913	19239108.06
14914	5254017.63
14915	9397052.540000001
14916	15609879.98
14917	6252819.199999999
14918	21893534.24
14919	8377331.89
1492	6516015.07
14920	9911719.26
14921	14706191.129999999
14922	8591782.14
14923	10391926.4
14924	12092079.07
14925	4889449.92
14926	5303050.49
14927	6908635.79
14928	13526312.16
14929	8629831.82
1493	8384681.81
14930	6859034.47
14931	7519802.7
14932	11585427.879999999
14933	9994133.13
14934	10739867.26
14935	11100479.739999998
14936	5161160.22
14937	3313682.3099999996
14938	14552939.39
14939	11717871.96
1494	10032121.67
14940	8911064.64
14941	11022359.86
14942	4747836.04
14943	8568800.52
14944	12050749.62
14945	6735771.13
14946	2930780.82
14947	8646336.72
14948	13509729.48
14949	16635241.86
1495	10195524.19
14950	15523589.160000002
14951	10217260.129999999
14952	15157852.779999997
14953	12402193.28
14954	10109247.620000001
14955	4305216.5600000005
14956	10292455.78
14957	15361201.6
14958	1945996.31
14959	9291378.46
1496	1821274.6799999997
14960	11401796
14961	12201579.18
14962	18683327.72
14963	6209326.28
14964	2812598.21
14965	3312345.8200000008
14966	9694433.38
14967	12507399.969999999
14968	12080364.44
14969	8963668.34
1497	13380268.68
14970	13500759.27
14971	9668275.15
14972	3670590.6599999997
14973	11867357.64
14974	20945684.98
14975	5295413.220000001
14976	9883948.23
14977	3639679.3200000003
14978	10831260.94
14979	12968821.58
1498	13240353.259999998
14980	10382882.110000001
14981	3204759.8300000005
14982	16620736.52
14983	6593428.869999999
14984	8036042.09
14985	3677081.2
14986	14657548.44
14987	2222373.88
14988	18134155.96
14989	6582165.05
1499	3640318.7800000003
14990	2794960.93
14991	5919016.029999999
14992	16983454.490000002
14993	11248791.27
14994	14509804.82
14995	18456673.61
14996	8360749.82
14997	7708082.600000001
14998	12648692.830000002
14999	10253531.04
15	11798438.79
150	7106237.92
1500	9350892.18
15000	13934365.790000001
15001	4093427.9899999998
15002	13812577.620000001
15003	2006981.02
15004	4866898.6
15005	2801330.87
15006	14960282.48
15007	16477574.709999999
15008	4358335.28
15009	17497214.28
1501	6557197.14
15010	4343436.55
15011	4683175.08
15012	12681931.790000001
15013	7737991.379999999
15014	3589748.3000000003
15015	7667626.63
15016	5458419.75
15017	7333759.100000001
15018	10508344.379999999
15019	7112216.17
1502	14593275.17
15020	10664083.36
15021	3937210.3
15022	16496089.82
15023	4672269.6
15024	7414821.419999999
15025	8269934.720000001
15026	13291783.43
15027	9274637.49
15028	15427512.42
15029	4834126.14
1503	8851525.75
15030	16168076.02
15031	15850586.770000001
15032	10679973.57
15033	12325183.67
15034	10223682.19
15035	10162932.379999999
15036	19777808.080000002
15037	4659337.62
15038	2600344.49
15039	10033198
1504	10684242.280000001
15040	7356446
15041	11313553.389999999
15042	10565232.910000002
15043	9078548.46
15044	19804130.55
15045	7402039.25
15046	4304197.35
15047	11352812.089999998
15048	7483049.07
15049	5378956.63
1505	20628765.17
15050	10156995.72
15051	2681019.9400000004
15052	6816418.08
15053	3877058.24
15054	8012899.51
15055	21556146.299999997
15056	8314247.88
15057	11060226.92
15058	14072921.739999998
15059	5924974.69
1506	7595407.09
15060	12906432.990000002
15061	8007364.97
15062	12178282.49
15063	3415480.7700000005
15064	10249649.53
15065	7332627.199999999
15066	4765205.1899999995
15067	3489812.08
15068	2612889.87
15069	13317570.67
1507	6231916
15070	9020449.419999998
15071	16715592.41
15072	3052578.94
15073	5498740.570000001
15074	13560016.09
15075	9466508.719999999
15076	9487982.209999999
15077	4112814.54
15078	6056133.33
15079	17257990.869999997
1508	8986207.93
15080	7474042.140000001
15081	6834616.230000001
15082	8722249.22
15083	6132084.56
15084	9262883.93
15085	15406816.940000001
15086	14487803.48
15087	7039026.119999999
15088	8733629.079999998
15089	11799409.18
1509	14526247.069999998
15090	17484016
15091	2004943.93
15092	13597174.82
15093	10899295.84
15094	11352449.75
15095	9555411.739999998
15096	10631727.1
15097	12260642.100000001
15098	8367642.54
15099	8805086.16
151	2727444.2199999997
1510	6813110.49
15100	8153621.66
15101	16241875.2
15102	12309224.8
15103	7096680.129999999
15104	17526548.85
15105	4129398.6
15106	6306140.179999999
15107	14489854.42
15108	12987941.040000001
15109	8970748.09
1511	12276192.35
15110	11093410.5
15111	16273768.98
15112	6086491.1
15113	8263373.23
15114	8266767.13
15115	5369360.63
15116	14427288.21
15117	9458955.57
15118	11135719.92
15119	12640836.760000002
1512	7593912.630000001
15120	14837759.49
15121	12315153.23
15122	8063168.5200000005
15123	10637709.45
15124	12882104.86
15125	3890649.73
15126	14559858.879999999
15127	7512668.79
15128	8516297.77
15129	11989361.7
1513	6055131.359999999
15130	15980640.57
15131	11657549.940000001
15132	16790984.86
15133	15712659.040000001
15134	13052283.89
15135	7874557.6
15136	5717351.58
15137	2474304.1799999997
15138	15980471.93
15139	6969250.77
1514	5438973.390000001
15140	14053292.21
15141	4250157.53
15142	5521666.51
15143	12559653.08
15144	13979519.67
15145	3837369.7699999996
15146	6573038.41
15147	8888962.83
15148	17455875.95
15149	5239343.4399999995
1515	10773104.35
15150	12130505.36
15151	11104058.190000001
15152	11652253.07
15153	13197225.33
15154	14165425.82
15155	8799995.3
15156	3227583.76
15157	8307126.03
15158	6462041.210000001
15159	12976843.04
1516	6781409.64
15160	4313466.05
15161	9475902.690000001
15162	9524063.889999999
15163	11155255.68
15164	2891348.42
15165	10799336.2
15166	13864326.24
15167	7185135.390000001
15168	4461146.130000001
15169	11474517.559999999
1517	4119384.8100000005
15170	11004832.379999999
15171	3421688.42
15172	4994796.21
15173	6480205.140000001
15174	20127675.630000003
15175	12840493.290000001
15176	6483081.43
15177	8084047.5200000005
15178	14313843.54
15179	13072109.129999999
1518	9349350.18
15180	8749469.6
15181	12704267.13
15182	16037149.88
15183	6963790.17
15184	6281192.720000001
15185	13218513.28
15186	4823323.200000001
15187	3965510.4
15188	4986324.93
15189	14415623.969999999
1519	15322927.89
15190	4229455.859999999
15191	9051586.18
15192	11342356.15
15193	9009800.790000001
15194	11572649.93
15195	12918724.399999999
15196	9097543.13
15197	9163341.879999999
15198	9303024.53
15199	3160295.65
152	1837809.1700000002
1520	18124129.55
15200	10435722.09
15201	6448989.88
15202	6619187.46
15203	8284539.21
15204	13687019.86
15205	7282832.340000001
15206	6606294.13
15207	8900194.219999999
15208	15513916.45
15209	12097439.920000002
1521	11374354.299999999
15210	13235600.959999999
15211	6985767.66
15212	5212544.5600000005
15213	4150967.2600000002
15214	4742694.84
15215	28682806.9
15216	11011657.25
15217	7832567.7700000005
15218	7474024.020000001
15219	5731808.3100000005
1522	11809176.66
15220	9877217.59
15221	11581498.399999999
15222	3608054.7399999993
15223	7369882.53
15224	10648320.370000001
15225	13823237.17
15226	17845476.48
15227	7788860.140000001
15228	11296025.19
15229	17682972.53
1523	9470196.05
15230	6782342.44
15231	6668724.81
15232	9837085.8
15233	22655492.919999998
15234	2883112.4399999995
15235	16598913.279999997
15236	1534980.69
15237	16902904.95
15238	10054384.15
15239	9837042.15
1524	6003890.76
15240	12600767.07
15241	6430228.08
15242	10338541.99
15243	11139705.25
15244	7541413.140000001
15245	11129232.72
15246	10076698.7
15247	3710650.13
15248	3669867.2800000003
15249	8076512.9399999995
1525	14153461.049999999
15250	2459807.99
15251	18024592.25
15252	8526648.799999999
15253	7516974.09
15254	8289666.79
15255	7476590.69
15256	3905615.43
15257	5608982.96
15258	2825189.28
15259	20268770.98
1526	4715157.529999999
15260	8209839.11
15261	9933176.559999999
15262	17533868.37
15263	7769085.359999999
15264	7767028.379999999
15265	11916548.129999999
15266	3420777.9
15267	3887501.08
15268	4731791.17
15269	7317753.129999999
1527	10408354.959999999
15270	17460848.16
15271	10807823.370000001
15272	11202370.15
15273	2390291.59
15274	3526667.33
15275	7707712.79
15276	7254728.949999999
15277	17526817.82
15278	12077523.48
15279	7989143.000000001
1528	10854950.169999998
15280	5782314.66
15281	19082283.05
15282	4670835.5600000005
15283	15137161.42
15284	4376977.21
15285	11613478.780000001
15286	15589710.309999999
15287	16304855.379999999
15288	6717055.880000001
15289	8813101.379999999
1529	8163187.1
15290	10075987.11
15291	17502526.86
15292	10667846.280000001
15293	21246942.5
15294	15207287.780000001
15295	18326120.52
15296	7706289.2700000005
15297	10279211.7
15298	6073747.83
15299	7721108.58
153	12119354.22
1530	9796220.09
15300	10192294.42
15301	5380404.879999999
15302	11078435.97
15303	17982896.22
15304	5833658.5
15305	7652897.08
15306	9472775.75
15307	6862229.619999999
15308	19144055.75
15309	6216428.5600000005
1531	14854478.35
15310	9424104.25
15311	7046051.83
15312	7883807.99
15313	14722003.04
15314	4125706.71
15315	20371591.7
15316	13681053.149999999
15317	15048704.08
15318	13077771.9
15319	8509840.1
1532	9569893.84
15320	21709035.27
15321	15072449.77
15322	19748390.369999997
15323	10017327.600000001
15324	9152319.32
15325	10676925.379999999
15326	10012481.03
15327	6058055.33
15328	7364222.93
15329	16337885.69
1533	2504544.09
15330	3330920.5000000005
15331	8947234.08
15332	14039105.72
15333	9856208.959999999
15334	18520137.46
15335	8171035.470000001
15336	7887184.9399999995
15337	6724291.859999999
15338	13536905.46
15339	2892102.2399999998
1534	8569347.969999999
15340	6367566.5
15341	7677406.24
15342	9879347.489999998
15343	6392414.85
15344	6256402.25
15345	14830359.57
15346	9226677.19
15347	6772911.53
15348	10190719.58
15349	7453607.369999999
1535	13308054.95
15350	8557780.97
15351	6834938.289999999
15352	12181659.729999999
15353	3043365.45
15354	6738655.2299999995
15355	7610818.45
15356	14053105.81
15357	12727891.44
15358	12217165.15
15359	11664804.88
1536	15827564.5
15360	8147373.35
15361	15798510.9
15362	14406918.71
15363	4674788.93
15364	7397799.91
15365	13035587.26
15366	13511668.9
15367	8174193.01
15368	4557936.16
15369	1775729.6
1537	11768304.81
15370	11507892.44
15371	18193706.56
15372	10714569.02
15373	12046271.510000002
15374	23472432.950000003
15375	15196030.4
15376	5780555.09
15377	9875446.86
15378	14023719.740000002
15379	16711477.149999999
1538	12567744.760000002
15380	8810703.15
15381	9099824.969999999
15382	12036943.059999999
15383	11967977.09
15384	13054099.2
15385	10071312.44
15386	8712844.26
15387	21568642.630000003
15388	19190713.43
15389	5007501.67
1539	7696082.110000001
15390	13188710.11
15391	9019343.26
15392	11608726.52
15393	4522759.55
15394	4978577.76
15395	8422708.95
15396	12436808.860000001
15397	12940851.790000001
15398	9957420.35
15399	11635395.99
154	11851133.85
1540	13347562.09
15400	9594840.84
15401	13295303.649999999
15402	9837191.34
15403	4716100.68
15404	5096307.340000001
15405	12451803.46
15406	11896575.46
15407	5040427.54
15408	10984234.790000001
15409	16124131.3
1541	9393124.280000001
15410	10803456.29
15411	11376058.009999998
15412	15454019.49
15413	11868075.82
15414	9760867.919999998
15415	16943262.41
15416	16440639.809999999
15417	6878143.790000001
15418	21149677.87
15419	6927303.3
1542	7859498.98
15420	8012177.3
15421	9301340.579999998
15422	5344977.63
15423	12969650.92
15424	8313476.92
15425	3183304.05
15426	21325981.869999997
15427	7674747.05
15428	8139163.55
15429	8904760.01
1543	11493097.7
15430	13791926.07
15431	4521672.3
15432	12301072.559999999
15433	5172633.390000001
15434	6711163.88
15435	8533190.13
15436	3347764.18
15437	24799099.669999998
15438	5046124.44
15439	11001963.66
1544	7699882.72
15440	10060227.76
15441	8040566.959999999
15442	9526008.719999999
15443	12893200.96
15444	5774306.26
15445	12956722.66
15446	15175185.68
15447	8991376.02
15448	4443617.63
15449	7886164.460000001
1545	13820599.549999999
15450	13791035.84
15451	12227131.65
15452	11343728.850000001
15453	5792160.050000001
15454	7342045.989999999
15455	12128573.91
15456	10918020.83
15457	5597483.149999999
15458	9955023.7
15459	6779857.149999999
1546	12009819.98
15460	6848583.26
15461	11156869.059999999
15462	4331947.399999999
15463	17913054.68
15464	6289279.81
15465	6485415.78
15466	7545546.15
15467	5631040.82
15468	4337319.42
15469	7952800.71
1547	7120282.38
15470	10939285.329999998
15471	9183820.16
15472	2813093.16
15473	24491363.939999998
15474	18261805.57
15475	16352415.88
15476	15738626.92
15477	1449800.5899999999
15478	11547774.8
15479	4355802.83
1548	8607776.870000001
15480	8751087.25
15481	9909162.3
15482	5864835
15483	10074725.450000001
15484	8253966.889999999
15485	12792811.48
15486	5664454.03
15487	13093223.37
15488	7541294.49
15489	13322590.91
1549	6978379.750000001
15490	19342233.150000002
15491	4096682.29
15492	9228138.57
15493	15921206.48
15494	8148711.859999999
15495	13127454.84
15496	8313593.45
15497	11767256.56
15498	19025143.47
15499	9653570.27
155	5552007.57
1550	5978905.050000001
15500	9875322.64
15501	5570951.21
15502	2281231.67
15503	8914873.66
15504	6073791.4
15505	16684330.200000001
15506	10888386.36
15507	4015696
15508	15801123.120000001
15509	11906625.100000001
1551	9708893.18
15510	13458007.719999999
15511	7456141.66
15512	7715313.45
15513	9325474.79
15514	12963632.58
15515	5189195.4799999995
15516	5295770.469999999
15517	10651755.52
15518	7365923.140000001
15519	7393755.710000001
1552	11963194.000000002
15520	10886228.4
15521	9734315.02
15522	15019904.17
15523	12115122.24
15524	11217570.08
15525	1490393.5899999999
15526	5928881.48
15527	14810214.229999999
15528	4450909.26
15529	11435372.5
1553	18673303.33
15530	19221887.16
15531	17284310.54
15532	10852966.9
15533	16576535.05
15534	8303192.9799999995
15535	3432762.9400000004
15536	12785293.000000002
15537	8722292.98
15538	9393962.47
15539	10325572.629999999
1554	10069273.24
15540	8083202.3
15541	8670432.790000001
15542	16884505.560000002
15543	18977970.310000002
15544	11213866.66
15545	12089492.069999998
15546	14469982.1
15547	7407667.4
15548	6687761.07
15549	15546667.700000001
1555	6333008.02
15550	3784328.12
15551	13682252.86
15552	14403245.200000001
15553	11213504.22
15554	12456874.419999998
15555	6472129.609999999
15556	12903001.19
15557	1828090.82
15558	12629359.170000002
15559	10169120.08
1556	13112695.080000002
15560	22987711.97
15561	4929762.78
15562	11120653.86
15563	4724673.42
15564	5805247.41
15565	9151525.879999999
15566	9058272.01
15567	7398614.82
15568	8504992.76
15569	5597957.42
1557	5018898.63
15570	16244042.629999999
15571	7093948.319999999
15572	7951646.33
15573	6183222.92
15574	14350298.27
15575	14425310.839999998
15576	11440456.65
15577	7494458.130000001
15578	17770251.71
15579	6083905.949999999
1558	3053239.8600000003
15580	12269303.09
15581	8716021.11
15582	11624139.34
15583	6490741.039999999
15584	19393015.78
15585	15458393.299999999
15586	9915053.14
15587	2986072.2600000002
15588	14287262.14
15589	6157689.540000001
1559	1820409.09
15590	6416122.819999999
15591	5140662.44
15592	8566716.559999999
15593	9138048.02
15594	12138884.07
15595	8156516.32
15596	2930927.85
15597	13519471.02
15598	12025264.469999999
15599	12807615.299999999
156	10143640.82
1560	9182031.760000002
15600	18330151.4
15601	3191052.2
15602	10536778.08
15603	2329557.34
15604	13993438.48
15605	7678628.92
15606	10244877.01
15607	6827927.92
15608	8810008.059999999
15609	8287490.65
1561	10108791.81
15610	15056601.049999999
15611	3397896.4799999995
15612	9952357.34
15613	12750357.89
15614	6530404.52
15615	11484005.99
15616	6061805.29
15617	18922868.51
15618	6966330.0600000005
15619	9954460.09
1562	2635526.02
15620	9424909.19
15621	7701129.66
15622	10159196.28
15623	14811838.05
15624	10781618.79
15625	7520376.82
15626	13664249.04
15627	4031317.26
15628	9929068.37
15629	14922471
1563	10909887.58
15630	5237878.63
15631	10606584.080000002
15632	5281078.65
15633	12472485.67
15634	13382644.620000001
15635	10597258.35
15636	11393809.12
15637	7251973.539999999
15638	7628569.49
15639	15076351.120000001
1564	10331123.24
15640	9000029.36
15641	3650232.74
15642	4405895.37
15643	5860851.73
15644	6894870.33
15645	6056400.04
15646	5260968.66
15647	9323856.680000002
15648	5704433.68
15649	5500828.08
1565	3508814.62
15650	2979716.27
15651	2571997.27
15652	9775801.629999999
15653	11026309.780000001
15654	10248779.8
15655	8540052.5
15656	5934951.699999999
15657	8754413.44
15658	7510238.12
15659	7391443.53
1566	9404710.120000001
15660	9773223.76
15661	15758748.780000001
15662	4957336.649999999
15663	5785369.07
15664	12460340.36
15665	8111449.07
15666	11277261.09
15667	3555632.1100000003
15668	15605730
15669	14267397.399999999
1567	11675817.48
15670	12665512.100000001
15671	12102560.670000002
15672	4434131.0600000005
15673	10470489.14
15674	12174317.55
15675	18532914.39
15676	13527588.620000001
15677	11530909.47
15678	10015455.76
15679	15326422.06
1568	10598645.92
15680	12898963.170000002
15681	8576455.09
15682	7983322.92
15683	12441606.69
15684	5678255.550000001
15685	7359010.36
15686	10798037.77
15687	7284806.7299999995
15688	5181879.260000001
15689	6121633.109999999
1569	15024290.440000001
15690	9244515.68
15691	12151708.57
15692	7599942.12
15693	8625307.879999999
15694	9206812.23
15695	9970413.790000001
15696	15203333.549999999
15697	13001407.690000001
15698	7588600.25
15699	14560641.48
157	6766365.68
1570	11182858.639999999
15700	11656184.02
15701	3697433.42
15702	6981328.390000001
15703	7590691.359999999
15704	7072399.59
15705	7930205.66
15706	16239862.78
15707	15505410.18
15708	13979833.87
15709	9732983.47
1571	7113569.279999999
15710	11482308.58
15711	6906942.569999999
15712	17336773.509999998
15713	12442026.78
15714	7045762.28
15715	11972847.27
15716	9218863.709999999
15717	15224186.59
15718	12247179.030000001
15719	4754972.43
1572	7230312.14
15720	21610277.67
15721	15186021.080000002
15722	7969787.659999998
15723	11703470.559999999
15724	7853506.3100000005
15725	8805890.42
15726	1862635.3900000001
15727	7181839.02
15728	7301160.46
15729	12108119.92
1573	11653462.52
15730	14400790.75
15731	3033861.77
15732	4882536.54
15733	3890510.8899999997
15734	6216813.94
15735	12993283.54
15736	4771894.51
15737	15558799.990000002
15738	12100403.879999999
15739	11134332.51
1574	19150871.07
15740	13281889.989999998
15741	6670567.619999999
15742	9731623.790000001
15743	7625921.27
15744	7272946
15745	13788361.79
15746	10870951.510000002
15747	4523106.779999999
15748	11150943.2
15749	15755142.799999999
1575	5119494.93
15750	11323097.44
15751	17512791.020000003
15752	7546770.779999999
15753	16713146.61
15754	7280648.58
15755	15347056.059999999
15756	18171171.92
15757	14502579.5
15758	5910432.88
15759	12085080.76
1576	15272938.579999998
15760	10247159.71
15761	7726050.87
15762	5259887.74
15763	15334285.57
15764	11226756.699999997
15765	9085547.39
15766	10168729.250000002
15767	14942105.93
15768	15392607.68
15769	8447740.07
1577	5919008.76
15770	11165896.48
15771	5072119.04
15772	5472424.49
15773	12052824.28
15774	4693974.069999999
15775	11399623.02
15776	9117117.67
15777	12732842.549999999
15778	26596507.97
15779	3373058.5
1578	8296246.770000001
15780	9759880.72
15781	11853839.96
15782	4267906.98
15783	7304693.18
15784	7572962.8100000005
15785	9314974.72
15786	9040908.67
15787	7247353.73
15788	6691585.499999999
15789	4144606.11
1579	20292319.4
15790	16756579.08
15791	6021106.42
15792	6259952.640000001
15793	8583154.559999999
15794	17106446.53
15795	8165831.800000001
15796	5860084.35
15797	12195534.19
15798	10484745.759999998
15799	10606329.73
158	10678616.35
1580	15043430.19
15800	12035756.3
15801	16012972.72
15802	9777016.65
15803	13579891.139999999
15804	6804877.27
15805	14723400.379999999
15806	10408052.14
15807	5702520.840000001
15808	9439421.579999998
15809	9940632.64
1581	8481445.459999999
15810	9743459.19
15811	6502061.42
15812	5737385.79
15813	11159130.44
15814	4372690.08
15815	6833223.9399999995
15816	4746101.529999999
15817	8308832.35
15818	16085433.46
15819	20294360.709999997
1582	12902818.92
15820	21377937.68
15821	7018748.95
15822	15163540.04
15823	6181253.450000001
15824	10976811.41
15825	12465166.36
15826	10498510.799999999
15827	5621856.57
15828	11620067.6
15829	16059563.009999998
1583	5299925.1
15830	10390180.49
15831	8894427.2
15832	6476667.32
15833	10120557.84
15834	9010474.85
15835	12912187.120000001
15836	10737564.649999999
15837	10152475.48
15838	6241648.859999999
15839	7609707.65
1584	5107357.96
15840	12338227.46
15841	10676106.93
15842	10303269.96
15843	5557970.640000001
15844	7403988.62
15845	4697329.100000001
15846	14948757.9
15847	16854034.439999998
15848	17826388.39
15849	4473452.58
1585	6359108.2
15850	9117076.590000002
15851	8108964.000000001
15852	14369866.84
15853	15260690.52
15854	6185019.920000001
15855	5740694.39
15856	13642760.88
15857	3161828.5000000005
15858	3909492.56
15859	12858486.019999998
1586	9532843.68
15860	13000897.239999998
15861	17227765.11
15862	23470899.42
15863	6446836.100000001
15864	6078849.630000001
15865	10066601.58
15866	3004419.92
15867	12945441.889999999
15868	4094329.5000000005
15869	2757130.6999999997
1587	8237740.620000001
15870	9772910.120000001
15871	3595030.48
15872	6569551.74
15873	8699286.92
15874	4863926.88
15875	7486642.75
15876	6249273.4
15877	5412569.640000001
15878	14000185.07
15879	7172515.659999999
1588	8362584.369999999
15880	12119799.08
15881	3611603.56
15882	13800081.02
15883	23289371.27
15884	10859428.23
15885	14431176.94
15886	15202236.520000001
15887	18901216.34
15888	10461295.41
15889	8721998.299999999
1589	9423594.06
15890	4369919.92
15891	13492921.32
15892	11250110.440000001
15893	5025786.5200000005
15894	8208395.779999999
15895	11550671.57
15896	13690516.32
15897	9922346.759999998
15898	12571019.950000001
15899	9987294.599999998
159	9519909.440000001
1590	11352936.850000001
15900	7766123.029999999
15901	3820233.06
15902	8118371.109999999
15903	11097129.27
15904	19979387.05
15905	13487337.240000002
15906	10306558.149999999
15907	11574785.36
15908	3648887.6700000004
15909	8522629
1591	11488887.16
15910	11372462.68
15911	4392237.74
15912	8302918.59
15913	7823547.17
15914	10519549.04
15915	2496709.26
15916	10500858.76
15917	10412159.98
15918	12686204.23
15919	9480149.389999999
1592	10330038.78
15920	10312248.25
15921	6352721.639999999
15922	5786871.8
15923	7155287.470000001
15924	11822439.99
15925	6158132.08
15926	4110376.58
15927	4071510.1799999997
15928	7874180.85
15929	16562821.680000002
1593	12586895.82
15930	1514200.4800000002
15931	14507176.14
15932	10990374.43
15933	10881831.780000001
15934	18307763.94
15935	5006410.850000001
15936	15009740.81
15937	12359978.42
15938	6148998.470000001
15939	13289952.32
1594	2279968.7199999997
15940	7515968.57
15941	8438074.28
15942	12708190.19
15943	10242836.309999999
15944	8013691.93
15945	12785456.08
15946	12455897.73
15947	12663387
15948	19943453.119999997
15949	11910379.32
1595	10727335.99
15950	14218031.04
15951	10515631.530000001
15952	9272430.799999999
15953	1919873.7600000002
15954	7579579.259999999
15955	6374457.3100000005
15956	7628184.71
15957	12330463.82
15958	6650923.539999999
15959	9523170.41
1596	5998175.2
15960	5033239.78
15961	7034722.210000001
15962	8886414.700000001
15963	9174377.31
15964	13517906.09
15965	5077365.59
15966	4822368.010000001
15967	13653726.950000001
15968	16517316.889999999
15969	15551480.27
1597	6068128.680000001
15970	17755439.799999997
15971	15406615.840000002
15972	1956567.83
15973	10829408.23
15974	13826285.159999998
15975	19228673.020000003
15976	11222786.4
15977	11878400.32
15978	15484242.46
15979	8380531.53
1598	5499758.829999999
15980	7001050.35
15981	4278935.8
15982	11872329.750000002
15983	4270149.65
15984	2799863.62
15985	3240957.96
15986	10152553.410000002
15987	7777187.24
15988	16981267.72
15989	2636735.45
1599	10271182.45
15990	16063631.999999998
15991	4919562.08
15992	6718932.99
15993	10994684.190000001
15994	11516771.51
15995	9097816.57
15996	6054155.429999999
15997	6795086.09
15998	9523761.8
15999	9576160.100000001
16	14136465.03
160	20023284.6
1600	6830314.26
16000	13425095.36
16001	21174044.16
16002	12997449.44
16003	7530576.880000001
16004	8590541.48
16005	11349422.56
16006	5146529.66
16007	4705643.14
16008	15241153.86
16009	11736423.459999999
1601	19937034.669999998
16010	1261361.8800000001
16011	15868153.59
16012	13252561.14
16013	11459621.020000001
16014	7429119.609999999
16015	6124800.93
16016	16284271.379999999
16017	11198608.36
16018	7624691.68
16019	3005616.37
1602	12017865.25
16020	9032001.03
16021	13544620.780000001
16022	8013381.2299999995
16023	8264885.9
16024	8054582.790000001
16025	17469550.479999997
16026	10705227.370000001
16027	9450092.45
16028	10384245.81
16029	9555181.29
1603	22090085.669999998
16030	12250952.91
16031	18812844
16032	9979347.66
16033	14000720.86
16034	8160034.499999999
16035	12305480.28
16036	9920007.01
16037	10088073.33
16038	12567319.48
16039	13534062.219999999
1604	5690201.74
16040	6295617.52
16041	3834886.3000000007
16042	19141819.53
16043	12550668.73
16044	13401293.23
16045	4830782.819999999
16046	5095726.82
16047	8088105.779999999
16048	12089741.319999998
16049	10103339.08
1605	8954798.87
16050	10496929.09
16051	10903666.22
16052	9751184.56
16053	12541347.000000002
16054	13940071.790000001
16055	8072579.220000001
16056	11995945.21
16057	12290147.8
16058	20524398.73
16059	11371418.79
1606	10300223.530000001
16060	20379642.15
16061	7628152.04
16062	4994914.87
16063	6701368.68
16064	12584076.82
16065	16555775.579999998
16066	5175618.470000001
16067	5367610.83
16068	10528131.66
16069	8908630.05
1607	7063448.3
16070	5854548.5
16071	4585725.590000001
16072	10752604.59
16073	8694287.81
16074	6316508.820000001
16075	15749377.919999998
16076	6354123.09
16077	5151280.94
16078	7771956.11
16079	8870838.81
1608	11887337.54
16080	11486662.93
16081	2262888.7399999998
16082	12611928.86
16083	7689784.2700000005
16084	10318805.98
16085	12003987.51
16086	16147196.040000001
16087	10487690.16
16088	7041911.17
16089	5663525.66
1609	10737079.18
16090	8633974.350000001
16091	12363233.93
16092	10347355.440000001
16093	10885952.94
16094	13494928.77
16095	5474963.98
16096	3186366.19
16097	4820609.26
16098	6850448.66
16099	8198726.21
161	17987463.009999998
1610	4404511.22
16100	10713571.48
16101	13829783.23
16102	17699024.12
16103	9889843.04
16104	12066806.21
16105	13302313.080000002
16106	6200831.819999999
16107	14438887.809999999
16108	13063608.96
16109	13548068.120000001
1611	11718375.68
16110	2847488.95
16111	10475907.729999999
16112	6092289.25
16113	7757131.899999999
16114	6850189.47
16115	7691701.26
16116	15968464.98
16117	4857876.86
16118	14475902.66
16119	4625295.09
1612	7749197.07
16120	12502060.670000002
16121	6620871.7299999995
16122	10993867.53
16123	15931215.54
16124	11549851.7
16125	9971433.3
16126	14736556.239999998
16127	3350762.1799999997
16128	2417766.9899999998
16129	9315068.97
1613	14850423.21
16130	9953138.870000001
16131	6266854.719999999
16132	17143345.19
16133	10590486.919999998
16134	7267214.529999999
16135	16721940.480000002
16136	12160556.620000001
16137	6434137.220000001
16138	8346479.04
16139	8357199.66
1614	6717804.77
16140	5619051.83
16141	10439017.209999999
16142	6999250.26
16143	8764903.8
16144	15943625.64
16145	5470449.359999999
16146	12542583.96
16147	7284015.06
16148	6655928.86
16149	16580279.34
1615	11042002.07
16150	15174163.180000002
16151	6177001.04
16152	6582125.18
16153	10638901.57
16154	14013532.47
16155	4535491.12
16156	12518114.45
16157	7359016.93
16158	11741464.5
16159	10598301.04
1616	23096978.060000002
16160	19479717.34
16161	13985545.049999999
16162	17873152.17
16163	14169105.96
16164	16137094.509999998
16165	12329064.94
16166	17653870.189999998
16167	17981640.939999998
16168	13433766.18
16169	5309025.130000001
1617	3913698.54
16170	16222123.02
16171	6930085.700000001
16172	11486992.4
16173	13333053.33
16174	7786852.239999999
16175	12642426.58
16176	4758690.85
16177	14646046.919999998
16178	11443961.12
16179	4150927.2600000002
1618	6955498.409999999
16180	389541.1
16181	11055307.010000002
16182	5481488.73
16183	2275416.02
16184	15650173.18
16185	13420558.530000001
16186	13679786.679999998
16187	11804231.930000002
16188	10563546.27
16189	9740215.89
1619	11251226.879999999
16190	6423807.28
16191	4293278.32
16192	13101709.739999998
16193	4088603.09
16194	9655687.41
16195	13653968.76
16196	7438906.450000001
16197	6111597.93
16198	11972190.629999999
16199	12242743.379999999
162	5829410.54
1620	13222852.57
16200	7739950.26
16201	8674612.41
16202	9504410.540000001
16203	10517330
16204	2117622.47
16205	9263229.940000001
16206	11171772.02
16207	12046063.7
16208	11146244.06
16209	7319132.08
1621	8937491.809999999
16210	1188057.52
16211	14152337.909999998
16212	9265182.82
16213	6703790.8100000005
16214	9306406.45
16215	6401466.510000001
16216	11734266.57
16217	12247829.870000001
16218	9937169.829999998
16219	9802262.99
1622	10932585.16
16220	7574905.76
16221	14798033.06
16222	4300343.96
16223	6143547.1
16224	10119908.07
16225	5597526.0600000005
16226	10646165
16227	9498449.79
16228	4930075.59
16229	11586440.120000001
1623	1041525.14
16230	10957360.97
16231	5282657.25
16232	10613804.32
16233	3067323.21
16234	12866966.489999998
16235	7329917.18
16236	3372477.4000000004
16237	14535184.719999999
16238	14220964.57
16239	14525467.56
1624	17627152.080000002
16240	5952882.96
16241	12761502.12
16242	10493803.13
16243	12822101.05
16244	18038088.14
16245	10842042.98
16246	10621939.4
16247	3554670.55
16248	12112357.2
16249	11818731.64
1625	15837710.64
16250	13495838.620000001
16251	12283318.629999999
16252	11136221.01
16253	1992476.06
16254	14744486.06
16255	17945200.759999998
16256	12889441.34
16257	10777684.7
16258	11045334.39
16259	7801012.69
1626	16111555.000000002
16260	13977980.24
16261	9525389.39
16262	14098503.379999999
16263	10735336.299999999
16264	12192273.93
16265	15664150.709999999
16266	6263457.16
16267	9285032.16
16268	12616182.58
16269	9458093.69
1627	14497650.780000001
16270	2244714.89
16271	4924692.66
16272	4320603.41
16273	9095612.99
16274	14091294.440000001
16275	7980302.52
16276	3356170.8600000003
16277	5851661.25
16278	5860563.02
16279	7288087.400000001
1628	2871517.43
16280	10124318.2
16281	6279556.010000001
16282	5217932.15
16283	13235111.05
16284	1815278.6500000001
16285	11344190.46
16286	14389765.32
16287	6176625.27
16288	12539093.98
16289	7839395.960000001
1629	12343862.309999999
16290	9449893.82
16291	8910896.3
16292	12974789.049999999
16293	13307222.64
16294	12735101.08
16295	7136463.209999999
16296	12998942.68
16297	5182590.71
16298	4111653.02
16299	2146314.87
163	20994605.71
1630	13301946.749999998
16300	8926817.97
16301	4703598.66
16302	4430652.390000001
16303	6489000.1
16304	9745312.32
16305	10977567.200000001
16306	15534556.22
16307	3648148.84
16308	7684884.409999999
16309	5001502.88
1631	7843332.459999999
16310	7475228.220000001
16311	10517240.530000001
16312	8271659.08
16313	5499409.21
16314	14589228.57
16315	12669835.58
16316	5019680.21
16317	9204700.34
16318	9812716.13
16319	8845538.56
1632	6924997.97
16320	7738548.94
16321	15129726.239999998
16322	12802943.37
16323	19769146.03
16324	8116594.609999999
16325	10697838.490000002
16326	13289517.299999999
16327	7063447.48
16328	8400532.68
16329	18107130.57
1633	6355560.09
16330	9871982.06
16331	20648169.4
16332	17646111.740000002
16333	5134484.2299999995
16334	10557313.659999998
16335	9484297.51
16336	13434863.05
16337	9831433.52
16338	9650637.309999999
16339	12260631.18
1634	9506707.959999999
16340	8276303.040000001
16341	11701784.100000001
16342	7898139.630000001
16343	9112944.18
16344	9853739.25
16345	13427792.01
16346	6594926.2
16347	9074352.34
16348	16753650.260000002
16349	13740213.799999999
1635	13195432.07
16350	10080094.84
16351	10359368.919999998
16352	11024300.55
16353	5911019.379999999
16354	12958708.63
16355	1816105.66
16356	9959589.34
16357	11911590.18
16358	20122039.6
16359	1964476.37
1636	8669173.18
16360	11188035.07
16361	13131407.02
16362	5774373.29
16363	7950061.9
16364	15385475.690000001
16365	14695758.88
16366	13706236.879999999
16367	8813841.51
16368	10280401.87
16369	8987615.07
1637	16997321.52
16370	12765067.92
16371	9592550.98
16372	10902987.27
16373	12225620.440000001
16374	5670951.09
16375	4945003.1899999995
16376	5208380.600000001
16377	16360184.759999998
16378	7916073.2
16379	1789212.5699999998
1638	8577311.260000002
16380	9991689.149999999
16381	8855465.16
16382	13255098.25
16383	11107504.57
16384	9916253.780000001
16385	10697076.700000001
16386	7401071.589999999
16387	4103949.5
16388	4575546.4
16389	5501941.2
1639	5413558.34
16390	6442582.899999999
16391	6997351.57
16392	6957858.24
16393	11236830.189999998
16394	8372719.89
16395	12910617.22
16396	10937059.11
16397	14482911.75
16398	12955042.260000002
16399	10392321.649999999
164	3462215
1640	8435413.75
16400	11760476.52
16401	10635546.71
16402	15664458.37
16403	2068129.4200000002
16404	8001053.22
16405	13442636
16406	9124935.780000001
16407	14146314.309999999
16408	5432859.899999999
16409	6425400.699999999
1641	10153907.81
16410	11117462.840000002
16411	6415135.140000001
16412	18790110.599999998
16413	2241647.7800000003
16414	12736848.200000001
16415	1470845.5899999999
16416	11106322.35
16417	5180024.95
16418	20158528.35
16419	11672783.54
1642	5619702.899999999
16420	15642567.309999999
16421	2688755.27
16422	17683778
16423	10969174.46
16424	13214396.149999999
16425	21363948.48
16426	10409902.14
16427	13841752.65
16428	13198478
16429	15526099.89
1643	8657773.629999999
16430	8401906.48
16431	1918401.84
16432	12589127.649999999
16433	17414601.82
16434	10390402.42
16435	3341519.8800000004
16436	7959582.68
16437	9289074.29
16438	8312081.190000001
16439	6131556.51
1644	15074664.76
16440	8124806.24
16441	16143678.45
16442	6293763.35
16443	13769770.260000002
16444	10059643.39
16445	11525838.59
16446	4707511.390000001
16447	6307122.9399999995
16448	8908419.98
16449	14982180.45
1645	13865611.440000001
16450	8572621.97
16451	17519738.21
16452	6845731.3100000005
16453	20583047.73
16454	13904461.379999999
16455	14443168.899999999
16456	11688074.96
16457	6066389.029999999
16458	13024541.73
16459	2436081.05
1646	14334598.22
16460	3534649.02
16461	7686926.71
16462	3116200.6700000004
16463	12473430.57
16464	5393134.58
16465	16333497.400000002
16466	9455284.28
16467	6764599.58
16468	4566779.84
16469	5477509.419999999
1647	12480834.5
16470	6417975.87
16471	10861092.7
16472	11627294.080000002
16473	18118390.7
16474	7686354.48
16475	6273278.55
16476	2618403.98
16477	6836917
16478	9197323.48
16479	22855402.840000004
1648	6180365.52
16480	6807836.91
16481	11729571.43
16482	7888011.47
16483	9460364.940000001
16484	5199959.08
16485	19206652.919999998
16486	20736096.04
16487	9299477.92
16488	6751429.010000001
16489	2753019.37
1649	9014649.780000001
16490	15696734.65
16491	5539183.470000001
16492	8940917.76
16493	7510281.0600000005
16494	2019102.91
16495	13886851.3
16496	7299178.57
16497	15643158.290000003
16498	8713782.61
16499	11862775.940000001
165	12197465.06
1650	12975204.75
16500	10947130.530000001
16501	8662224.24
16502	10664174.979999999
16503	10924900.2
16504	15632596.12
16505	5296256.1
16506	6603214.159999999
16507	7330318.5600000005
16508	11505236.69
16509	8757969.57
1651	7422815.5200000005
16510	15010956.04
16511	9861822.49
16512	9381162.56
16513	16860648.79
16514	7844641.89
16515	11214445.64
16516	12623846.24
16517	17201153.069999997
16518	5029100.130000001
16519	9207374.23
1652	13019147.170000002
16520	4697837.58
16521	7650122.68
16522	18897505.34
16523	7379846.139999999
16524	16881740.37
16525	7207787.15
16526	8448647.15
16527	11155918.569999998
16528	16466898.39
16529	13286808.94
1653	12945594.240000002
16530	9418880.61
16531	5776411.29
16532	19631967.78
16533	8632793.09
16534	9594125.24
16535	3144223.69
16536	14345781.59
16537	8638983.28
16538	10169444.77
16539	16839538.15
1654	7809923.549999999
16540	7279773.360000001
16541	10362615.490000002
16542	5624248.51
16543	14208593.510000002
16544	11275530.299999999
16545	10405091.6
16546	8645388.879999999
16547	8920805.190000001
16548	11031006.84
16549	7908025.889999999
1655	5304203.8100000005
16550	3470015.2600000007
16551	9778015.969999999
16552	18616249.47
16553	12666291.64
16554	4222840.84
16555	9229174.12
16556	5662809.9399999995
16557	5068608.92
16558	11782835.610000001
16559	13605757.44
1656	10366961.379999999
16560	12230384.3
16561	5201275.6
16562	9992234.14
16563	6151467.46
16564	11460105.44
16565	10492401
16566	8616638.26
16567	14657070.740000002
16568	7049155.92
16569	2834277.28
1657	9351739.049999999
16570	7062607.76
16571	11557248.07
16572	8598113.99
16573	15629222.93
16574	13062166.4
16575	14038427.780000001
16576	9339653.490000002
16577	9481561.719999999
16578	14557677.18
16579	10881608.04
1658	12915027.52
16580	8710232.49
16581	13413510.24
16582	9344001.3
16583	16169091.21
16584	6015563.96
16585	10960122.799999999
16586	12374361.46
16587	7229667.51
16588	11144764.780000001
16589	6770519.5600000005
1659	8039825.87
16590	10716687.19
16591	6307448.290000001
16592	10400071.11
16593	9057998.72
16594	15097696.920000002
16595	10517015.760000002
16596	10226967.42
16597	13556179.73
16598	10432867.700000001
16599	4467165.16
166	16351893.739999998
1660	10475512.239999998
16600	12410088.86
16601	6986949.63
16602	12025593.280000001
16603	18127906.2
16604	9171113.84
16605	6899372.000000001
16606	12743001.97
16607	14929388.620000001
16608	19756757.97
16609	8285844.45
1661	7490139.319999999
16610	7270799.0200000005
16611	11508489.450000001
16612	9052757.09
16613	9675453.09
16614	5761077.76
16615	17903538.42
16616	16158230.510000002
16617	11692750.22
16618	16642986.83
16619	15121678.529999997
1662	13884855.370000001
16620	6590121.24
16621	7316885.19
16622	8955243.29
16623	7055199.58
16624	11786788.850000001
16625	8273059.16
16626	6349587.419999999
16627	12431615.18
16628	10508930.39
16629	3712910.0599999996
1663	6796817.5200000005
16630	11741626.9
16631	8100190.880000001
16632	14786838.420000002
16633	8831731.219999999
16634	4348870.79
16635	11254289.82
16636	15410394.33
16637	22395308.439999998
16638	19004738.49
16639	14238394.84
1664	3125171.2700000005
16640	1724038.41
16641	17703065.94
16642	8828936.209999999
16643	9439264.719999999
16644	10311513.790000001
16645	12420845.66
16646	15393532.09
16647	5461003.75
16648	4728146.859999999
16649	9657542.88
1665	16369445.700000001
16650	4123038.6599999997
16651	8951642.18
16652	10132434.36
16653	14474622.5
16654	6588225.87
16655	12967200.120000001
16656	13652648.74
16657	20072271.11
16658	7570015.25
16659	12337952.26
1666	12106765.26
16660	21645268.16
16661	14860519.11
16662	8633564.92
16663	5031574.37
16664	20729509.46
16665	12155494.920000002
16666	3078836.87
16667	17819053.68
16668	6545644.08
16669	10580865.31
1667	12565282.68
16670	7875083.8
16671	10119582.78
16672	12016578.85
16673	12082429.440000001
16674	11601211.11
16675	11302120.64
16676	15147682.54
16677	11808723.690000001
16678	12558049.790000001
16679	10926390.219999999
1668	14144374.67
16680	10696843.43
16681	10963506.29
16682	6174408.93
16683	4999332.399999999
16684	9796894.09
16685	7431996.75
16686	18647263.099999998
16687	8438458.590000002
16688	10519985.739999998
16689	5645770.130000001
1669	9208046.49
16690	11293335.42
16691	13054470.4
16692	8412907.18
16693	14807879.19
16694	5819734.12
16695	9141194.92
16696	7209879.03
16697	6231975.8100000005
16698	14715747.450000001
16699	3402373.45
167	12682550.690000001
1670	10421673.01
16700	15323573.14
16701	8822723.48
16702	10364332.68
16703	11591489.34
16704	1765110.5799999998
16705	16568287.659999998
16706	6449349.629999999
16707	13009677.98
16708	15894252.739999998
16709	12978895.879999999
1671	7887609.07
16710	5686597.0600000005
16711	6748061.18
16712	11418361.650000002
16713	7943863.120000001
16714	12660728.770000001
16715	9671212.559999999
16716	13072721.99
16717	4291502.49
16718	3078219.2
16719	13328548.639999999
1672	8046643.259999999
16720	12846298.66
16721	10423281.74
16722	9485474.94
16723	9361295.98
16724	26350925.14
16725	7822411.82
16726	4420130.119999999
16727	12521327.22
16728	3968104.1400000006
16729	16413362.52
1673	14053399.52
16730	9961516.720000003
16731	11134369.719999999
16732	9573230.54
16733	12239651
16734	11641409.89
16735	5666278.84
16736	15132858.28
16737	4666094.45
16738	4438487.819999999
16739	18961090.9
1674	9401457.07
16740	8951186.780000001
16741	13395258.479999999
16742	11287306.28
16743	11414414.319999998
16744	12721280.74
16745	6622851.910000001
16746	4834447.33
16747	20799302.05
16748	7474327.609999999
16749	13358232.33
1675	8028004.87
16750	8999160.15
16751	11140502.19
16752	3919419.49
16753	8304393.120000001
16754	10028170.310000002
16755	8862913.309999999
16756	13294889.68
16757	14851453.530000001
16758	12606206.11
16759	2937720.62
1676	10257137.6
16760	10365955.94
16761	9874656.899999999
16762	6400105.17
16763	6902557.719999999
16764	5810507.42
16765	8914584.66
16766	10822923.84
16767	7442285.77
16768	15354326.770000001
16769	12363800.190000001
1677	16440083.3
16770	13412140.08
16771	8610050.530000001
16772	4115532.1100000003
16773	10115823.860000001
16774	11473863.11
16775	14435801.55
16776	7689096.15
16777	12979076.460000003
16778	14420977.82
16779	21549612.35
1678	9360881.5
16780	7559582.32
16781	7144369.4399999995
16782	14914508.309999999
16783	9003306.49
16784	8718808.6
16785	9253315.66
16786	7488003.68
16787	8200516.93
16788	5895079.46
16789	13066363.57
1679	8540506.67
16790	4145268.7399999998
16791	11324786.010000002
16792	8125461.43
16793	9432047.05
16794	9746210.56
16795	11490502.14
16796	7487403.07
16797	9688018.68
16798	9010734.559999999
16799	8340988.540000001
168	12990415.01
1680	9207171.059999999
16800	8885789.08
16801	5440712.98
16802	11596308.399999999
16803	11443790.1
16804	5579916.16
16805	16271338.589999998
16806	11313549.31
16807	559873.36
16808	6799743.69
16809	8944625.509999998
1681	20110272.64
16810	3590156.82
16811	15406865.49
16812	8296837.21
16813	8312013.34
16814	12585649.849999998
16815	5417719.93
16816	5027735.440000001
16817	12736153.84
16818	9704007.91
16819	13133393.55
1682	7006885.32
16820	10790090.05
16821	10994703.819999998
16822	13645166.52
16823	9787084.19
16824	5123518.34
16825	6673973.85
16826	6858375.33
16827	13652937.33
16828	6749608.46
16829	15906598.79
1683	14247206.969999999
16830	11463625.85
16831	11371202.420000002
16832	9298122.780000001
16833	17573521.63
16834	5208979.369999999
16835	8565907.68
16836	15825972.329999998
16837	11412718.04
16838	9529522.209999999
16839	7452792.300000001
1684	1359112.23
16840	10979880.09
16841	8010848.550000001
16842	9959099.42
16843	13314014.129999999
16844	3705934.1599999997
16845	8015223.690000001
16846	8354784.970000001
16847	4282983.36
16848	6413927.1899999995
16849	10003761.04
1685	2586573.8600000003
16850	15130300.96
16851	7471635.34
16852	11045882.1
16853	22562746.79
16854	9439097.39
16855	13998070.51
16856	2067477.01
16857	5193837.84
16858	587297.02
16859	7062319.789999999
1686	4761838.57
16860	14933013.54
16861	6296231
16862	17637893.21
16863	13178581.129999999
16864	3018711.1599999997
16865	5278246.33
16866	7825400.029999999
16867	9433297.01
16868	7082304.190000001
16869	12474054.92
1687	8621281.530000001
16870	12916478.040000001
16871	5344143.19
16872	9855345.39
16873	9130430.91
16874	8822479.870000001
16875	9490289.19
16876	8958566.5
16877	11814776.78
16878	7746140.95
16879	6257098.39
1688	16872685.39
16880	6856034.7299999995
16881	16567433
16882	12345232.2
16883	10706872.62
16884	8220255.66
16885	8229328.24
16886	9810345.34
16887	7603701.74
16888	15625469.1
16889	5083585.04
1689	6221515.25
16890	799124.43
16891	8597810.11
16892	9477447.27
16893	9965205.379999999
16894	14199452.46
16895	17874216.729999997
16896	18310806.69
16897	5349584.010000002
16898	15904480.09
16899	8375972.2
169	18987347.23
1690	5196418.4
16900	3667945.29
16901	12741219.15
16902	14508254.93
16903	12831150.26
16904	14652872.93
16905	12355661.489999998
16906	5433124.449999999
16907	15465402.329999998
16908	6761088.660000001
16909	6933202.51
1691	7134471.100000001
16910	10619901.540000001
16911	10626615.450000001
16912	7821619.91
16913	8690064.77
16914	7319330.640000001
16915	3761283.8800000004
16916	4333131.39
16917	3239726.380000001
16918	5274035.89
16919	8485957.14
1692	9863756.499999998
16920	6173596.33
16921	8364206.76
16922	9377159.790000001
16923	19925977.48
16924	14647492.220000003
16925	12935015.299999999
16926	4884796.12
16927	4592492.83
16928	8085208.3100000005
16929	3664228.8000000003
1693	6397168.42
16930	3044853
16931	6750436.869999999
16932	8779413.91
16933	11463043.920000002
16934	11298404.130000003
16935	12394760.97
16936	5520236.790000001
16937	8601264.22
16938	5466590.84
16939	15346469.26
1694	6038467.640000001
16940	13235776.360000001
16941	16791139.78
16942	6289599.529999999
16943	20633440.759999998
16944	15377847.81
16945	19159464.14
16946	15323814.6
16947	5924696.76
16948	1393194.8
16949	10686325.299999999
1695	11652686.200000001
16950	13921390.81
16951	4536860.11
16952	4343386.85
16953	11951353.469999999
16954	8826226.45
16955	7422885.239999999
16956	17535865.96
16957	8376868.63
16958	13697394.45
16959	11198989.76
1696	13060967.809999999
16960	2183547.64
16961	5796568.08
16962	11106964.69
16963	10715808.48
16964	4528703.96
16965	5676612.81
16966	3847772.9499999997
16967	13309507.350000001
16968	9526452.59
16969	4511735.850000001
1697	6299126.38
16970	7372382.279999999
16971	11742733.02
16972	10194044.93
16973	7560353.389999999
16974	13695373.33
16975	13184167.36
16976	12514933.06
16977	17357987.799999997
16978	10226891.209999999
16979	10947567.03
1698	8467026.1
16980	14795624.579999998
16981	7546183.27
16982	9217303.3
16983	17039532.41
16984	8641321.99
16985	17580123.5
16986	7268023.370000001
16987	5940993.18
16988	11181739.21
16989	9117878.74
1699	9688444.4
16990	13825999.18
16991	9559327.129999999
16992	15775404.989999998
16993	18112843.259999998
16994	7176508.88
16995	11215986.34
16996	7665602.250000001
16997	15979707.73
16998	6536540.81
16999	5787448.06
17	15474261.12
170	7895241.609999999
1700	5490349.030000001
17000	8743111.61
17001	8786683.66
17002	8627070.24
17003	15531625.439999998
17004	14781089.34
17005	12393073.280000001
17006	22648271.689999998
17007	10420757.47
17008	19395626.29
17009	9295820.34
1701	9260968.86
17010	17114967.45
17011	8983279.2
17012	11876601.75
17013	12814963.88
17014	13984617.659999998
17015	7165850.07
17016	8654532.450000001
17017	13101974.250000002
17018	13354225.5
17019	13342709.96
1702	13886296.29
17020	6420269.02
17021	3845440.84
17022	16198662.57
17023	10632344.100000001
17024	4791521.74
17025	7672016.8100000005
17026	10285555.86
17027	10961939.37
17028	6306443.5
17029	4568080.76
1703	11792626.9
17030	4244882.029999999
17031	5545177.21
17032	4999212.9
17033	9947670.65
17034	14813543.059999999
17035	6882699.72
17036	7436611.65
17037	7932982.8100000005
17038	9755875.930000002
17039	7015080.76
1704	9176752.52
17040	5194635.609999999
17041	10618517.01
17042	19270281.16
17043	10250534.49
17044	1744388.0400000003
17045	2050609.7100000002
17046	20809350.76
17047	13527611.469999999
17048	14894015.99
17049	11203051.349999998
1705	11971235.76
17050	13274531.36
17051	8524135.1
17052	29143570.37
17053	15415746.65
17054	11804624.5
17055	4318078.7
17056	9553701.26
17057	9677928.06
17058	8241598.619999999
17059	8581645.02
1706	5397069.470000001
17060	13012242.530000001
17061	14091808.59
17062	4132695.65
17063	18270082.2
17064	4099212.25
17065	5245663.790000001
17066	7347876.95
17067	2797178.5199999996
17068	10426806.42
17069	13959233.48
1707	5936535.350000001
17070	3519667.71
17071	13579762.980000002
17072	3617525.68
17073	5477785.680000001
17074	6930999.68
17075	4265122.03
17076	9606977.66
17077	13861591.799999999
17078	9390125.66
17079	10301713.86
1708	2776344.07
17080	13241313.52
17081	11322829.32
17082	2840114.0300000003
17083	11024177.57
17084	13950580.93
17085	9586784.89
17086	16470957.059999999
17087	2741490.41
17088	6118973.55
17089	3920945.91
1709	3601573.36
17090	13456730.760000002
17091	4981783.67
17092	5091638.609999999
17093	10770831.45
17094	11052018.68
17095	7709517.359999999
17096	7527200.26
17097	17834921.970000003
17098	11552738.44
17099	2553160.41
171	16354420.66
1710	10967641.450000001
17100	14273708.200000001
17101	12408427.77
17102	10109149
17103	6155853.9
17104	3007195.8600000003
17105	11504456.67
17106	8736035.05
17107	4295351
17108	8045382.74
17109	9827138.84
1711	13183161.329999998
17110	2682676.9499999997
17111	10477132.54
17112	15279490.27
17113	13904769.64
17114	5828439.22
17115	1574745.96
17116	6836559.359999999
17117	10300814.02
17118	9041075.93
17119	9479531.34
1712	15712233.65
17120	15425027.03
17121	13992876.69
17122	12352884.280000001
17123	5380446.18
17124	13589334.61
17125	11271919.71
17126	10948901.46
17127	12644505.51
17128	8095950.9
17129	13985064.26
1713	8740426.870000001
17130	16181507.07
17131	13776695.31
17132	10700710.760000002
17133	9030583.11
17134	9775792.85
17135	18901268.72
17136	2842514.8799999994
17137	4522704.87
17138	4684506.390000001
17139	15332521.79
1714	4584775.37
17140	4967692.43
17141	13617231.07
17142	5278841.5600000005
17143	12485480.110000001
17144	16359358.870000001
17145	9243651.61
17146	3476658.5100000002
17147	8872084.319999998
17148	3246003.4000000004
17149	17913202.54
1715	7472792.979999999
17150	15066258.81
17151	12323627.2
17152	7602461.260000001
17153	8520855.53
17154	19432014.09
17155	9899461.42
17156	11989125.04
17157	10662066.18
17158	7453771.13
17159	1482019.69
1716	13025726.209999999
17160	6245555.8100000005
17161	9121816.09
17162	28553990.510000005
17163	8048779.26
17164	9048808.59
17165	1430870.6500000001
17166	11799468.32
17167	24004609.82
17168	7707592.74
17169	5355966.5
1717	4650887.9
17170	13115444.76
17171	18384281.53
17172	4498502.779999999
17173	8466290.17
17174	11871992.780000001
17175	16935090.060000002
17176	7878714.79
17177	4634282.449999999
17178	13461611.999999998
17179	1973642.02
1718	7966159.43
17180	6088421.9
17181	6065380.84
17182	12496518.36
17183	8817000.68
17184	18734581.54
17185	18786253.9
17186	11823909.32
17187	3807962.95
17188	3118872.6999999997
17189	7674597.51
1719	9688971.29
17190	11941211.8
17191	16750683.100000001
17192	10568415.34
17193	17431093.45
17194	1957840.1400000001
17195	7990499.720000001
17196	17440651.61
17197	18558651.96
17198	10614251.75
17199	9175781.24
172	12197751.93
1720	10925115.549999999
17200	13467975.709999999
17201	12007987.83
17202	7216503.54
17203	12993406.510000002
17204	5788633.09
17205	8939263.86
17206	6908594.800000001
17207	3127489.4800000004
17208	22235843.65
17209	6427475.8
1721	3721609.9600000004
17210	11214352.129999999
17211	7330554.97
17212	3430264.99
17213	21219945.839999996
17214	6398560.04
17215	5795820.14
17216	5788438.100000001
17217	6467078.800000001
17218	9324541.63
17219	11163102.350000001
1722	15548345.23
17220	7208622.159999999
17221	7543318.49
17222	13100945.469999999
17223	10636669.65
17224	7044230.08
17225	12269062.09
17226	3694449.2800000003
17227	8600490.29
17228	6921646.48
17229	13639492.05
1723	8845511.71
17230	12402056.14
17231	15692570.540000001
17232	9542903.96
17233	5700483.19
17234	4816228.470000001
17235	13311717.44
17236	6200470.399999999
17237	4421841.76
17238	7014915.499999999
17239	7197317.15
1724	11122123.059999999
17240	5642628.82
17241	4846935.239999999
17242	13486388.51
17243	6098902.24
17244	11922263.86
17245	21184769.65
17246	7683232.75
17247	8485024.25
17248	10474493.92
17249	13894376.38
1725	13624722
17250	7393062.54
17251	13065898.950000001
17252	6751767.029999999
17253	11747920.3
17254	9992303.58
17255	9925612.48
17256	11796723.31
17257	11947306.370000001
17258	6951606.88
17259	14469078.23
1726	11169925.219999999
17260	10650391.82
17261	7992053.739999998
17262	9777444.1
17263	4964017.81
17264	9421012.799999999
17265	5258643.2299999995
17266	9831978.82
17267	14797146.86
17268	13093631.36
17269	13364856.7
1727	6619234.430000001
17270	9370822.66
17271	5147307.4399999995
17272	9934722.379999999
17273	17174948.16
17274	4183611.06
17275	2266135.34
17276	16169401.18
17277	7119853.95
17278	8181267.17
17279	9020471.96
1728	10613980.41
17280	8865370.18
17281	6882872.9
17282	11275916.16
17283	3912837.6399999997
17284	4521020.42
17285	4992465.21
17286	6670317.0600000005
17287	10516431.5
17288	11945375.91
17289	7151545.86
1729	5476875.26
17290	14280059.959999999
17291	14876260.87
17292	13231412.78
17293	8738119.809999999
17294	8255197.83
17295	4956550.64
17296	7664589.85
17297	4083967.52
17298	8142817.61
17299	6235349.7299999995
173	11026774.86
1730	14900603.12
17300	8026612.090000001
17301	2585282.94
17302	6291881.78
17303	14205315.66
17304	5629079.1
17305	12996109.290000001
17306	19022949.79
17307	16792807.77
17308	7999499.35
17309	16458153.260000002
1731	14379523.679999998
17310	4700684.88
17311	4786869.23
17312	12243977.729999999
17313	7577278.57
17314	12820405.91
17315	14191913.760000002
17316	8556868.75
17317	14830462.56
17318	9334696.02
17319	13071108.950000001
1732	22063411.240000002
17320	13252741.67
17321	10384824.31
17322	4540659.2700000005
17323	16154327.629999999
17324	14719259.769999998
17325	9803794.53
17326	9609515.82
17327	6535027.71
17328	6634554.55
17329	12364827.71
1733	5906522.78
17330	8192969.82
17331	6202890.4
17332	5209028.54
17333	3160137.14
17334	14796138.34
17335	10863087.38
17336	7769187.5
17337	14268138.820000002
17338	14630476.66
17339	3911145.94
1734	9780893.160000002
17340	7090847.399999999
17341	8619771.8
17342	5667519.83
17343	6384822.470000001
17344	11151483.999999998
17345	5965525.5600000005
17346	15537719.850000001
17347	11524740.09
17348	11240599.95
17349	14451892.940000001
1735	3708628.89
17350	17247131.060000002
17351	7867089.089999999
17352	7252032.140000001
17353	3038350.2699999996
17354	11187672.38
17355	3658814.71
17356	4354633
17357	13995884.48
17358	10986257.78
17359	12917851.98
1736	12586446.82
17360	14424847.280000001
17361	8040574.699999999
17362	7189428.66
17363	11890267.2
17364	14210478.06
17365	8209057.959999999
17366	7215443.59
17367	4927130.58
17368	3048957.03
17369	7772279.18
1737	6604657.92
17370	13943966.000000002
17371	6390154.609999999
17372	10019040.010000002
17373	15775740.42
17374	10805023.5
17375	10537412.479999999
17376	16817944.860000003
17377	11591334.61
17378	10827957.059999999
17379	15218006.23
1738	14997284.120000001
17380	10348387
17381	4700175.550000001
17382	10220846.88
17383	10023660.24
17384	14143883.25
17385	13791028.44
17386	6698628.17
17387	21060404.660000004
17388	13537080.18
17389	8346356.14
1739	7876543.819999999
17390	7814484.9799999995
17391	10806802.22
17392	17050710.22
17393	13715388.77
17394	2063187.32
17395	18302788.26
17396	4437971.77
17397	10568254.649999999
17398	4562494.72
17399	11341370
174	3484708.3100000005
1740	16671310.11
17400	5653336.7299999995
17401	2201654.9400000004
17402	9697500.29
17403	22417526.990000002
17404	10238348.79
17405	4427300.25
17406	15835996.599999998
17407	9816207.18
17408	10685965.17
17409	10920117.340000002
1741	18060031.15
17410	6402047.84
17411	10167337.64
17412	4463580.18
17413	4292418.37
17414	9696837.459999999
17415	3972429.6899999995
17416	17615788.07
17417	7632148.069999999
17418	4968118.72
17419	3098144.83
1742	11798722.79
17420	5946810.07
17421	6981057.8100000005
17422	15311717.61
17423	14184148.04
17424	10631101.57
17425	8419267.41
17426	3920501.92
17427	12150910.33
17428	8689653.350000001
17429	12558969.389999999
1743	3393026.54
17430	6376241.699999999
17431	3133624.85
17432	7637224.39
17433	8844817.59
17434	14908677.54
17435	8421039.469999999
17436	12139421.129999999
17437	7089734.66
17438	7010600.92
17439	16855085.63
1744	11649790.499999998
17440	9673854.28
17441	15244261.58
17442	15720694.29
17443	12105109.780000001
17444	5112435.47
17445	2749746.62
17446	11475781.64
17447	5128001.97
17448	8862558.940000001
17449	6602154.24
1745	10240817.26
17450	18173761.81
17451	10027960.219999999
17452	23617608.95
17453	8853490.01
17454	10240611.89
17455	11069357.26
17456	10299344.15
17457	18647384.97
17458	8423980.19
17459	7452969.91
1746	12521507.91
17460	12933593
17461	6722612.66
17462	5994175.949999999
17463	9924306.98
17464	8921004.92
17465	11568334.81
17466	14616192.580000002
17467	8455745.84
17468	9033527.43
17469	4171941.54
1747	16194550.61
17470	14363465.42
17471	6424972.51
17472	8051889.07
17473	15707608.370000001
17474	8516716.78
17475	9141958
17476	11183818.85
17477	10338582.73
17478	10512569.67
17479	3765697.4499999997
1748	10176575.59
17480	12543599.6
17481	5913249.949999999
17482	7999404.27
17483	7104366.380000001
17484	11668568.26
17485	10333052.82
17486	11884837.59
17487	12657593.7
17488	13274868.23
17489	10754315.39
1749	10399842.01
17490	12783280.58
17491	17768312.630000003
17492	6395918.82
17493	10606497.36
17494	4541328.77
17495	4859999.48
17496	15906531.379999999
17497	14372592.85
17498	3259464.7300000004
17499	16718535.790000001
175	23853953.63
1750	8958527.73
17500	7424439.449999999
17501	12844272.64
17502	3124308.8
17503	14678484.39
17504	11579050.15
17505	16997159.869999997
17506	7107217.390000001
17507	5156054.1899999995
17508	11515469.16
17509	6487368.760000001
1751	8812461.209999999
17510	3430793.74
17511	18287219.52
17512	16856918.12
17513	23751313.68
17514	8592181.36
17515	5993320.03
17516	14653550.73
17517	14737696.05
17518	5315934.91
17519	7779435.4399999995
1752	14526111.790000001
17520	5379416.59
17521	6005775.2
17522	13522708.2
17523	13909504.77
17524	18607561.15
17525	14346153.379999999
17526	21955311.34
17527	9305062.27
17528	12258113.329999998
17529	6906532.16
1753	7307024.14
17530	10627182.129999999
17531	8719253
17532	7939196.86
17533	12998414.979999999
17534	11630399.85
17535	7216310.01
17536	12091879.07
17537	9167463.29
17538	6346972.960000001
17539	11339643.04
1754	9117136.190000001
17540	11750350.520000001
17541	6056135.93
17542	3789824.54
17543	10870856.329999998
17544	2418688.0300000003
17545	4471891.12
17546	7572099.73
17547	11312554.54
17548	8882319.34
17549	7402694.54
1755	11962038.85
17550	2830458.59
17551	5300562.32
17552	11058513.48
17553	5456586.06
17554	12903835.99
17555	6879908.8
17556	8490375.740000002
17557	4802629.92
17558	3523512.93
17559	10703806.03
1756	11463539.060000002
17560	3641376.84
17561	8140385.850000001
17562	11429985.649999999
17563	8395484.76
17564	1859636.96
17565	21283108.95
17566	9168730.39
17567	13050832.139999999
17568	11275692.469999999
17569	7689193.300000001
1757	8470214.54
17570	3503297.43
17571	19270320.47
17572	3653937.62
17573	17991324.509999998
17574	19586976.85
17575	10276848.23
17576	14200100.599999998
17577	20539056.37
17578	9426935.28
17579	8950090.58
1758	16437676.059999999
17580	5920226.44
17581	14076997.73
17582	13261431.16
17583	10536145.719999999
17584	11187561.08
17585	6099478.54
17586	5954694.12
17587	9364529.72
17588	5692310.510000001
17589	13194995.57
1759	10331053.520000001
17590	5781299.4
17591	9053579.62
17592	3597378.9899999998
17593	5468819.17
17594	19758566.45
17595	12542387.100000001
17596	13262168.739999998
17597	9689196.34
17598	15221085.000000002
17599	6605263.41
176	8510175.879999999
1760	3908907.9400000004
17600	7301971.76
17601	12318442.55
17602	8544512.16
17603	9348728.88
17604	14958915.13
17605	4727524.4
17606	8686521.94
17607	13785284.14
17608	16998147.01
17609	6002532.91
1761	3828780.58
17610	16415038.98
17611	15718678.16
17612	11941731.6
17613	7398560.66
17614	9982512.85
17615	12922841.2
17616	7018808.6
17617	15189492.429999998
17618	13079241.1
17619	13606766.149999999
1762	5638576.59
17620	12353259.71
17621	8372669.239999998
17622	13446354.120000001
17623	5803137.87
17624	8272101.5600000005
17625	7494424.88
17626	8818537.280000001
17627	13201937.07
17628	12418174.91
17629	16559278.409999998
1763	6898890.14
17630	2678918.8899999997
17631	15314744.32
17632	17875880.7
17633	9337017.45
17634	10083766.009999998
17635	7525906.52
17636	9115578.309999999
17637	15157176.05
17638	7502318.85
17639	15807936.02
1764	7349082.91
17640	4209620.75
17641	5615595.460000001
17642	15161600.520000001
17643	5540989.119999999
17644	3910048.7399999998
17645	3244221.6100000003
17646	7448931.16
17647	9136449.1
17648	4837241.02
17649	6213277.100000001
1765	10157725.84
17650	5359993.46
17651	8552391.45
17652	19666410.71
17653	11969588.73
17654	5844120.8
17655	11127621.79
17656	12874644.610000001
17657	4863266.64
17658	15307577.36
17659	9680898.959999999
1766	7764715.26
17660	8849518.64
17661	10028634.75
17662	5983676.17
17663	16504810.47
17664	4944883.300000001
17665	12908084.05
17666	15368538.25
17667	3263720.62
17668	10568484.790000001
17669	12937410.530000001
1767	12014239.54
17670	10179794.98
17671	14967190.48
17672	7870811.590000001
17673	6476909.0200000005
17674	16029424.17
17675	20193225.45
17676	14500893.54
17677	7382106.71
17678	10610109.16
17679	6952720.149999999
1768	13962949.39
17680	16418300.849999998
17681	5537989.239999999
17682	10422154.490000002
17683	6333537.0200000005
17684	8861117.190000001
17685	23048512.45
17686	7030109.1
17687	13194342.59
17688	10118974.25
17689	12114395.44
1769	10600243.29
17690	3460287.0300000003
17691	5759363.23
17692	14565158.91
17693	4080197.1400000006
17694	2485108.9400000004
17695	12125317.850000001
17696	10823698.42
17697	4753672.15
17698	15464153.2
17699	9210380.93
177	6887257.27
1770	13137531.45
17700	4675461.33
17701	14108532.760000002
17702	6427357.760000001
17703	10348167.09
17704	5553873.34
17705	6454323.119999999
17706	13343144.15
17707	2421569.46
17708	6261558.39
17709	11456407.319999998
1771	4171876.08
17710	11280827.32
17711	4180332.85
17712	17826705.27
17713	13971099.459999999
17714	9932454.85
17715	7391363.51
17716	15949390.31
17717	19163518.95
17718	3471536.41
17719	8270612.2700000005
1772	13064446.17
17720	9861194.93
17721	13169682.95
17722	4537348.18
17723	9776496.96
17724	16759331.21
17725	7186685.109999999
17726	6208181.259999999
17727	12747911.459999999
17728	13371437
17729	6107912.24
1773	12359134.270000001
17730	8370894.87
17731	13002973.4
17732	8764635.87
17733	13822461.889999999
17734	4861344.09
17735	9225053.16
17736	8810566.33
17737	9635445.12
17738	8926293.64
17739	14799369.97
1774	16101876.329999998
17740	5227904.999999999
17741	9847282.29
17742	2038179.9100000001
17743	13335890.950000001
17744	7361614.660000001
17745	12204212.879999999
17746	12824844.009999998
17747	12630016.94
17748	18663525.84
17749	18618947.72
1775	14139223.22
17750	13591653.22
17751	16091981.06
17752	16316497.79
17753	10959201
17754	4583208.950000001
17755	5244671.48
17756	12208988.56
17757	13312485.5
17758	17439569.849999998
17759	5237156.35
1776	9916088.91
17760	10635016.14
17761	9928560.850000001
17762	14519805.36
17763	11067637.16
17764	9744961.42
17765	8608373.48
17766	9748843.469999999
17767	7675796.58
17768	7456286.8
17769	5965231.76
1777	6662254.870000001
17770	3507738.21
17771	15011592.290000001
17772	10417120.07
17773	12317666.53
17774	14496244.49
17775	8450442.81
17776	12509387.599999998
17777	5921768.93
17778	7512952.600000001
17779	9300599.58
1778	5535143.91
17780	15238314.75
17781	19356480.73
17782	12707192.700000001
17783	8357360.88
17784	8214816.25
17785	8719138.91
17786	13402905.49
17787	9837485.680000002
17788	9015693.91
17789	6038651.52
1779	11728549.43
17790	10811769.51
17791	17795563.169999998
17792	4742946.880000001
17793	11476624.76
17794	5526970.13
17795	9348797.95
17796	9704403.07
17797	3385248.3
17798	5982147.859999999
17799	21066562.76
178	12260301.739999998
1780	11133619.799999999
17800	2287720.4299999997
17801	6178547.31
17802	8908120.3
17803	11207704.879999999
17804	3408482.69
17805	9007839.75
17806	15949951.040000001
17807	10419575.79
17808	16076249.110000001
17809	12237829.02
1781	11701987.3
17810	10365609.94
17811	2658763.96
17812	11251454.120000001
17813	4004681.2899999996
17814	5697784.95
17815	11864577.25
17816	4053252.3499999996
17817	4182999.47
17818	9447301.260000002
17819	18873238.069999997
1782	6848705.380000001
17820	7821692.3500000015
17821	5754535.14
17822	8269297.430000001
17823	14701014.559999999
17824	9431473.09
17825	15177882.64
17826	6693407.659999999
17827	9776737.350000001
17828	11822782.69
17829	4819285.84
1783	9652593.41
17830	13107475.189999998
17831	12103002.07
17832	10517516.49
17833	14380417.78
17834	19916904.25
17835	6329873.8100000005
17836	11221977.83
17837	14852121.68
17838	12880198.649999999
17839	18083847.36
1784	18972364.4
17840	10471875.319999998
17841	11852051.8
17842	8381420.510000001
17843	8745123.54
17844	14003611.73
17845	3847430.0100000002
17846	17829114.46
17847	5927664.76
17848	9645443.05
17849	7794034.63
1785	8139718.869999999
17850	6844786.350000001
17851	6387617.279999999
17852	14527115.57
17853	2577896.85
17854	12391589.969999999
17855	8087752.95
17856	14002381.76
17857	9586547.98
17858	18035868.22
17859	9100013.3
1786	9139979.32
17860	3990831.58
17861	8435419.41
17862	17112498.44
17863	9079218.690000001
17864	8834293.68
17865	9633638.000000002
17866	14544841.620000001
17867	13162403.27
17868	5124662.61
17869	6020804.92
1787	14265021.709999999
17870	9711944.879999999
17871	11165580.82
17872	9957262.02
17873	9075877.260000002
17874	8616437.68
17875	12564933.86
17876	12182527.65
17877	19102277.28
17878	1778170.1300000001
17879	9400126.5
1788	13529844.280000001
17880	5106695.66
17881	3546459.31
17882	5799161.86
17883	5422775.62
17884	7250576.26
17885	6275077.16
17886	11146873.950000001
17887	9586088.28
17888	17231749.81
17889	6416592.13
1789	5920351.21
17890	5707099.4
17891	9185191.42
17892	15472415.79
17893	13311186.120000001
17894	4467924.67
17895	9584199.979999999
17896	8974588.4
17897	6035117.539999999
17898	3586137.369999999
17899	16328028.43
179	4610607.919999999
1790	4704271.899999999
17900	12336028.03
17901	14567952.12
17902	2073367.6199999996
17903	4249361.3
17904	10848273.34
17905	18667856.950000003
17906	12477719.28
17907	5150450.3100000005
17908	6174259.74
17909	9742371.73
1791	10362276.93
17910	16456790
17911	14194347.89
17912	12443050.920000002
17913	11099842.77
17914	9098090.510000002
17915	8903858.07
17916	9605568.71
17917	9160824.9
17918	5426912.43
17919	7004938.24
1792	3166913.6
17920	14862700.939999998
17921	10968110.83
17922	4625258.37
17923	11055842.459999999
17924	10978958.81
17925	22816974.609999996
17926	8938566.569999998
17927	14622206.5
17928	12281143.139999999
17929	13446366.75
1793	8831085.19
17930	6304455.32
17931	6558729.909999999
17932	6589816.13
17933	15164200.91
17934	10376403.110000001
17935	5969834.720000001
17936	14000021.300000003
17937	11587769.54
17938	4902095.07
17939	4896512.95
1794	14003350.59
17940	4790489.1
17941	8701959.6
17942	18367121.82
17943	9459843.52
17944	2486218.6500000004
17945	19257345.32
17946	9393530.32
17947	15463464.030000001
17948	2346783.3899999997
17949	8522568.74
1795	11653294.73
17950	11221874.9
17951	11945652.38
17952	20073267.51
17953	10562093.95
17954	10703077.770000001
17955	13026546.850000001
17956	9072805.870000001
17957	17570364.64
17958	19914768.68
17959	4715977.07
1796	8680077.969999999
17960	11329588.99
17961	5871211.38
17962	8757026.129999999
17963	9949624.84
17964	7625694.129999999
17965	9714811.11
17966	4845608.16
17967	16734585.41
17968	9996107.48
17969	12259601.219999999
1797	9698879.17
17970	5789656.81
17971	2426032.1
17972	7796411.4
17973	1716743.46
17974	17229226.259999998
17975	11457800.96
17976	10313137.31
17977	10266185.059999999
17978	11941849.120000001
17979	17652122.59
1798	11466436.66
17980	8268001.7
17981	4699731.909999999
17982	4280554.4799999995
17983	13284381.43
17984	9867011.39
17985	14370301.14
17986	4491132.65
17987	9054163.16
17988	14659937.88
17989	11615064.91
1799	11594562.69
17990	3275756.1900000004
17991	9624060.559999999
17992	6766913.82
17993	13730202.73
17994	8593753.99
17995	16722458.86
17996	9689541.93
17997	12109066.03
17998	5753783.45
17999	3743423.66
18	5456316.21
180	7531794.48
1800	5714625.73
18000	14514131.690000001
18001	5868742.23
18002	5399917.91
18003	6946556.24
18004	13619034.55
18005	9220518.65
18006	7346289.87
18007	2531333.46
18008	6741740.07
18009	9433387.250000002
1801	7260627.07
18010	5275773.97
18011	18236124.970000003
18012	4580821.3100000005
18013	4127648.6
18014	8051617.07
18015	14425296.96
18016	4627195.6
18017	14368287.08
18018	11249678.46
18019	16312663.780000001
1802	16528244.850000001
18020	13167660.64
18021	10794662.530000001
18022	4022020.24
18023	5112898.37
18024	7749329.779999999
18025	10198871.79
18026	13716233.22
18027	9174747.58
18028	6127902.08
18029	6158688.14
1803	18423772.509999998
18030	6598119.15
18031	9335815.39
18032	13081784.96
18033	12548423.04
18034	4024334.37
18035	6387474.59
18036	5676687.04
18037	2917784.4800000004
18038	13752475.660000002
18039	17870473.110000003
1804	18185865.11
18040	10726101.57
18041	16315445.189999998
18042	10089958.309999999
18043	12234574.08
18044	7443207.180000001
18045	7103873.09
18046	2753192.6599999997
18047	16251951.11
18048	4246650.6
18049	10590432.61
1805	10020431.9
18050	3974668.75
18051	3565834.5100000002
18052	13004057.46
18053	9032741.75
18054	13150550.39
18055	12454757.879999999
18056	8554541.32
18057	10259313.62
18058	10536051.65
18059	8740640.42
1806	2139417.4000000004
18060	8764221.3
18061	6465563.800000001
18062	7415789.54
18063	14610088.370000001
18064	3602960.93
18065	14989188.920000002
18066	18071095.84
18067	4485898.44
18068	9791910.69
18069	15721736.92
1807	10449346
18070	13876896.519999998
18071	7006728.48
18072	4891362.13
18073	5098528.500000001
18074	7527625.65
18075	12147660.16
18076	12443272.469999999
18077	6842425.779999999
18078	7517107.799999999
18079	11706355.18
1808	6877978.31
18080	6901815.54
18081	3003231.53
18082	10558610.61
18083	6665539.350000001
18084	9008085.540000001
18085	6105374.600000001
18086	18725739.189999998
18087	11559037.22
18088	16874880.34
18089	5670160.529999999
1809	11047453.54
18090	9272964.739999998
18091	12373649.209999999
18092	4035412.909999999
18093	17871252.2
18094	7543460.38
18095	3824725.5599999996
18096	12601795.77
18097	18547868.99
18098	18355579.159999996
18099	14314745.12
181	5853464.149999999
1810	5183309.640000001
18100	5614505.02
18101	9130906.6
18102	8966501.5
18103	16048691.3
18104	10729075.66
18105	17179830.04
18106	4314102.34
18107	11097977.17
18108	16248034.940000001
18109	11784804.99
1811	10850815.830000002
18110	17178703.64
18111	9393258
18112	9243255.17
18113	4051813.26
18114	9726712.72
18115	5856506.71
18116	11074330.65
18117	8283791.51
18118	12072306.75
18119	10128453.349999998
1812	6329171.5600000005
18120	3081470.0200000005
18121	18994959.139999997
18122	5908634.319999999
18123	12029871.28
18124	3556010.2800000003
18125	9620070.91
18126	11053346.129999999
18127	13022834.2
18128	10957518.51
18129	12958629.620000001
1813	12534189.55
18130	7281260.68
18131	6560344.96
18132	3709673.1799999997
18133	8839359.05
18134	7036126.62
18135	7325138.099999999
18136	14955827.459999999
18137	21125920.63
18138	5412166.5
18139	6809137.79
1814	13912204.169999998
18140	10145121.43
18141	6806715.4399999995
18142	6872538.32
18143	12899365.23
18144	11260209.36
18145	18273110.54
18146	12898218.049999999
18147	5423895.390000001
18148	8855395.700000001
18149	11645081.690000001
1815	13831825.01
18150	12319171.57
18151	17728885.419999998
18152	5750923.39
18153	5934014.380000001
18154	9697481.68
18155	17020666.310000002
18156	15470763.559999999
18157	12674460.290000001
18158	2498940.92
18159	1832834.6399999997
1816	2721164.4699999997
18160	9810898.07
18161	8995309.75
18162	4229428.17
18163	5996735.47
18164	16844217.53
18165	1638736.74
18166	5174817.32
18167	3702634.82
18168	9815610.090000002
18169	5217007.68
1817	3620518.42
18170	11186016.55
18171	13908073.11
18172	13717165.95
18173	6386116.93
18174	10902058.08
18175	14948851.96
18176	10423445.059999999
18177	7610054.459999999
18178	13531411.99
18179	10381016.27
1818	6478250.67
18180	17395867.58
18181	7649546.8100000005
18182	2268113.63
18183	1410600.17
18184	10245970.799999999
18185	19749398.16
18186	18583291.060000002
18187	12844419.11
18188	9301183.16
18189	9122115.350000001
1819	6313496.680000001
18190	7195588.049999999
18191	8240588.32
18192	2557637.76
18193	15676733.84
18194	12697983.73
18195	6020662.07
18196	12465410.190000001
18197	10161057.219999999
18198	8149429.02
18199	11560880.94
182	12562394.11
1820	7168574.02
18200	7045009.26
18201	2140274.97
18202	10018641.5
18203	2994890.29
18204	4488428.21
18205	6176050.51
18206	9139190.899999999
18207	6866665.79
18208	8652666.68
18209	9166017.209999999
1821	8597850.85
18210	10860683.71
18211	11363257.420000002
18212	2969056.11
18213	7180491.59
18214	4038362.7099999995
18215	4221670.08
18216	7527271.48
18217	9868129.85
18218	8346496.49
18219	11479555.74
1822	4240808.84
18220	8972130.77
18221	3323124.85
18222	2724390.44
18223	1549535.15
18224	5093849.350000001
18225	6333173.93
18226	9041098.85
18227	6526033.83
18228	3100623.29
18229	10132760.3
1823	8095627.96
18230	8294051.779999999
18231	10008149.75
18232	2569221.62
18233	12167648.010000002
18234	13496276.88
18235	6437853.2299999995
18236	13188779.93
18237	11060967.42
18238	11409459.6
18239	16990881.72
1824	8231866.88
18240	6134669.220000001
18241	8118647.02
18242	10932801.98
18243	11670704.350000001
18244	7549051.100000001
18245	4887187.77
18246	9090198.09
18247	9591009.23
18248	6150208.42
18249	16077112.69
1825	11296065.8
18250	10797320.290000001
18251	19577544.580000002
18252	10746531.709999999
18253	14449932.59
18254	16415102.59
18255	10085806.379999999
18256	10753507.42
18257	17029422.74
18258	6731140.15
18259	8652525.870000001
1826	9943354.2
18260	9552103.86
18261	11917843.54
18262	13357772.68
18263	8496138.77
18264	13636533.55
18265	13447129.839999998
18266	2868195.15
18267	6207244.970000001
18268	5784160.7299999995
18269	15222277.689999998
1827	4546483.859999999
18270	4684468.56
18271	5898560.8
18272	8256664.0600000005
18273	7190359.0600000005
18274	8105362.55
18275	13073792.709999999
18276	9363280.27
18277	3967941.1
18278	16002710.05
18279	6257382.31
1828	13542795.05
18280	12202058.06
18281	16045322.87
18282	15558964.8
18283	14708891.19
18284	11846002.94
18285	5218361.74
18286	15752146.899999999
18287	10979333.24
18288	5919693.54
18289	8375552.45
1829	8424188.88
18290	8083476.180000001
18291	4752240.970000001
18292	6317813.4399999995
18293	11639194.57
18294	17150762.740000002
18295	15671482.49
18296	11438417.73
18297	4556002.7
18298	13129262.85
18299	12467543.3
183	9855564.82
1830	2788066.44
18300	6050342.180000001
18301	6615929.710000001
18302	2887656.1999999997
18303	12629093.8
18304	10601813.309999999
18305	10457763.05
18306	7023968.52
18307	10122412.930000002
18308	15815940.209999999
18309	11558782.25
1831	13767689.43
18310	15261633.48
18311	12152885.67
18312	10585171.26
18313	14310367.860000001
18314	3699750.25
18315	3443573.84
18316	11384296.270000001
18317	8757378.9
18318	14284505.18
18319	20029394.24
1832	8060476.21
18320	11147479.98
18321	4195692.95
18322	10883238.35
18323	17344834.18
18324	19655530.35
18325	6057095.42
18326	8150019.87
18327	8523176.379999999
18328	13070559.690000001
18329	8411113.01
1833	12651843.92
18330	5901359.26
18331	12357352.87
18332	10520803.41
18333	12308369.43
18334	4947869.86
18335	10844166.19
18336	9872398.879999999
18337	5883950.239999999
18338	10616727.39
18339	7822509.35
1834	9821053.11
18340	4751848.720000001
18341	5839882.430000001
18342	3434516.1199999996
18343	11414119.11
18344	6952055.97
18345	5578149.5
18346	9013768.55
18347	15148936
18348	6197094.0200000005
18349	19894744.9
1835	8000534.81
18350	9684101.9
18351	10016990.36
18352	11318765.64
18353	7545583.529999999
18354	4845290.92
18355	18622013.310000002
18356	10122263.55
18357	3914831.92
18358	4588517.95
18359	10942419.7
1836	11844221.030000001
18360	9591118.16
18361	7563683.72
18362	5098474.109999999
18363	10019623.89
18364	14222217.21
18365	12060787.83
18366	15043999.46
18367	11406868.06
18368	7450814.82
18369	6244631.74
1837	8257160.5200000005
18370	6862085.51
18371	2180603.74
18372	9872271.65
18373	20531876.35
18374	7479113.1
18375	10286003.19
18376	4769309.57
18377	1362224.6300000001
18378	2799531.29
18379	7059310.880000001
1838	8480769.26
18380	14533953.29
18381	10432492.389999999
18382	5486049.41
18383	10326914.25
18384	6618580.199999999
18385	15572286.92
18386	10528874.54
18387	16112642.920000002
18388	4766662.8100000005
18389	6348525.050000001
1839	15158772.44
18390	6568405.15
18391	15220734.170000002
18392	16626701.660000002
18393	9153730.15
18394	10598735.58
18395	12755952.12
18396	9093884.89
18397	8111442.2299999995
18398	3429804.14
18399	9176242.530000001
184	12167843.93
1840	9802720.809999999
18400	10912280.940000001
18401	7186670.340000001
18402	12108952.18
18403	5305909.09
18404	10859118.17
18405	5083685.26
18406	2330851.73
18407	7946456.52
18408	5069996.73
18409	9237848.47
1841	7292551.01
18410	7116408.48
18411	10570904.52
18412	8795748.600000001
18413	9774245.78
18414	6570091.709999999
18415	7856427.85
18416	9388680.04
18417	10873667.27
18418	11282324.540000001
18419	11816810.229999999
1842	17644296.95
18420	8430609.969999999
18421	21980400.34
18422	4407233.2299999995
18423	12436613.57
18424	16454504.780000001
18425	13559919.11
18426	5326300.4399999995
18427	12366307.139999999
18428	11738117.52
18429	15468193.870000001
1843	6662189.290000001
18430	9741877.3
18431	8170987.580000001
18432	2124019.39
18433	11276946.21
18434	9747156.27
18435	6516723.63
18436	10017636.88
18437	11787672.99
18438	19505579.79
18439	4955001.550000001
1844	14790873.389999999
18440	2350721.0599999996
18441	5708804.5600000005
18442	10620477.879999999
18443	8436412.4
18444	16942326.5
18445	16110868.959999999
18446	4680567.21
18447	12255996.26
18448	10177319.059999999
18449	13679664.950000001
1845	6234276.600000001
18450	8616147.04
18451	5872106.17
18452	16022116.2
18453	17014507.92
18454	11789182.64
18455	10671621.879999999
18456	13167005.87
18457	6997592.479999999
18458	12592655.969999999
18459	7243613.07
1846	1430598.3099999998
18460	17227781.77
18461	16418006.85
18462	8018011.39
18463	9967839.87
18464	11572430.33
18465	10247688.02
18466	11983761.51
18467	7222357.23
18468	17056616.06
18469	11915968.329999998
1847	8347074.43
18470	9139495.25
18471	4476439.82
18472	12573940.53
18473	8051229.580000001
18474	10258856.36
18475	11994908.5
18476	14895489.819999998
18477	3398287.11
18478	2268956.23
18479	8746319.39
1848	2893003.1799999997
18480	5616115.36
18481	4381845.699999999
18482	11113013.84
18483	11843812.66
18484	12580711.430000002
18485	14435523.45
18486	18033307.84
18487	5515461
18488	22309201.080000002
18489	15271800.15
1849	8788832.4
18490	13725472.240000002
18491	8203780.02
18492	8497567.690000001
18493	15551824.5
18494	6618281.86
18495	3965010.090000001
18496	3374041.16
18497	14025252.45
18498	4661061.140000001
18499	7445194.85
185	9305341.780000001
1850	8964417.78
18500	19057022.9
18501	11901011.16
18502	5830417.7700000005
18503	11203992.92
18504	11112284.58
18505	14929603.25
18506	8871403.09
18507	6601486.26
18508	13397468.879999999
18509	17721463.37
1851	9615091.649999999
18510	6385518.25
18511	5691103.36
18512	16178417.96
18513	11040541.95
18514	9595505.83
18515	14780745.67
18516	6053463.409999999
18517	7151221.2
18518	13002627.240000002
18519	19484346.029999997
1852	5059950.319999999
18520	7581078.14
18521	18305183.66
18522	15971935.46
18523	6839854.94
18524	8263124.279999999
18525	9687263.78
18526	5544668.629999999
18527	7194139.74
18528	9805616.87
18529	5052655.890000001
1853	15025334.409999998
18530	7649824.6
18531	14612544.84
18532	6476812.03
18533	4403963.79
18534	13458309.309999999
18535	9342594.010000002
18536	12666688.18
18537	9344344.57
18538	11942381.19
18539	17560642.55
1854	18420709.990000002
18540	6638934.27
18541	13798129.43
18542	12472221.600000001
18543	11053736.52
18544	7006331.930000001
18545	9131460.850000001
18546	4500465.31
18547	14820661.400000002
18548	13159298.24
18549	18088872.16
1855	14208347.240000002
18550	11849500.94
18551	7217749.899999999
18552	11627010.12
18553	7630696.7
18554	8001055.92
18555	10097317.68
18556	13856009.31
18557	4103131.47
18558	11604199.73
18559	9910326.6
1856	12136920.27
18560	8613917.98
18561	10130057.75
18562	8475248.03
18563	4158220.25
18564	9106993.729999999
18565	5708176.64
18566	10825839.34
18567	8988989.91
18568	6093301.79
18569	8322698.87
1857	8236021.819999999
18570	19223941.07
18571	16621734
18572	6174681.91
18573	16251994.11
18574	4625237.890000001
18575	7415862.760000001
18576	13836921.75
18577	9341530.63
18578	15382580.120000001
18579	10653729.91
1858	16140274.129999999
18580	11912146.07
18581	12756289.47
18582	10234711.299999999
18583	10726120.099999998
18584	14733112.64
18585	10149008.399999999
18586	7934316.28
18587	4947551.72
18588	7074263.629999999
18589	11106537.89
1859	3382334.7800000003
18590	7464714.290000001
18591	7270624.260000001
18592	12618006.719999999
18593	10114654.39
18594	15341520.83
18595	10731592.84
18596	9131188.27
18597	9554578.910000002
18598	4198587.18
18599	10050348.719999999
186	13176040.77
1860	9115645.23
18600	10291888.8
18601	17951189.8
18602	9929407.33
18603	11537581.9
18604	4936477.7
18605	7339385.92
18606	4655939.589999999
18607	6629616.600000001
18608	4461194.69
18609	22977866.439999998
1861	13899032.96
18610	16089179.38
18611	15187631.010000002
18612	12023554.190000001
18613	19009746.03
18614	9947558.83
18615	13959609.33
18616	11597370.860000001
18617	5911884.890000001
18618	6105015.3
18619	16752384.75
1862	9962396.56
18620	6263973.449999999
18621	8260089.93
18622	12028440.260000002
18623	6541614.659999999
18624	7392411.99
18625	14643007.71
18626	19545511.85
18627	4274461.63
18628	11731285.66
18629	6328743.9799999995
1863	18395157.700000003
18630	8946981.78
18631	2939744.59
18632	9173318.34
18633	10129629.620000001
18634	20369468.5
18635	11189650.700000001
18636	2698844.07
18637	19939215.330000002
18638	14219950.77
18639	10426743.91
1864	12778315.03
18640	13995945.090000002
18641	22978678.73
18642	11981522.75
18643	6939030.34
18644	4516100.5
18645	7542780.47
18646	11085357.940000001
18647	18448837.02
18648	10665728.030000001
18649	15070248.459999999
1865	3225854.4900000007
18650	8182324.12
18651	7159857.96
18652	15414154.270000001
18653	18145630.09
18654	9829677.11
18655	2533757.17
18656	12058947.35
18657	9252043.64
18658	17125514.369999997
18659	9554212.27
1866	12362510.739999998
18660	3964380.7499999995
18661	9863134.37
18662	13831324.620000001
18663	4979469.68
18664	10579532.43
18665	3016495.64
18666	10646463.16
18667	3263888.1899999995
18668	5538201.11
18669	8898291.99
1867	10411182.280000001
18670	25279476.96
18671	4411874.8
18672	4947809.74
18673	5799358.13
18674	5491392.140000001
18675	8163801.679999999
18676	7936631.140000001
18677	7140068.790000001
18678	9186249.139999999
18679	19388038.97
1868	9756390.219999999
18680	5808796.819999999
18681	7310333.779999999
18682	9408552.36
18683	4696044.130000001
18684	17957271.71
18685	4635808.61
18686	10469265.19
18687	7656779.920000001
18688	2116013.0799999996
18689	18621863.83
1869	2449105.64
18690	6671076.48
18691	3987352.25
18692	10800049.27
18693	4502831.01
18694	15175887.2
18695	7846108.510000001
18696	4461975.859999999
18697	3085307.3699999996
18698	13272023.420000002
18699	4087179.69
187	12149701.41
1870	9197096.24
18700	20728008.87
18701	20640137.330000002
18702	13632966.89
18703	11211680.76
18704	14055753.19
18705	14499553.420000002
18706	8447271.32
18707	1156005.94
18708	17454489.540000003
18709	13980208.73
1871	16716458.469999999
18710	9453937.879999999
18711	4133585.92
18712	11665347.709999999
18713	14555588.419999998
18714	11688295.739999998
18715	9965034.25
18716	12608985.74
18717	8899281.49
18718	10433977.46
18719	13560006.43
1872	9621174.65
18720	8390179.59
18721	10164857.59
18722	14613100.58
18723	14331527.590000002
18724	11916195.52
18725	13827116.329999998
18726	10373183.19
18727	13490744.370000001
18728	8373000.1899999995
18729	6198764.76
1873	9664674.51
18730	1304760.4899999998
18731	8701984.59
18732	16253435.280000001
18733	15385326.100000001
18734	12209766.67
18735	16947421.47
18736	12111071.76
18737	8574563.51
18738	20198939.15
18739	7399752.449999999
1874	4412433.69
18740	4475710.41
18741	7484803.719999999
18742	4809323.38
18743	2230179.83
18744	12924981.61
18745	6486853.9799999995
18746	3765397.5999999996
18747	9297785.25
18748	15807388.86
18749	10211240.2
1875	10384383.120000001
18750	16890785.939999998
18751	14390436.75
18752	11616091.110000001
18753	5981289.009999999
18754	12313526.17
18755	5216666.880000001
18756	3079896.01
18757	9420776.749999998
18758	6017321.22
18759	13218299.7
1876	11791246.69
18760	5870171.949999999
18761	9620215.18
18762	16853581.84
18763	11636607.9
18764	3015994.05
18765	5612995.649999999
18766	13456437.290000001
18767	12892063.68
18768	9612204.299999999
18769	11062470.549999999
1877	11864983.33
18770	8765909.360000001
18771	11384192.499999998
18772	3914785.01
18773	19080224.46
18774	9988523.94
18775	9689293.059999999
18776	8516258.540000001
18777	11007680
18778	11204648.15
18779	12467485.000000002
1878	14334456.92
18780	7969082.87
18781	7528950.340000001
18782	7664073.83
18783	7320731.44
18784	7828776.84
18785	16978913.98
18786	6889938.55
18787	10171104.94
18788	12595743.810000002
18789	12615132.77
1879	12061540.870000001
18790	8014629.449999999
18791	12017103.61
18792	14890643.98
18793	13004766.8
18794	10165979.56
18795	13048576.55
18796	19689394.73
18797	3425554.8099999996
18798	12561642.53
18799	8262438.15
188	10119060.85
1880	14285736.16
18800	6013731.62
18801	16340264.850000001
18802	9901530.840000002
18803	15616368.21
18804	6671398.609999999
18805	17521288.8
18806	8879704.08
18807	9506574.03
18808	2741322.7600000002
18809	11897223.639999999
1881	8577510.99
18810	7802545.44
18811	13406635.469999999
18812	8800478.74
18813	10684378.83
18814	22277004.380000003
18815	17499428.71
18816	10217597.85
18817	5009751.03
18818	10219810.75
18819	16756903.19
1882	20841448.48
18820	12619652.44
18821	11885692.9
18822	12787748.78
18823	9958531.59
18824	10153671.35
18825	9289856.04
18826	9363878.62
18827	9031890.54
18828	10133697.030000001
18829	5342007.94
1883	4269173.26
18830	9542971.68
18831	18132295.36
18832	12812816.77
18833	15028665.18
18834	12276280.509999998
18835	7247388.57
18836	9011953.790000001
18837	15077334.28
18838	10130716.08
18839	12779154.870000001
1884	13727459.19
18840	14936612.54
18841	6991797.619999999
18842	3741431.7399999998
18843	12950181.870000001
18844	10037688.27
18845	7882238.149999999
18846	8105418.620000001
18847	8665954.26
18848	1370083.3499999999
18849	4533064.76
1885	10578656.78
18850	9498142.22
18851	7661502.399999999
18852	10383044.44
18853	9783451.94
18854	7860960.25
18855	10326025.159999998
18856	8672755.209999999
18857	2672401.2
18858	6350611.119999999
18859	6945369.35
1886	7300227.37
18860	5811338.109999999
18861	8619967.42
18862	6379613.4
18863	10220402.949999997
18864	3682651.3699999996
18865	9364659.399999999
18866	16087878.89
18867	5352513.5200000005
18868	7744460.45
18869	5645298.5
1887	15039115.860000001
18870	4937937.5
18871	7673927.64
18872	9991632.74
18873	7241649.049999999
18874	10407993.99
18875	14902784.7
18876	3771754.2
18877	13453176.600000001
18878	6422725.66
18879	10533639.83
1888	11753585.61
18880	5144917.6
18881	8801037.11
18882	12347254.969999999
18883	11309611.620000001
18884	15701191.46
18885	5905454.8100000005
18886	8201285.64
18887	7703405.9399999995
18888	15333652.569999998
18889	7331406.81
1889	13477137.860000001
18890	4936370.09
18891	9213185.07
18892	27253764.590000004
18893	10959271.77
18894	7126107.84
18895	11594436.149999999
18896	4853817.17
18897	15058399.379999999
18898	8904783.08
18899	4703460.92
189	13054925.42
1890	11905923.04
18900	7154620.109999999
18901	9170980.83
18902	14428384.370000001
18903	12732000.05
18904	15694029.920000002
18905	14390574.62
18906	5353742.279999999
18907	4535897.899999999
18908	11466209.45
18909	2436033.25
1891	3511530.96
18910	7593454.95
18911	7036172.99
18912	7576948.05
18913	19524695.52
18914	1840556.37
18915	14364952.620000001
18916	15250982.4
18917	17966992.02
18918	13851232.96
18919	18475318.400000002
1892	6744590.2299999995
18920	10798230.780000001
18921	16526840.5
18922	8435974.8
18923	6646887.250000001
18924	7962545.859999999
18925	9198731.54
18926	10573148.329999998
18927	13785356.66
18928	8911393.68
18929	12712038.06
1893	9468162.620000001
18930	10843361.09
18931	12365653.100000001
18932	3790082.9899999998
18933	15362927.849999998
18934	7441437.9399999995
18935	4430770.16
18936	6718596.92
18937	5915838.05
18938	9399702.229999999
18939	4897299.25
1894	6487813.45
18940	13048579.67
18941	12014427.23
18942	5577161.76
18943	13055414.19
18944	3512215.11
18945	14282816.8
18946	5489058.37
18947	6281353.49
18948	8192969.99
18949	16567910.940000001
1895	9850925.700000001
18950	8330314.139999999
18951	859265.5
18952	17222480.520000003
18953	9853482.399999999
18954	5860428.710000001
18955	9835356.799999999
18956	4641957.15
18957	17092388.24
18958	9860502.870000001
18959	10316555.53
1896	11103144.15
18960	9584209.079999998
18961	14790074.940000001
18962	15540091.299999999
18963	20298059.36
18964	13891056.659999998
18965	4071383.63
18966	11343693.54
18967	6928879.129999999
18968	12699727.7
18969	3646345.02
1897	19479412.31
18970	3253251.9799999995
18971	4139654.19
18972	18943323.89
18973	7125021.759999999
18974	18570785.66
18975	14785759.57
18976	7112122.84
18977	9575280.07
18978	5769566.33
18979	13929611.379999999
1898	3934605.89
18980	10804789.719999999
18981	6964092.699999999
18982	8342825.12
18983	15657294.36
18984	7167616.239999999
18985	19096406.14
18986	4774980.970000001
18987	9819095.43
18988	8638638.01
18989	5910217.01
1899	18015470.62
18990	13032560.940000001
18991	5770130.09
18992	7591223.17
18993	4902593.61
18994	1237022.88
18995	3616798.84
18996	18859454.32
18997	7414632.42
18998	3092191.8
18999	9044039
19	8481679.5
190	7017966.899999999
1900	8039037.98
19000	7611391.260000001
19001	12050435.75
19002	18245333.31
19003	8440839.930000002
19004	9435412.36
19005	15878108.549999999
19006	11316258.88
19007	12200530.899999999
19008	11924784.09
19009	8922048.5
1901	11783061.91
19010	6077496.119999999
19011	2798669.52
19012	10309327.1
19013	12159432.64
19014	9894988.700000001
19015	8492951.129999999
19016	3096654.1100000003
19017	7132804.76
19018	8329179.13
19019	3447703.89
1902	4266320.27
19020	10910220.89
19021	1908298.71
19022	15016024.72
19023	17160729.259999998
19024	6349334.68
19025	13682628.479999999
19026	14521333.69
19027	19094852.490000002
19028	6345566.86
19029	4928599.51
1903	2693798.66
19030	9426800.27
19031	18443591.869999997
19032	15990664.21
19033	14936306.079999998
19034	5304278.25
19035	16443984.77
19036	13163007.979999999
19037	21788825.08
19038	22583287
19039	8990014.540000001
1904	7779554.760000001
19040	7046727.21
19041	9805521.57
19042	7063752.450000001
19043	16687275.25
19044	4516225.99
19045	11502692.020000001
19046	8344433.859999999
19047	13263184.14
19048	9584892.07
19049	5861979.56
1905	8253878.65
19050	6857038.22
19051	20490582.45
19052	8752372.74
19053	8665892.13
19054	11390445.21
19055	2923253.72
19056	17835784.16
19057	10789268.33
19058	10967872.75
19059	4292936.59
1906	4114815.1499999994
19060	7615505.81
19061	10412924.2
19062	7085058.49
19063	12111244.190000001
19064	6436071.58
19065	14640169.36
19066	15357651.220000003
19067	7893769.75
19068	9507485.690000001
19069	2614172.3600000003
1907	6618431.040000001
19070	7169116.6899999995
19071	5066162.61
19072	3046713.67
19073	16591277.580000002
19074	5398474.749999999
19075	10678719.11
19076	5277120.379999999
19077	12192614.48
19078	5240267.45
19079	14169785.9
1908	7204511.079999999
19080	9810140.69
19081	9998373.98
19082	12486719.7
19083	8938883.01
19084	16766140.429999998
19085	10368187.520000001
19086	23457474.39
19087	21121761.92
19088	7030039.98
19089	17819254.94
1909	7368946.42
19090	9294919.66
19091	8980560.67
19092	15395751.33
19093	7959028.75
19094	13904597.17
19095	17872173.24
19096	4315997.609999999
19097	6924167.28
19098	5426693.3
19099	9664035.95
191	6347187.43
1910	20553483.56
19100	13560221.149999999
19101	6548876.87
19102	8358300.06
19103	15000754.23
19104	6550588.060000001
19105	5345833.600000001
19106	18037774.45
19107	3470342.4
19108	10548684.200000001
19109	12253469.629999999
1911	6908760.1899999995
19110	7491384.93
19111	7927556.359999999
19112	16435534.14
19113	5620477.09
19114	15681649.700000001
19115	1912369.8
19116	4722195.3
19117	11669141.26
19118	6103729.98
19119	6580492.470000001
1912	8117310
19120	14303316.020000001
19121	5202303.24
19122	3682363.78
19123	7997793.930000001
19124	11764752.54
19125	9894531.83
19126	12206641.75
19127	15802628.94
19128	3622294.48
19129	22674530.14
1913	7028486.220000001
19130	13691916.78
19131	17232123.75
19132	16560844.59
19133	10911784.209999999
19134	13696202.73
19135	10060352.64
19136	10350167.37
19137	811111.9100000001
19138	4567035.62
19139	10531825.94
1914	9432124.85
19140	16856766.88
19141	5959359.289999999
19142	13254642.499999998
19143	12407659.719999999
19144	7450099.26
19145	9638876.56
19146	14845658.8
19147	16902657.75
19148	5490527.45
19149	8727876.52
1915	16027564.959999999
19150	9127105.44
19151	8480767.06
19152	15198260.52
19153	9586094.790000001
19154	2205058.3499999996
19155	8369102.3500000015
19156	10294043.989999998
19157	10818624.19
19158	7675868.16
19159	6330945.7700000005
1916	5030004.77
19160	7114404.82
19161	5147460.109999999
19162	6318813.399999999
19163	7914804.51
19164	14953959.75
19165	6346835.200000001
19166	11908913.07
19167	5770851.25
19168	17358830.92
19169	13239822.129999999
1917	9925396.69
19170	1674164.4
19171	17349812.7
19172	7269996.1
19173	10383273.06
19174	16182314.74
19175	14686925.36
19176	10250146.790000001
19177	6244755.67
19178	2850746.67
19179	8316597.17
1918	9332783.01
19180	11298975.709999999
19181	13041010.02
19182	7312377.34
19183	13232433.020000001
19184	13185291.030000001
19185	16922698.03
19186	9695046.4
19187	9442490.42
19188	11984369.99
19189	8259744.71
1919	5187455.23
19190	13081226.35
19191	4470782.4399999995
19192	2018702.06
19193	7383743.140000001
19194	8383642.5200000005
19195	5842725.550000001
19196	5980370.38
19197	19311985.56
19198	8459408.92
19199	13165952.809999999
192	10357459.74
1920	21527669.46
19200	4638410.37
19201	4851292
19202	10811965.310000002
19203	13869588.219999999
19204	7187488.02
19205	16255630.76
19206	7140110.32
19207	7622412.4399999995
19208	8373497.05
19209	8541565.34
1921	1069659.6199999999
19210	20030152.029999997
19211	10026146.34
19212	5542914.39
19213	5632585.4
19214	16038150.459999999
19215	16095878.99
19216	9708417.200000001
19217	12043849.32
19218	4169691.7600000002
19219	9806691.61
1922	2645850.65
19220	11279742.9
19221	3263438.3699999996
19222	7680419.200000001
19223	4560637.99
19224	4198522.6
19225	7545648.0600000005
19226	11499565.22
19227	15942622.65
19228	7989675.5200000005
19229	3391713.25
1923	15142763.27
19230	5502847.18
19231	9589467.350000001
19232	15114378.870000001
19233	8151415.5
19234	9046772.27
19235	14983675.160000002
19236	14143821.96
19237	10153747.18
19238	7477438.04
19239	12273467.830000002
1924	10757166.63
19240	16402640.629999999
19241	19125111.37
19242	8693852.39
19243	3340739.7499999995
19244	5284646.71
19245	17781939.060000002
19246	16869719.830000002
19247	6771605.6899999995
19248	3951511.6399999997
19249	7946082
1925	9633737.850000001
19250	8480099.43
19251	12196583.8
19252	12448354.07
19253	9933794.57
19254	17521797.16
19255	9741667.17
19256	17600253.46
19257	4992189.989999999
19258	7555208.499999999
19259	15741412.540000001
1926	6885930.0200000005
19260	2457787.32
19261	9000546.49
19262	16222506.149999999
19263	8045266.67
19264	7496623.37
19265	3592777.83
19266	9925833.169999998
19267	6995066.71
19268	2403335.0300000003
19269	7956162.82
1927	6198058.49
19270	9662653.649999999
19271	11903744.280000001
19272	14547545.3
19273	4012718.04
19274	3895190.6799999997
19275	19797068.880000003
19276	9572593.84
19277	9745122.729999999
19278	12852230.17
19279	8951843.11
1928	6593211.83
19280	6809796.45
19281	21075925.080000002
19282	6050558.69
19283	6542927.52
19284	6860943.789999999
19285	19224272.89
19286	9403991.41
19287	12596243.16
19288	10449719.26
19289	7784056.6899999995
1929	5740544.96
19290	16710708.090000002
19291	9488236.219999999
19292	18245050.46
19293	11168153.84
19294	12443830.64
19295	5146503.64
19296	16132007.79
19297	13386430.14
19298	3574601.11
19299	4536863.569999999
193	9869674.77
1930	15101330.86
19300	9329598.209999999
19301	11673276.58
19302	12389301.33
19303	7747699.039999999
19304	21215332.21
19305	16335332.46
19306	10895028.74
19307	2372462.89
19308	8059041.67
19309	4413390.239999999
1931	22543021.8
19310	11595051.09
19311	8948375.200000001
19312	19966016.43
19313	6923928.64
19314	9616242.89
19315	13404892.52
19316	5359555.74
19317	12345030.479999999
19318	3448241.8699999996
19319	11081606.25
1932	9611446.34
19320	13452896.07
19321	4350248.43
19322	19012944.900000002
19323	13390667.32
19324	18181439.31
19325	6333328.32
19326	11719967.26
19327	9115803.149999999
19328	16762883.41
19329	10394658.879999999
1933	8680301.33
19330	8374018.37
19331	11341764.969999999
19332	8817424.27
19333	4341563.32
19334	9401264.62
19335	10164020.38
19336	11084076.149999999
19337	8793013.46
19338	12768708.62
19339	4913121.38
1934	15284069.69
19340	5535988.67
19341	4565937.880000001
19342	10246270.760000002
19343	21882105.459999997
19344	14024956
19345	5032932.659999999
19346	16494359.280000001
19347	6933253.13
19348	2302177.12
19349	10184695.8
1935	6318545.720000001
19350	9731337.92
19351	10064015.49
19352	10393361.569999998
19353	7950281.89
19354	10026668.229999999
19355	5223436.52
19356	15589860.89
19357	9829619.36
19358	8371926.51
19359	7137823.12
1936	4766147.99
19360	9508563.93
19361	10608265.26
19362	16504334.009999998
19363	4640580.93
19364	6503131.23
19365	3626866.6399999997
19366	15928680.700000001
19367	8085254.58
19368	16989738.42
19369	10379827.33
1937	4287773.23
19370	7976666.74
19371	5109570.96
19372	13402499.29
19373	7194537.82
19374	3827116.75
19375	9677858.129999999
19376	4678774.0200000005
19377	9213345.83
19378	4068289.9800000004
19379	15718250.469999999
1938	9823201.84
19380	7813652.28
19381	6633526.77
19382	5057358.52
19383	12089412.090000002
19384	12044269.88
19385	7846047.86
19386	15128397.979999999
19387	12749778.58
19388	10555097.739999998
19389	8253490.719999999
1939	4737793.86
19390	11942135.140000002
19391	6662700.599999999
19392	11185900.67
19393	12149692.98
19394	10275698.459999999
19395	15420649.27
19396	14857044.26
19397	9923048.589999998
19398	8961603.63
19399	19362228.96
194	8464559.54
1940	17391133.82
19400	13338120.760000002
19401	14012667.870000001
19402	17315300.46
19403	6466872.68
19404	6311197.410000001
19405	16346999.969999999
19406	12089312.95
19407	3747362.22
19408	8420648.21
19409	9131019.98
1941	4070340.67
19410	9211223.09
19411	2762735.19
19412	5986107.279999999
19413	8316208.119999999
19414	15330872.97
19415	7712876.9399999995
19416	9726287.309999999
19417	2514445.46
19418	5786190.68
19419	9502646.099999998
1942	6872927.850000001
19420	6368410.82
19421	11343391.079999998
19422	6474055.74
19423	14289060.799999999
19424	13342955.04
19425	12924191.870000001
19426	13812506.010000002
19427	14785186.69
19428	6702507.94
19429	5355239.08
1943	13806734.32
19430	16465925.799999999
19431	21083707.21
19432	11667348.700000001
19433	17439017.68
19434	16035324.64
19435	9473133.940000001
19436	9071711.91
19437	7507896.28
19438	12048320.450000001
19439	13872773.36
1944	16153404.16
19440	13589033.59
19441	11148785.39
19442	3521061.25
19443	7670011.73
19444	8127789.9799999995
19445	2844206.1999999997
19446	11359743.129999999
19447	14086004.309999999
19448	10512396.33
19449	12643060.82
1945	2859472.5
19450	9838816.7
19451	15788554.5
19452	7850769.75
19453	2090458.0599999998
19454	13107263.56
19455	9204984.43
19456	13870465.59
19457	9223249.57
19458	3886977.73
19459	14682288.43
1946	6611995.46
19460	3970159.58
19461	7910564.54
19462	8538213.27
19463	9126648.5
19464	12341061.840000002
19465	6428073.429999999
19466	5407243.489999999
19467	9527666.299999999
19468	8982580.07
19469	13137806.18
1947	5860395.38
19470	11485110.75
19471	13407078.149999999
19472	15437408.27
19473	7043996.8100000005
19474	3799047.0799999996
19475	7537442.88
19476	10616009.29
19477	12599800.07
19478	1563901.6600000001
19479	15787878.73
1948	6882027.890000001
19480	9160744.5
19481	10423419.239999998
19482	4465157.51
19483	14913152.16
19484	4584776.26
19485	19177539.310000002
19486	13666645.86
19487	6325558.859999999
19488	16712604.29
19489	11256615.43
1949	13576316.79
19490	5955312.52
19491	4512871.800000001
19492	8186242.63
19493	18136526.48
19494	10980866.4
19495	3286681.67
19496	16921769.21
19497	8765146.28
19498	15607767.82
19499	10771684.64
195	3817436.31
1950	11132483.790000001
19500	8321630.95
19501	11866761.52
19502	11634654.260000002
19503	11070419.219999999
19504	9692076.17
19505	10978667.66
19506	6381614.67
19507	13502471.46
19508	11580937.73
19509	12213493.58
1951	15055933.160000002
19510	6779495.1
19511	12743665.129999999
19512	9717519.01
19513	17013613.599999998
19514	5019733.78
19515	4088276.2699999996
19516	12412654.09
19517	7162429.78
19518	15243803.43
19519	3076612.1199999996
1952	17316330.610000003
19520	14235078.85
19521	17753395.400000002
19522	6558582.24
19523	8076349.73
19524	17794557.5
19525	12063514.25
19526	4789044.5200000005
19527	7072056.67
19528	7083656.08
19529	13885148.38
1953	4014248.5000000005
19530	5015062.91
19531	10474192.88
19532	9862679.379999999
19533	10929499.27
19534	12606080.860000001
19535	6933878.17
19536	12736548.42
19537	5887215.21
19538	2461589.23
19539	7101038.930000001
1954	5161201.5600000005
19540	5205409.93
19541	18685069.01
19542	10603002.370000001
19543	12938822.540000001
19544	15342082.61
19545	10080595.69
19546	20141075.84
19547	9998005.06
19548	6133666.970000001
19549	8498687.25
1955	20183232.189999998
19550	15878569.709999999
19551	5315364.14
19552	14474252.88
19553	13803205.809999999
19554	8979171.969999999
19555	6837323.9
19556	12050089.51
19557	4781917.58
19558	9859494.86
19559	9747320.65
1956	15039694.52
19560	21071534.67
19561	10911147.32
19562	7545085.18
19563	9597284.32
19564	4262460.1899999995
19565	3592315.8
19566	12536374.190000001
19567	17595884.42
19568	8331670.02
19569	10756342.879999999
1957	6033457.12
19570	10793679.36
19571	7088582.09
19572	14113657.95
19573	11751492.120000001
19574	7608664.86
19575	12428258.650000002
19576	2534998.31
19577	7439870.529999999
19578	7637947.27
19579	7760417.050000001
1958	9643017.4
19580	11193807.31
19581	8814993.33
19582	15038068.68
19583	9614377.81
19584	8576638.3
19585	16954376.659999996
19586	6044757.57
19587	4578615.01
19588	9785870.049999999
19589	6561050.579999999
1959	9192195.33
19590	6267414.54
19591	10826337.26
19592	13131989.540000001
19593	9402807.1
19594	9398963.45
19595	8600630.7
19596	8700698.99
19597	16838518.92
19598	10314080.629999999
19599	9958020.44
196	6905182.43
1960	12414202.739999998
19600	7561412.710000001
19601	18138763.939999998
19602	17096940.64
19603	13227047.17
19604	18396280.04
19605	22549465.7
19606	16882205.18
19607	17276911.8
19608	8311544.07
19609	11221969.93
1961	3520792.1799999997
19610	8678071.77
19611	8017159.14
19612	4533855.039999999
19613	12271929.01
19614	12416503.75
19615	11248811.420000002
19616	5127882.98
19617	12130798.34
19618	5848540.05
19619	5942102.970000001
1962	19945493.59
19620	6621593.07
19621	11593492.28
19622	7446244.91
19623	13858115.340000002
19624	5177289.859999999
19625	6200070.73
19626	2734781.95
19627	8149581.790000001
19628	18890997.82
19629	20803242.9
1963	15671460.399999999
19630	13646708.96
19631	9945917.5
19632	5721682.21
19633	6891563.640000001
19634	15763426.36
19635	3440318.45
19636	17332407.67
19637	10174809.899999999
19638	1733730.53
19639	8653390.52
1964	11680443.91
19640	20947408.04
19641	12619004.5
19642	6268447.41
19643	6870293.3
19644	14478922.199999997
19645	7338506.41
19646	4048828.3899999997
19647	10474504.879999999
19648	7922879.83
19649	12178501.850000001
1965	8924445.61
19650	3496332.12
19651	8133341.67
19652	13236379.55
19653	7890390.84
19654	5116419.37
19655	10627459.79
19656	11451710.24
19657	6690630.699999999
19658	2838121.35
19659	11340160.92
1966	14570915.469999999
19660	5426826.18
19661	3851643.6700000004
19662	3533721.5999999996
19663	8626308.74
19664	9627242.55
19665	11446467.05
19666	15579923.26
19667	13068904.58
19668	10834197.19
19669	6422488.25
1967	16418892.2
19670	8236534.57
19671	6149882.790000001
19672	16420445.979999999
19673	17333598.98
19674	8743341.66
19675	7210767.32
19676	13790431.16
19677	10360059.540000001
19678	14163504.87
19679	4383539.59
1968	5761118.93
19680	12950396.92
19681	3696033.09
19682	11066127.2
19683	7682652.1899999995
19684	12581418.649999999
19685	8940899.88
19686	13603105.790000001
19687	6040584.119999999
19688	7714212.039999999
19689	8608850.16
1969	14452551.18
19690	6382550.98
19691	3212627.44
19692	14017277.139999999
19693	6724202.27
19694	7372637.369999999
19695	4397102.74
19696	4800128.91
19697	10550385.93
19698	7770559.440000001
19699	3315475.4299999997
197	22485519.669999998
1970	3706255.71
19700	6848029.67
19701	12717818.16
19702	5395648.86
19703	13567826.42
19704	4360525.54
19705	11994102.32
19706	7704899.8100000005
19707	16283467.760000002
19708	6735892.62
19709	4352772.760000001
1971	5333380.81
19710	10697294.190000001
19711	2521920.9699999997
19712	7237342.42
19713	9868143.959999999
19714	11626474.67
19715	4440209.9
19716	11989534.95
19717	17520624.64
19718	8884234.42
19719	15247813.16
1972	15553692.39
19720	12751515.04
19721	14087509.35
19722	15840530.2
19723	11883108.75
19724	3170323.26
19725	4089527.6
19726	7309047.79
19727	3945124.3499999996
19728	7109271.89
19729	19581775.240000002
1973	5805491.73
19730	1812335.79
19731	9775687.94
19732	13382864.219999999
19733	8412867.02
19734	13214362.54
19735	12946940.45
19736	17362650.67
19737	20475192.06
19738	7952635.34
19739	12121535.88
1974	12393864.56
19740	5014552.76
19741	7681692.24
19742	10327889.8
19743	8357012.550000001
19744	8317585.39
19745	11955166.129999999
19746	3989321.19
19747	12962654.61
19748	17094277.85
19749	9319936.56
1975	10726077.3
19750	13814244.58
19751	9850551.809999999
19752	1584349.04
19753	15455555.840000004
19754	13154555.419999998
19755	10087746.04
19756	23438143.560000002
19757	13559577.61
19758	9817228.790000001
19759	10676711
1976	8818374.9
19760	13622202.66
19761	12671378.91
19762	7927811.989999999
19763	6784917.68
19764	9288368.57
19765	11181164.6
19766	3067917.4899999998
19767	7122679.9799999995
19768	1998098.1
19769	12152543.59
1977	17510124.82
19770	7556791.79
19771	9668781.99
19772	8870347.68
19773	11512001.89
19774	11052716.92
19775	13359098.47
19776	11535826.64
19777	10122199.98
19778	13157206.4
19779	9169921.39
1978	8336763.780000001
19780	9166019
19781	11737753.879999999
19782	12875369.169999998
19783	7528073.540000001
19784	6616947.29
19785	7448983.74
19786	5350682.18
19787	5247281.200000001
19788	3135264.54
19789	11684967.91
1979	12395943.329999998
19790	9963834.43
19791	17255478.14
19792	6039671.579999999
19793	5366500.84
19794	8076407.4
19795	12872223.9
19796	17130578.66
19797	10127442.45
19798	13393219.95
19799	6534267.02
198	14135353.350000001
1980	7528662.05
19800	4800579.289999999
19801	12572059.6
19802	12921220.66
19803	11509481.850000001
19804	4228525.58
19805	5818010.91
19806	10172432.36
19807	9319229.85
19808	8773875.629999999
19809	5799476.129999999
1981	15823619.190000001
19810	6350135.35
19811	6927456.279999999
19812	12005625.73
19813	6201940.390000001
19814	13797697.760000002
19815	11426989.77
19816	17806091.04
19817	11100157.48
19818	10193518.59
19819	5002563.12
1982	7325612.17
19820	11532038.799999999
19821	12742492.120000001
19822	4101726.43
19823	12027769.55
19824	1964694.13
19825	15382096.549999997
19826	8513139.3
19827	12188272.8
19828	12374405.17
19829	8728861.45
1983	17734878
19830	8602437.719999999
19831	12109929.58
19832	11862285.860000001
19833	14457790.5
19834	7900566.0200000005
19835	8756107.26
19836	7270228.949999999
19837	7642069.73
19838	9844198.040000001
19839	8694145
1984	11026980.5
19840	8096006.340000001
19841	10059877.850000001
19842	12558638.06
19843	14529476.53
19844	6515375.290000001
19845	9893535.249999998
19846	9014712.44
19847	11882804.110000001
19848	10326726.18
19849	9499079.8
1985	9995653.94
19850	14221316.61
19851	7729493.9399999995
19852	16831414.869999997
19853	18433512.580000002
19854	10469455.42
19855	6778837.96
19856	6433727.949999999
19857	7383845.8100000005
19858	11229623.86
19859	6513343.58
1986	12237888.02
19860	12375279.360000001
19861	3635910.91
19862	11144641.92
19863	12862066.02
19864	15404610.67
19865	10679503.379999999
19866	2460316.42
19867	6538794.219999999
19868	11090658.84
19869	3818148.1300000004
1987	12667686.52
19870	8060285.350000001
19871	7876699.93
19872	10400787.46
19873	10375852.860000001
19874	18492178.04
19875	17071100.97
19876	9296093.670000002
19877	10869474.82
19878	8652721.290000001
19879	7571104.459999999
1988	8632367.629999999
19880	5705083.0600000005
19881	12348179.370000001
19882	1996722.6400000001
19883	10493577.2
19884	10922022.43
19885	10183210.67
19886	6295211.86
19887	6032614.51
19888	8054432.03
19889	8576296.52
1989	9295675.899999999
19890	2600705.37
19891	13216328.620000001
19892	8385871.8100000005
19893	6589137.25
19894	18318626.71
19895	8497206.28
19896	17494550.669999998
19897	4261379.930000001
19898	7755455.72
19899	6761364.09
199	9907803.559999999
1990	8205004.600000001
19900	5556843.550000001
19901	10940322.78
19902	8247228.69
19903	6678325.819999999
19904	6431196.970000001
19905	11688190.73
19906	8371282.869999999
19907	15875556.059999999
19908	5097938.710000001
19909	7439454.640000001
1991	10365195.54
19910	20719745.17
19911	8987287.2
19912	7590824.66
19913	13201215.53
19914	7987315.25
19915	6404882.37
19916	6233806.07
19917	1803839.42
19918	10139073.04
19919	3767061.81
1992	6728748.600000001
19920	13345008.600000001
19921	5399449.92
19922	3369639.5999999996
19923	10418610.34
19924	9462141.580000002
19925	18222608.33
19926	12427267.08
19927	13775318.469999999
19928	5860586.619999999
19929	11816090.959999999
1993	8176543.38
19930	14738341.139999999
19931	6685106.08
19932	14991640.719999999
19933	10928683.07
19934	4093496.94
19935	9322878.26
19936	11314612.620000001
19937	10718921.32
19938	2061216.99
19939	5328057.86
1994	12927698.04
19940	14064164.379999999
19941	8904480.899999999
19942	8917756.42
19943	4179679.8999999994
19944	9645709.33
19945	12332234.070000002
19946	13220133.74
19947	10355729.1
19948	3580462.97
19949	11980262.56
1995	3807896.6699999995
19950	8250634.920000001
19951	9632448.29
19952	11961932.73
19953	17259445.31
19954	9850335.379999999
19955	10878988.540000001
19956	17083302.15
19957	11725724.79
19958	18207188.24
19959	3080520.56
1996	6290334.52
19960	12065195.46
19961	11059143.08
19962	11024942.739999998
19963	9210771.82
19964	5217225.42
19965	14558980.02
19966	14179998.239999998
19967	14648405.87
19968	12815908.190000001
19969	12711022.839999998
1997	13141005.22
19970	8155659.350000001
19971	12023087.610000001
19972	14484694.66
19973	11830248.899999999
19974	16342892.14
19975	16406932.030000001
19976	2300305.94
19977	14095532.15
19978	20970836.72
19979	10822536.5
1998	16599644.410000002
19980	6317546.33
19981	5812830.930000001
19982	5200510.279999999
19983	10044527.11
19984	9851615.690000001
19985	11702369.16
19986	18063352.67
19987	6453362.91
19988	10860020.34
19989	8151822.03
1999	11529429.920000002
19990	15155795.68
19991	8041715.73
19992	5085318.629999999
19993	11772861.780000001
19994	20137981.85
19995	12681900.790000001
19996	7929976.219999999
19997	1425129.5499999998
19998	14741125.34
19999	5111259.39
2	12584716.36
20	6533101.39
200	6780024.53
2000	9069054.219999999
20000	5515363.75
2001	6895791.07
2002	15505402.3
2003	6248407.05
2004	8386801.41
2005	7420604.699999999
2006	9694570.76
2007	2083902.4899999998
2008	5416164.04
2009	8550394.61
201	6144494.3100000005
2010	9519511.38
2011	5142647.49
2012	8473971.45
2013	5665965.24
2014	7216912.29
2015	8405256.47
2016	13697937.65
2017	9929150
2018	14822249.729999999
2019	11933165.27
202	7016803.4399999995
2020	3768607.64
2021	7296917.680000001
2022	10299539.89
2023	12428817.870000001
2024	4201418.59
2025	13182861.85
2026	12353954.660000002
2027	10979688.52
2028	11697901.219999999
2029	8686660.09
203	11029513.49
2030	8884680.34
2031	4362076.8100000005
2032	1261859.56
2033	18359270.24
2034	5629854.06
2035	12643270.52
2036	12225794.29
2037	8758668.809999999
2038	12084504.489999998
2039	8567785.17
204	8126798.3500000015
2040	8935972.44
2041	3577251.7199999997
2042	8785663.16
2043	5508645.72
2044	4976939.73
2045	1654838.88
2046	11305286.84
2047	12917142.229999999
2048	12718203.29
2049	3339966.6100000003
205	7218572.370000001
2050	11494782.01
2051	8850067.59
2052	13524632.87
2053	13219187.2
2054	6463618.88
2055	8723163.74
2056	4016104.3400000003
2057	8039214.94
2058	5382396.640000001
2059	4062238.8299999996
206	5300896.4399999995
2060	4218237.03
2061	9952267.15
2062	9225749.24
2063	9278063.760000002
2064	6102129.779999999
2065	4454990.02
2066	12202755.64
2067	4268059.97
2068	6921147.5200000005
2069	5468576.489999999
207	16633402.509999998
2070	2418913.4699999997
2071	12396219.86
2072	8710067.99
2073	18200453.47
2074	12635677.700000001
2075	12224646.459999999
2076	3160570.41
2077	9789202.71
2078	7809525.6899999995
2079	12434318.450000001
208	6076914.17
2080	12234063.9
2081	13022796.719999999
2082	14260343.93
2083	9479967.09
2084	16691691.98
2085	9941858.209999999
2086	18574853.49
2087	14853928.83
2088	5663284.709999999
2089	16255727.5
209	4846004.9
2090	17260923.11
2091	9990555.65
2092	9041284.86
2093	14438594.000000002
2094	10995859.55
2095	10539111.469999999
2096	9447699.21
2097	10786449.29
2098	13842355.579999998
2099	9554697.719999999
21	11410668.56
210	11647106.55
2100	7230635.709999999
2101	10046532.23
2102	8793142.34
2103	11728968.100000001
2104	10909988.53
2105	5901473.300000001
2106	9855022.100000001
2107	10867217.239999998
2108	12194988.379999999
2109	16532644.260000002
211	15425506.89
2110	3723419.88
2111	11930863.170000002
2112	12549303.430000002
2113	17092132.099999998
2114	10720233
2115	5117085.8
2116	15290333.66
2117	6215285.84
2118	10571688.110000001
2119	12771380.54
212	11424983.29
2120	15926069.32
2121	12532283.14
2122	8938133.54
2123	8551140.73
2124	9474792.28
2125	9302802.909999998
2126	9577754.44
2127	14861184.75
2128	7999387.7
2129	8107194.370000001
213	20655526.46
2130	12753648.400000002
2131	16794051.79
2132	8915062.46
2133	18032445.740000002
2134	14668003.75
2135	3628357.4699999997
2136	18029203.29
2137	24667617.72
2138	15660704.740000002
2139	12996715.870000001
214	8879729.52
2140	13399370.9
2141	7879935.129999999
2142	4016913.75
2143	4422910.649999999
2144	11308393.6
2145	12138078.24
2146	14656770.740000002
2147	19283728.770000003
2148	4818406.11
2149	2035056.8399999999
215	9946633.8
2150	14024437.18
2151	3498877.0000000005
2152	13990807.240000002
2153	10789368.01
2154	10461757.93
2155	12109955.32
2156	13399197.66
2157	11015333.860000001
2158	13566840.14
2159	11303473.56
216	7225148.37
2160	2336994.2
2161	20568450.09
2162	17075376.08
2163	11640247.13
2164	9945217.76
2165	11498381.22
2166	12329065.92
2167	15351791.170000002
2168	13725822.330000002
2169	12374599.979999999
217	8480488.69
2170	14345078.99
2171	10112248.94
2172	6298656.2299999995
2173	4613663.94
2174	6065689.3
2175	10130865.719999999
2176	8212688.7700000005
2177	8286234.17
2178	11348655.64
2179	5683028.19
218	5990852.4
2180	20467452.85
2181	15039542.049999999
2182	4061100.7
2183	11786179.969999999
2184	4875159.2299999995
2185	9766757.36
2186	12228434.56
2187	18244401.37
2188	1784051.69
2189	9262757.34
219	3691974.28
2190	7309085.98
2191	13759056.82
2192	15240964.799999999
2193	8645580.719999999
2194	3968797.61
2195	3654475.69
2196	3112539.7199999997
2197	2862332.1199999996
2198	13068906.1
2199	4168059.79
22	13354991.740000002
220	6597491.42
2200	4419041.38
2201	6839649.5200000005
2202	14431682.059999999
2203	19391830.19
2204	6464203.159999999
2205	9667316.83
2206	6314757.93
2207	1576423.0500000003
2208	6885485.73
2209	13294451.83
221	9476290.790000001
2210	11786606.64
2211	8017333.45
2212	8924313.959999999
2213	6289443.16
2214	14757152.14
2215	8165618.5
2216	8507045.52
2217	7788839.84
2218	11969306.34
2219	10286520.83
222	25172161.64
2220	9645639.77
2221	1968236.54
2222	11963311.100000001
2223	8315577.35
2224	13409530.899999999
2225	12527733.73
2226	11995521.75
2227	9088089.96
2228	8803399.139999999
2229	5449605.98
223	3039839.93
2230	6537351.93
2231	10521152.97
2232	9325099.63
2233	6935201.850000001
2234	3671589.58
2235	23465558.650000002
2236	7864161.7299999995
2237	9517294.22
2238	17678080.31
2239	16314584.6
224	11682199.89
2240	10271265.16
2241	13054672.889999999
2242	8144889.08
2243	17610159.99
2244	19090427.1
2245	8083938.489999999
2246	9408414.739999998
2247	8136822.35
2248	13667234.81
2249	18179426.28
225	9146737.84
2250	11276846.190000001
2251	11393295.469999999
2252	6449179.71
2253	12976931.64
2254	16346083.899999999
2255	3444579.5399999996
2256	4180998.5500000003
2257	13929292.24
2258	3705986.58
2259	8535255.79
226	6350811.24
2260	11344860.01
2261	6165106.45
2262	5946033.83
2263	6399668.96
2264	12855023.6
2265	3229090.66
2266	11025681.74
2267	13992620.620000001
2268	6813722.630000001
2269	3508691.85
227	12349738.07
2270	4793325.7
2271	7212908.360000001
2272	11904723.06
2273	12756264.91
2274	4377167.77
2275	8538791.559999999
2276	13542898.46
2277	7884013.41
2278	9655946.23
2279	12405302.59
228	8336513.38
2280	10408779.03
2281	8890478.09
2282	4313535.4
2283	14340940.51
2284	9674171.53
2285	12889960.17
2286	11604729.530000001
2287	13518548.759999998
2288	6640046.96
2289	6982941.459999999
229	13096927.65
2290	8185042.13
2291	5710151.04
2292	4225241.82
2293	14058827.07
2294	4256666.79
2295	19215255.38
2296	10641364.34
2297	10286942.48
2298	8705242.059999999
2299	3137677.1900000004
23	4531731.12
230	12382805.14
2300	7397847.51
2301	10540545.39
2302	13994812.469999999
2303	5889384.350000001
2304	8836013.62
2305	10445251.4
2306	14610825.92
2307	10140812.739999998
2308	10755124.84
2309	6701795.04
231	8088708.319999999
2310	4552472.83
2311	8932191.45
2312	3321740.5199999996
2313	7538697.379999999
2314	8550053.68
2315	9748613.559999999
2316	13492530.899999999
2317	10156815.04
2318	14088809.530000001
2319	15785309.98
232	7524010.02
2320	2714711.9200000004
2321	12758571.060000002
2322	14780411.400000002
2323	10133115.02
2324	22015917.08
2325	12892451.06
2326	8671223.38
2327	18343899.06
2328	3652836.45
2329	9759223.780000001
233	7992678.4399999995
2330	5188342.860000001
2331	11724831.159999998
2332	4066121.7600000002
2333	10418599.92
2334	15399154.719999999
2335	7183363.730000001
2336	12929023.04
2337	11021724.379999999
2338	9028003.51
2339	7678885.88
234	2141080.67
2340	10895739.53
2341	11110616.83
2342	10667117.899999999
2343	5258990.38
2344	9532575.2
2345	6659628.32
2346	2816883.53
2347	17420386.72
2348	14509635.98
2349	16485065.940000001
235	8511426.17
2350	8119218.859999999
2351	14665511.94
2352	19666431.52
2353	12936668.45
2354	6943112.18
2355	13783563.49
2356	16531236.549999999
2357	12640309.68
2358	10045268.03
2359	5820404.21
236	8451417.54
2360	7938044.949999999
2361	6136160.78
2362	7518548.21
2363	8218931.779999999
2364	8448046.24
2365	10986273.23
2366	9943686.65
2367	8046092.510000002
2368	1710732.3
2369	3183540.39
237	5097509.0200000005
2370	12940520.07
2371	6850524.94
2372	4435016.75
2373	10411436.579999998
2374	13333519.409999998
2375	7021961.359999999
2376	9515229.660000002
2377	7318816.4399999995
2378	7114144.45
2379	14173881.529999997
238	10684253.08
2380	24757044.580000002
2381	12023593.079999998
2382	5707877.8
2383	6225073.6899999995
2384	8093718.619999999
2385	2603200.74
2386	8325288.579999999
2387	5394701.95
2388	8140174.6899999995
2389	12112975.2
239	7139307.16
2390	9456957.709999999
2391	9134947.8
2392	13682802.8
2393	14126862.11
2394	17798047.82
2395	17813016.03
2396	5097034.02
2397	1341132.92
2398	8332809.99
2399	5181024.800000001
24	10339119.36
240	3022791.8800000004
2400	13453089.85
2401	15716489.65
2402	10464656.81
2403	6713998.759999999
2404	11484188.16
2405	13971835.940000001
2406	18154610.25
2407	9221498.47
2408	5199201.68
2409	11027188.35
241	9259583.94
2410	5666182.16
2411	12800332.46
2412	17558009.5
2413	2036850.7000000002
2414	10091356.57
2415	10278832.53
2416	3453989.6299999994
2417	13728830.73
2418	3057105.3500000006
2419	11783040.87
242	5042061.8
2420	15649539.920000002
2421	7410592.88
2422	17596238.46
2423	12642516.85
2424	13987149.420000002
2425	8455499.15
2426	6333242.48
2427	13280336.16
2428	3749202.29
2429	13562398.99
243	12618340.739999998
2430	7887123.140000001
2431	10862355.58
2432	14422292.620000001
2433	8443991.2
2434	11782137.69
2435	3920269.48
2436	12644987.899999999
2437	3691379.65
2438	17158310.28
2439	16145468.759999998
244	5932596.5600000005
2440	12216324.87
2441	7909031.77
2442	13752780.179999998
2443	10614437.94
2444	12474718.200000001
2445	15134164.09
2446	11969898.44
2447	5878755.029999999
2448	16801349.72
2449	3966430.41
245	9713830.78
2450	5072670.42
2451	14943210.55
2452	1420898.3000000003
2453	9406928.32
2454	4531515.779999999
2455	15044726.940000001
2456	10490298.57
2457	8805764.24
2458	7666560.44
2459	6987717.65
246	10174200.91
2460	9612545.620000001
2461	6906557.5
2462	10517786.200000001
2463	6377670.03
2464	5276999.41
2465	13693364.84
2466	14038820.54
2467	3889034.6999999997
2468	1854825.5100000002
2469	17566476.509999998
247	12239958.46
2470	14199100.43
2471	10515238.51
2472	13332209.03
2473	18898067.619999997
2474	6982704.69
2475	10901290.06
2476	4676383.47
2477	9286566.45
2478	5855123.86
2479	13400333.420000002
248	13155220.85
2480	15918911.090000002
2481	3534613.3200000003
2482	10132730.45
2483	18252759.78
2484	6587057.59
2485	11812977.56
2486	7326581.4
2487	10893035.14
2488	9943706.04
2489	12987113.530000001
249	12054335.899999999
2490	8797822.69
2491	8177201.359999999
2492	5419074.52
2493	2838129.5300000003
2494	11812529.74
2495	6918122.33
2496	6164010.550000001
2497	12254689.18
2498	8494477.270000001
2499	9893769.72
25	28323020.680000003
250	8203476.6000000015
2500	14203515.58
2501	5920799.359999999
2502	14207991.91
2503	18755240.52
2504	13660265.48
2505	10859199.06
2506	7783100.91
2507	10235544.39
2508	11272174.669999998
2509	11043346.809999999
251	14829956.32
2510	11556818.87
2511	14010258.78
2512	9067568.129999999
2513	7919984.67
2514	15722817.67
2515	10128797.95
2516	7781449.859999999
2517	3992683.79
2518	13309414.46
2519	10672955.52
252	6051782.45
2520	13081474.04
2521	10799330.209999999
2522	5746075.4
2523	18002617.73
2524	14401073.03
2525	14384740.71
2526	14515096.72
2527	14263805.729999999
2528	8851495.15
2529	12578089.99
253	9173956.08
2530	10398293.52
2531	11368929.59
2532	4591151.95
2533	12699261.1
2534	12967806.6
2535	14148120.489999998
2536	3861479.8099999996
2537	10037849.77
2538	8951818.76
2539	10901975.6
254	8687052.94
2540	4539685.54
2541	6164545.42
2542	10711959.709999999
2543	2990298.6100000003
2544	11401876.490000002
2545	9821194.4
2546	12601026.230000002
2547	15317773.23
2548	16302692.229999999
2549	5794118.390000001
255	11062167.219999999
2550	2486590.31
2551	8273549.88
2552	10960773.909999998
2553	16795355.72
2554	12420328.610000001
2555	9157717.280000001
2556	14382254.75
2557	11299853.68
2558	12810057.69
2559	15496277.52
256	7829800.520000001
2560	7618249.86
2561	17391841.44
2562	14292296.65
2563	3505218.7500000005
2564	5116846.86
2565	7562293.979999999
2566	6127296.51
2567	10899457.03
2568	13186189.18
2569	14746016.55
257	11296686.07
2570	12567500.06
2571	7885581.65
2572	7735483.2
2573	3580385.8200000003
2574	13298169.62
2575	9735709.530000001
2576	11583447.25
2577	12031961.54
2578	2375123.9899999998
2579	16146458.54
258	11713666.030000001
2580	5757610.15
2581	6375943.48
2582	6555590.48
2583	7281917.68
2584	9621992.809999999
2585	5603703.26
2586	11642499.57
2587	7164015.63
2588	12788902.860000001
2589	7840197.369999999
259	3742463.5300000003
2590	15923284.08
2591	12960668.53
2592	17975025.66
2593	17781141.48
2594	12067442.290000001
2595	6154091.96
2596	6582979.01
2597	14553796.57
2598	9825115.360000001
2599	18004414.21
26	18612458.270000003
260	12020337.82
2600	14847297.15
2601	3863349.83
2602	9266195.9
2603	9673781.7
2604	7362883.0200000005
2605	10648129.41
2606	4415910.11
2607	9040755.65
2608	7576771.09
2609	13481510.360000001
261	14235632.629999999
2610	8903348.32
2611	14559893.010000002
2612	12217053.75
2613	6055732.88
2614	6019389.32
2615	6954812.03
2616	4491767.539999999
2617	8083255.779999999
2618	14428573.8
2619	4780781.46
262	12616758.77
2620	6257140.7
2621	9754794.190000001
2622	9184250.540000001
2623	12040224.32
2624	4000562.8099999996
2625	4155401.6900000004
2626	4459443.359999999
2627	11871002.25
2628	5264224.03
2629	6384008.73
263	8394552.780000001
2630	9603018.3
2631	14334288.24
2632	15461064.48
2633	12032882.379999999
2634	3101419.05
2635	10632215.34
2636	17478559.71
2637	7381971.63
2638	15593090.25
2639	15142324.970000003
264	19660864.529999997
2640	10072697.88
2641	11879069.149999999
2642	11753956.43
2643	9623713.16
2644	9132201.81
2645	6218612.41
2646	13913171.14
2647	7980389.070000001
2648	11369794.86
2649	16154529.55
265	4480933.8
2650	8972393.82
2651	4286014.31
2652	13457859.860000001
2653	8077436.780000001
2654	12258193.969999999
2655	13296333
2656	4714180.87
2657	13002337.139999999
2658	6195615.47
2659	9292520.15
266	6629277.140000001
2660	3376612.05
2661	19439542.830000002
2662	15017771.680000002
2663	13310621.540000003
2664	7360180.06
2665	20246376.380000003
2666	10847601.99
2667	10236809.63
2668	5586359.81
2669	19179666.33
267	13312108.01
2670	21328366.62
2671	9283770.37
2672	13879109.72
2673	7893716.67
2674	17061960.48
2675	7258045.8100000005
2676	13340615.6
2677	15915757.240000002
2678	11688970.719999999
2679	8413965.38
268	16450154.84
2680	7409535
2681	12128678.82
2682	13353614.53
2683	11849804.84
2684	10965454.059999999
2685	8625633.79
2686	15680124.790000001
2687	2027997.8900000001
2688	8657435.81
2689	20974568.759999998
269	14267371.17
2690	16790955.75
2691	18400638.12
2692	12607833.830000002
2693	17722347.84
2694	5941592.44
2695	7161603.029999999
2696	15461549.899999999
2697	10435270.39
2698	3800058.0900000003
2699	17340180.52
27	4371849.52
270	11297792.900000002
2700	2001241.7
2701	13372697.96
2702	3163193.87
2703	10347817.16
2704	7896914.07
2705	9474481.74
2706	10566345.87
2707	6227629.9
2708	3603623.9000000004
2709	3443897.52
271	7983268.91
2710	1748890.1300000001
2711	12640296.31
2712	10330528.350000001
2713	15087548.03
2714	5583624.039999999
2715	15950501.219999999
2716	11471446.14
2717	12354366.940000001
2718	10110385.43
2719	10302596.809999999
272	11379587.19
2720	8312657.76
2721	9371079.51
2722	18138566.48
2723	9704446.25
2724	3440656.5300000003
2725	13060800.75
2726	9895222.799999999
2727	2811036.66
2728	5762554.65
2729	4990666.800000001
273	4172667.87
2730	5037715.300000001
2731	10891461.920000002
2732	2344627.5500000003
2733	4662356.04
2734	20293715.349999998
2735	10716920.450000001
2736	5605610.6899999995
2737	8244408.08
2738	8960195.7
2739	2825051.1399999997
274	10758876.54
2740	9857330.97
2741	8214542.63
2742	5718429.119999999
2743	7001140.24
2744	19523423.78
2745	11644920.79
2746	16470513.82
2747	6753268.83
2748	6597501.25
2749	12140589.26
275	7668930.9399999995
2750	10579744.64
2751	15710157.5
2752	13850627.809999999
2753	14780992.85
2754	12753001.430000002
2755	12951658.22
2756	21855833.240000002
2757	8134379.640000001
2758	9364657.75
2759	3700031.8
276	5506685.85
2760	2960879.05
2761	17981955.72
2762	1194390.48
2763	15582069.95
2764	14199280.899999999
2765	16533652.39
2766	17093103.380000003
2767	6846307.57
2768	5831849.779999999
2769	16996509.139999997
277	17440452.68
2770	11281282.52
2771	9483876.47
2772	6459585.0600000005
2773	3775211.6399999997
2774	12138720.01
2775	9357674.780000001
2776	6717731.15
2777	15487486.92
2778	14540579.64
2779	5161496.949999999
278	12993782
2780	10632298.04
2781	6296955.9799999995
2782	4286539.699999999
2783	8454237.120000001
2784	9060359.42
2785	14790818.74
2786	7330080.09
2787	2761352.51
2788	11535674.85
2789	10459529.459999999
279	9643314.9
2790	9208860.719999999
2791	5894491.2
2792	6393690.74
2793	5506420.2299999995
2794	6885830.390000001
2795	1351524.46
2796	9491118.459999999
2797	6758320.699999999
2798	10523889.450000001
2799	6350574.23
28	10052342.86
280	4322512.84
2800	12423340.76
2801	12490916.16
2802	13597474.84
2803	11082416.85
2804	13068239.079999998
2805	10569285.56
2806	6014473.109999999
2807	7687416.430000001
2808	6957037.04
2809	10324793.08
281	4400070.22
2810	10341370.59
2811	2678329.5599999996
2812	6491846.629999999
2813	10026888.19
2814	9282851.84
2815	12892503.940000001
2816	7903364.340000001
2817	12724976.05
2818	15876741.47
2819	8500788.07
282	4121892.2300000004
2820	15998766.36
2821	9598811.55
2822	17442228.31
2823	4141426.3900000006
2824	13584506.73
2825	15050702.3
2826	3130146.0200000005
2827	2574698.96
2828	9363954.1
2829	5797678.77
283	6633804.38
2830	6926747.289999999
2831	5116092.159999999
2832	5522012.48
2833	11302861.290000001
2834	8276591.91
2835	14170996.89
2836	16214497.52
2837	6144894.07
2838	12923588.67
2839	10028073.06
284	7864664.78
2840	16119008.53
2841	10837538.459999999
2842	11141669.3
2843	18465724.419999998
2844	10116038.75
2845	8540022.05
2846	15808543.190000001
2847	4765562.94
2848	4596281.37
2849	10761672.309999999
285	10180082.920000002
2850	6310261.140000001
2851	3554507.4400000004
2852	15608323.83
2853	15013059.120000001
2854	14155894.440000001
2855	15648859.120000001
2856	10109247.83
2857	10377565.96
2858	15777361.19
2859	1283280.03
286	10031780.059999999
2860	15242500.26
2861	16164722.55
2862	15350904.840000002
2863	9899082.760000002
2864	9265336.38
2865	11598739.579999998
2866	4161002.05
2867	2707042.88
2868	4810466.76
2869	13889460.520000001
287	14619490.190000001
2870	10865282.849999998
2871	9590995.360000001
2872	16016976.170000002
2873	10376130.76
2874	7768182.459999999
2875	18185865.950000003
2876	11766494.27
2877	7032693.06
2878	4441462.66
2879	18738654.41
288	11714670.59
2880	15413320.240000002
2881	10891551.090000002
2882	10207031.3
2883	14618898.28
2884	5516227.09
2885	9344742.610000001
2886	7652071.51
2887	6151462.11
2888	17369567.61
2889	15313000.18
289	16530733.45
2890	10766896.81
2891	15274280.889999999
2892	8285169.65
2893	5422313.9
2894	12365278.39
2895	16796853.849999998
2896	14268804.999999998
2897	16055307.24
2898	7298408.37
2899	9861447.86
29	18672793.440000005
290	6817480.57
2900	11431697.63
2901	6359509.69
2902	10293788.299999999
2903	14779197.46
2904	13291557.46
2905	14120362.979999999
2906	10415858.26
2907	13493075.759999998
2908	8155682.140000001
2909	8914389.76
291	6360678.77
2910	8491357.08
2911	9008402.67
2912	7911386.7299999995
2913	7357160.41
2914	7895106.210000001
2915	14262511.209999999
2916	6124296.01
2917	6799056.12
2918	11338540.3
2919	8278890.970000001
292	18951599.13
2920	17722148.07
2921	9206846.36
2922	18439639.59
2923	6248310.75
2924	12100966.02
2925	13777553.42
2926	15111080.440000001
2927	8277306.100000001
2928	10843217.709999999
2929	1310208.9500000002
293	12739142.6
2930	2101118.05
2931	4035088.14
2932	14705774.09
2933	19264902.759999998
2934	7620194.859999999
2935	3986378.93
2936	4845124.890000001
2937	18394849.07
2938	8373635.33
2939	10145401.75
294	11218015.58
2940	8201477.45
2941	5089340.1899999995
2942	12810791.8
2943	10634000.76
2944	10481071.25
2945	8651616.52
2946	8449325.26
2947	10815993.010000002
2948	14211564.81
2949	8725229.27
295	7066177.03
2950	6650316.590000001
2951	12101498.68
2952	7463493.7700000005
2953	3067505.1500000004
2954	8144102.2299999995
2955	8493616.92
2956	18015184.73
2957	10569869.719999999
2958	12275569.25
2959	6654607.15
296	16040384.819999998
2960	9503791.14
2961	10671736.36
2962	14039532.129999999
2963	8073893.870000001
2964	17591578.490000002
2965	7089283.43
2966	15035619.83
2967	9088871.76
2968	15046022.96
2969	13325255.920000002
297	11253765.63
2970	15238453.399999999
2971	6354700.33
2972	9060677.94
2973	16033400.129999999
2974	6444120.820000001
2975	12656984.29
2976	4912284.57
2977	14236345.350000001
2978	7222248.14
2979	8926525.700000001
298	6670983.89
2980	10338977.54
2981	4287256.14
2982	8984955.639999999
2983	13001274.759999998
2984	810091.45
2985	5459694.3100000005
2986	7377080.05
2987	15233133.700000001
2988	6020026.18
2989	19487570.62
299	3537924.38
2990	5746767.47
2991	9774746.059999999
2992	5345721.72
2993	4309236.299999999
2994	9882427.05
2995	4672943.78
2996	4440370.58
2997	9742701.6
2998	5696253.989999999
2999	13142976.660000002
3	10758145.45
30	14163132.41
300	13576209.4
3000	14497986.68
3001	14655904.610000001
3002	17189599.419999998
3003	4030822.34
3004	9349195.919999998
3005	12867953.01
3006	16109331.24
3007	15655164.409999998
3008	15598164.88
3009	7932825.5600000005
301	10684654.440000001
3010	6560280.260000001
3011	11478043.77
3012	17449789.61
3013	9956167.19
3014	15350931.14
3015	13551886.870000001
3016	12821189.27
3017	11500809.440000001
3018	7914621.74
3019	8247285.41
302	13345593.62
3020	8452240.3
3021	5710010.65
3022	12919035.21
3023	20740810.88
3024	12987123.12
3025	9639311.64
3026	14282063.299999999
3027	9492527.59
3028	8098228.93
3029	5549754.83
303	12881104.629999999
3030	2469866.54
3031	10528887.959999999
3032	12932564.430000002
3033	10958898.36
3034	16810065.14
3035	11843339.21
3036	6988117.58
3037	11327921.04
3038	9110161.21
3039	9212798.11
304	4950422.8100000005
3040	12200577.809999999
3041	8194072.460000001
3042	5677842.01
3043	11521836.32
3044	3314102.34
3045	6875995.8100000005
3046	13441183.379999999
3047	5665564.470000001
3048	6667522.51
3049	6441521.54
305	2731861.1
3050	11021813.85
3051	4501505.93
3052	6631302.29
3053	13308910.41
3054	16311576.91
3055	11383934.440000001
3056	9640271.840000002
3057	10224136.33
3058	5451118.53
3059	2788180.0900000003
306	12807676.479999999
3060	5502822.07
3061	13862811.36
3062	7472317.170000001
3063	8732678.32
3064	20002180.57
3065	12048327.69
3066	6653875.99
3067	6633316.539999999
3068	14114684.09
3069	10783252.46
307	10819000.19
3070	10544025.23
3071	17530721.95
3072	16184166.13
3073	7166674.88
3074	8312127.01
3075	12427018.719999999
3076	19664021.14
3077	4386141.970000001
3078	15813011.659999998
3079	3440446.91
308	6363286.67
3080	12400094.33
3081	14406474.280000001
3082	15125036.809999999
3083	11842778
3084	5276716.53
3085	8992566.72
3086	22319189.43
3087	8097664.640000001
3088	576729.83
3089	5767357.7700000005
309	8086006.279999999
3090	15337851.219999999
3091	16813025.63
3092	7174324.4
3093	18317956.79
3094	10165977.25
3095	16553533.440000001
3096	15390419.209999999
3097	6237545.5600000005
3098	9982073.48
3099	6987429.66
31	7433034.240000001
310	7334307.52
3100	10036353.24
3101	11475673.3
3102	6013087.96
3103	20352715.91
3104	8477299.07
3105	6467589.32
3106	16549261.149999999
3107	7914988.38
3108	8840436.260000002
3109	19348610.64
311	9329175.69
3110	16672490.76
3111	8638318.950000001
3112	10497022.17
3113	13903509.69
3114	9928430.56
3115	8575074.68
3116	18052174.45
3117	12629033.29
3118	21704441.849999998
3119	15545269.75
312	6559432.6899999995
3120	13176352.77
3121	3112332.7800000003
3122	15349484.43
3123	6630925.54
3124	6490852.8100000005
3125	17042544.439999998
3126	6924030.739999999
3127	7280715.24
3128	12117689.079999998
3129	19979082.479999997
313	7873456.33
3130	16114148.72
3131	8895717.75
3132	9507432.55
3133	19571767.77
3134	14857380.66
3135	20044322.48
3136	13773365.979999999
3137	9399653.38
3138	8128819.34
3139	9661808.23
314	10199659.03
3140	7494107.079999999
3141	14492689.62
3142	11948304.58
3143	7731558.1899999995
3144	10479475.78
3145	16386742.620000001
3146	12822283.98
3147	8011312.26
3148	7905611.130000001
3149	13089984.82
315	16915058.54
3150	7965068.91
3151	17411474.15
3152	5271546.859999999
3153	10715475.19
3154	25444897.97
3155	7542703.549999999
3156	4878001.82
3157	7413493.34
3158	9895242.2
3159	5513343.5600000005
316	19107548.130000003
3160	8957430.05
3161	8979279.06
3162	10695809.54
3163	7164224.97
3164	5787015.17
3165	10696178.64
3166	7880502.93
3167	14072999.2
3168	10694693.5
3169	9109585.77
317	8714510.84
3170	3153541.9
3171	8377901.720000001
3172	3005598.8300000005
3173	6199343.0600000005
3174	3094951.0500000003
3175	17817141.5
3176	8341872.84
3177	10434668.73
3178	15688531.629999999
3179	2365200.4699999997
318	12489785.110000001
3180	7208745.43
3181	6744274.289999999
3182	15786144.99
3183	15286278.940000001
3184	6259562.51
3185	6616172.779999999
3186	4332449.17
3187	8857801.21
3188	6380386.14
3189	23102866.51
319	13835383.21
3190	2384229.1799999997
3191	9297708.74
3192	4192556.77
3193	14727916.59
3194	12390140.16
3195	8140117.08
3196	14944125.929999998
3197	15169459.25
3198	13001582.580000002
3199	10011945.07
32	13699629.79
320	8966103.2
3200	6106336.52
3201	12237876.780000001
3202	9781548.93
3203	15017066.049999999
3204	11011544.7
3205	5222220.49
3206	8172994.5
3207	7256143.58
3208	10766916.82
3209	6519944.21
321	5014778.16
3210	13632185.21
3211	8340052.139999999
3212	10949536.580000002
3213	12924070.61
3214	15201350.81
3215	3065839.1399999997
3216	5523536.27
3217	14475490.53
3218	9962480.98
3219	1682653.0400000003
322	8350423.9399999995
3220	13275455.059999999
3221	6069299.57
3222	8431693.94
3223	5365321.87
3224	9119644.54
3225	7511050.04
3226	16116047.260000002
3227	14719018.46
3228	10113434.379999999
3229	8367968.91
323	14301538.34
3230	8166203.24
3231	10303286.66
3232	4628477.65
3233	10296137.55
3234	17007070.5
3235	11876847.8
3236	11674202.81
3237	2273992.0700000003
3238	15440323.36
3239	6917168.21
324	14338595.54
3240	5643315.129999999
3241	11433198.36
3242	24122344.47
3243	16143065.89
3244	7519815.6
3245	9245996.99
3246	16436340.790000001
3247	9566348.94
3248	14280180.39
3249	9121473.870000001
325	14001271.110000001
3250	9196545.24
3251	8533157.3
3252	13807588.809999999
3253	9653799.91
3254	4127064.63
3255	7358314.93
3256	5301625.91
3257	19509496.209999997
3258	16417546.959999999
3259	10694363.649999999
326	14516702.33
3260	3165502.9699999997
3261	10783667.72
3262	13077726.530000001
3263	10405251.870000001
3264	16569492.280000001
3265	9493969.96
3266	8701922.34
3267	11214855.09
3268	15422750.290000001
3269	13210953.5
327	5629245.83
3270	17480517.919999998
3271	3550468.76
3272	12734468.09
3273	10229355.34
3274	4992539.64
3275	7116332.37
3276	10957219.940000001
3277	12348886.25
3278	17471088.4
3279	16609383.33
328	14796232.3
3280	10609098.209999999
3281	6711873.46
3282	2917045.2399999998
3283	10060058.65
3284	12469271.700000001
3285	7176216.289999999
3286	4889982.91
3287	13517309.64
3288	7993004.02
3289	3761976.49
329	9434191.52
3290	3152417.8
3291	3388744.67
3292	20345655.490000002
3293	20839105.979999997
3294	19884886.1
3295	6709875.800000001
3296	11424667
3297	7644858.109999999
3298	8961575.010000002
3299	10900729.66
33	10052962.64
330	10112108.21
3300	7411896.069999999
3301	8769326.35
3302	7082920.58
3303	7242424.7
3304	15832836.670000002
3305	5896891.07
3306	7608089
3307	8260660.67
3308	4853055.220000001
3309	6517453.029999999
331	12056635.069999998
3310	10670206.15
3311	11334160.2
3312	6395788.39
3313	17089128.75
3314	3928102.28
3315	15405072.55
3316	9879626.63
3317	8452319
3318	13017371.68
3319	19395507.78
332	5216095.81
3320	4657013.029999999
3321	13975727.95
3322	10012761.95
3323	12850763.01
3324	6813775.12
3325	3811181.52
3326	7469598.17
3327	13669929.420000002
3328	7630948.92
3329	12445107.04
333	10901298.77
3330	6806295.8100000005
3331	14728914.43
3332	13062653.46
3333	13266965.04
3334	14566770.04
3335	12617025.280000001
3336	12017006.64
3337	9848104.870000001
3338	8932032.42
3339	5637596.64
334	6302181.289999999
3340	11972910.55
3341	10356548.95
3342	6544709.369999999
3343	16280910.79
3344	12591124.59
3345	15650035.25
3346	6323852.3100000005
3347	13228385.12
3348	3573652.8300000005
3349	11431028.209999999
335	9360210.52
3350	9808336.73
3351	7583524.4399999995
3352	7195733.4399999995
3353	13389538.3
3354	1960297.96
3355	13175732.73
3356	10965159.58
3357	18992806.02
3358	6401225.07
3359	15327117.75
336	13286809.67
3360	11052470.11
3361	9905181.389999999
3362	10333447.209999999
3363	15459022.19
3364	9405236.35
3365	8909970.51
3366	6785730.62
3367	14509194.4
3368	10931470.92
3369	17198981.65
337	15892690.549999999
3370	5893060.039999999
3371	11160893.339999998
3372	16797031.84
3373	19449712.740000002
3374	12956398.57
3375	15179672.059999999
3376	10812410.51
3377	4160638.0600000005
3378	11285281.08
3379	24306751.53
338	7741135.77
3380	11542449.41
3381	7972683.859999999
3382	6781487.039999999
3383	12218760.05
3384	6192736.6899999995
3385	14772721.870000001
3386	10068380.320000002
3387	12744098.450000001
3388	11919785.23
3389	5380159.14
339	3696679.4699999997
3390	15604724.889999999
3391	8856730.110000001
3392	4867238.25
3393	13433289.03
3394	13560543.34
3395	9870083.059999999
3396	2527372.44
3397	12274600.92
3398	10779441.15
3399	10328117.79
34	17780838.36
340	14987165.280000001
3400	23302729.56
3401	7945132.24
3402	11660662.68
3403	7085936.61
3404	5448887.49
3405	11030555.67
3406	8840692.290000001
3407	22489347.98
3408	10442867.06
3409	9120113.729999999
341	17671609.82
3410	10290473.149999999
3411	7798380.970000001
3412	9028963.66
3413	2971047.62
3414	9823934.309999999
3415	8628917.74
3416	6019553.779999999
3417	9961543.079999998
3418	4451215.75
3419	5032316.33
342	3217287.12
3420	15655070.040000001
3421	2524206.44
3422	14463499.940000001
3423	5621339.93
3424	7741535.58
3425	10184500.14
3426	11431095.54
3427	7829125.23
3428	6715689.94
3429	8032990.260000001
343	7394351.38
3430	7826523.970000001
3431	8880663.65
3432	2624562
3433	14304562.139999999
3434	5207034.93
3435	8378722.43
3436	8654727.55
3437	7383570.85
3438	15986660.209999999
3439	22747848.02
344	8169147.23
3440	7832335.93
3441	5014891.609999999
3442	13460997.52
3443	19223247.83
3444	4222889.9399999995
3445	12081425.499999998
3446	9531867.01
3447	12705972.88
3448	12051331.29
3449	8374993.04
345	21972359.61
3450	5097857.260000001
3451	9228016.33
3452	16861997.67
3453	11150758.040000001
3454	12067458.6
3455	16305343.459999999
3456	13396924.139999999
3457	5490971.96
3458	12356742.750000002
3459	7818547.56
346	4873912.600000001
3460	7051892.510000001
3461	12491539.93
3462	9856122.839999998
3463	10719200.54
3464	12020480.81
3465	10353355.55
3466	14123815.76
3467	5099334.79
3468	11094945.629999999
3469	10947020.04
347	7024158.899999999
3470	2334941.79
3471	8845420.479999999
3472	15252810.180000002
3473	6188342.52
3474	18469916.82
3475	9819647.76
3476	7340299.55
3477	11010077.370000001
3478	13673862.95
3479	8447158.629999999
348	12211336.66
3480	10322982.440000001
3481	17837779.459999997
3482	18331685.97
3483	6745855.74
3484	14664561.469999999
3485	7203349.93
3486	12390466.649999999
3487	4794046.0200000005
3488	13757705.23
3489	15025112.22
349	11161396.309999999
3490	5360661.859999999
3491	11013224.81
3492	7003423.609999999
3493	13091905.31
3494	9143433.219999999
3495	4092128.8899999997
3496	4919800.43
3497	19541391.959999997
3498	2459544.19
3499	11679872.45
35	7132671.49
350	6566648.02
3500	6999606.58
3501	7218270.19
3502	10869901.290000001
3503	12218161.79
3504	5056167.27
3505	3796499.69
3506	12262663.29
3507	1480118.9
3508	12564182.98
3509	6836545.1
351	11657824.409999998
3510	8077771.22
3511	12184240.809999999
3512	11198978.629999999
3513	17053638.84
3514	14445337.67
3515	12866528.260000002
3516	21641559.790000003
3517	16811826.33
3518	9222020.969999999
3519	11106335.93
352	8905697.89
3520	6206298.39
3521	13284345.56
3522	6241593.77
3523	6678090.76
3524	3777269.13
3525	11897951.04
3526	3443563.6399999997
3527	4323101.92
3528	14002794.639999999
3529	9078818.32
353	14190059.309999999
3530	7264201.07
3531	6169665.949999999
3532	7296348.35
3533	11435728.41
3534	15755027.09
3535	8487737.03
3536	12711789.840000002
3537	5939186.129999999
3538	12314232.020000001
3539	19091510.159999996
354	12743076.47
3540	8935283.799999999
3541	8093131
3542	3084420.01
3543	4466364.4
3544	6207082.379999999
3545	7549509.04
3546	11793392.120000001
3547	14861368.55
3548	9683872.05
3549	10642750.24
355	13614014.8
3550	11131835.75
3551	13900773.06
3552	9981020.79
3553	15220777.809999999
3554	12245379.16
3555	20845180.4
3556	11390356.760000002
3557	9133234.3
3558	6610595.039999999
3559	12639908.08
356	10593765.59
3560	20757991.099999998
3561	8995223.46
3562	16886423.46
3563	19135806.57
3564	6750206.73
3565	4381883.869999999
3566	9115428.56
3567	2244131.32
3568	11871421.76
3569	8443856.58
357	8897868.02
3570	12550831.149999999
3571	11833650.370000001
3572	10811408.59
3573	5464591.82
3574	9705722.530000001
3575	8985625.29
3576	9837686.62
3577	9979539.98
3578	10158603.309999999
3579	10937541.45
358	9433725.549999999
3580	22302204.92
3581	6015611.93
3582	4266637.1
3583	6018837.58
3584	3046860.9
3585	18794618.47
3586	21177187.46
3587	6760421.99
3588	13565952.83
3589	11830106.34
359	11839299.599999998
3590	7731321.950000001
3591	12433688.280000001
3592	7614912.619999999
3593	8600126.13
3594	17175492.61
3595	9430110.850000001
3596	7121241.91
3597	5671973.63
3598	14262883.11
3599	1402481.7100000002
36	6410209.249999999
360	12430250.250000002
3600	11887173.07
3601	12971913.05
3602	8602257.17
3603	11527539.73
3604	5379556.84
3605	7662656.4399999995
3606	11159373.330000002
3607	7322249.049999999
3608	18358741.130000003
3609	9987575.42
361	6758647.99
3610	6656642.37
3611	8174105.38
3612	9395598.55
3613	3099443.9899999998
3614	9659481.010000002
3615	9930384.98
3616	5712613.77
3617	12500864.7
3618	10172535.61
3619	6242568.29
362	14415211.17
3620	6668449.38
3621	6637022.69
3622	1666666.6400000001
3623	8181749.6400000015
3624	9998428.400000002
3625	12445081.99
3626	9453446.49
3627	8982295.67
3628	7757876.990000001
3629	11335743.93
363	8422743.74
3630	3701079.84
3631	11832172
3632	4331584.96
3633	4801570.0200000005
3634	4539635.780000001
3635	9775368.27
3636	10096213.02
3637	6370847.8
3638	8405238.06
3639	6628959.26
364	18658444.88
3640	2686611.82
3641	9180061.580000002
3642	8435717.61
3643	8045282.57
3644	7292549.22
3645	9069687.900000002
3646	17132393.48
3647	9693381.120000001
3648	12465067.08
3649	14780370.52
365	12588334.120000001
3650	7163028.5
3651	2618091.32
3652	5574593.24
3653	18050518.28
3654	9998686.66
3655	13447195.57
3656	17172749.2
3657	13440751.84
3658	6710198.159999999
3659	629461.83
366	9735403.780000001
3660	9286435.68
3661	11638259.11
3662	3418202.24
3663	5675261.85
3664	12999873.8
3665	8581519.25
3666	9437635.370000001
3667	9086573.52
3668	15392930.76
3669	7051330.87
367	11800166.03
3670	14765242.68
3671	12097959.190000001
3672	15097622.540000001
3673	13486570.5
3674	10714743.120000001
3675	4928388.84
3676	2938914.66
3677	5989896.2
3678	8247958.66
3679	9054415.81
368	5554151.96
3680	5699873.95
3681	3299441.2
3682	6225066.75
3683	3777101.35
3684	19374469.15
3685	9617395
3686	9484677.75
3687	15255712.99
3688	6141768.789999999
3689	4672350.68
369	8056489.7
3690	6083810.44
3691	1571795.4600000002
3692	8462594.27
3693	11527411.16
3694	5138285.92
3695	14091933.8
3696	16765976.16
3697	5740935.54
3698	9035560.649999999
3699	4449143.51
37	7809598.66
370	11745948.85
3700	8077327.91
3701	9360431.979999999
3702	14652506.79
3703	17189081.91
3704	5686786.73
3705	12784945.700000001
3706	14975404.240000002
3707	10873329.209999999
3708	14968488.66
3709	8366180.73
371	12235351.81
3710	13395520.260000002
3711	19645330.64
3712	17965002.29
3713	12738863.53
3714	7806146.840000001
3715	4382250.56
3716	13683335.23
3717	7035325.86
3718	6050063.7299999995
3719	10360452.14
372	6229844.209999999
3720	8184151.759999999
3721	9060144.46
3722	7427755.700000001
3723	15746574.38
3724	15554985.739999998
3725	12939369.190000001
3726	9737159.31
3727	10776512.46
3728	13565849.07
3729	8719632.349999998
373	6838492.450000001
3730	21008169.519999996
3731	21056749.07
3732	8416101.08
3733	5145859.99
3734	9186881.83
3735	8595244.07
3736	5775276.58
3737	5588236.87
3738	19588698.91
3739	7890461.34
374	9753378.92
3740	7309051.570000001
3741	9694980.81
3742	6919442.180000001
3743	9556619.63
3744	1283799.59
3745	11428973.229999999
3746	9696097.100000001
3747	9240177.12
3748	6213245.64
3749	12106045.31
375	9682042.25
3750	8933885.07
3751	8997645.85
3752	9773460.540000001
3753	5534310.470000001
3754	10461995.11
3755	8792552.5
3756	16756771.04
3757	6426994.470000001
3758	9707089.71
3759	4656619.2
376	6552622.82
3760	13760110.5
3761	4601933.15
3762	3155043.4399999995
3763	14497263.87
3764	11764273.14
3765	8010739.93
3766	13129500.610000001
3767	5773918.49
3768	16288472.14
3769	3221226.2500000005
377	10230205.940000001
3770	4699815.2700000005
3771	3432480.8
3772	8564618.8
3773	16769634.670000002
3774	4284390.029999999
3775	8768786.43
3776	7597934.78
3777	7035099.75
3778	11485996.98
3779	9009985.5
378	9528036.18
3780	13241313.12
3781	11228581.540000003
3782	12271705.77
3783	6535653.6
3784	6784301.49
3785	12179530.57
3786	12570568.33
3787	6086113.800000001
3788	2219863.96
3789	9501855.950000001
379	6136156.4799999995
3790	7808251.040000001
3791	7037433.57
3792	8482096.120000001
3793	21898341.75
3794	10646354.809999999
3795	9595995.950000001
3796	7094223.55
3797	11555209.579999998
3798	14040185.14
3799	8854979.98
38	6667789.55
380	13589896.030000001
3800	5907557.17
3801	5053930.1899999995
3802	17184293.61
3803	10018976.880000003
3804	4787870.58
3805	7121113.38
3806	12416656.28
3807	12597990.52
3808	5202398.91
3809	11058230.98
381	5941377.6
3810	17081750.62
3811	6001547.14
3812	7160260.379999999
3813	18350779.25
3814	4904610.6
3815	5985939.87
3816	7978561.06
3817	7986254.7299999995
3818	5642846.17
3819	6749213.659999999
382	5386797.95
3820	11751775.530000001
3821	8691790.899999999
3822	3725670.31
3823	5606427.55
3824	14613997.16
3825	10326122.46
3826	9020678.1
3827	9532658.35
3828	5695542.130000001
3829	5505634.57
383	12840924.890000002
3830	8086729.749999999
3831	12685365.440000001
3832	23396728.74
3833	14244235.57
3834	8151902.290000001
3835	5619239.17
3836	12854727.43
3837	5386154.12
3838	10426741.36
3839	10646443.95
384	11643225.4
3840	5138654.180000001
3841	7689396.93
3842	12439308.28
3843	9181563.46
3844	11650849.97
3845	7326458.239999999
3846	9945933.3
3847	13481373.96
3848	1930409.9200000002
3849	6513694.4799999995
385	3291758.3800000004
3850	5537306.970000001
3851	25151985.96
3852	6600078.2
3853	8233609.42
3854	9386094.77
3855	14917177.379999999
3856	10617957.149999999
3857	12490046.459999999
3858	3221256.09
3859	4531107.15
386	6825726.969999999
3860	18226378.75
3861	4895335.3
3862	9209525.12
3863	7620543.87
3864	7014352.38
3865	5956049.399999999
3866	6081230.15
3867	4497403.26
3868	4012615.5799999996
3869	11591163.600000001
387	14167113.07
3870	6675922.5200000005
3871	6206871.859999999
3872	5898976.38
3873	8703430.36
3874	11884048.24
3875	14397439.25
3876	7329785.41
3877	5718436.9399999995
3878	8583192.92
3879	4455164.51
388	9687417.13
3880	11309758.14
3881	10737039.360000001
3882	12526645.5
3883	11797475.64
3884	3964972.68
3885	5811728.54
3886	17317744.08
3887	11704081.659999998
3888	8144314.85
3889	7367822.9399999995
389	10505099.9
3890	10798219.09
3891	8050082.52
3892	4463573.88
3893	5289798.9
3894	19886071.09
3895	5264872.3100000005
3896	11877301.530000001
3897	3289066.6999999997
3898	12536484.9
3899	13733135.04
39	10321014.8
390	5326331.68
3900	8896304.91
3901	13153696.65
3902	12389017.989999998
3903	14248996.35
3904	9288958.72
3905	16177686.67
3906	13962746.71
3907	19406920.29
3908	8671790.07
3909	19442464.160000004
391	14231455.2
3910	9904552.61
3911	14581579.64
3912	3897514.3000000003
3913	17629593.439999998
3914	9454003.3
3915	17715963.37
3916	10652990.37
3917	10038397.030000001
3918	8056954.800000001
3919	9801834.33
392	4406499.79
3920	1908654.8200000003
3921	12006843.670000002
3922	7023566.5
3923	7084963.209999999
3924	6765193.100000001
3925	4971165.8100000005
3926	10848917.620000001
3927	6572564.2299999995
3928	14227924.969999999
3929	8622421.68
393	6945071.700000001
3930	6760710
3931	6202674.56
3932	11072824.780000001
3933	6736083.859999999
3934	6233789.58
3935	7527040.450000001
3936	11278543.9
3937	7857194.74
3938	14222835.899999999
3939	9301478.76
394	12965603.280000001
3940	11166930.079999998
3941	14224678.53
3942	4097561.84
3943	9528539.540000001
3944	11184955.56
3945	12068642.149999999
3946	8883165.72
3947	11269410.070000002
3948	10215400.1
3949	4569645.05
395	10379739.37
3950	17169715.369999997
3951	12496430.12
3952	21606757.029999997
3953	6916917.33
3954	11422861.7
3955	2440254.3
3956	6180421.99
3957	4346537.899999999
3958	8143528.850000001
3959	4278932.98
396	11396981.280000001
3960	11205907.75
3961	14704992.51
3962	9969014.950000001
3963	8671901.690000001
3964	4638806.470000001
3965	16070946.739999998
3966	12790166.34
3967	10225426.27
3968	16432523.350000001
3969	18162360.11
397	7603842.9
3970	12077089.11
3971	7875469.03
3972	4476936.6
3973	5693465.470000001
3974	14865794.399999999
3975	3637096.8
3976	3408341.2399999998
3977	15689129.65
3978	11716865.19
3979	9216724.259999998
398	12421603.200000001
3980	3845278.3600000003
3981	8306111.160000001
3982	17584201.02
3983	7756230.93
3984	7289255.7
3985	12101126.31
3986	9087382.32
3987	7824264.629999999
3988	7695982.26
3989	11827477.98
399	15110595.65
3990	9511826.48
3991	10966323.16
3992	12327420.55
3993	14119497.139999999
3994	5754181.649999999
3995	9029794.309999999
3996	8163937.789999999
3997	9052572.42
3998	15226844.33
3999	13520880.379999999
4	5162989.07
40	9927827.77
400	4395292.13
4000	13681268.02
4001	13881395.330000002
4002	8808094.959999999
4003	8409118.12
4004	16511649.4
4005	13074961.12
4006	12644242.26
4007	5749744.66
4008	13459716.89
4009	24409739.269999996
401	9268454.54
4010	8108258.209999999
4011	9529868.91
4012	10337373.2
4013	7586327.66
4014	7693041.779999999
4015	8884820.120000001
4016	10131836.219999999
4017	15484169.280000001
4018	4072087.7299999995
4019	14059241.57
402	8594254.31
4020	9213993.129999999
4021	10502481.629999999
4022	6084148.5600000005
4023	8671548.450000001
4024	4968117.68
4025	6595909.029999999
4026	7890420.8100000005
4027	15115364.419999998
4028	13617252.979999999
4029	9176494.920000002
403	21410644.26
4030	9870942.66
4031	9209839.1
4032	7043004.720000001
4033	11344694.409999998
4034	25070065.29
4035	14018466.670000002
4036	6663395.550000001
4037	12892080.23
4038	11891086.97
4039	12940189.27
404	10230360.84
4040	8918897.490000002
4041	14956555.91
4042	15242722.11
4043	13287241.509999998
4044	15521370.79
4045	8914286.48
4046	13116731.129999999
4047	11131654.82
4048	6817838.22
4049	10899584.5
405	8858714.02
4050	19455793.22
4051	5295747.92
4052	6690376.46
4053	18893854.240000002
4054	10967462.27
4055	12429543.340000002
4056	7244930.1899999995
4057	15054957.489999998
4058	10903208.64
4059	7068104.41
406	7724381.710000001
4060	12695584.42
4061	9989167.17
4062	8339190.93
4063	6507356.88
4064	1323735.45
4065	7586046.34
4066	6406564.07
4067	3972860.99
4068	16980711.669999998
4069	4949769.3
407	18978363.81
4070	17374646.16
4071	11207406.76
4072	12444906.790000001
4073	2302700.5500000003
4074	14904080.53
4075	13413536.990000002
4076	14499080.94
4077	2278082.46
4078	3907016.4400000004
4079	4699689.46
408	3982834.14
4080	9575833.08
4081	6300146.170000001
4082	2443748.72
4083	9896751.68
4084	10199182.15
4085	10810658.23
4086	6272136.82
4087	14279906.450000001
4088	8047059.970000001
4089	12091224.98
409	10391673.48
4090	15381934.84
4091	7193695.51
4092	11240192.489999998
4093	7314088.94
4094	10927068.91
4095	6997902.48
4096	12208314.149999999
4097	7445512.0600000005
4098	8308926.27
4099	11146825.100000001
41	8187897.16
410	6903469.04
4100	17865769.16
4101	5047297.17
4102	14499932.92
4103	7298262.52
4104	5841755.47
4105	2951188.5
4106	23363817.330000002
4107	6459606.610000001
4108	6519809.0200000005
4109	6214349.05
411	21421556.799999997
4110	16753615.32
4111	4455510.65
4112	8467505.4
4113	10012337.58
4114	9611618.12
4115	12945262.06
4116	3545077.8899999997
4117	12548938.5
4118	13772626.92
4119	19670431.1
412	12003801.690000001
4120	8966844.5
4121	10231510.85
4122	13921577.04
4123	19333343.349999998
4124	7107482.21
4125	17918908.95
4126	12657502.860000001
4127	3381486.42
4128	14542831.45
4129	4511578.19
413	11780777.8
4130	6352846.3
4131	7197524.79
4132	3075574.06
4133	9160604.4
4134	6904146.59
4135	2669039.6399999997
4136	10033738.899999999
4137	9194544.29
4138	6693436.890000001
4139	8260545.13
414	5697791.21
4140	5471374.02
4141	11000344.69
4142	12018609.09
4143	10228391.07
4144	13710531.34
4145	4177092.96
4146	9646867.05
4147	10951261.629999999
4148	9850101.420000002
4149	15727080.73
415	2249404.8000000003
4150	16624002.59
4151	6255808.859999999
4152	5382320.239999999
4153	12704898.139999999
4154	10443497.2
4155	15393165.04
4156	11477928.08
4157	16171463.919999998
4158	8233261.390000001
4159	8757016.379999999
416	12249959.829999998
4160	3789125.35
4161	11186764.12
4162	4916000.91
4163	8976230.15
4164	11609642.870000001
4165	7785661.92
4166	13329656.42
4167	4488890.850000001
4168	5878731.4399999995
4169	7733216.209999999
417	11619214.92
4170	4175754.13
4171	10269740.760000002
4172	10484639.93
4173	6215962.059999999
4174	6906709.45
4175	5336732.42
4176	4972278.880000001
4177	11893829.419999998
4178	15205361.47
4179	7238532.7299999995
418	12637600.059999999
4180	15124166.74
4181	17149132.38
4182	11447988.84
4183	9626441.56
4184	12662487.679999998
4185	11453323.71
4186	6014145.25
4187	13722476.95
4188	9289876.44
4189	19878200.729999997
419	6290705.250000001
4190	6435477.71
4191	14685256.64
4192	5061826.04
4193	13486396.219999999
4194	7997178.869999999
4195	3864115.7800000003
4196	8286777.489999999
4197	5067116.85
4198	12074562.149999999
4199	8809880.669999998
42	4957032.469999999
420	19499150.85
4200	9106116.52
4201	10822239.28
4202	15919194.25
4203	11307672.629999999
4204	12700674.570000002
4205	14056950.34
4206	12621356
4207	12283187.169999998
4208	3298595.8000000003
4209	16321722.08
421	13454082.290000001
4210	8048556.220000001
4211	8350714.57
4212	4895771.87
4213	6881733.300000001
4214	5203621.74
4215	7059159.359999999
4216	4211199.3
4217	17280117.43
4218	8357813.890000001
4219	7543482.050000001
422	7736672.31
4220	5608466.5600000005
4221	19677576.64
4222	18302548.439999998
4223	7620445.26
4224	8877625.790000001
4225	9241739.41
4226	10775820.99
4227	6880236.08
4228	6906680.460000001
4229	18981642.619999997
423	7799082.130000001
4230	1901062.48
4231	5644568.100000001
4232	15596163.169999998
4233	9704408.72
4234	13298953.2
4235	7992846.78
4236	8899709.399999999
4237	21197523.38
4238	11232680.44
4239	10285110.91
424	13923916.549999999
4240	6797349.24
4241	8251122.449999999
4242	9128478.33
4243	16457845.24
4244	13718702.2
4245	8992979.58
4246	3389163.19
4247	18059246.759999998
4248	9417752.51
4249	8558085.8
425	17020912.4
4250	10274246.47
4251	12538201.200000001
4252	4675886.34
4253	13967973.89
4254	7440274.67
4255	13706135.280000001
4256	2155491.8800000004
4257	10266944.28
4258	9689328.38
4259	5562050.07
426	11883547.31
4260	4883582.66
4261	8829000.71
4262	12757989.24
4263	16885187.400000002
4264	7042155.5600000005
4265	3674892.04
4266	10796868.84
4267	9831014.46
4268	10051947.15
4269	3964970.6800000006
427	6023780.299999999
4270	11270530.03
4271	9866385.409999998
4272	5981269.209999999
4273	12431891.55
4274	11972591.86
4275	7346338.459999999
4276	5844095.73
4277	12758602.800000003
4278	7994864.469999999
4279	11582668.79
428	7350465.79
4280	3292700.4400000004
4281	8658773.100000001
4282	12984218.45
4283	8097575.879999999
4284	12193894.209999999
4285	7474835.84
4286	12161737.42
4287	18325662.38
4288	9325555.15
4289	7684162.639999999
429	9234388.450000001
4290	5435928.07
4291	1766567.0299999998
4292	10413005.64
4293	5267230.12
4294	9913526.06
4295	5158846.029999999
4296	8330179.6899999995
4297	16300045.32
4298	10000031.36
4299	4574213.66
43	11611504.62
430	7953976.180000001
4300	11765889.82
4301	7063991.73
4302	6562918.84
4303	11320234.17
4304	9073137.29
4305	22817425.589999996
4306	5897031.54
4307	11084556.92
4308	5541385.28
4309	9886178.12
431	3473764.72
4310	10747363.74
4311	15482331.2
4312	12579724.059999999
4313	10940095.76
4314	19083221.89
4315	16193741.16
4316	10575537.32
4317	15742040.179999998
4318	6580405.94
4319	12594453.84
432	10534153.07
4320	11816018.94
4321	10276727.540000001
4322	13336567.079999998
4323	4467709.930000001
4324	4605280.72
4325	9429671.569999998
4326	3447863.57
4327	19644064.200000003
4328	8404535.77
4329	7228397.65
433	9806149.530000001
4330	7811570.16
4331	17558389.509999998
4332	5010451.6899999995
4333	3352368.7100000004
4334	7646201.589999999
4335	8749603.84
4336	11961682.08
4337	7117830.049999999
4338	7048582.97
4339	10904705.91
434	10436939.7
4340	6590160.99
4341	13786062.719999999
4342	14752694.68
4343	14538913.81
4344	8648567.69
4345	15552141.57
4346	10936727.07
4347	9898629.879999999
4348	7723120.57
4349	17866161.19
435	12452763.49
4350	9843696.03
4351	3568642.35
4352	10724321.47
4353	15395225.32
4354	7254290.790000001
4355	11152963.42
4356	5889319.45
4357	18056495.16
4358	8573830.52
4359	3692626.5300000003
436	4410994.59
4360	14503459.5
4361	13098200.5
4362	7865441.11
4363	9719414.940000001
4364	8545266.15
4365	11877237.64
4366	15343311.540000003
4367	12619224.57
4368	9260028.59
4369	7883957.83
437	9019159.58
4370	7159937.51
4371	7874359.609999999
4372	17062922.93
4373	8663684.82
4374	19264605.270000003
4375	17123312.54
4376	4149127.8899999997
4377	15305534.97
4378	6156126.41
4379	11446995.42
438	12614785.77
4380	9103030.93
4381	3747468.65
4382	10250073.69
4383	5389227.49
4384	10591915.12
4385	4851440.73
4386	7630888.34
4387	12160655.89
4388	14542622.07
4389	3133855.6700000004
439	10523786.02
4390	8970083.879999999
4391	8578703.89
4392	1749598.3099999998
4393	7498404.909999999
4394	15156973.700000001
4395	16819323.84
4396	7232935.220000001
4397	11312631.429999998
4398	16211486.76
4399	7659334.35
44	6038126.66
440	4328710.470000001
4400	8790937.1
4401	8746662.079999998
4402	10267838.2
4403	11240896.79
4404	7036365.449999999
4405	13377685.099999998
4406	3029747.27
4407	10598247.360000001
4408	6247786.49
4409	15337029.75
441	7220940.790000001
4410	8781841.47
4411	18893057.71
4412	6596465.23
4413	9587048.5
4414	16153295.32
4415	10018025.39
4416	5259747.889999999
4417	6645537.7299999995
4418	13349550.05
4419	7931559.079999999
442	15694075.07
4420	16991192.91
4421	12701983.43
4422	4547760.84
4423	10713740.85
4424	13589047.39
4425	5973205.72
4426	9261608.110000001
4427	2675567.88
4428	7653152.529999999
4429	13978284.299999999
443	5146130.73
4430	8735144.5
4431	16353590.6
4432	7839905.07
4433	6059314.54
4434	8847726.03
4435	11419196.250000002
4436	6058557.850000001
4437	10065203.8
4438	10611103.7
4439	13730568.4
444	7348785.99
4440	12415607.940000001
4441	13465989.040000001
4442	9167454.99
4443	20792941.29
4444	7447869.14
4445	4039678.82
4446	6298919.08
4447	15798900.349999998
4448	9441579.530000001
4449	11338675.190000001
445	20805003.64
4450	11621286.51
4451	7097637.93
4452	3700825.5
4453	13315785.73
4454	8294240.899999999
4455	13180662.79
4456	14216438.36
4457	13812546.950000001
4458	14202231.91
4459	18757165.43
446	7282676.329999999
4460	6723354.970000001
4461	7421576.93
4462	18392422.96
4463	5615458.26
4464	1928002.5999999999
4465	13138386.48
4466	12011101.239999998
4467	7727061.209999999
4468	7358729.8100000005
4469	6602053.78
447	5414059.529999999
4470	12294314.510000002
4471	8270084.359999999
4472	8299373.79
4473	12008181.45
4474	10525487.3
4475	6825655.499999999
4476	891157.6000000001
4477	12094559.05
4478	12995781.75
4479	11300531.79
448	11307055.120000001
4480	7552745.289999999
4481	5412203.890000001
4482	6460221.32
4483	8290454.58
4484	15977101.95
4485	5678877.380000001
4486	13275157.530000001
4487	13402432.02
4488	4786278.7700000005
4489	15710737.540000001
449	4599251.4
4490	6652989.71
4491	8098003.18
4492	13159363.59
4493	9454219.3
4494	13029238.45
4495	12923118.74
4496	16311407.419999998
4497	12332695.58
4498	3405505.96
4499	14742133.96
45	9423874.469999999
450	7749409.9
4500	10635197.729999999
4501	11061522.51
4502	15319319.24
4503	5734456.039999999
4504	3086327.16
4505	13745916.250000002
4506	10378181.58
4507	10419772.02
4508	11144233.219999999
4509	6293330.18
451	13045817.24
4510	8238713.23
4511	6831728.88
4512	5939511.61
4513	5085660.23
4514	17992754.45
4515	18364584.71
4516	10923593.24
4517	11200955.440000001
4518	4984455.7
4519	14882506.000000002
452	15124568.34
4520	8779128.969999999
4521	9320379.040000001
4522	11782045.84
4523	12934470.5
4524	23652606.82
4525	11499913.81
4526	6773036.2
4527	8087167.16
4528	10379403.129999999
4529	14672932.48
453	10512230.02
4530	16610811.27
4531	9953066.94
4532	3443997.37
4533	8821355.28
4534	14023952.98
4535	12697770.08
4536	10022079.079999998
4537	6328747.779999999
4538	13248368.100000001
4539	5586282.62
454	6212376.6899999995
4540	13863394.24
4541	11582416.66
4542	14581084.379999999
4543	10581777.54
4544	9351989.15
4545	13258255.42
4546	11734304.15
4547	3800091.99
4548	5028509.140000001
4549	10948325.58
455	16688968.88
4550	7176893.300000001
4551	10067226.95
4552	12198420.870000001
4553	9052943.22
4554	5985648.58
4555	9013959.170000002
4556	6217382.370000001
4557	6920330.23
4558	8144522.899999999
4559	2279051.36
456	3475833.4299999997
4560	6346879.8
4561	7043947.45
4562	9881492.06
4563	13505277.11
4564	5179737.84
4565	15040371.299999999
4566	13890517.380000003
4567	7860833.76
4568	11978595.540000001
4569	13004308.46
457	15639072.739999998
4570	10273057.899999999
4571	9396149.559999999
4572	8936332.469999999
4573	21354930.58
4574	11467658.080000002
4575	11458508.9
4576	7860320.43
4577	8603360.63
4578	8221036.049999999
4579	13314950.39
458	8435201.39
4580	5831479.57
4581	11874722.090000002
4582	2342557.56
4583	10736637.139999999
4584	21304938.29
4585	9956785.25
4586	9688519.27
4587	3547509.3500000006
4588	18104310.369999997
4589	15444091.86
459	5372808.02
4590	11054600.82
4591	7166273.26
4592	9241728.94
4593	13496308.8
4594	3097500.52
4595	6625624.7299999995
4596	9389249.85
4597	4352599.55
4598	5913806.99
4599	12725967.27
46	3398443.33
460	13137347.03
4600	7573173.79
4601	9994270.689999998
4602	9796645.7
4603	8016116.850000001
4604	10591422.950000003
4605	7799903.69
4606	5342356.43
4607	15250876.91
4608	7305044.050000001
4609	14968337.250000002
461	5416980.84
4610	3967052.75
4611	23327993.9
4612	7280536.150000001
4613	6544744.140000001
4614	4226580.8100000005
4615	7839650.32
4616	12480224.83
4617	5543695.84
4618	6268319.68
4619	9325983.809999999
462	1430063.48
4620	6347252.820000001
4621	8741817.72
4622	9652393.82
4623	6733368.1
4624	14586477.06
4625	10868773.780000001
4626	7831705.079999999
4627	11580829.799999999
4628	14835351.81
4629	13741786.98
463	11510599.13
4630	4011852.88
4631	5185812.08
4632	12425318.96
4633	12255703.19
4634	14933948.61
4635	13104391.59
4636	16315516.04
4637	4977321.72
4638	6443135.409999999
4639	3909084.1999999997
464	4483908.81
4640	5433833.67
4641	4280258.960000001
4642	13268275.29
4643	5193419.79
4644	14214055.93
4645	10466744.69
4646	17745193.28
4647	8832208.129999999
4648	4118133.5
4649	5917767.790000001
465	15817112.799999999
4650	14242760.68
4651	7580773.07
4652	18628297.869999997
4653	6689078.24
4654	3910282.29
4655	18418392.740000002
4656	21105577.95
4657	9963260.450000001
4658	7202219
4659	6822255.83
466	9195515.1
4660	8558891.36
4661	12761615.5
4662	8715166.37
4663	12050564.09
4664	10603091.34
4665	8113200.11
4666	8545434.6
4667	3687007.65
4668	16596612.149999999
4669	4812713.529999999
467	18791758.939999998
4670	10060257.030000001
4671	690453.78
4672	10159209.28
4673	8115566.75
4674	16220986.41
4675	14624941.209999999
4676	11845129.97
4677	2908425.6899999995
4678	17420685.51
4679	11091783.120000001
468	5904313.35
4680	12572041.22
4681	14536078.59
4682	13533493.13
4683	10095745.51
4684	2942471.4600000004
4685	17359751.53
4686	5196030.4399999995
4687	4781772.140000001
4688	9617851.520000001
4689	3249229.9
469	21322994.57
4690	4079639.08
4691	21733468.28
4692	13974604.99
4693	9866270.05
4694	11045818.79
4695	6155674.47
4696	18362951.24
4697	2459163.2399999998
4698	9004816.42
4699	9614956.72
47	6407355.37
470	5610027.7
4700	13770623.979999999
4701	8237669.620000001
4702	9086430.08
4703	15882742.05
4704	14578932.97
4705	8548553.37
4706	6559033.460000001
4707	14625201.120000001
4708	7360422.029999999
4709	7154626.58
471	4049733.02
4710	10636810.46
4711	14264673.010000002
4712	7975800.7
4713	12708481.530000001
4714	2345812.36
4715	6765419.42
4716	6568683.75
4717	5550669.08
4718	6119535.6
4719	5767375.09
472	6817039.19
4720	11501843.05
4721	19201674.11
4722	2411038.29
4723	17546680.56
4724	7397197.390000001
4725	10602563.04
4726	16551568.12
4727	8905926.85
4728	4490325.0200000005
4729	17820935.22
473	3342377.8899999997
4730	11354127.649999999
4731	11163309.040000001
4732	12211744.59
4733	13363109.9
4734	7148811.239999999
4735	9639091.83
4736	5165917.85
4737	1989910.27
4738	3601836.03
4739	13817396.4
474	9620478.700000001
4740	11166011.76
4741	12655686.13
4742	9212702.3
4743	7752750
4744	9217372.25
4745	18035997.98
4746	11329647.42
4747	3784582.3400000003
4748	9755424.78
4749	14333516.07
475	12425331.149999999
4750	13944226.659999998
4751	9219118.93
4752	6613375.61
4753	9497243.59
4754	13635525.310000002
4755	10709381.05
4756	15203162.68
4757	19624158.18
4758	10048050.280000001
4759	10983076.330000002
476	12711832.610000001
4760	11811404.71
4761	4545830.51
4762	17430646.92
4763	4193858.4499999997
4764	6876123.7700000005
4765	8854096.19
4766	18022945.57
4767	6836356.73
4768	7943505.660000001
4769	1648123.7399999998
477	7953504.97
4770	7294247.6
4771	4597947.7299999995
4772	8103784.600000001
4773	7193536.53
4774	4550215.39
4775	13581337.27
4776	14950356.71
4777	8594769.91
4778	8144507.26
4779	15643094.55
478	5492244.220000001
4780	5831403.109999999
4781	3388025.3600000003
4782	8463297.969999999
4783	14649383.149999999
4784	5382536.09
4785	18846341.86
4786	15926537.330000002
4787	6369349.039999999
4788	11044082.780000001
4789	8597436.91
479	12575047.1
4790	15071026.18
4791	2983508.98
4792	9243439.01
4793	5559193.36
4794	1629026.1099999999
4795	3496996.6500000004
4796	5393110.81
4797	5907490.74
4798	8627541.319999998
4799	13410389.52
48	9655921.879999999
480	5426189.959999999
4800	8907687.69
4801	19432956.07
4802	6960377.67
4803	8173845.359999999
4804	6603861.380000001
4805	8831331.15
4806	1339274.4000000001
4807	15476186.079999998
4808	4557814.42
4809	12918714.41
481	9381046.84
4810	10793064.530000001
4811	15205012.84
4812	12366559.64
4813	11832026.32
4814	9238036.879999999
4815	6926773.85
4816	14311584.620000001
4817	7552618.2299999995
4818	9792024.45
4819	3869313.5300000007
482	9183906.719999999
4820	13709628.35
4821	7929913.66
4822	3001063.1799999997
4823	3306365.35
4824	7126523.72
4825	9140962.420000002
4826	6147340.98
4827	7739198.52
4828	11765417.149999999
4829	16017735.05
483	12021767.420000002
4830	15957929.51
4831	6761595.67
4832	14359858.46
4833	13750164.739999998
4834	9150342.04
4835	6335979.57
4836	8725074.84
4837	7728499.949999999
4838	5033126.26
4839	8058913.88
484	16445048.070000002
4840	10361290.790000001
4841	17033843.669999998
4842	3017100.98
4843	11825882.27
4844	11705138.82
4845	9252157.290000001
4846	5809343.28
4847	18217324.46
4848	4267169.74
4849	6110988.28
485	7523386.260000001
4850	12995014.760000002
4851	18221243.130000003
4852	8452782.86
4853	15286286.64
4854	1845155.22
4855	7564560.92
4856	9337906.98
4857	8451504.48
4858	14415481.74
4859	12477649.760000002
486	15921705.04
4860	6098253.300000001
4861	4262651.49
4862	9027928.510000002
4863	12304946.83
4864	10658502.67
4865	19129256.97
4866	3186557.0300000003
4867	3686566.75
4868	16487790.57
4869	11160713.88
487	4153082.77
4870	9793213.71
4871	11546325.489999998
4872	8718705.7
4873	2829355.6599999997
4874	11892340.940000001
4875	1213623.76
4876	6424351.28
4877	20894921.12
4878	13855524.72
4879	6520853.3100000005
488	3919852.84
4880	5079207.34
4881	3801473.4799999995
4882	6571210.120000001
4883	16122805.94
4884	7991085.17
4885	16043299.25
4886	18673728.6
4887	14087536.93
4888	13225962.35
4889	15435493.49
489	6104067.22
4890	7192046.409999999
4891	15251761.620000001
4892	10407025.479999999
4893	10948842.5
4894	7862742.37
4895	6572689.65
4896	5605270.42
4897	5678823.350000001
4898	6939538.34
4899	13802603.25
49	10644557.2
490	6360959.319999999
4900	16285873.23
4901	5638035.98
4902	12549550.75
4903	8308491.24
4904	5576143.58
4905	7702277.7
4906	4594874.03
4907	5493330.76
4908	10048400.140000002
4909	11109168.67
491	8813493.54
4910	12604018.8
4911	6165828.2299999995
4912	11644843.18
4913	16108554.81
4914	7883321.210000001
4915	11368332.240000002
4916	12500015.73
4917	4814540.37
4918	6903236.119999999
4919	13924696.919999998
492	11481581.59
4920	7942455.88
4921	13709703.139999999
4922	15579021.93
4923	10484068.45
4924	15335864.89
4925	9023991.57
4926	10693391.41
4927	21457568.35
4928	7476571.44
4929	8808230.11
493	7742845.660000001
4930	2008213.7799999998
4931	17964825.09
4932	9565119.799999999
4933	4837243.58
4934	8776566.73
4935	16943603.849999998
4936	9970004.69
4937	16879370.54
4938	13586577.52
4939	8805410.89
494	9412349.600000001
4940	13827990.36
4941	15590794.94
4942	6510996.56
4943	14046547.57
4944	10939310.73
4945	13898893.809999999
4946	14134858.73
4947	6577629.14
4948	9904308.78
4949	10658082.360000001
495	6662556.2700000005
4950	8262452.35
4951	7666438.36
4952	9575281.14
4953	8236067.949999999
4954	4881600.120000001
4955	9805247.479999999
4956	8204493.720000001
4957	7329694.06
4958	7187691.75
4959	9310701.959999999
496	4569846.4399999995
4960	11835347.690000001
4961	9747994.17
4962	3712815.6699999995
4963	4795616.16
4964	22317646.7
4965	16460299.34
4966	10088366.13
4967	10781591.790000001
4968	11273599.870000001
4969	5533685.870000001
497	14610638.060000002
4970	4439791.09
4971	10463692.83
4972	13198508.69
4973	12009106.55
4974	9349638.15
4975	7814899.720000001
4976	9941821.82
4977	12624908.520000001
4978	6634684.1899999995
4979	10980889.280000001
498	13139371.23
4980	5313144.579999999
4981	17325283.11
4982	7406735.910000001
4983	7313837.350000001
4984	14891879.12
4985	8321017.630000001
4986	11113494.659999998
4987	4110728.8
4988	1814892.25
4989	2397607.24
499	11721619.299999999
4990	6485967.62
4991	4773538.550000001
4992	9221957.15
4993	8601195.82
4994	5940506.7
4995	8657883.17
4996	7277499.45
4997	7450476.199999999
4998	15577682.38
4999	21196201.37
5	5461046.93
50	3145791.97
500	4299356.01
5000	8518416.97
5001	5144312.75
5002	7012059.840000001
5003	21846392.169999998
5004	7216425.49
5005	18759956.369999997
5006	12359705.18
5007	9807897.84
5008	7018269.3100000005
5009	9359840.56
501	18650431.11
5010	5380810.14
5011	11800250.959999999
5012	19599658.759999998
5013	5593183.08
5014	5391169.9
5015	6305155.5
5016	17655853.47
5017	16029562.559999999
5018	7415820.840000001
5019	11950304.010000002
502	6051408.79
5020	8187800.41
5021	11146025.34
5022	14670209.210000003
5023	15817882.3
5024	12266651.74
5025	9786587.99
5026	5780960.340000001
5027	10597559.34
5028	7659980.470000001
5029	10324332.680000002
503	11291524.879999999
5030	14507193.07
5031	6957575.84
5032	6527918.13
5033	6577656.2
5034	18302690.189999998
5035	11361132.21
5036	3206705.14
5037	3017755.14
5038	4086003.22
5039	9027116.129999999
504	9324646.07
5040	5452810.6899999995
5041	9412678.190000001
5042	6449624.46
5043	17086543.790000003
5044	10502362.049999999
5045	6583243.22
5046	12365054.48
5047	9830588.82
5048	13253802.13
5049	16279927.379999999
505	10866757.91
5050	14344736.74
5051	20109336.16
5052	4903208.460000001
5053	14731827.96
5054	15747932.940000001
5055	14564452.64
5056	18523559.69
5057	16150053.959999999
5058	12010703.04
5059	11957647.73
506	13345991.389999999
5060	11101349.73
5061	16760509.31
5062	21008139.5
5063	15025187.43
5064	4677340.7700000005
5065	11369517.26
5066	13155470.12
5067	10434785.59
5068	12832208.599999998
5069	2398769.86
507	12801443.49
5070	10239996.5
5071	3815748.4299999997
5072	4257867.26
5073	1606452.99
5074	15864189.569999998
5075	19574151.59
5076	11627504.049999999
5077	5238597.109999999
5078	8143854.83
5079	9346971.65
508	9351809.01
5080	7382215.46
5081	2957204.0599999996
5082	8419180.74
5083	7354062.89
5084	6530679.42
5085	10792887.190000001
5086	12159624.96
5087	4957890.359999999
5088	10616667.319999998
5089	10701850.9
509	14215444.96
5090	2300180.72
5091	12710294.46
5092	6886948.349999999
5093	8543731.93
5094	13328976.66
5095	6269176.369999999
5096	12402661.55
5097	7389749.73
5098	10930228.54
5099	8445402.87
51	8247118.5
510	15340468.009999998
5100	15606932.3
5101	14765635.85
5102	7472922.889999999
5103	8703722.96
5104	6865687.090000001
5105	7571975.63
5106	9493880.629999999
5107	12210281.22
5108	13931394.79
5109	6352529.26
511	14182037.37
5110	10399784.7
5111	6559475.76
5112	10524669.810000002
5113	14485545.049999999
5114	4971575.22
5115	7306834.37
5116	8904430.23
5117	9027600.75
5118	9168425.65
5119	7399379.12
512	7415886.34
5120	6524646.41
5121	5903121.71
5122	13735804.36
5123	4725704.050000001
5124	8179570.5600000005
5125	19701548.35
5126	10282230.3
5127	18435827.29
5128	20937058.67
5129	3602130.5
513	10165351.07
5130	7370787.63
5131	11278686.469999999
5132	11378967.13
5133	10854401.65
5134	16171904.29
5135	7871397.33
5136	5947363.2
5137	15454169.99
5138	8389673.23
5139	8878858.66
514	11526131.37
5140	6258224.3
5141	10038855.649999999
5142	14939555.810000002
5143	17972158.5
5144	4535732.7
5145	8971663.31
5146	15122638.860000001
5147	19204986.93
5148	18286334.33
5149	11673856.670000002
515	8752401.32
5150	5527525.7
5151	8389761.120000001
5152	8794000.409999998
5153	5297536.28
5154	11271707.58
5155	11029582.43
5156	5917114.23
5157	11955072.01
5158	9949281.260000002
5159	9197629.52
516	9753356.07
5160	3071467.2299999995
5161	12276564.23
5162	3668174.33
5163	9209165.35
5164	9809783.399999999
5165	1469733.32
5166	17475848.47
5167	4266030.800000001
5168	11768316.43
5169	3455695.6
517	11148680.68
5170	4617933.369999999
5171	9314541.36
5172	4402223.1899999995
5173	11699927.89
5174	3778302.03
5175	16611985.34
5176	8605023.540000001
5177	15828307.5
5178	18142636.18
5179	10040611.450000001
518	12654967.7
5180	11675123.89
5181	16224300.170000002
5182	16733124.5
5183	7133743.430000001
5184	12173904.2
5185	7475438.720000001
5186	7282350.899999999
5187	6525876.359999999
5188	9456041.89
5189	8382565.03
519	3394554.33
5190	5738941.97
5191	7774935.16
5192	5341222.54
5193	8267655.8100000005
5194	5242335.05
5195	13999944.8
5196	6282466.63
5197	10221739.62
5198	5687291.3
5199	10438918.690000001
52	5680644.48
520	6035641.58
5200	6820853.0600000005
5201	16775601.66
5202	11570204.77
5203	12910095.940000001
5204	2172314.92
5205	8332696.159999999
5206	7717718.57
5207	6131161.14
5208	12325789.37
5209	9002830.68
521	12369127.309999999
5210	3315857.5400000005
5211	6861670.32
5212	17308368.880000003
5213	14609752.629999999
5214	6481558.09
5215	14692352.26
5216	15791670.12
5217	5645181.07
5218	14696502.52
5219	9571434.72
522	6788844.8100000005
5220	9930844.1
5221	16885737.549999997
5222	7556983.55
5223	5793141.090000001
5224	2847722.09
5225	4381847.720000001
5226	9246314.85
5227	11656014.260000002
5228	7668970.149999999
5229	5114181.68
523	11062209.650000002
5230	7794631.59
5231	10213928.549999999
5232	6630675.949999999
5233	5171358.18
5234	2951023.8
5235	14563543.54
5236	12979008.670000002
5237	8070940.58
5238	14089199.05
5239	10211003.14
524	18458344.36
5240	3476769.79
5241	7535217.42
5242	8419332.23
5243	6687894.539999999
5244	6283425.799999999
5245	1990237.54
5246	7940368.669999999
5247	4194685.649999999
5248	9239464.4
5249	6223315.150000001
525	15132510.209999999
5250	10449218.469999999
5251	12564471.17
5252	11408181.11
5253	9745818.939999998
5254	6610584.78
5255	10034814.82
5256	7690802.640000001
5257	9353995.87
5258	8641636.04
5259	9154950.600000001
526	14777106.450000001
5260	7472323.0600000005
5261	8955452.100000001
5262	7855462.210000001
5263	12019084.91
5264	10032491.21
5265	10145944.98
5266	2150873
5267	14725598.93
5268	11921749.76
5269	16426074.66
527	18974071.96
5270	16873062.49
5271	14030623.09
5272	4590853.76
5273	10640676.11
5274	10841753.75
5275	3653479.92
5276	3362740.6399999997
5277	5511970.23
5278	2554723.1
5279	9735426.22
528	12515237.17
5280	16930123.61
5281	13563202.379999999
5282	12945085.200000001
5283	13827412.92
5284	10793634.27
5285	9144204.95
5286	18089010.759999998
5287	16775798.709999999
5288	4930127.539999999
5289	5882947.15
529	6525703.19
5290	19087604.41
5291	11564909.89
5292	4135397.52
5293	10821970.280000001
5294	9798548.790000001
5295	16656105.58
5296	4742152.58
5297	5849244.31
5298	12773407.940000001
5299	9896992.16
53	8979121.97
530	7073329.760000001
5300	17291773.7
5301	5408393.13
5302	7042197.66
5303	14510431.069999998
5304	12189955.339999998
5305	12037946.98
5306	4665752.29
5307	8912955.34
5308	13584864.23
5309	2179668.7199999997
531	9889393
5310	10688691.05
5311	15153472.58
5312	15706562.530000001
5313	12681323.96
5314	16002690.419999998
5315	9064188.399999999
5316	9900927.65
5317	5178039.86
5318	12909112.7
5319	6973275.06
532	7285807.8
5320	7991730.7700000005
5321	6022690.62
5322	12358237.08
5323	17236349.06
5324	10809508.100000001
5325	14437360.669999998
5326	7409664.4799999995
5327	3729299.61
5328	12946698.959999999
5329	14097338.92
533	6477647.42
5330	13298478.11
5331	10940824.26
5332	6749316
5333	9691635.16
5334	8561940.22
5335	8880956.18
5336	11157678.02
5337	8659309.69
5338	12183848.190000001
5339	17082629.919999998
534	7027959.64
5340	12023846.97
5341	6027219.720000001
5342	9587081.129999999
5343	9414094.35
5344	9438366.870000001
5345	20902954.88
5346	7434086.88
5347	15734909.570000002
5348	3784326.02
5349	14738121.299999999
535	11826888.61
5350	9101952.02
5351	12081711.98
5352	1115175.21
5353	6779257.95
5354	6567680.5
5355	14506089.080000002
5356	3070981.75
5357	15742743.39
5358	12647698.1
5359	11773552.55
536	12162872.780000001
5360	12019997.540000001
5361	8429107.05
5362	4610675.46
5363	9925032.58
5364	5570999.720000001
5365	12361743.7
5366	16185271.110000001
5367	8198103.04
5368	13107914.350000001
5369	10549665.29
537	3775409.47
5370	1856847.8800000001
5371	15796939.709999999
5372	8616271.06
5373	10989867.08
5374	13349019.579999998
5375	9609807.43
5376	6796720.4399999995
5377	16579158.649999999
5378	21889941.770000003
5379	5952876.56
538	10670920.379999999
5380	2705079.18
5381	12408698.280000001
5382	8350611.07
5383	6019059.92
5384	23279228.009999998
5385	7910340.850000001
5386	7195010.34
5387	11206022.98
5388	14065991.440000001
5389	2827888.1
539	17980855.74
5390	18116314.23
5391	1913559.67
5392	12405879.139999999
5393	12633822.08
5394	8179814.54
5395	4622225.92
5396	12580987.07
5397	8675326.34
5398	7881333.1000000015
5399	12347003.97
54	7578243.79
540	9162110.72
5400	8269407.56
5401	8107458.1
5402	20195362.25
5403	18656099.85
5404	3997096.79
5405	16723729.94
5406	9145984.53
5407	8717200.100000001
5408	6786288.359999999
5409	5674631.640000001
541	6213321.43
5410	2309296.3
5411	4671562.02
5412	4134890.16
5413	12589373.330000002
5414	5576361.6899999995
5415	1736957.9100000001
5416	12867398.450000001
5417	13817962.82
5418	17707459.439999998
5419	3285131.68
542	8510844.68
5420	4293422.74
5421	8957412.239999998
5422	16092115.13
5423	19541190.27
5424	5392001.940000001
5425	12637291.32
5426	1864573.0099999998
5427	15153843.43
5428	7725066.82
5429	11269381.610000001
543	8615939.19
5430	2315971.27
5431	6048870.1899999995
5432	4116028.6900000004
5433	4465168.62
5434	6045021.68
5435	12430655.469999999
5436	10461711.850000001
5437	13466743.41
5438	15220950.3
5439	11378455.750000002
544	18113818.29
5440	10705125.38
5441	7755418.28
5442	3332623.5
5443	3634931.46
5444	12195996.100000001
5445	3440494.41
5446	5469440.0600000005
5447	7240743.649999999
5448	7480233.969999999
5449	10517349.979999999
545	11157257.48
5450	13607594.48
5451	18713931.150000002
5452	12912155.099999998
5453	6351653.62
5454	17787683.96
5455	4719073.59
5456	14101519.659999998
5457	7512248.57
5458	6874860.77
5459	11694390.53
546	7450396.41
5460	9058730.14
5461	2894966.09
5462	5862378.210000001
5463	11079391.07
5464	5410707.880000001
5465	9743075.56
5466	12058727.940000001
5467	17392912.580000002
5468	8267036.859999999
5469	14096110.38
547	14462136.84
5470	13286875.870000001
5471	7477156.41
5472	9608766.09
5473	12734875.749999998
5474	10871076.47
5475	8319479.83
5476	6074664.91
5477	3596593.42
5478	10440534.719999999
5479	18829993.85
548	14588599.83
5480	9237595.41
5481	14564341.06
5482	19059757.97
5483	5708615.03
5484	10943924.379999999
5485	11153096.08
5486	16456250.14
5487	5931328.44
5488	2505830.92
5489	9915414.05
549	14991310.99
5490	7036249.91
5491	6482615.15
5492	4019283.6900000004
5493	13077385.349999998
5494	11186365.709999999
5495	18994129.41
5496	11585115.52
5497	8882904.75
5498	11181860.42
5499	13953630.499999998
55	8092552.890000001
550	6490266.09
5500	9615571.67
5501	13160567.81
5502	6767095.24
5503	5235106.13
5504	6261172.540000001
5505	23848090.63
5506	8103913.659999999
5507	4243504.9
5508	4103495.4699999997
5509	6549192.63
551	8917071.86
5510	8033549.920000001
5511	12655853.03
5512	4221688.25
5513	13571357.48
5514	12220187.580000002
5515	13287819.14
5516	7758660.94
5517	7059651.55
5518	4699654.28
5519	11955847.36
552	11135485.81
5520	18048389.7
5521	3158906.08
5522	5609176.75
5523	4932643.34
5524	4583059.33
5525	15515874.480000002
5526	8810183.26
5527	16267625.5
5528	12537612.91
5529	15253114.21
553	7941458.209999999
5530	5200153.77
5531	12974166.31
5532	13928533.07
5533	8594773.71
5534	7091182.6
5535	13254434.6
5536	11283712.92
5537	10456845.38
5538	13686364.629999999
5539	15870271.18
554	16225069.600000001
5540	18790797.46
5541	17073027.78
5542	18259270.73
5543	4662963.44
5544	10232417.98
5545	14527014.719999999
5546	6939037.279999999
5547	7344803.54
5548	12397380.379999999
5549	3302926.7699999996
555	2557537.2199999997
5550	6308465.260000001
5551	15832435.27
5552	3687440.0200000005
5553	8787583.07
5554	11476968.57
5555	13989008.02
5556	11311970.16
5557	8934415.26
5558	8923700.690000001
5559	13328312.97
556	6034100.22
5560	9838612.46
5561	16102409.239999998
5562	17884924.23
5563	5720748.57
5564	13763970.62
5565	7287285.880000001
5566	19125397.589999996
5567	6527631.72
5568	17921851.080000002
5569	8475078.89
557	6355299.08
5570	7904199.78
5571	16916208.82
5572	12471768.44
5573	3309389.6899999995
5574	5496889.8
5575	5662181.48
5576	4999411.100000001
5577	4747548.96
5578	10438876.03
5579	2717673.8
558	4583719.13
5580	5891301.45
5581	11934262.27
5582	7485942.380000001
5583	3558800.77
5584	7312375.57
5585	4799235.459999999
5586	5624931.700000001
5587	14546543.36
5588	9702470.290000001
5589	16319953.92
559	6231216.399999999
5590	13366175.270000001
5591	4614201.14
5592	11788610.35
5593	7364489.549999999
5594	7650883.100000001
5595	17154033.939999998
5596	17886076.11
5597	9936119.98
5598	14733699.44
5599	20922445.84
56	6145826.6
560	11303867.760000002
5600	7435359.03
5601	8541274.2
5602	2629578.73
5603	7466253.880000001
5604	10240274.37
5605	1497187.4200000002
5606	20041134.09
5607	9269732.76
5608	14136823.8
5609	8328674.18
561	10711000.21
5610	10976332.24
5611	15624138.89
5612	13449972.02
5613	22483597.78
5614	19045560.439999998
5615	5221321.72
5616	8700811.73
5617	6999634.539999999
5618	3565455.81
5619	6418004.379999999
562	7598697.580000001
5620	9912577.5
5621	11295546.13
5622	18428336.65
5623	4707345.1
5624	14251203.009999998
5625	13072356.11
5626	2504942.5400000005
5627	10324129.42
5628	7630043.6
5629	9384517.59
563	15616017.97
5630	10003174.8
5631	16799755.08
5632	18421087.05
5633	18740882.5
5634	7840156.32
5635	11631856.88
5636	18005840.44
5637	8421466.04
5638	2337835.96
5639	10555694.780000001
564	8512624.969999999
5640	12995308.48
5641	11844314.63
5642	6879638.87
5643	4007732.98
5644	7745952.9
5645	12859671.64
5646	10888174.48
5647	14943259.450000001
5648	14820069.13
5649	6764778.779999999
565	6592887.4399999995
5650	13011349.690000001
5651	18554149.740000002
5652	7544497.7700000005
5653	6010723.279999999
5654	7207828.32
5655	13730527.9
5656	17220173.71
5657	12856100.9
5658	5197756.54
5659	13016240.9
566	7197153.43
5660	13145739.62
5661	6717299.120000001
5662	18598955.54
5663	10487682.48
5664	5320047.58
5665	6750190.869999999
5666	13107200.080000002
5667	5090673.42
5668	10737620.62
5669	9537234.329999998
567	9266682.62
5670	9551606.36
5671	11467176.27
5672	12301372.219999999
5673	7009937.96
5674	3056426.44
5675	19213288.34
5676	6705169.68
5677	10173712.33
5678	9507790.690000001
5679	5355839.3100000005
568	16862604.66
5680	15712599.14
5681	5222801.760000001
5682	7469064.709999999
5683	10227018.47
5684	13115407.3
5685	22780689.86
5686	10763085.510000002
5687	14438126.250000002
5688	8783326.84
5689	3249263.83
569	4799636.1
5690	9565936.17
5691	16660654.89
5692	9161051.88
5693	11280268.74
5694	3547995.5
5695	9507291.58
5696	9136309.44
5697	7425816.91
5698	11403271.31
5699	12866317.14
57	3739347.12
570	11699441.72
5700	18354346.8
5701	4727827
5702	9109204.36
5703	8208954.16
5704	14112779.36
5705	6344645.4
5706	12679100.17
5707	8621234.74
5708	9766874.469999999
5709	7151320.949999999
571	3020288.27
5710	5628269.58
5711	6720128.98
5712	8470552.26
5713	14061921.770000001
5714	7780888.08
5715	10638206.010000002
5716	10149934.29
5717	16860427.32
5718	7293344.07
5719	7809421.94
572	7762937.95
5720	19548379.35
5721	14906239.98
5722	13152484.53
5723	3132902.29
5724	4580024.78
5725	3524764.15
5726	7414843.45
5727	14952658.7
5728	6591618.62
5729	3671048.1799999997
573	15190384.690000001
5730	15868081.68
5731	7145529.32
5732	10259454.079999998
5733	4276438.9
5734	14339977.799999999
5735	19583078.3
5736	12598266.049999999
5737	7378460.4399999995
5738	9222601.319999998
5739	15482310.500000002
574	2928813.24
5740	11593532.78
5741	6552956.609999999
5742	5153565.93
5743	5317881.96
5744	11711887.43
5745	7286884.08
5746	7328415.3100000005
5747	12464957.780000001
5748	7105687.459999999
5749	10578387.61
575	4358444.84
5750	14035115.379999999
5751	6705238.449999999
5752	11674568.69
5753	9562402.52
5754	4744430.73
5755	3065568.54
5756	7832501.889999999
5757	3869362.6500000004
5758	6758393.4399999995
5759	10503781.55
576	10690307.670000002
5760	8985055.809999999
5761	7284059.13
5762	6753968.950000001
5763	4905588.699999999
5764	15361770.420000002
5765	7493162.420000001
5766	13417530.89
5767	7809733.529999999
5768	14046675.51
5769	5699595.290000001
577	8437259.33
5770	18880171.52
5771	11276463.079999998
5772	3147789.48
5773	10833935.399999999
5774	4210846.54
5775	17744510.71
5776	11104873.55
5777	21257011.89
5778	12286017.629999999
5779	12775313.61
578	12265261.25
5780	13896020.919999998
5781	9620122.92
5782	6884416.45
5783	9091766.440000001
5784	12514226.9
5785	11774634.21
5786	7126251.71
5787	12292798.4
5788	11370799.540000001
5789	19077555.060000002
579	9968200.41
5790	5376147.65
5791	8560838.129999999
5792	4811389
5793	10242896.8
5794	9419987.62
5795	11084338.4
5796	5884736.24
5797	17999359.369999997
5798	7207746.6
5799	9380493.149999999
58	6640619.380000001
580	10404999.81
5800	10250184.7
5801	13770792.319999998
5802	5610943.76
5803	9057653.14
5804	9788896.620000001
5805	5746286.9399999995
5806	10043795.75
5807	4867595.71
5808	10126433.600000001
5809	10591235.96
581	5894097.960000001
5810	12831903.25
5811	8188122.040000001
5812	14420318.829999998
5813	5842694.319999999
5814	14932461.63
5815	4910231.24
5816	10220798.37
5817	13568974.32
5818	9679423.89
5819	17479319.96
582	12030365.11
5820	11810031.889999999
5821	14781252.5
5822	6876415.4399999995
5823	6737677.21
5824	17371693.689999998
5825	10063432.040000001
5826	9756283.69
5827	10291277.71
5828	9007320.600000001
5829	12985982.32
583	8377793.710000001
5830	12299267.709999999
5831	9346385.249999998
5832	6690460.25
5833	6652004.359999999
5834	7050127.220000001
5835	9785489.299999999
5836	9711375.45
5837	10959667.33
5838	7786651.600000001
5839	10683861.7
584	14183757.58
5840	10408056.78
5841	5666821.720000001
5842	3333035.7800000003
5843	6733979.46
5844	9525588.61
5845	9426297.149999999
5846	12786546.53
5847	10024882.559999999
5848	5473002.109999999
5849	15152790.94
585	8412274.86
5850	19611249.25
5851	5938897.8
5852	3681647.35
5853	6544770.55
5854	13453736.21
5855	6571974.39
5856	16323150.75
5857	7711018.029999999
5858	6769531.3100000005
5859	13275281.91
586	1896667.7800000003
5860	2089164.44
5861	9498353.57
5862	11166087.79
5863	14402748.78
5864	8841853.47
5865	19055834.52
5866	16985120.729999997
5867	16782586.99
5868	8677359.82
5869	7837375.92
587	14952090.369999997
5870	8995450.65
5871	738272.82
5872	15103649.689999998
5873	14557152.56
5874	11329235.14
5875	12193461.97
5876	8901913.18
5877	8573086.62
5878	14019135.45
5879	7969281.54
588	4204354.050000001
5880	13455213.37
5881	2608840.01
5882	7012590.1
5883	7339959.66
5884	5937284.350000001
5885	6087977.850000001
5886	7081235.05
5887	10094274.25
5888	8002406.399999999
5889	12117109.51
589	10325328.03
5890	2265698.7199999997
5891	9898738.22
5892	7387604.76
5893	3696051.2
5894	4892327.180000001
5895	10467889.14
5896	3624081.3800000004
5897	5825985.8
5898	9111652.24
5899	6477651.539999999
59	3765210.2100000004
590	8308497.22
5900	8569463.979999999
5901	15991305.270000001
5902	8034190.4799999995
5903	17796583.32
5904	9180664.229999999
5905	10219077.88
5906	9585553.12
5907	2845008.9999999995
5908	6685077.1899999995
5909	6993529.4399999995
591	6879022.88
5910	12293501.59
5911	15269601.800000003
5912	3616787.71
5913	15383441.84
5914	8760637.3
5915	5265478.96
5916	6911507.74
5917	13901947.52
5918	10233090.670000002
5919	11370434.71
592	7562734.3100000005
5920	3208334.8400000003
5921	5693045.700000001
5922	14124482.58
5923	8726981.22
5924	5992997.41
5925	12617376.920000002
5926	8937560.940000001
5927	6856602.8
5928	12448859.57
5929	5788375.04
593	7679284.979999999
5930	3762734.6299999994
5931	14633317.72
5932	3164764.72
5933	7541950.4399999995
5934	6840743.57
5935	5715725.059999999
5936	9209216.969999999
5937	6097320.33
5938	9367016.86
5939	14711145.480000002
594	4386622.17
5940	13155589.26
5941	6236487.850000001
5942	12158554.870000001
5943	14710233.17
5944	3118146.52
5945	9316428.750000002
5946	5431283.8
5947	7384005.460000001
5948	3574187.18
5949	16615358.49
595	7040309.89
5950	3813756.88
5951	15370599.36
5952	11446219.93
5953	11259589.82
5954	4182005.5599999996
5955	11251213.490000002
5956	15271401.600000001
5957	11257623.82
5958	8827394.89
5959	3127259.7699999996
596	11457374.51
5960	7544184.2
5961	2904586.32
5962	10178266.49
5963	7266170.739999999
5964	8928720.879999999
5965	14045395.59
5966	11279524.94
5967	12493379.31
5968	11748680.46
5969	11487866.920000002
597	12681333.110000001
5970	9780694.8
5971	12600009.32
5972	9800209.940000001
5973	3272680.74
5974	7271001.08
5975	13075752.180000002
5976	5840421.23
5977	13746163.629999999
5978	14366489.25
5979	6330571.860000001
598	1882336.5099999998
5980	4680327.5600000005
5981	17054427.98
5982	6933453.24
5983	7484918.7
5984	17347826.02
5985	12002706.329999998
5986	8404460.99
5987	16439682.02
5988	4746617.540000001
5989	10360048.600000001
599	15972740.680000002
5990	11624331.76
5991	3273700.91
5992	7344144.42
5993	13224521.84
5994	14457982.73
5995	7269382.51
5996	13784508.09
5997	11294984.36
5998	9573065.52
5999	8819096.57
6	5120392.470000001
60	7508961.6899999995
600	8814206.34
6000	9795140.19
6001	15268664.29
6002	2311231.57
6003	8434985.82
6004	4714845.390000001
6005	17972896.27
6006	13138242.05
6007	7195830.199999999
6008	4607869.32
6009	17123157.64
601	6586255.359999999
6010	5890361.32
6011	9208130.200000001
6012	3082639.52
6013	8502639.19
6014	10712928.889999999
6015	5754262.539999999
6016	2364114.52
6017	9650459.17
6018	19993479.720000003
6019	15379036.46
602	16266410.58
6020	5744212.19
6021	4479587.04
6022	10723356
6023	14046593.09
6024	13333561.93
6025	12410333.530000001
6026	15654612.91
6027	7538180.7
6028	18363007.43
6029	6594780.61
603	7750304.63
6030	12489079.71
6031	9240757.620000001
6032	14077826.739999998
6033	3630744.14
6034	10428843.610000001
6035	17039495.810000002
6036	9127584.08
6037	14159117.030000001
6038	18720214.27
6039	6381814.07
604	4502924.34
6040	10010258.27
6041	9983385.569999998
6042	22189750.46
6043	11295708.16
6044	11455433.82
6045	2915655.0100000002
6046	13930622.350000001
6047	11169843.26
6048	10509417.94
6049	14724012.329999998
605	14265109.34
6050	8083898
6051	10999975.719999999
6052	12060754.55
6053	7373273.380000001
6054	10160734.64
6055	24194828.41
6056	9064086.459999999
6057	11238027.75
6058	4642431.25
6059	12456181.5
606	4667850.76
6060	2697979.71
6061	26338212.83
6062	14144115.48
6063	19902696.169999998
6064	9397896.08
6065	12326209.620000001
6066	17322124.520000003
6067	15752092.07
6068	7596907.760000001
6069	17822664.11
607	2322249.2800000003
6070	1937094.41
6071	15674074.17
6072	10210547.399999999
6073	7771393.9
6074	5951981.2299999995
6075	14714467.170000002
6076	10945788.5
6077	15724219.94
6078	6852234.18
6079	8937475.71
608	15515383.739999998
6080	11027340.790000001
6081	11629822.040000001
6082	10778694.870000001
6083	10297481.8
6084	12369653.25
6085	19113135.67
6086	8646462.39
6087	10275889.320000002
6088	14015285.850000001
6089	22385389.43
609	13610676.629999999
6090	14687279.85
6091	9687326.3
6092	17646654.52
6093	10794753.73
6094	14156618.52
6095	2783306.4
6096	17411797.130000003
6097	10082934.04
6098	10165248.88
6099	19181035.75
61	12536776.56
610	6065897.7
6100	23221680.259999998
6101	8954869.91
6102	6866464.370000001
6103	4249480.48
6104	10236770.98
6105	8387029.090000001
6106	6707527.5
6107	10075685.92
6108	4974729.850000001
6109	7779711.62
611	3268079.97
6110	1131519.23
6111	11257615.34
6112	15222325.91
6113	5561736.539999999
6114	7381345.26
6115	4010692.1
6116	10181799.780000001
6117	6710891.1899999995
6118	13349959.329999998
6119	11479086.049999999
612	15679971.330000002
6120	17419582.07
6121	7455882.01
6122	14451630.26
6123	13279326.08
6124	6666555.08
6125	6753043.579999999
6126	8788120.52
6127	7610075.85
6128	8499692.51
6129	9419422.09
613	6606880.569999999
6130	7647934.43
6131	6293772.98
6132	11399046.51
6133	8333425.59
6134	9194356.440000001
6135	5263792.3100000005
6136	10125176.86
6137	9316500.94
6138	14707530.940000001
6139	14049802.91
614	9703809.22
6140	8936332.75
6141	9346263.6
6142	11265037.81
6143	9746395.48
6144	11637637.16
6145	11528494.350000001
6146	13654370.7
6147	11816860.010000002
6148	8559316.09
6149	3376260.84
615	9562176.530000001
6150	4814924.41
6151	11269594.24
6152	8294221.479999999
6153	7820049.9399999995
6154	4146726.48
6155	13415691.43
6156	13077884.9
6157	6104026.7
6158	15800783.389999999
6159	11760832.74
616	8816070.18
6160	1476375.25
6161	7244367.41
6162	3460513.59
6163	18605007.270000003
6164	10617617.05
6165	3210416.6599999997
6166	18771439.46
6167	17598523.39
6168	21458777.529999997
6169	10469579.47
617	7311293.8
6170	8696158.9
6171	7849880.41
6172	10839365.73
6173	9449502.409999998
6174	6370655.32
6175	8729236.29
6176	8587466.620000001
6177	15226340.879999999
6178	7506860.220000001
6179	11004057.94
618	11574137.950000001
6180	19488991.67
6181	10673824.88
6182	10467445.17
6183	16533616.82
6184	14562994.209999997
6185	3970580.5300000003
6186	6895171.110000001
6187	3066375.26
6188	8217598.140000001
6189	9217423.379999999
619	12250587.87
6190	11076447.899999999
6191	13800896.700000003
6192	13251876.11
6193	14125222.17
6194	7438967.990000001
6195	16523630.55
6196	9488817.39
6197	12049596.09
6198	10167541.68
6199	18963522.3
62	11389273.24
620	5983615.56
6200	5597995.81
6201	13203329.29
6202	9194257.32
6203	10255866.37
6204	13253244.760000002
6205	11369996.720000003
6206	10858280.58
6207	3789558.53
6208	6253376.49
6209	16727436.54
621	12451418.84
6210	13548964.49
6211	13178941.870000001
6212	13687779.89
6213	8355823.91
6214	10507756.600000001
6215	12344308.78
6216	7142183.3100000005
6217	12319787.799999999
6218	3180993.92
6219	8145310.909999999
622	5307617.759999999
6220	12887684.229999999
6221	6068409.33
6222	12916159.149999999
6223	15485301.520000001
6224	12198390.93
6225	10123030.56
6226	11529250.68
6227	9064029.57
6228	11785795.260000002
6229	6670024.899999999
623	14321948.1
6230	3920303.6400000006
6231	12930398.7
6232	4332802.41
6233	7641283.4399999995
6234	17634264.619999997
6235	11566005.24
6236	5746616.739999999
6237	12264968.89
6238	6042161.110000001
6239	7602825.28
624	10487798.370000001
6240	17415613.21
6241	13876139.68
6242	14533324.09
6243	18295939.09
6244	18116949.080000002
6245	14002111.73
6246	4069515.76
6247	24508838.880000003
6248	22588026.75
6249	11011658.780000001
625	6973750.11
6250	5641937.140000001
6251	10407122.600000001
6252	8259176.9
6253	8540062.120000001
6254	13811053.36
6255	14465143.959999999
6256	11647303.870000001
6257	3315176.04
6258	20521414.31
6259	12782169.190000001
626	7342978.7
6260	18903715.87
6261	8908015.6
6262	9280154.06
6263	8767971.15
6264	4449229.58
6265	2870195.5300000003
6266	1518901.3900000001
6267	20689219.229999997
6268	10618533.97
6269	8614982.11
627	6922871.1899999995
6270	16012904.82
6271	8975089.469999999
6272	4750191.94
6273	14405787.09
6274	25474545.830000002
6275	8384951.0200000005
6276	2978095.170000001
6277	2158097.4699999997
6278	6871049.779999999
6279	8200880.75
628	15730176.839999998
6280	11299404.6
6281	1314288.8299999998
6282	14630503.92
6283	11941041.259999998
6284	9987668.58
6285	8824074.370000001
6286	14467103.85
6287	4580589.609999999
6288	11506370.92
6289	4629580.2
629	4054833.06
6290	5532270.399999999
6291	9045595.07
6292	18085912.85
6293	7470605.18
6294	14520377.04
6295	8521207.83
6296	10901513.030000001
6297	13902107.95
6298	3758563.6100000003
6299	5870432.47
63	6724960.14
630	9629331.170000002
6300	10599675.200000001
6301	15229005.350000001
6302	10451165.61
6303	6006644.35
6304	14373163.27
6305	4507934.24
6306	4242180.18
6307	10540760.8
6308	9656562.459999999
6309	3433916.08
631	18095324.369999997
6310	11299400.749999998
6311	3200067.9299999997
6312	11161874.940000001
6313	12072330.989999998
6314	11993707.08
6315	11375961.57
6316	11455536.68
6317	13312334.489999998
6318	8762096.629999999
6319	11210644.99
632	8231487.7
6320	4875168.970000001
6321	11440181.54
6322	7276985.32
6323	5392849.5600000005
6324	9098921.9
6325	19046688.14
6326	20654227.349999998
6327	7029852.529999999
6328	4743048.33
6329	7644564.23
633	2479921.26
6330	6266602.69
6331	6422124.09
6332	9182040.65
6333	2923240.5599999996
6334	9684360.879999999
6335	12233603.43
6336	16093972.189999998
6337	4083939.44
6338	8859451.479999999
6339	11602074.239999998
634	4624917.35
6340	8206535.15
6341	12139598.26
6342	13793875.7
6343	6204956.59
6344	14493054.55
6345	5704680.32
6346	9970119.159999998
6347	11405788.049999999
6348	8042010.05
6349	8557072.28
635	10579315.75
6350	11435731.370000001
6351	17382424.810000002
6352	13518265.46
6353	6345544.17
6354	16777700.169999998
6355	13179750.81
6356	9189714.37
6357	12161514.420000002
6358	5768473.8100000005
6359	10676884.86
636	11402038.54
6360	6318808.09
6361	18817251.46
6362	13204699.139999999
6363	11652198.8
6364	7515163.800000001
6365	2817454.48
6366	20472708.34
6367	10275294.989999998
6368	8508816.75
6369	4435412.420000001
637	9570843.31
6370	12398320.64
6371	11835924.82
6372	9540247.04
6373	10541005.37
6374	13521428.27
6375	3490369.12
6376	2954352.3299999996
6377	3770841.33
6378	15022661.5
6379	9927334.68
638	9119854.05
6380	10732370.24
6381	7649066.41
6382	10570193.690000001
6383	11950022.280000001
6384	8197959.75
6385	10065338.540000001
6386	4609051.9
6387	6139212.580000001
6388	21533145.98
6389	7527157.44
639	13510422.94
6390	16646235.530000001
6391	4739678.319999999
6392	18395248.04
6393	723179.4199999999
6394	4920007.140000001
6395	7901696.71
6396	8440246.219999999
6397	10350551.819999998
6398	6972001.21
6399	5233040.66
64	8627897.29
640	9707785.5
6400	12926683.350000001
6401	5978586.390000001
6402	10953931.5
6403	17486045.99
6404	11348219.15
6405	9650428.28
6406	10479211.73
6407	6079710.37
6408	7003787.84
6409	18486785.03
641	13944234
6410	10372229.779999997
6411	7154178.36
6412	7754756.960000001
6413	9204980.83
6414	5728984.35
6415	6699101.24
6416	7377166.4
6417	4113069.3
6418	7786524.71
6419	6710462.859999999
642	10358015.770000001
6420	15005651.79
6421	9654028.370000001
6422	8817412.22
6423	6764313.75
6424	16265020.970000003
6425	5146483.52
6426	9810797.78
6427	1529760.3
6428	7818051.07
6429	4611464.87
643	13537885.030000001
6430	8099838.71
6431	5501393.48
6432	12637004.079999998
6433	5636246.01
6434	5115440.859999999
6435	20072954.39
6436	7410780.18
6437	15055032.29
6438	12481373.55
6439	12985785.66
644	11865248.15
6440	5691148.16
6441	5378921.52
6442	15778508.98
6443	10774390.260000002
6444	8391314.45
6445	2746791.7800000003
6446	9275153.75
6447	12778368.45
6448	16756465.09
6449	11592078.63
645	4529664.74
6450	8575325.58
6451	16761116.86
6452	13902187.59
6453	6376598.780000001
6454	5060220.07
6455	3959128.26
6456	13719090.89
6457	5099637.989999999
6458	14571154.41
6459	3584657.8
646	6042075.51
6460	7264523.82
6461	10952561.639999999
6462	9489679.58
6463	2566786.98
6464	7630128.48
6465	7014291.850000001
6466	13034785.16
6467	16117330.370000001
6468	11962372.830000002
6469	7826628.510000001
647	12268851.299999999
6470	8065531.92
6471	6670523.950000001
6472	6601165.129999999
6473	14173809.209999999
6474	14402385.51
6475	2294700.79
6476	11578218.350000001
6477	12592905.3
6478	10044427.73
6479	4444997.83
648	8714658.870000001
6480	8175561.58
6481	19692452.89
6482	10660278.3
6483	8617118.77
6484	11811470.18
6485	7324113.8100000005
6486	18869112.32
6487	15394026.95
6488	5205398.66
6489	13402787.04
649	9150496.540000001
6490	10871033.52
6491	9695296.44
6492	17962171.99
6493	7024765.590000001
6494	4185084.4999999995
6495	12825477.190000001
6496	16316584.27
6497	9219553.440000001
6498	11237747.1
6499	4985321.68
65	4834763.090000001
650	7470284.63
6500	6444998.8
6501	9405941.899999999
6502	8057567.279999999
6503	5996878.94
6504	11059891.12
6505	18744342.19
6506	10433669.95
6507	9813792.219999999
6508	9909923.68
6509	9134228.49
651	15951823.32
6510	10611359.34
6511	9336777.84
6512	10804232.01
6513	10019134.190000001
6514	6224169.879999999
6515	8120645.18
6516	14066157.200000001
6517	14426060.64
6518	14614144.23
6519	8042629.869999999
652	11785980.4
6520	11934440.01
6521	10208342.39
6522	10344684.05
6523	9192669.99
6524	5438298.75
6525	8375629.889999999
6526	7116369.55
6527	16215586.139999999
6528	12656312.079999998
6529	11716646.8
653	7748257.64
6530	3894695.6500000004
6531	14739970.160000002
6532	3415130.99
6533	13228084.35
6534	16374297.34
6535	10005910.42
6536	9237608.48
6537	9115869.75
6538	1118242.52
6539	8342853.470000001
654	6125692.43
6540	19140233.71
6541	3205471.2299999995
6542	5862122.11
6543	12078216.91
6544	17133731.92
6545	3931560.4899999993
6546	8738801.52
6547	2452562.55
6548	6831460.58
6549	11671936.24
655	13515266.1
6550	12150378.94
6551	5119903.27
6552	12688286.29
6553	7146090.67
6554	15858366.509999998
6555	9841630.649999999
6556	13943700.75
6557	9250654.7
6558	1331988.44
6559	5812518.3100000005
656	6757523.76
6560	11756024.79
6561	10643635.1
6562	7754032.97
6563	17196201.419999998
6564	5326990.29
6565	5254135.58
6566	1992397.44
6567	11720693.100000001
6568	6729660.85
6569	12494299.18
657	20514360.59
6570	9120296.44
6571	3980645.21
6572	7871923.960000001
6573	6662781.09
6574	9210500.129999999
6575	11492922.600000001
6576	11798589.93
6577	8430705.15
6578	5544389.0600000005
6579	7191234.14
658	14937545.749999998
6580	6921498.36
6581	7583097.48
6582	7545106.34
6583	12181285.730000002
6584	6854036.559999999
6585	14651979.269999998
6586	13958511.66
6587	10093503.33
6588	8707175.719999999
6589	13405132.46
659	11597310.72
6590	8267851.030000001
6591	10627268.929999998
6592	8127579.1899999995
6593	19696366.380000003
6594	10857595.239999998
6595	17092345.55
6596	2873323.52
6597	2347902.9499999997
6598	8757203.52
6599	6495245.68
66	4719253.369999999
660	2766976.1399999997
6600	4103885.8900000006
6601	9798303.219999999
6602	3140331.2
6603	10698050.91
6604	1616069.94
6605	15488713.96
6606	13443044.950000001
6607	9085351.17
6608	11064006.04
6609	13462361.690000001
661	8170025.74
6610	9712231.399999999
6611	10746230.73
6612	9158105.01
6613	3164816.7199999997
6614	2425368.2199999997
6615	12619847.48
6616	9053126.629999999
6617	3163246.84
6618	5406967.029999999
6619	15612448.75
662	9486135.91
6620	9554577.649999999
6621	3159580.8800000004
6622	3189658.82
6623	14629915.580000002
6624	16285371.320000002
6625	15278485.2
6626	8383297.91
6627	10273036.82
6628	9954650.940000001
6629	8680452.92
663	17634633.84
6630	11229474.23
6631	2088617.26
6632	8733581.77
6633	7008402
6634	11966270.959999997
6635	14171535.379999999
6636	11234087.6
6637	1495668.76
6638	4823688.640000001
6639	10888753
664	15088204.09
6640	5373220.52
6641	13349567.03
6642	16918574.37
6643	8192335.25
6644	12322716.39
6645	7798056.9399999995
6646	12640889.48
6647	8449263.209999999
6648	14221959.46
6649	5942454.66
665	6070359.81
6650	9194570.34
6651	16543274.530000001
6652	11381169.780000001
6653	8842342.82
6654	1283459.92
6655	6975052.989999999
6656	19682432.8
6657	16018574.84
6658	10664492.91
6659	14511944.700000001
666	11976471.620000001
6660	16401351.16
6661	18199333.44
6662	14307632.85
6663	5462047.63
6664	9624621.56
6665	5542327.65
6666	9251101.8
6667	9949299.940000001
6668	11094031.92
6669	22049132.340000004
667	11465220.209999999
6670	11284429.34
6671	6866485.83
6672	16751823.849999998
6673	4263793.680000001
6674	13076532.46
6675	9631018.819999998
6676	8716657.17
6677	17813190.49
6678	12683028.87
6679	13988876.649999999
668	16657330.350000001
6680	8738040.729999999
6681	3837675.45
6682	13112144.47
6683	9837231.34
6684	8098125.41
6685	9041987.700000001
6686	8919423.200000001
6687	7679236.9399999995
6688	6306902.98
6689	6349977.75
669	13772274.7
6690	7489103.65
6691	2194662.14
6692	5439416.850000001
6693	13778816.3
6694	10676036.649999999
6695	12094628.950000001
6696	15255035.260000002
6697	19183617.21
6698	10620469.4
6699	7590578.340000001
67	11785799.51
670	26342805.700000003
6700	11142905.999999998
6701	6421144.66
6702	12548416.559999999
6703	27108222.979999997
6704	19719904.14
6705	7601666.59
6706	6061082.57
6707	4125699.17
6708	2693515.74
6709	10610461.440000001
671	6842510.48
6710	11350725.98
6711	12777757.97
6712	13747155.489999998
6713	12084935.98
6714	3831209.44
6715	9084333.37
6716	7169058.43
6717	7931850.989999999
6718	6205440.28
6719	7294944.76
672	7401973.290000001
6720	8181695.45
6721	8277726.19
6722	3033281.36
6723	10974929.69
6724	18038484.14
6725	10284203.76
6726	14540052.52
6727	7124839.44
6728	11670554.01
6729	11338226.22
673	21254770.669999998
6730	4354185.41
6731	15071525.49
6732	8977498.68
6733	11297494.16
6734	9437986.03
6735	11155824.530000001
6736	20842593.48
6737	6518002.84
6738	7433153.220000001
6739	12759018.629999999
674	7156906.749999999
6740	13217575.23
6741	8039206.84
6742	13300444.21
6743	20143308.29
6744	14653234.419999998
6745	7361356.93
6746	9582156.25
6747	10408390.1
6748	10485028.239999998
6749	9692813.22
675	4841330.86
6750	1671021.45
6751	12600707.110000001
6752	16290868.02
6753	6672789.35
6754	13443376.21
6755	8277302.26
6756	15538645.68
6757	9228167.01
6758	9636396.98
6759	4490470.01
676	13142333.66
6760	7642029.09
6761	13675522.649999999
6762	12302715.05
6763	12651010
6764	6604552.8
6765	14256943.899999999
6766	5096676.75
6767	14078690.8
6768	6836958.76
6769	5143263.950000001
677	10914274.700000001
6770	6833098.51
6771	12075264.060000002
6772	8325934.11
6773	8643369.24
6774	4443293.47
6775	2403412.07
6776	13540914.969999999
6777	10028203.42
6778	4319608.43
6779	10354218.760000002
678	12524468.36
6780	19366119.71
6781	5680947.2700000005
6782	4013371.31
6783	7487299.16
6784	12791302.760000002
6785	7070458.83
6786	16654655.11
6787	8948570.18
6788	9373992.72
6789	1799675.19
679	9467619.32
6790	20756851.46
6791	6580851.78
6792	7861662.99
6793	6272880.47
6794	14474374.27
6795	5063796.710000001
6796	13909250.16
6797	11614712.959999999
6798	19615697.29
6799	6714007.9799999995
68	4504770.61
680	6884949.58
6800	11362742.55
6801	8415206.629999999
6802	9918870.16
6803	11081542.73
6804	11483727.08
6805	13905326.64
6806	8666897.01
6807	5955697.5600000005
6808	8961007.22
6809	9086323.78
681	7859293.859999999
6810	9970466.219999999
6811	10637466.629999999
6812	14310361.44
6813	12535066.75
6814	13273302.9
6815	8526560.48
6816	10775843.940000001
6817	10451507.25
6818	10729978.129999999
6819	8720882.870000001
682	7710641.930000001
6820	11675864.56
6821	17384819.490000002
6822	7358415.08
6823	15540373.72
6824	16007802.47
6825	15059285.469999999
6826	10320908.27
6827	17392923.830000002
6828	7927531.370000001
6829	12617614.86
683	4893499.04
6830	9888727.75
6831	11053327.08
6832	8173965.2700000005
6833	8586774.31
6834	14335516.61
6835	11428666.59
6836	9919963.18
6837	10430219.82
6838	11100031.420000002
6839	11650876.28
684	5651866.22
6840	14463032.14
6841	11947345.11
6842	12014979.299999999
6843	9002127.46
6844	11707900.98
6845	9535132.01
6846	14527644.209999999
6847	11463988.459999999
6848	11735220.84
6849	10626211.280000001
685	21867066.1
6850	3732364.0600000005
6851	10344922.55
6852	5389498.6899999995
6853	8805408.06
6854	6785710.970000001
6855	15288967.21
6856	3895992.6599999997
6857	9898952.59
6858	6563682.63
6859	8888922.42
686	14363409.659999998
6860	11856583.88
6861	5947477.68
6862	11750560.13
6863	8397593.52
6864	15089567.13
6865	12112072.82
6866	8663929.52
6867	3678527.04
6868	3905918.4000000004
6869	13618893.42
687	10465861.719999999
6870	7469892.17
6871	8990178.48
6872	6356629.4399999995
6873	16970965.18
6874	5461252.73
6875	11426356.21
6876	13424026.22
6877	12909173.76
6878	15715848.17
6879	3801266.96
688	3503159.7999999993
6880	5182454.08
6881	13619122.719999999
6882	5742690.279999999
6883	16312992.96
6884	5410823.92
6885	20736539.720000003
6886	13424211.15
6887	7717782.57
6888	5143811.47
6889	4419482.15
689	8379642.76
6890	1956712.77
6891	9960960.8
6892	10274306.14
6893	6428115.07
6894	1766514.71
6895	4682434.05
6896	9936186.719999999
6897	10823157.74
6898	15510620.620000001
6899	19744255.119999997
69	17285269.43
690	7580637.98
6900	1835837.1400000001
6901	2090980.11
6902	3422315.81
6903	9920434.48
6904	18231723.66
6905	5937020.48
6906	14379368.190000001
6907	14115181.239999998
6908	8149977.749999999
6909	6303897.97
691	9862959.32
6910	16515291.030000001
6911	7910337.690000001
6912	15177238.57
6913	9141101.91
6914	9838376.299999999
6915	11356186.77
6916	9769165.879999999
6917	3757151.66
6918	3733622.83
6919	7043987.65
692	12721067.86
6920	13989421.739999998
6921	9428163.780000001
6922	7553372.760000001
6923	10848031.98
6924	10343260.81
6925	15611309.68
6926	11723735.95
6927	5882609.05
6928	8539076.6
6929	9733464.399999999
693	11948017.73
6930	11087593.87
6931	7042324.96
6932	6367971.16
6933	5988564.12
6934	13344694.84
6935	12541034.46
6936	9105419.8
6937	11754493.239999998
6938	5628522.039999999
6939	10417203.339999998
694	3795435.06
6940	10399807.85
6941	5542291.859999999
6942	14877299.58
6943	12527532.59
6944	15344609.18
6945	9832406.87
6946	9840050.79
6947	6309768.84
6948	12580047.34
6949	11647995.259999998
695	10894190.65
6950	7242236.05
6951	10447479.450000001
6952	7446136.45
6953	12479913.96
6954	20602833.93
6955	4464790.460000001
6956	4280107.279999999
6957	13680905.93
6958	5795930.23
6959	13486649.290000001
696	7767732.54
6960	11088387.86
6961	7374958.26
6962	5661386.790000001
6963	2432061.93
6964	4709780.11
6965	4614093.850000001
6966	7119158.42
6967	10918312.41
6968	9593369.39
6969	1486125.7799999998
697	15018713.27
6970	6503375.5
6971	11027403.96
6972	7840616.029999999
6973	14295250.69
6974	10787519.86
6975	13345593.04
6976	2295384.48
6977	18188623.93
6978	4100632.7399999998
6979	12929299.580000002
698	12245493.969999999
6980	14409351.200000001
6981	12106072.43
6982	16358801.59
6983	6719943.79
6984	9994596.53
6985	16444124.15
6986	7208273.399999999
6987	9146865.98
6988	7821822.4399999995
6989	11293842.379999999
699	9174328.68
6990	9620691.34
6991	10073541.42
6992	6978891.540000001
6993	3659021.26
6994	4758291.42
6995	13685921.78
6996	14134530.4
6997	8806953.02
6998	14739641.16
6999	11808192.459999999
7	9175528.21
70	9700431.94
700	8294944.66
7000	21284018.299999997
7001	15115153.579999998
7002	13138078.42
7003	8638760.83
7004	12970888.81
7005	16419886.48
7006	11322927.370000001
7007	20663183.81
7008	5920895.79
7009	6771221.96
701	3854869.6100000003
7010	12981335.450000003
7011	14490782.92
7012	8527207.42
7013	3637491.14
7014	21332238.15
7015	6960139.82
7016	12505341.649999999
7017	13702763.32
7018	13619144.7
7019	8786845.98
702	16703390.27
7020	13581848.49
7021	13482212.000000002
7022	10469981.92
7023	12687555.72
7024	3745789.6899999995
7025	7892480.919999999
7026	13900276.18
7027	1817284.8599999999
7028	11890645.68
7029	5313250.68
703	5322896.080000001
7030	6356920.14
7031	10199734.899999999
7032	11254657.909999998
7033	1890739.2400000002
7034	15942645.350000001
7035	11740630.18
7036	13220959.559999999
7037	12288332.66
7038	11230503.620000001
7039	20445182.56
704	9831240.49
7040	6063062.85
7041	8377441.890000001
7042	5445504.1899999995
7043	18357112.509999998
7044	7866925.83
7045	9560464.34
7046	5193130.47
7047	6753821.32
7048	18715078.1
7049	17019190.1
705	6261564.68
7050	4377551.09
7051	4641996.29
7052	21636778.21
7053	8050960.44
7054	3392802.18
7055	9085048.9
7056	12210361.67
7057	11980434.09
7058	12067762.62
7059	19429623.630000003
706	13614767.57
7060	13234470.579999998
7061	9362264.07
7062	15228281.879999999
7063	9551335.85
7064	2965565.99
7065	7546366.35
7066	14287967.919999998
7067	12905053.600000001
7068	5536884.17
7069	21704952.71
707	4496718.14
7070	9410831.82
7071	5280270.300000001
7072	6439202.829999999
7073	7290521.98
7074	7762838.01
7075	10922307.42
7076	18481568.98
7077	9206751.96
7078	18927326.080000002
7079	3126685.63
708	9585865.32
7080	10802117.379999999
7081	16120192.75
7082	13588934.690000001
7083	17453517.259999998
7084	9567612.660000002
7085	14852611.120000001
7086	8606376.43
7087	10191081.6
7088	8032829.48
7089	10345248.59
709	17519401.36
7090	5450388.790000001
7091	10321903
7092	11968431.690000001
7093	9159301.61
7094	9643593.139999999
7095	9454966.05
7096	13987140.83
7097	5193019.65
7098	8739655.25
7099	2630308.49
71	9167712.04
710	16422999.21
7100	6854223.779999999
7101	9116454.190000001
7102	16197408.71
7103	6403680.01
7104	1818561.3299999998
7105	14975587.77
7106	9276049.6
7107	10019990.09
7108	10212497.84
7109	16103861.89
711	3896074.68
7110	9329618.83
7111	15045442.57
7112	9514076.96
7113	7068067.109999999
7114	25528088.400000002
7115	9116426.559999999
7116	12136309.520000001
7117	13129775.189999998
7118	6542170.05
7119	9805189.790000001
712	7157306.510000001
7120	9774776.72
7121	11725025.520000001
7122	8761424.78
7123	17906745.18
7124	12043803.95
7125	7112871.73
7126	7757415.830000001
7127	11153149.77
7128	7867793.489999999
7129	8190647.26
713	3393475.09
7130	6257765.0600000005
7131	5462363.010000001
7132	6354873.8100000005
7133	8994799.870000001
7134	8317240.880000001
7135	8851844.93
7136	16920077.28
7137	16654679.68
7138	6942213.32
7139	8426888.68
714	5695501.8999999985
7140	15431148.84
7141	9307351.879999999
7142	8005581.909999998
7143	13089298.86
7144	12130120.899999999
7145	3146668.65
7146	9227611.26
7147	11672276.799999999
7148	10737982.6
7149	10119854.560000002
715	18921632.71
7150	11114495.29
7151	15646899.65
7152	2645949.97
7153	8315714.039999999
7154	11379635.280000001
7155	8582314.290000001
7156	11561022.16
7157	7058881.260000001
7158	9351568.49
7159	7738778.359999999
716	15390364.55
7160	5151747.75
7161	10052446.95
7162	4166356.94
7163	7725672.31
7164	7875988.26
7165	3485497.34
7166	6374109.92
7167	9384066.27
7168	13878802.889999999
7169	4997470.369999999
717	11723027.840000002
7170	9417393.48
7171	13756221.9
7172	11323032.89
7173	5229960.359999999
7174	5598037.48
7175	6755479.970000001
7176	6124588.39
7177	6723427.53
7178	12205704.03
7179	10204950.17
718	13992615.83
7180	14446805.309999999
7181	10932507.63
7182	6145576.22
7183	6434475.4399999995
7184	5364470.649999999
7185	6418428.829999999
7186	19888878.66
7187	7522157.13
7188	13610755.54
7189	3132803.84
719	10702347.59
7190	5243476.83
7191	9762647.18
7192	4631140.860000001
7193	7936426.890000001
7194	2597559.58
7195	6226705.2
7196	9314762.379999999
7197	7442556.239999999
7198	10163129.510000002
7199	10576946.54
72	8007155.3
720	8584726.47
7200	7974872.600000001
7201	19955803.58
7202	9674515.98
7203	8372210.46
7204	6503695.69
7205	17727129.060000002
7206	5546757.72
7207	17186855.75
7208	6428453.850000001
7209	9635267.09
721	3343777.8000000003
7210	11125010.77
7211	23080996.92
7212	8978047.090000002
7213	2989450.4899999998
7214	7341749.949999999
7215	12942009.600000001
7216	8778546.969999999
7217	3075898.91
7218	8756044.17
7219	23489627.88
722	6372999.32
7220	11609667.86
7221	10996731.760000002
7222	13803468.07
7223	6946315.7
7224	11774876.68
7225	9620442.18
7226	9993836.690000001
7227	9177760.5
7228	11486079.77
7229	7632401.9
723	6905455.75
7230	17337278.62
7231	18039343.23
7232	4421926.26
7233	12429547.5
7234	5083069.4399999995
7235	10747550.530000001
7236	8737720.030000001
7237	8065999.82
7238	17064984.98
7239	11610179.280000001
724	1671829.0699999998
7240	9672631.71
7241	5660881.609999999
7242	10055283.250000002
7243	7110965.01
7244	15581007.82
7245	5651421
7246	5378576
7247	7565751.149999999
7248	7017353.949999999
7249	12512174.299999999
725	7523897.390000001
7250	8357747.28
7251	6807971.630000001
7252	5313886.86
7253	13485937.26
7254	5932507.7
7255	8284984.780000001
7256	9605831.89
7257	13380400.430000002
7258	8277973.4
7259	8183805.07
726	9633562.15
7260	14516051.97
7261	6497852.34
7262	5806141.430000001
7263	9218193.67
7264	13934194.079999998
7265	13844542.52
7266	3955319.19
7267	14118869.600000001
7268	7995893.68
7269	9395043.73
727	9706017.07
7270	6783109.42
7271	14336155.100000001
7272	7880473.499999999
7273	13272544.229999999
7274	9720383
7275	7418525.0600000005
7276	18946884.259999998
7277	14363604.8
7278	7108324.140000001
7279	7803540.17
728	3790141.4700000007
7280	7892829.45
7281	8927969.92
7282	9876869.879999999
7283	12318485.089999998
7284	16824292.51
7285	10799370.780000001
7286	20221886.28
7287	12287102.29
7288	4921687.21
7289	10336535.52
729	5755243.12
7290	11188564.55
7291	11355122.03
7292	11646995.749999998
7293	16499522.08
7294	7939208.89
7295	7853489.93
7296	16124431.77
7297	5118900.7700000005
7298	13330938.71
7299	6527420.66
73	18271707.29
730	18226982.009999998
7300	6528225.720000001
7301	15401096.54
7302	13944028
7303	15187048.53
7304	12325450.76
7305	10969841.7
7306	10466003.299999999
7307	10085242.9
7308	8268397.6899999995
7309	8885169.7
731	13051806.15
7310	12206607.84
7311	12279942.24
7312	3648195.9899999998
7313	10837531.340000002
7314	12995440.53
7315	16760590.219999999
7316	10461746.41
7317	22432567.71
7318	12211870.31
7319	8890049.51
732	11080627.370000001
7320	4657312.489999999
7321	8795242.940000001
7322	3221320.670000001
7323	13295822.79
7324	7964434.05
7325	11261437.42
7326	9451453.17
7327	12714202.08
7328	6495266.01
7329	12378851.43
733	6516290.34
7330	7753347.649999999
7331	9306705.510000002
7332	5002155.460000001
7333	4525001.98
7334	8728984.44
7335	7715053.61
7336	8854695.55
7337	4911722.89
7338	10301239.69
7339	5863769.89
734	13333324.239999998
7340	10578039.32
7341	18334157.73
7342	6445143.29
7343	10705231.52
7344	11842666.540000001
7345	15265753.629999999
7346	13535145.83
7347	5661512.74
7348	5185139.159999999
7349	12229506.450000001
735	8011404.14
7350	8615063.719999999
7351	11714046.33
7352	13465313.55
7353	23203621.09
7354	7232545.67
7355	4847450.71
7356	3125393.0600000005
7357	18649222.94
7358	14253898.399999999
7359	13930867.870000001
736	13229688.99
7360	5293670.34
7361	5776909.720000001
7362	8825662.82
7363	13497227.1
7364	3409482.09
7365	10350374.69
7366	13109526.11
7367	2078312.2
7368	11545329.959999999
7369	4863739.130000001
737	3169913.55
7370	16818964.259999998
7371	8895362.12
7372	7899140.03
7373	14100967.09
7374	10384779.440000001
7375	9560656.77
7376	4999588.23
7377	8811560.54
7378	19846151.37
7379	16972812.580000002
738	10161559.209999999
7380	9448936.670000002
7381	9923815.139999999
7382	10198557.42
7383	14055415.69
7384	10902023.1
7385	15882166.540000001
7386	8765229.4
7387	11132501.96
7388	7096477.080000001
7389	10375758.77
739	12148996.460000003
7390	11151926.440000001
7391	15854283.870000001
7392	11112813.780000001
7393	11623815.620000001
7394	9506787.53
7395	14413749.52
7396	10134265.5
7397	7202978.48
7398	9271932.08
7399	15410365.280000001
74	13388711.11
740	11615138.55
7400	3168005.7700000005
7401	7721016.35
7402	7872486.720000001
7403	9082877.23
7404	13061453.799999999
7405	7409008.250000001
7406	7865502.65
7407	10017332
7408	4859353.32
7409	8425629.58
741	12182686.009999998
7410	11861496.299999999
7411	9933884.03
7412	7140108.07
7413	11675909.919999998
7414	8734963.51
7415	14334520.190000001
7416	8026302.029999999
7417	13193016.25
7418	13719007.049999999
7419	4307349.73
742	11623524.06
7420	4723341.289999999
7421	14648125.58
7422	16349807.41
7423	6186229.61
7424	5863763.350000001
7425	10272729.21
7426	5933786.3100000005
7427	10203412.12
7428	4013369.8900000006
7429	6274941.930000001
743	11250959.719999999
7430	6777354.120000001
7431	3505832.68
7432	5349422.96
7433	10346316.790000001
7434	13903934.66
7435	7013968.68
7436	5408703.65
7437	4700257.29
7438	8825015.899999999
7439	5783622.99
744	4901058.56
7440	5006144.72
7441	8296982.7700000005
7442	1828809.55
7443	7868361.7299999995
7444	9170513.88
7445	11706760.209999999
7446	9443169.93
7447	4855336.930000001
7448	9362329.610000001
7449	2495192.1
745	11150537.290000001
7450	8048147.85
7451	12984261.89
7452	5460501.350000001
7453	15045539.37
7454	5762929.2
7455	16009775.58
7456	13491825.59
7457	8422419.05
7458	12612508.160000002
7459	5107372.06
746	10814391.98
7460	10598657.690000001
7461	10906301.93
7462	5146271.2
7463	15121515
7464	10000288.92
7465	11759023.79
7466	8500450.24
7467	4709318.879999999
7468	6445457.200000001
7469	4660774.89
747	6309706.24
7470	3338592.97
7471	13292137.159999998
7472	6213775.529999999
7473	6534451.33
7474	11618542.120000001
7475	5797054.039999999
7476	10775776.74
7477	5263628.62
7478	6047860.55
7479	9612680.959999999
748	9737665.020000001
7480	16974793.25
7481	6048323.9399999995
7482	6509444.0600000005
7483	7806068.99
7484	3484220.6999999997
7485	8894911.200000001
7486	7786432.51
7487	5914946.449999999
7488	16748121.14
7489	15340196.75
749	7877749.1899999995
7490	9570049.799999999
7491	14268108.540000001
7492	14575544.59
7493	16422873.620000001
7494	1431523.1900000002
7495	13030263.18
7496	6032369.7
7497	17154374.58
7498	21534746.73
7499	5775413.9
75	17959598.009999998
750	13696877.100000001
7500	13384824.14
7501	19454593.31
7502	4921665.84
7503	9755913.530000001
7504	6887245.26
7505	13566078.68
7506	11863828.54
7507	4640189.550000001
7508	10557300.77
7509	9641570.889999999
751	15229717.530000001
7510	9497998.1
7511	4759455.859999999
7512	5303307.739999999
7513	13992540.77
7514	15816625.09
7515	7748840.540000001
7516	5188927.25
7517	6511346.97
7518	7343227.5
7519	14335544.76
752	7217152.05
7520	12158391.66
7521	6710728.779999999
7522	18378198.35
7523	8028681.950000001
7524	14403550.66
7525	9156903.270000001
7526	11167746.5
7527	18735172.34
7528	5887098.18
7529	6216336.58
753	6793334.1
7530	3105050.58
7531	20662814.11
7532	9419844.459999999
7533	15628738.93
7534	9259862.71
7535	5684130.039999999
7536	14103339.01
7537	4403288.74
7538	9670342.04
7539	5909176.67
754	17127757.14
7540	8170749.529999999
7541	11802754.379999999
7542	13764149.879999999
7543	9534333.49
7544	6649864.140000001
7545	4317187.390000001
7546	13178638.18
7547	4985537.3100000005
7548	14251603.03
7549	11475377.55
755	12816995.420000002
7550	4593124.06
7551	4001137.75
7552	16292013.959999999
7553	9838088.059999999
7554	6651451.630000001
7555	2588153.4499999997
7556	6470790.3
7557	7019367.75
7558	6555427.84
7559	6900871.609999999
756	13741482.5
7560	8654088.49
7561	21163796.869999997
7562	13279595.79
7563	12911720.05
7564	3955035.62
7565	18296218.34
7566	18139545.259999998
7567	5453924.779999999
7568	11935513.739999998
7569	2174373.9000000004
757	14957488.420000002
7570	5478185.91
7571	5001876.26
7572	3117830.27
7573	6585992.42
7574	11828409.38
7575	8871977.17
7576	4567355.59
7577	4905792.49
7578	3594487.9599999995
7579	12896339.560000002
758	4484662.32
7580	5744786.850000001
7581	11802590.590000002
7582	12367324.610000001
7583	7881644.949999999
7584	2619119.3200000003
7585	2512179.16
7586	13157291.41
7587	12689933.52
7588	3781994.1099999994
7589	10336025.469999999
759	5691616.760000001
7590	3153418.61
7591	13058313.219999999
7592	5769317.43
7593	8785702.82
7594	13847812.670000002
7595	4126797.0400000005
7596	11636310.7
7597	5981619.3
7598	11051394.01
7599	4153779.95
76	9092927.11
760	11499665.709999999
7600	8151356.260000001
7601	7972302.46
7602	13058172.78
7603	12509504.09
7604	7532496.109999999
7605	14278564.029999997
7606	9620178.46
7607	14581471.08
7608	5586023.720000001
7609	5139607.5600000005
761	6093171.77
7610	4920403.91
7611	4977825.85
7612	9838253.59
7613	13090905.86
7614	5354729.91
7615	12108363.79
7616	19792487.43
7617	11784208.579999998
7618	15152920.07
7619	14587678.71
762	7728111.53
7620	1745538.4500000002
7621	6756501.97
7622	18440947.25
7623	6897690.6
7624	8679757.260000002
7625	4798922.63
7626	11847757.62
7627	8821088.68
7628	16480379.54
7629	2865709.9
763	11216091.76
7630	10563583.79
7631	12719213.459999999
7632	16163208.18
7633	13187708.540000001
7634	8800282.01
7635	17646129.119999997
7636	17279260.79
7637	9862029.05
7638	6306051.850000001
7639	7763803.92
764	4000854.97
7640	15794636.67
7641	3030849.54
7642	12046789.420000002
7643	4761846.25
7644	8364965.789999999
7645	6461543.2
7646	9294397.36
7647	11092856.82
7648	2939505.8899999997
7649	6605357.300000001
765	10586076.36
7650	7962718.68
7651	4591645.66
7652	9694887.419999998
7653	14367875.12
7654	12763284.97
7655	9324896.04
7656	15555614.86
7657	8737287.48
7658	2924975.08
7659	14933383.189999998
766	3106165.8499999996
7660	3115620.91
7661	12508192.92
7662	5833036.14
7663	7638932.209999999
7664	7990507.76
7665	5525913.27
7666	6299346.3
7667	6848231.51
7668	14113896.610000001
7669	9784000.94
767	2970763.86
7670	26359766.130000003
7671	11713538.93
7672	7287925.15
7673	7065173.899999999
7674	5907104.5
7675	11005905.16
7676	3477702.7800000003
7677	9586383.64
7678	25638361.8
7679	14924461.350000001
768	5378225.7
7680	8363519.02
7681	10396127.85
7682	2135965.68
7683	13608337.05
7684	3200637.9600000004
7685	16784749.32
7686	3344736.71
7687	9900207.07
7688	16538847.4
7689	4059990.02
769	10350904.59
7690	5171697.08
7691	6397322.25
7692	5819664.64
7693	14377701.11
7694	12752824.93
7695	3556912.17
7696	2908589.21
7697	8687434.799999999
7698	10443750.47
7699	15010954.280000001
77	15980599.09
770	11188532.33
7700	7953753.99
7701	5216113.949999999
7702	6535077.359999999
7703	4730032.91
7704	8860514.799999999
7705	16861660.36
7706	12868351.92
7707	9449493.139999999
7708	15282684.899999999
7709	13899443.25
771	15564183.900000002
7710	12091272.9
7711	3808320.99
7712	6261112.399999999
7713	9171612.91
7714	7014438.27
7715	11086455.270000001
7716	12123856.78
7717	10376418.83
7718	9873257.12
7719	9616761.46
772	9086623.04
7720	6819176.43
7721	11837308.280000001
7722	10119131.260000002
7723	4369632.73
7724	6310172.840000001
7725	7415867.899999999
7726	7983580.74
7727	17798467.05
7728	7017593.609999999
7729	3652421.71
773	7062643.859999999
7730	5176110.07
7731	9614724.41
7732	12219860.52
7733	14081486.15
7734	15580494.93
7735	21728565.560000002
7736	16734375.040000001
7737	3201727.9399999995
7738	11456844.33
7739	13529482.89
774	1869637.31
7740	17820871.61
7741	3009230.13
7742	4622919.2299999995
7743	11605209.86
7744	16070704.74
7745	13769533
7746	24406209.93
7747	8430983.45
7748	19358020.929999996
7749	11082527.829999998
775	10394091.54
7750	5926496.6899999995
7751	19047343.58
7752	9005043.18
7753	12374367.18
7754	14335339.790000003
7755	14198176.43
7756	13094550.11
7757	11962689.71
7758	14707333.24
7759	17383290.060000002
776	7873859.510000001
7760	6608847.699999999
7761	7338294.140000001
7762	7691596.6
7763	5840291.1
7764	2787877.6799999997
7765	7704885.440000001
7766	12306076.739999998
7767	11744300.61
7768	5202601.6899999995
7769	12415118.850000001
777	12325888.57
7770	5086576.4
7771	10379053.790000001
7772	11806629.21
7773	4377842.71
7774	8317930.360000001
7775	6060874.42
7776	9851368.53
7777	9380517.02
7778	15038412.540000001
7779	11355200.51
778	2637991.29
7780	18915193.490000002
7781	8643533.81
7782	16054078.66
7783	7790425.79
7784	22071731.9
7785	12695152.099999998
7786	11734555.27
7787	10716469.959999999
7788	11866656.94
7789	9752735.759999998
779	9316259.49
7790	6712149.300000001
7791	12837674.26
7792	10848739.76
7793	10810757.530000001
7794	12568604.48
7795	7917327.41
7796	8284479.56
7797	11307120.250000002
7798	8335997.760000001
7799	4196284.64
78	15876899.2
780	10859445.93
7800	14877564.64
7801	9599702.8
7802	12102256.27
7803	8480353.81
7804	11157035.75
7805	15034563.95
7806	14141684.55
7807	5555939.220000001
7808	5907829.01
7809	18925915.14
781	16512877.83
7810	7481959.709999999
7811	5971041.51
7812	4725513.609999999
7813	14232537.29
7814	5009763.79
7815	8829874.23
7816	7110759.119999999
7817	15583735.95
7818	17026709.599999998
7819	9151154.280000001
782	7594683.3100000005
7820	8865446.139999999
7821	2165854.34
7822	5036750.12
7823	13417333.85
7824	15428305.89
7825	12635385.3
7826	12556743.59
7827	11771588.76
7828	11375592.589999998
7829	6132053.9
783	17852027.49
7830	4472424.97
7831	13961427.85
7832	10449331.959999999
7833	10251399.12
7834	10484927.459999999
7835	3809230.88
7836	14832964.579999998
7837	10198132.82
7838	12544535.629999999
7839	5666139.529999999
784	12373512.129999999
7840	7665799.51
7841	8584988.620000001
7842	14155227.66
7843	19784829
7844	8755186.69
7845	7363691.749999999
7846	8410329.870000001
7847	2471860.65
7848	11528091.940000001
7849	8848006.03
785	4376445.55
7850	15596497.120000001
7851	3599411.6000000006
7852	4995156.540000001
7853	2076677.52
7854	16195249.85
7855	4940230.66
7856	10006394.879999999
7857	18217984.96
7858	17325580.02
7859	16228065.6
786	7458937.94
7860	10243250.93
7861	13063505.29
7862	4289097.78
7863	12144022.520000001
7864	8666080.08
7865	4458121.11
7866	16350474.7
7867	12687312.059999999
7868	14971223.559999999
7869	8721334.51
787	18613517.37
7870	4121604.3099999996
7871	3771227.5000000005
7872	24350950.75
7873	13241416.379999999
7874	8824190.530000001
7875	13447753.64
7876	8041192.760000001
7877	5170427.45
7878	6916967.3100000005
7879	15298676.439999998
788	19620415.67
7880	17793602.830000002
7881	19004293.35
7882	8435496.92
7883	11861384.489999998
7884	2705395.16
7885	9110863.879999999
7886	12421455.9
7887	7065493.11
7888	4003320.32
7889	2643338.81
789	13280559.27
7890	11383997.3
7891	9408558.75
7892	5226649.23
7893	18838091.369999997
7894	17268875.13
7895	13997559.459999999
7896	8370605
7897	4122828.59
7898	12276918.469999999
7899	15641260.56
79	13865228.7
790	9510425.64
7900	9826197.979999999
7901	10325761.860000001
7902	9898187.1
7903	7996455.03
7904	9708871.06
7905	6962361.49
7906	12423579.360000001
7907	18768346.11
7908	10133627.02
7909	15617481.06
791	9992646.379999999
7910	4515962.26
7911	11462311.120000001
7912	3623426.2899999996
7913	21746577.48
7914	6206756.609999999
7915	7021388.66
7916	2557125.5500000003
7917	1749956.54
7918	23046363.669999998
7919	10953596.940000001
792	12911260.37
7920	9789150.39
7921	7130460.4799999995
7922	13995013.95
7923	7392087.72
7924	5111908.8
7925	3387386.64
7926	16311050.679999998
7927	18773829.91
7928	4914131.359999999
7929	11378445.690000001
793	15125784.15
7930	18368412.799999997
7931	8430982.16
7932	11957164.190000001
7933	7270692.94
7934	14324714.89
7935	6746416.44
7936	7073496.96
7937	4967204.21
7938	10282663.78
7939	9091865.82
794	13379223.04
7940	12007858.58
7941	6552866.76
7942	12267744.57
7943	6953267.26
7944	5533488.76
7945	7787481.09
7946	6588603.2700000005
7947	12679214.329999998
7948	19641379.02
7949	5556908.93
795	4801576.73
7950	10421353.94
7951	8632695.52
7952	13398162.85
7953	11591445.98
7954	5649832.649999999
7955	7167676.12
7956	10025912.14
7957	8936543.790000001
7958	8058361.09
7959	9211413.85
796	13204384.58
7960	7822207.76
7961	9652082.06
7962	3980673.1100000003
7963	8195933.300000001
7964	2521397.38
7965	5276629.09
7966	9963836.07
7967	22150461.14
7968	8534818.16
7969	4704090.130000001
797	12480726.32
7970	4924079.53
7971	12305550.260000002
7972	3531834.81
7973	14211341.390000002
7974	5054199.67
7975	12300401.64
7976	10095055.32
7977	11563091.84
7978	12586671.600000001
7979	6581565.87
798	12881675.830000002
7980	6264771.100000001
7981	8531305.67
7982	9845722.98
7983	8659440.96
7984	7930232.07
7985	10899944.36
7986	17245295.28
7987	3719396.66
7988	12316690.07
7989	13172665.68
799	1184109.25
7990	7147365.409999999
7991	11799685.41
7992	13562048.7
7993	3943777.69
7994	8441285.55
7995	10852319.159999998
7996	7722865.67
7997	16117238.41
7998	7741441.33
7999	14237661.64
8	11707892.620000001
80	11183290.32
800	9269011.44
8000	7417463.620000001
8001	6371192.390000001
8002	17310703.509999998
8003	11189274.75
8004	6028034.49
8005	12590362.89
8006	10507265.63
8007	11220647.64
8008	7932317.0200000005
8009	7752909.569999999
801	10865058.04
8010	3831247.42
8011	13948019.149999999
8012	5223548.64
8013	6029980.74
8014	12452916.52
8015	13794579.66
8016	6108838.73
8017	3737477.3200000003
8018	9261242.139999999
8019	4257204.6
802	5682192.92
8020	9974848.4
8021	2975220.08
8022	8519746.55
8023	9774027.92
8024	15927472.489999998
8025	13800767.99
8026	5791757.68
8027	8906436.29
8028	12469051.059999999
8029	4886154.15
803	6786661.52
8030	10130388.1
8031	6908828.069999999
8032	5800885.750000001
8033	13323249.419999998
8034	11725816.71
8035	11840541.1
8036	8316467.01
8037	4811731.140000001
8038	8860431.72
8039	10174832.459999999
804	7008319.97
8040	9276086.5
8041	10312163.059999999
8042	3528636.8600000003
8043	6393014.12
8044	13818012.399999999
8045	5208652.32
8046	3328600.86
8047	15468158.52
8048	5311856.470000001
8049	12423319.889999999
805	4946549.94
8050	7802538.649999999
8051	6330195.49
8052	3995944.9799999995
8053	3910731.8899999997
8054	9556622.34
8055	6139701.16
8056	7436796.93
8057	17110526.25
8058	10901347.55
8059	15113454.81
806	7147407.85
8060	15086580.75
8061	13747930.33
8062	14769723.8
8063	12132218.170000002
8064	8228722.5
8065	13482272.400000002
8066	11364656.389999999
8067	10548464.959999999
8068	4540149.359999999
8069	7184801.66
807	11065236.09
8070	8699523.79
8071	9082045.9
8072	9999244.08
8073	10369215.39
8074	7201030.87
8075	18748339.03
8076	12142553.13
8077	12505621.21
8078	5802501.649999999
8079	5720856.850000001
808	7005273.640000001
8080	1860640.08
8081	7387874.760000002
8082	19844248.8
8083	7424997.279999999
8084	11170352.74
8085	11395869.68
8086	2124597.44
8087	6587404.380000001
8088	12372031.969999999
8089	12783685.76
809	8485031.4
8090	4861381.34
8091	7459473.609999999
8092	11735030.239999998
8093	7997357
8094	16073037.700000001
8095	8531276.82
8096	20701639.41
8097	11191004.450000001
8098	17059816.740000002
8099	10369217.45
81	3421610.4200000004
810	17046583.05
8100	6914218.43
8101	7863125.87
8102	16240438.95
8103	13921130.899999999
8104	9323525.129999999
8105	15806791.96
8106	15384829.18
8107	11469472.210000003
8108	6891595.6
8109	11641453.959999999
811	10690147.04
8110	5401857.6
8111	1804851.38
8112	6111572.72
8113	7428592.59
8114	8837305.2
8115	5845069.73
8116	13676554.150000002
8117	5443207.149999999
8118	5014490.6
8119	7811158.85
812	15793301.82
8120	10990254.76
8121	4662766.119999999
8122	5998121.38
8123	2906457.7800000003
8124	19524436.34
8125	6599629.779999999
8126	15063113.729999999
8127	19654394.6
8128	10883186.49
8129	13470853.45
813	8059187.85
8130	5284311.7
8131	9977789.63
8132	10018971.92
8133	10001889.57
8134	4487864.75
8135	4788955.07
8136	10467223.09
8137	10626754.99
8138	12112984.24
8139	9914665.89
814	10813282
8140	2406587.05
8141	11734987.970000003
8142	6347385.26
8143	5628117.390000001
8144	13153171.440000001
8145	18399825.6
8146	7288242.630000001
8147	5030854.41
8148	8468600.05
8149	7796586.02
815	3928617.31
8150	5284595.909999999
8151	5525617.51
8152	7845404.47
8153	7273919.51
8154	11876249.760000002
8155	10298225.04
8156	12526402.020000001
8157	12494846.85
8158	7140334.079999999
8159	13917157.21
816	9602084.57
8160	6616395.6
8161	14504934.129999999
8162	11631109.430000002
8163	7242909.319999999
8164	2894561.27
8165	9026872.100000001
8166	15077678.840000002
8167	16492156.719999999
8168	3606319.35
8169	12321663.180000002
817	9946936.719999999
8170	6499530.170000001
8171	10734490.69
8172	14290575.57
8173	6073706.73
8174	10079227.35
8175	11866000.15
8176	15241873.690000001
8177	9757769.469999999
8178	2057201.03
8179	10744020.63
818	8792042.620000001
8180	9733082.87
8181	6846737.95
8182	6853164.74
8183	7210048.55
8184	16747335.689999998
8185	6541903.8
8186	11934749.45
8187	9180679.59
8188	6189106.35
8189	17096985.830000002
819	4336269.41
8190	5307241.0200000005
8191	5934813.609999999
8192	9160922.57
8193	13258342.529999997
8194	7251993.08
8195	8113425.79
8196	10982715.940000001
8197	8331965.139999999
8198	5808667.88
8199	11484435.76
82	19919213.35
820	7067049.62
8200	12151746.55
8201	10610147.879999999
8202	5298096.44
8203	7954991.510000001
8204	11962362.48
8205	8508618.95
8206	15221615.08
8207	10569242.690000001
8208	6947822.58
8209	14847738.190000001
821	15301370.5
8210	9600947.84
8211	9958890.4
8212	6360859.18
8213	9379390.04
8214	13542271.38
8215	13721603.89
8216	6655461.59
8217	11397642.110000001
8218	14181719.639999999
8219	9219838.53
822	10193439
8220	6184442.75
8221	7374731.54
8222	15147123.59
8223	11490450.120000001
8224	9969601.169999998
8225	6056745.49
8226	9360934.51
8227	9770869.559999999
8228	8905877.379999999
8229	9516293.26
823	12305746.030000001
8230	3365850.2300000004
8231	12857735.43
8232	15388932.17
8233	762912.9199999999
8234	14386228.04
8235	10718847.23
8236	10138223.96
8237	11908291.229999999
8238	12416832.719999999
8239	2969861.16
824	7831556.88
8240	12399042.31
8241	1364336.48
8242	13387529.52
8243	14781374.310000002
8244	4032302.67
8245	13769143.929999998
8246	11582035.9
8247	9329588.030000001
8248	6147897.57
8249	5942427.359999999
825	14631289.95
8250	8911883.280000001
8251	16559745.16
8252	10821538.08
8253	17934287.92
8254	9790975.14
8255	13843671.759999998
8256	9796753.959999999
8257	6638748.4
8258	11948568.48
8259	10802080.53
826	6499003.13
8260	6327811.32
8261	11558237.05
8262	18292238.259999998
8263	13880658.059999999
8264	4812183.06
8265	5114922.130000001
8266	9005441.229999999
8267	10333150.899999999
8268	8357140.86
8269	17525309.81
827	7593231.1899999995
8270	23082676.36
8271	2750628.2899999996
8272	15664006.12
8273	11225193.280000001
8274	11710371.17
8275	10342227.02
8276	4704848.45
8277	4249428.58
8278	16334446.32
8279	14953446.42
828	11341081.08
8280	13511521.91
8281	2435019.8899999997
8282	7161046.600000001
8283	11523821.559999999
8284	10317942.379999999
8285	7193490.08
8286	8998725.42
8287	11025915.92
8288	14434741.240000002
8289	7521703.369999999
829	4873455.48
8290	13580426.069999998
8291	15301175.620000001
8292	1051826.4
8293	10109313.94
8294	10207495.940000001
8295	13306935.05
8296	6422163.96
8297	9530025.73
8298	8572245.71
8299	5168503.15
83	9543465.079999998
830	4252058.99
8300	6351964.41
8301	25540993.869999997
8302	8264042.31
8303	13290886.13
8304	22988329.99
8305	8235703.04
8306	10233079.47
8307	8742112.84
8308	10517794.68
8309	11923508.9
831	6431072.67
8310	10707604.549999999
8311	8862249.15
8312	7959433.76
8313	6262265.9399999995
8314	5590863.99
8315	8780856.57
8316	6801151.62
8317	11614689.93
8318	20646497
8319	6155540.75
832	6009921.63
8320	17774514.66
8321	10441637.12
8322	14544888.219999999
8323	6855867.470000001
8324	11970051.55
8325	14345303.7
8326	5462688.75
8327	16017849.200000001
8328	9814885.82
8329	19986963.77
833	3163097.5600000005
8330	12175542.18
8331	10774576.24
8332	6525251.46
8333	8568527.05
8334	15200804.23
8335	6703680.289999999
8336	10674299.81
8337	14797361.07
8338	4601210.8100000005
8339	3108067.49
834	15007322.240000002
8340	6525188.85
8341	5102663.49
8342	8984757.18
8343	13181441.219999999
8344	14354196.04
8345	8890546.18
8346	12996492.32
8347	11479861.52
8348	19993992.6
8349	4004696.24
835	12276865.88
8350	15010821.91
8351	18560836.270000003
8352	16141021.079999998
8353	6252394.86
8354	2844105.27
8355	7792044.75
8356	7177702.380000001
8357	7956780.75
8358	12686768.279999997
8359	12035875.08
836	11414688.11
8360	14447892.32
8361	5382522.52
8362	11036489.51
8363	14782851.55
8364	3939586.1399999997
8365	12751320.05
8366	12382870.920000002
8367	14194954.36
8368	6307388.01
8369	12817341.02
837	15029725.85
8370	1823985.05
8371	6509465.880000001
8372	13752691.04
8373	10864143.25
8374	11403523.88
8375	9513215.67
8376	10615557.46
8377	10503418.950000001
8378	4352782.21
8379	7524912.74
838	9609011.379999999
8380	9132249.349999998
8381	11542917.719999999
8382	13919540.879999999
8383	2344432.28
8384	11469780.219999999
8385	9539410.809999999
8386	10799710.370000001
8387	7624144.350000001
8388	8107106.619999999
8389	8919696.18
839	11042480.91
8390	12894296.76
8391	17967477.6
8392	16047170.86
8393	10682822.32
8394	13699724.61
8395	9049880.82
8396	15560425.61
8397	7095371.34
8398	6519876.489999999
8399	8082314.14
84	4891082.38
840	7379628.83
8400	9682696.65
8401	4586087.3
8402	4881409.95
8403	8232056.51
8404	10718346.469999999
8405	18405676.36
8406	12930511.6
8407	2733882.66
8408	5174429.22
8409	9459741.55
841	5792011.74
8410	684522.42
8411	12410201.439999998
8412	7514821.17
8413	3536380.29
8414	6500233.289999999
8415	14151919.290000001
8416	8397877.879999999
8417	8615591.93
8418	6454294.5600000005
8419	13539819.55
842	4091562.83
8420	12485907.04
8421	16627190.559999999
8422	17226270.029999997
8423	6694019.89
8424	6758062.089999999
8425	10355567.24
8426	12145219.95
8427	10163644.66
8428	10882558.25
8429	11266212.03
843	1847144.1399999997
8430	5222867.48
8431	6406157.46
8432	15332550.450000001
8433	15530099.27
8434	7593193.5
8435	9492641.42
8436	9663419.149999999
8437	12962903.45
8438	4399225.5
8439	4275881.08
844	4962667.73
8440	4760849.23
8441	6594894.85
8442	3331434.71
8443	2034828.06
8444	19231842.51
8445	7870339.35
8446	5855489.510000001
8447	6599411.92
8448	15614871.989999998
8449	20695382.35
845	3658669.58
8450	10420157.259999998
8451	11051702.33
8452	5680361.74
8453	18126935.599999998
8454	8118388.83
8455	18067467.64
8456	11733890.360000001
8457	4925249.51
8458	10191410.37
8459	15597891.799999999
846	13013467.73
8460	2466421.41
8461	7562287.17
8462	15068213.930000002
8463	7647335.469999999
8464	13547052.6
8465	12136521.379999999
8466	7915805.81
8467	5697838.640000001
8468	13525523.57
8469	3258467.5700000003
847	15228995.779999997
8470	13356876.75
8471	3945306.81
8472	3797971.27
8473	11811873.32
8474	3913302.8600000003
8475	5822649.74
8476	14985730.290000001
8477	7630428.99
8478	15022077.13
8479	5496715.88
848	6680229.08
8480	12129385.36
8481	9375514.76
8482	12106660.69
8483	7210305.67
8484	15142504.399999999
8485	4910015.02
8486	5718914.96
8487	6657742.640000001
8488	10737743.98
8489	17467226.8
849	10575573.889999999
8490	2315585
8491	18522354.320000004
8492	11192226.3
8493	6210230.09
8494	7788424.26
8495	7182596.300000001
8496	4832701.42
8497	6338249.459999999
8498	20577466.9
8499	6904205.11
85	3338711.3899999997
850	4088889.5999999996
8500	13746052.3
8501	2470555.4800000004
8502	10136306.58
8503	6905468.75
8504	14435158.1
8505	7255274.879999999
8506	8636538.83
8507	7718052.97
8508	10622498.24
8509	5999360.859999999
851	7656169.71
8510	15783835.000000002
8511	19156939.449999996
8512	14559101.240000002
8513	5565242.16
8514	17389825.050000004
8515	15322173.830000002
8516	3479033.6
8517	6264836.29
8518	10089300.49
8519	2736894.51
852	1698531.5300000003
8520	16966928.16
8521	6971416.38
8522	15707321.73
8523	5008242.6
8524	4711141.930000001
8525	7821502.140000001
8526	2851109.16
8527	4295375.75
8528	11702695.36
8529	7093869.97
853	6498337.329999999
8530	4344077.9399999995
8531	2620818.08
8532	11710993.35
8533	13636123.280000001
8534	6050739.33
8535	12659659.73
8536	12464726.120000001
8537	16031669.68
8538	16124755.870000001
8539	7187329.130000001
854	2821972.76
8540	12352403.31
8541	4716528.460000001
8542	3741727.91
8543	5488777.010000001
8544	5314767.88
8545	7297554.49
8546	15028653.680000002
8547	13307391.850000001
8548	7752879.82
8549	6254705.75
855	751155.7599999999
8550	10549780.85
8551	10494811.22
8552	1137226.18
8553	10424862.72
8554	8329626.000000001
8555	6962375.34
8556	12631554.56
8557	11768759.93
8558	4321078.36
8559	5771917.300000001
856	5242287.4
8560	16754486.32
8561	6349999.39
8562	8006692.96
8563	9475688.540000001
8564	6364066.5
8565	5270512.52
8566	13501637.759999998
8567	8673553.18
8568	13973723.280000001
8569	11024681.28
857	20161954.42
8570	10139079.45
8571	18022598.77
8572	18483504.330000002
8573	19445651.48
8574	8923225.24
8575	5756474.86
8576	20553139.67
8577	8657282.37
8578	6217317.37
8579	26201014.44
858	10585632.749999998
8580	6825467.0600000005
8581	26116544.92
8582	10261686.33
8583	2274094.9
8584	5704873.459999999
8585	12764588.99
8586	2259116.7399999998
8587	5770974.45
8588	8710981.4
8589	19792948.23
859	15784680.32
8590	13611501.77
8591	4326443.6899999995
8592	8202188.0600000005
8593	8757403.92
8594	8291679.82
8595	11794160.66
8596	10008004.36
8597	5259116.25
8598	16172942.73
8599	6522630
86	5746713.88
860	3353355.08
8600	18127682.07
8601	2210080.42
8602	12046466.94
8603	18391453.08
8604	10627320.76
8605	9403896.95
8606	10206475.950000001
8607	5666775.02
8608	11177091.860000001
8609	8369795.470000001
861	10371971.68
8610	12041959.450000001
8611	6447790.9
8612	9198344.52
8613	2345396.5100000002
8614	14134742.66
8615	3898725.9000000004
8616	6529989.19
8617	6874171.06
8618	16201651.660000002
8619	10606280.469999999
862	11851574.51
8620	13478273.870000001
8621	8947302.200000001
8622	16986187.22
8623	9379193.51
8624	7914338.450000001
8625	2508082.75
8626	9637548.25
8627	6777689.78
8628	9562243.629999999
8629	7963815.15
863	8285780.17
8630	9352662.03
8631	5877324.24
8632	11472320.6
8633	6468217.279999999
8634	9693301.110000001
8635	14328667.72
8636	7119156.58
8637	8416791.56
8638	17896017.6
8639	14631049.41
864	10875483.540000001
8640	19388646.86
8641	16835946.21
8642	9127558.45
8643	16876028.66
8644	14623164.549999999
8645	6407855.14
8646	13357773.02
8647	10342227.73
8648	5727383.06
8649	15265604.61
865	8960223.6
8650	9545843.71
8651	11872026.41
8652	4443984.750000001
8653	11855005.69
8654	9623924.759999998
8655	10184387.64
8656	13876508.09
8657	10925793.559999999
8658	3738951.6199999996
8659	14710213.64
866	9299609.51
8660	18962255.290000003
8661	16372124.190000001
8662	13733197.71
8663	7088275.09
8664	13634419.120000001
8665	14291869.55
8666	10293414.48
8667	8853828.280000001
8668	15143565.520000001
8669	5116017.5
867	9083357.790000001
8670	11021744.89
8671	12452515.47
8672	11815330.01
8673	14310583.07
8674	9634067.84
8675	6040107.719999999
8676	13893400.090000002
8677	4311661.449999999
8678	3844631.15
8679	4614794.41
868	6365320.949999999
8680	8456022.66
8681	16508308.569999998
8682	4651332.1
8683	7684775.5
8684	16358482.290000001
8685	16206850.469999999
8686	8380245.620000001
8687	11650792.3
8688	9625507.04
8689	11874853.24
869	13305407.87
8690	5933686.4799999995
8691	9194961.77
8692	7383481.96
8693	6906968.2
8694	7591459.740000001
8695	12410342.89
8696	11892351.91
8697	13691763.74
8698	6683502.919999999
8699	16580153.579999998
87	11686376.71
870	4477938.88
8700	3513743.98
8701	10387823.27
8702	10980283.5
8703	19448330.819999997
8704	5904540.98
8705	13722967.18
8706	12711666.47
8707	23550163.38
8708	8121199.59
8709	2573109.62
871	7337295.57
8710	12904917.299999999
8711	14593860.93
8712	11721590.450000001
8713	9456412.75
8714	13745513.18
8715	11763235.450000001
8716	19814248.03
8717	5290468.609999999
8718	16722100.91
8719	8495458.6
872	17172905.32
8720	9450573.879999999
8721	14626977.99
8722	9464336.99
8723	10582974.809999999
8724	13184439.52
8725	6492449.78
8726	10474846.83
8727	11746034.68
8728	5117222.64
8729	8419367.67
873	5998838.9399999995
8730	13618115.719999999
8731	8253418.58
8732	8126922.4799999995
8733	14153088.9
8734	17288108.41
8735	13720564.950000001
8736	11054283.309999999
8737	5964784.22
8738	14160905.509999998
8739	12030201.9
874	4000942.04
8740	7128296.399999999
8741	5352891.93
8742	6099366.91
8743	5237523.800000001
8744	9811707.61
8745	19709839.94
8746	6236232.42
8747	7104268.5
8748	8572023.41
8749	2379898.91
875	21878574.47
8750	8730017.56
8751	9621886.629999999
8752	11219565
8753	9091413.2
8754	11712771.2
8755	17860441.35
8756	8859137.66
8757	6314778.57
8758	1338524.94
8759	4592303.51
876	9649276.28
8760	8939460.36
8761	5023078.140000001
8762	3224249.4599999995
8763	5077554.2299999995
8764	3015295.94
8765	10398707.63
8766	6518438.46
8767	2071834.22
8768	14233879.379999999
8769	2087978.71
877	3258470.2800000003
8770	8635963.56
8771	7424039.3100000005
8772	8931270.86
8773	15348397.169999998
8774	5299691.55
8775	11024539.03
8776	9483145.44
8777	4282519.45
8778	15239026.149999999
8779	3552914.0600000005
878	9787089.61
8780	5727173.68
8781	10138608.189999998
8782	19404962.26
8783	13258908.950000001
8784	12256187.66
8785	11144498.17
8786	10881081.08
8787	12431138.260000002
8788	9529761.530000001
8789	10986750.91
879	1884172.95
8790	6558468.87
8791	7695675.07
8792	9115074.68
8793	9128419.02
8794	8804865.96
8795	11147736.790000001
8796	10505628.53
8797	10842753.370000001
8798	12520012.33
8799	6920670.710000001
88	3117730.2399999998
880	4516072.28
8800	8458528.21
8801	21264344.32
8802	14048191.920000002
8803	1479155.55
8804	8225948.989999998
8805	2670142.35
8806	13429801.7
8807	15089297.830000002
8808	14170858.83
8809	6634874.4399999995
881	15720852.48
8810	15952937.93
8811	9623319.18
8812	12406654.11
8813	4848771.84
8814	9071567.99
8815	8998419.42
8816	6341517.57
8817	7122045.4399999995
8818	12430083.71
8819	11983426.44
882	18093818.09
8820	16018209.07
8821	15446441.18
8822	7422608.59
8823	12222076.36
8824	9249260.9
8825	9319306.77
8826	6679496.61
8827	12739658.520000001
8828	13696768.879999999
8829	8555158.03
883	12804157.69
8830	12004869.25
8831	7036913.51
8832	8254586.6899999995
8833	4115741.41
8834	15151204.18
8835	2688237.84
8836	6443444.51
8837	16045467.89
8838	6904049.669999999
8839	3118946.66
884	3681531.22
8840	7676887.7299999995
8841	16668628.33
8842	14002327.459999999
8843	12534625.790000001
8844	8119797.400000001
8845	16611442.569999998
8846	14645013.42
8847	7133577.1
8848	6590010.74
8849	7501991.86
885	8787057.97
8850	12190314.19
8851	8268614.0600000005
8852	10536362.93
8853	6249612.880000001
8854	4930848.75
8855	5661489.24
8856	9450631.299999999
8857	17062044.380000003
8858	10304510.31
8859	9937128.66
886	9503592.73
8860	27730361.03
8861	10027404.31
8862	4823658.57
8863	7256320.59
8864	2230318.24
8865	5923078.500000001
8866	14530165.87
8867	12057709.38
8868	14673944.98
8869	7215373.09
887	16482437.850000001
8870	10847900.15
8871	6834894.039999999
8872	9108537.729999999
8873	5529315.82
8874	4053908.9
8875	11829892.46
8876	9489444.47
8877	4007647.71
8878	8449335.41
8879	13302877.68
888	21114645.99
8880	7341443.899999999
8881	14117008.08
8882	11738164.620000001
8883	5582161.18
8884	4537176.609999999
8885	5049339.469999999
8886	12926642.780000001
8887	13333854.32
8888	16125590.590000002
8889	4604801.48
889	9009318.22
8890	13795814.19
8891	4812329.71
8892	8337247.49
8893	18758695.53
8894	7079691.31
8895	12225499.21
8896	19859332.85
8897	7092994.17
8898	10786231.080000002
8899	3334834.23
89	13371480.41
890	15765002.55
8900	21670590.75
8901	12144641.98
8902	11961984.68
8903	7801657.43
8904	20076199.009999998
8905	5500046.159999999
8906	11223572.06
8907	6130188.399999999
8908	12958030.030000001
8909	18392379.279999997
891	12048478.32
8910	4784756.98
8911	9140881.04
8912	7669690.93
8913	6222663.8
8914	2136205.3600000003
8915	12980265.18
8916	15166737.009999998
8917	5471695.350000001
8918	5813702.65
8919	7834593.48
892	12365183.77
8920	8236488.609999999
8921	11403788.5
8922	13594676.1
8923	9331357.01
8924	14820817.15
8925	12661240.110000001
8926	13013684.45
8927	13196732.73
8928	2878231.43
8929	20865944.8
893	11297541.42
8930	6528027.16
8931	6115248.930000001
8932	19119361.66
8933	6490600.07
8934	18744284.59
8935	10413001.74
8936	9157208.56
8937	9634136.58
8938	3281207.64
8939	9106692.719999999
894	5781469.63
8940	4251096.14
8941	7708955.649999999
8942	9944649.42
8943	7355417.380000001
8944	9578983.04
8945	9957061.07
8946	7277134.7
8947	10707031.81
8948	2583646.2199999997
8949	6269710.959999999
895	10354124.129999999
8950	14139247.8
8951	5051817.65
8952	6207532.779999999
8953	7374353.84
8954	11838146.92
8955	6257401.92
8956	8823822.81
8957	6161051.63
8958	14449529.879999999
8959	14595943.799999999
896	7939053.53
8960	7812359.940000001
8961	7734528.94
8962	16578899.28
8963	5389305.49
8964	10412548.489999998
8965	2959806.46
8966	4037433.16
8967	7673315.9799999995
8968	13388895.85
8969	6839167.56
897	5855571.33
8970	19586638.159999996
8971	12662646.55
8972	10736793.48
8973	17326545.22
8974	9552712.520000001
8975	11751166.73
8976	6441903.069999999
8977	7150967.6000000015
8978	19174313.6
8979	13906050.440000001
898	15304731.83
8980	8317195.72
8981	11181401.07
8982	7844152.73
8983	14753272.15
8984	9471191.96
8985	11360267.85
8986	8323938.07
8987	12784472.04
8988	13311315.370000001
8989	12144584.71
899	5665448.4
8990	7775417.94
8991	9394917.32
8992	14167706.72
8993	13488011.46
8994	9966360.34
8995	10443435.870000001
8996	7762098.879999999
8997	11593700.52
8998	10636212.850000001
8999	15343370.64
9	11264843.73
90	13732797.48
900	4261502.7
9000	13579590.32
9001	8103275.34
9002	8395946.99
9003	10691704.74
9004	5468687.52
9005	4865857.24
9006	14761061.56
9007	10496705.64
9008	4404784.68
9009	7077344.05
901	18004757.76
9010	3904891.91
9011	6849315.210000001
9012	8867315.739999998
9013	4590767.67
9014	9597932.01
9015	16733432.28
9016	9446878.05
9017	7042272.130000001
9018	4007347.44
9019	10408702.9
902	21137539.58
9020	12749712.68
9021	9617203.36
9022	9709639.51
9023	9639521.84
9024	7319855.61
9025	12398257.14
9026	13444813.719999999
9027	12120663.18
9028	14489201.599999998
9029	16053425.280000001
903	1159628.77
9030	6463193.79
9031	4285727.18
9032	13765253.19
9033	6628258.58
9034	20347803.19
9035	15439384.36
9036	16877258.89
9037	9820426.31
9038	7809888.89
9039	17892954.53
904	5158735.090000001
9040	8627960.09
9041	6209390.45
9042	14707759.97
9043	13834443.95
9044	6439303.75
9045	5240422.890000001
9046	14828859.11
9047	5252903.81
9048	11240909.639999999
9049	11472806.280000001
905	9237356.950000001
9050	5355486.83
9051	7207509.96
9052	18757980.1
9053	14374680.72
9054	7401820.29
9055	5563728.959999999
9056	8157306.619999999
9057	9492212
9058	4642329.109999999
9059	6921380.01
906	13802058.950000001
9060	10628586.719999999
9061	6631354.35
9062	9513336.370000001
9063	15798944.489999998
9064	19303990.16
9065	6169877.46
9066	15744484.28
9067	8569856.79
9068	8507289.34
9069	11304121.81
907	6184336.29
9070	5174754.109999999
9071	5348958.9399999995
9072	18125766.7
9073	9549522.31
9074	8404906.01
9075	6429605.029999999
9076	9345191.85
9077	5513436.84
9078	6192635.819999999
9079	8289798.75
908	7414707.510000001
9080	10349778.739999998
9081	5756565.4399999995
9082	12928001.7
9083	13348130.22
9084	6269716.99
9085	7903906.66
9086	6001221.050000001
9087	9347357.56
9088	8968387.389999999
9089	8011783.23
909	10171990.9
9090	5470814.52
9091	7299869.88
9092	9705807.66
9093	7512609.03
9094	5653646.29
9095	8109695.930000001
9096	19086083.19
9097	8065669.17
9098	10346036.88
9099	1693807.3
91	8460636.52
910	10371238.56
9100	4307469.11
9101	6853180.13
9102	5094974.2
9103	9955528.379999999
9104	13065327.829999998
9105	14374305.95
9106	7899552.77
9107	1880205.88
9108	11976668.309999999
9109	11827959.360000001
911	19045725.89
9110	4782809.640000001
9111	17574109.810000002
9112	18326722.65
9113	8649291.86
9114	13393752.67
9115	8369255.93
9116	7843729.050000001
9117	9744153.1
9118	5775759.199999999
9119	7234750.48
912	10914660.55
9120	8548448.33
9121	3199418.5200000005
9122	7517879.449999999
9123	6170171.599999999
9124	6438089.879999999
9125	14677342.61
9126	13880203.049999999
9127	9813487.22
9128	2792841.58
9129	9096928.38
913	2102904.9699999997
9130	11537544.67
9131	11762129.940000001
9132	18127571.22
9133	13325820.19
9134	11461035.27
9135	8365287.4
9136	7059907.82
9137	2949287.07
9138	12293764.97
9139	17303761.020000003
914	12461990.620000001
9140	13951463.43
9141	13237429.68
9142	15412713.33
9143	9660598.69
9144	9662738.07
9145	16424415.8
9146	5159443.01
9147	17251355.25
9148	11290121.440000001
9149	12435536.640000002
915	14302999.790000001
9150	11752335.059999999
9151	6296999.07
9152	11232305.49
9153	12129247.82
9154	4900130.449999999
9155	18883839.630000003
9156	10859104.89
9157	5570911.220000001
9158	15814769.100000001
9159	9407325.120000001
916	15444325.16
9160	7835143.16
9161	12959453.579999998
9162	5566821.71
9163	12855669.229999999
9164	6580486.02
9165	5389448.52
9166	4307200.13
9167	13962786.259999998
9168	11139209.58
9169	8154741.640000001
917	16338996.16
9170	10289146.97
9171	5832093.149999999
9172	4579412.63
9173	5566703.909999999
9174	15396208.44
9175	12804038.39
9176	9459917.989999998
9177	6738469.63
9178	14636420.010000002
9179	11194434.36
918	8551297.700000001
9180	7446820.32
9181	11923599.9
9182	8494310.57
9183	11963863.18
9184	4243427.93
9185	11962069.469999999
9186	7739308.479999999
9187	10397704.37
9188	13742089.11
9189	14295276.07
919	6269870.380000001
9190	7116089.28
9191	17902881.8
9192	7568797.15
9193	4456822.54
9194	9830797.86
9195	4076342.89
9196	20979658.02
9197	15930616.74
9198	7957274.779999999
9199	13612701.12
92	5489588.28
920	13509725.99
9200	3303530.8200000003
9201	13216738.969999999
9202	11685874.89
9203	9923126.77
9204	9853102.96
9205	11523564.700000001
9206	11445937.63
9207	10221062.610000001
9208	3179651.94
9209	4586078.609999999
921	3586276.4
9210	10246029.379999999
9211	7291302.550000001
9212	12282419.74
9213	11914595.74
9214	10994162.78
9215	9646414.129999999
9216	12105945.69
9217	11069453.82
9218	10311172.68
9219	7142543.92
922	9944965.940000001
9220	6458947.38
9221	11908810.3
9222	5877455.46
9223	2757278.2700000005
9224	8607225.14
9225	13870826.799999999
9226	9707835.77
9227	19102365.810000002
9228	6141947.930000001
9229	8049258.07
923	4601684.419999999
9230	8623150.67
9231	4820055.449999999
9232	5092078.53
9233	3924355.36
9234	10543649.25
9235	6792400.949999999
9236	21225968.39
9237	5592142.63
9238	7568465.22
9239	20870842.37
924	13638343.1
9240	11523068.18
9241	11390140.56
9242	7858130.09
9243	3782896.4
9244	14112071.81
9245	11170518.059999999
9246	3892145.9
9247	8431124.09
9248	11810758.889999999
9249	12662076.32
925	5250838.93
9250	6696889.62
9251	19614091.509999998
9252	4430385.819999999
9253	9009227.09
9254	7974512.95
9255	7979068.6
9256	12402921.64
9257	13946605.47
9258	3774740.0999999996
9259	10718504.530000001
926	3781748.4299999997
9260	6280334.92
9261	12040786.92
9262	2398451.88
9263	6202819.17
9264	11248645.129999999
9265	10912300
9266	23041660.400000002
9267	6441503.119999999
9268	9303639.82
9269	10409186.73
927	18042978.810000002
9270	22303829.799999997
9271	12074950.440000001
9272	6500970.959999999
9273	12314596.069999998
9274	2781679.57
9275	5062573.300000001
9276	2449068.3800000004
9277	14149871.73
9278	9178036.879999999
9279	6041141.5
928	11869248.41
9280	16224770.309999999
9281	7408953.7700000005
9282	6130518.96
9283	19009966.87
9284	9093250.71
9285	13306191.440000001
9286	8256460.930000001
9287	9766957.149999999
9288	9962435.84
9289	16761430.58
929	11512685.96
9290	7839739.840000001
9291	12482472.809999999
9292	15528911.86
9293	12151156.67
9294	11011686.27
9295	10185789.330000002
9296	9502506.7
9297	9610092.73
9298	2422000.0100000002
9299	4878445.72
93	12992982.18
930	13709510.379999999
9300	9210061.07
9301	8540737.120000001
9302	3268068.87
9303	11166665.469999999
9304	14649175.729999999
9305	11095222.11
9306	8783243.79
9307	11784141.73
9308	5021364.220000001
9309	15411845
931	4337666.9399999995
9310	1449046.4100000001
9311	7198692.209999999
9312	21657813.85
9313	6452459.49
9314	6163091.45
9315	5640040.42
9316	17750231.28
9317	21067172.23
9318	13929454.35
9319	12540992.59
932	6543310.790000001
9320	17269461.76
9321	15837988.940000001
9322	4971077.35
9323	8836197.12
9324	6579101.280000001
9325	4631451.67
9326	7586832.76
9327	10310883.600000001
9328	12253458.940000001
9329	9736663.34
933	9630961.74
9330	8535865.91
9331	13695279.14
9332	6385574.109999999
9333	7121964.87
9334	9948039.25
9335	14577126.479999999
9336	5066879.329999999
9337	5471971.739999999
9338	8140278.449999999
9339	7793175.300000001
934	14387222.06
9340	11824424.870000001
9341	13934216.64
9342	6315304.640000001
9343	2966444.89
9344	5119102.350000001
9345	6872702.32
9346	2448205.4499999997
9347	7681456.91
9348	4623413.66
9349	8136324.27
935	10414532.33
9350	11562381.419999998
9351	7936062.710000001
9352	1822645.35
9353	7444994.4
9354	18623368.36
9355	9992273.04
9356	9927021
9357	7748349.05
9358	19584940.52
9359	22429492.11
936	3347632.77
9360	7653905.279999999
9361	11829647.080000002
9362	3125534.5700000003
9363	14039792.600000001
9364	13967776.48
9365	5514511.71
9366	18377310.12
9367	3310222.75
9368	11353302.6
9369	4726230.97
937	2271910.04
9370	10984259.89
9371	5043665.85
9372	10359700.71
9373	1921302.1
9374	9263049.55
9375	9828281.219999999
9376	11715599.4
9377	11490057.33
9378	11183356.6
9379	14807567.700000003
938	11489741.530000001
9380	6461982.0600000005
9381	8575423.16
9382	15395818.799999999
9383	3635235.09
9384	13102053.11
9385	16913919.02
9386	5202908.72
9387	9099688.24
9388	11516280.83
9389	7342002.149999999
939	6426108.41
9390	7385168.229999999
9391	9778182.28
9392	17111540.86
9393	13087976.399999999
9394	5263424.49
9395	9170521.719999999
9396	8424695.129999999
9397	10162356.370000001
9398	7612012.95
9399	13214142.129999999
94	10924401.16
940	9120451.87
9400	11101924.620000001
9401	14380186.64
9402	4667427.38
9403	18576111.380000003
9404	2944480.3200000003
9405	10533438.05
9406	13532990.39
9407	15077254.370000001
9408	12915786.96
9409	19829693.29
941	10267673.09
9410	9556733.82
9411	11171783.620000001
9412	17809180.8
9413	12749411.36
9414	15370875.08
9415	10478062.26
9416	9702395.48
9417	13462796.780000001
9418	5217409.949999999
9419	5218676.450000001
942	20486841.64
9420	13545052.21
9421	14147964.6
9422	10818251.36
9423	18527946.94
9424	14196752.87
9425	8166396.050000001
9426	13872787.040000001
9427	7906200.949999999
9428	10108154.36
9429	8650524.799999999
943	18324824.46
9430	15003700.99
9431	16938734.58
9432	11594728.76
9433	12099050.82
9434	5321378.17
9435	13476374.34
9436	12102195.149999999
9437	2068993.1099999999
9438	10095485.11
9439	11288948.39
944	9239988.219999999
9440	8427267.18
9441	9328447.73
9442	7641901.91
9443	12898117.49
9444	12151982.91
9445	17279766.25
9446	11336722.74
9447	19352608.259999998
9448	11585927.93
9449	6177694.5600000005
945	19814029.8
9450	3232369.81
9451	9375010.170000002
9452	9677402.48
9453	3255508.01
9454	7086745.459999999
9455	14627450.23
9456	11855485.55
9457	13927902.48
9458	6738458.78
9459	11688625.12
946	8178803.7
9460	15678595.21
9461	16245007.56
9462	5883447.399999999
9463	4206274.35
9464	9075174.010000002
9465	2792599.1799999997
9466	12371298.2
9467	23817496.830000002
9468	7668556.54
9469	17491262.259999998
947	11174678.53
9470	15133749.610000001
9471	14531399.04
9472	15869659.16
9473	6826914.93
9474	9526512.37
9475	12259669.819999998
9476	12791629.41
9477	11248939.110000001
9478	8489515.32
9479	13258536.29
948	8025500.24
9480	10443891.73
9481	12283958.65
9482	16629511.7
9483	15621438.850000001
9484	4684725.7299999995
9485	15145507.940000001
9486	20974725.76
9487	9390302.9
9488	16068885.23
9489	14539978.98
949	14237105.44
9490	9229031.17
9491	6263864.6
9492	5521448.12
9493	5004556.4
9494	9990509.809999999
9495	11586095.08
9496	6992237.219999999
9497	5638199.85
9498	6605792.84
9499	10825646.870000001
95	12046889.5
950	12026919.77
9500	7159331.49
9501	13721410.9
9502	14473872.59
9503	12416706.969999999
9504	9509070.54
9505	12529545.379999999
9506	11940205.240000002
9507	10096802.03
9508	17395897.79
9509	8651202.4
951	17126242.48
9510	15727591.88
9511	9079286.09
9512	7949867.99
9513	8043087.449999999
9514	14757833.54
9515	13155528.92
9516	12058285.719999999
9517	2081480.3
9518	11016212.08
9519	2430700.62
952	17932296.53
9520	14655799.05
9521	9881506.48
9522	6422335.4
9523	12201025.9
9524	10870269.239999998
9525	7512250.83
9526	8580159.4
9527	5926524.65
9528	9066894.76
9529	8657783.9
953	5633139.4799999995
9530	7412210.57
9531	8619362.65
9532	3857364.95
9533	15167035.05
9534	5705423.300000001
9535	8026068.700000001
9536	13510739.209999999
9537	4827092.87
9538	17701678.89
9539	11490093.23
954	10861592.5
9540	12014739.129999999
9541	21436819.75
9542	5969450.280000001
9543	6045536.160000001
9544	11153592.92
9545	9100837.43
9546	9961306.13
9547	12987697.239999998
9548	11777987.97
9549	11064493.620000001
955	15563535.35
9550	8625488.84
9551	10702829.94
9552	15333502.219999999
9553	7035824.67
9554	5747236.529999999
9555	5093220.63
9556	9387733.77
9557	10091661.75
9558	5994874.640000001
9559	11099158.5
956	19029508.250000004
9560	8645610.86
9561	18945089.65
9562	18769995.770000003
9563	14735414.120000001
9564	18516141.16
9565	16828455.9
9566	10287693.799999999
9567	4195081.8
9568	8219555.190000001
9569	6553704.540000001
957	10509187.879999999
9570	13939103.620000001
9571	12668427.98
9572	14115113.19
9573	16685290.54
9574	5626293.24
9575	16431203.91
9576	17647033.18
9577	6783152.33
9578	18983597.12
9579	7730498.63
958	7247299.699999999
9580	17712276.990000002
9581	8309132.12
9582	8625335.780000001
9583	5004830.41
9584	9968220.400000002
9585	7104712.949999999
9586	11375821.52
9587	5275080.76
9588	15749662.2
9589	4126747.07
959	10867497.59
9590	12073881.94
9591	12831314.05
9592	16113086.12
9593	8348130.51
9594	13284344.21
9595	8671753.379999999
9596	12623209.169999998
9597	13432529.11
9598	6150075.21
9599	13560630.239999998
96	14952132.59
960	17222179.549999997
9600	25962220.849999998
9601	3374853.7800000003
9602	10296778.64
9603	12420381.57
9604	9161190.23
9605	18851092.24
9606	5288943.8
9607	4665522.69
9608	5927339.3100000005
9609	8310147.31
961	6677412.12
9610	10592109.670000002
9611	5580178.2700000005
9612	6739953.85
9613	3510478.93
9614	16571926.620000001
9615	18785393.61
9616	11920610.88
9617	9359601.53
9618	13320568.27
9619	15887292.06
962	3467932.05
9620	15410901.98
9621	9901940.739999998
9622	7159651.29
9623	4755784.92
9624	7527289.230000001
9625	8583274.889999999
9626	5003084.43
9627	3293588.38
9628	9981519.89
9629	7666741.04
963	6293369.550000001
9630	7038526.4
9631	9934421.7
9632	10974949.129999999
9633	8539086.350000001
9634	4234254.73
9635	5912552.76
9636	6801433.96
9637	14945857.62
9638	7114746.14
9639	10824452.37
964	9725598.08
9640	15141784.2
9641	5702571.840000001
9642	6618756.45
9643	5404330.38
9644	11503849.659999998
9645	9426239.24
9646	3359688.57
9647	11807592.419999998
9648	4300479.06
9649	9827979.690000001
965	12763224.44
9650	6087061.81
9651	13391227.419999998
9652	11035975.209999999
9653	6799373.99
9654	7778035
9655	5974539.9799999995
9656	5304240.640000001
9657	12714239.18
9658	21648626.410000004
9659	5746153.84
966	21813272.25
9660	10346493.9
9661	6169713.43
9662	15623113.54
9663	14144515.33
9664	11701933.19
9665	14332142.900000002
9666	11528932.95
9667	17266683.03
9668	10777234.27
9669	11829331.559999999
967	10990123.32
9670	6227823.779999999
9671	13547803
9672	6309406.859999999
9673	8871674.969999999
9674	5225852.92
9675	9985201.5
9676	11030902.36
9677	6353298.26
9678	7180780.57
9679	4551777.390000001
968	14740215.02
9680	8236390.47
9681	11115318.11
9682	13811216.469999999
9683	5172878.55
9684	18758942.060000002
9685	10633094.58
9686	17546107.62
9687	6356438.279999999
9688	18447301.89
9689	13757675.84
969	10999230.81
9690	5385859.41
9691	6135893.57
9692	13421157.389999999
9693	2305270.72
9694	5296439.08
9695	2781361.77
9696	8255030.5200000005
9697	8244244.81
9698	10013841.91
9699	4691381.94
97	6036047.1899999995
970	18744144.21
9700	7042226.24
9701	11051623.33
9702	4155676.67
9703	12314625.5
9704	12641379.91
9705	15293282.309999999
9706	7713694.49
9707	10283796.68
9708	2852291.7
9709	10379925.12
971	6732521.65
9710	12292170.149999999
9711	7660791.07
9712	18016159.32
9713	12612189.33
9714	17669050.31
9715	12907745.879999999
9716	8791749.23
9717	19108179.66
9718	10875455.8
9719	7466696.260000001
972	13769756.54
9720	7038730.640000001
9721	5000240.0200000005
9722	12251725.56
9723	10280018.649999999
9724	5484045.28
9725	10848342.07
9726	14718064.82
9727	12436389.110000001
9728	9512343.34
9729	7583234.1899999995
973	18447328.07
9730	11201778.36
9731	8305230.59
9732	11721974.219999999
9733	11671165.71
9734	20783486.779999997
9735	10017659.87
9736	12322492.29
9737	17672033.57
9738	13722400.240000002
9739	8374758.329999999
974	12165795.95
9740	11864811.209999999
9741	10682729.219999999
9742	12797621.64
9743	16622878.509999998
9744	2729780.1199999996
9745	4430949.02
9746	10398180.440000001
9747	7349844.17
9748	8022668.869999999
9749	15221785.479999999
975	7158204.17
9750	16052694.610000001
9751	11145697.239999998
9752	3615528.83
9753	2275266.56
9754	23272839.27
9755	3803009.8500000006
9756	18094597.32
9757	7910639.05
9758	2656338.6500000004
9759	2450187.02
976	2951077.42
9760	10063936.98
9761	9762972.09
9762	14686191.01
9763	13742406.88
9764	12003728.47
9765	12004914.419999998
9766	12118639.85
9767	9985649.02
9768	14363355.569999998
9769	9156164.44
977	1288370.59
9770	7753504.09
9771	4978121.23
9772	19292479.17
9773	11453319.050000003
9774	6895012.63
9775	8898828.55
9776	13027298.5
9777	22508045.93
9778	11915806.24
9779	4570764.4
978	4820504.86
9780	11550714.360000001
9781	3558034.38
9782	14580488.739999998
9783	12640471.48
9784	4084314.9399999995
9785	10002908.959999999
9786	5570704.83
9787	12279011.42
9788	8398933.68
9789	4906198.279999999
979	16841868.39
9790	8616458.139999999
9791	16764243.350000001
9792	9344591.59
9793	6006561.4799999995
9794	13022711.799999999
9795	14747044.2
9796	14788272.009999998
9797	10203378.84
9798	17785309.76
9799	6597795.779999999
98	17763191.51
980	10339430.24
9800	7870954.4399999995
9801	13489571.69
9802	13277936.27
9803	11850400.51
9804	5995695.1
9805	9186659.549999999
9806	4889159.359999999
9807	14374276.77
9808	13835169.66
9809	7025076.32
981	10015849.71
9810	4156668.76
9811	4336253.0600000005
9812	9494558.08
9813	5253217.01
9814	16363002.190000001
9815	9568709.17
9816	11403672.59
9817	9025102.08
9818	20832658.779999997
9819	18221050.810000002
982	7920982.32
9820	7176784.29
9821	4512839.55
9822	7260684.65
9823	13702239.639999999
9824	14373769.33
9825	3920057.66
9826	14481560.509999998
9827	8311003.32
9828	7975231.489999999
9829	12937233.37
983	9451571.88
9830	9853976.32
9831	9914277.57
9832	11903372.299999999
9833	17030364.4
9834	14892532.76
9835	17539864.419999998
9836	6331339.7700000005
9837	16143351.57
9838	4994590.13
9839	11539479.34
984	15874784.24
9840	7312116.23
9841	10635170.3
9842	13244792.45
9843	16255907.84
9844	15221421.3
9845	10455829.620000001
9846	8662531.07
9847	13011670.25
9848	8715919.5
9849	9370456
985	3408775.03
9850	13794919.120000001
9851	7979362.22
9852	8669004.09
9853	13582107.17
9854	11014524.04
9855	24196233.050000004
9856	3779999.2
9857	16848306.02
9858	4993198.12
9859	8007118.27
986	4872203.92
9860	7988582.75
9861	20440001.17
9862	8738329.88
9863	14515379.75
9864	11547567.66
9865	15232132.009999998
9866	8534563.11
9867	15600683.2
9868	8758934.69
9869	3870537.56
987	6050239.12
9870	4175584.119999999
9871	19930510.58
9872	23479322.45
9873	17806124.509999998
9874	8724059.56
9875	8336526.3100000005
9876	10814199.46
9877	10063542.680000002
9878	25892026.2
9879	5993005.670000001
988	8601783.980000002
9880	6577864.359999999
9881	7679416.92
9882	10826033.34
9883	11799674.620000001
9884	13690033.7
9885	13355334.19
9886	11977537.88
9887	14468357.169999998
9888	15749958.69
9889	16613165.65
989	9808114.2
9890	13855216.920000002
9891	13914214.2
9892	13053189.23
9893	9699384.790000001
9894	10115926.42
9895	10311581.02
9896	8379938.46
9897	11317217.53
9898	4997467.43
9899	10443183.74
99	12750046.790000001
990	4917991.4399999995
9900	6279719.51
9901	8619365.24
9902	6924230.99
9903	5474226.3
9904	8231430.75
9905	13412820.35
9906	20409804.29
9907	15255037.879999999
9908	6342769.67
9909	14200384.35
991	4545035.260000001
9910	8244326.16
9911	6122364.359999999
9912	5511108.03
9913	13589735.969999999
9914	8445823.79
9915	14736838.459999999
9916	9586828.309999999
9917	14431248.23
9918	4364228.899999999
9919	14667525.76
992	3558302.58
9920	7621844.61
9921	7744078.45
9922	3093533.8100000005
9923	8490398.149999999
9924	11218762.2
9925	17547474.63
9926	6924003.25
9927	13555529.620000001
9928	7887084.4399999995
9929	9673609.549999999
993	10733073.7
9930	4895535.119999999
9931	6830432.08
9932	11866644.929999998
9933	18253598.06
9934	13788038.85
9935	7670464.74
9936	7416345.75
9937	12412136.55
9938	17800191.71
9939	5569598.1
994	10938907.78
9940	5617625.36
9941	8358127.3100000005
9942	7394710.5
9943	12607450.45
9944	9806615.72
9945	10203376.18
9946	9087614.34
9947	21041288.28
9948	13442005.680000002
9949	7444190.369999999
995	9077157.719999999
9950	10246653.52
9951	4796386.62
9952	12513316.440000001
9953	15828647.75
9954	2118756.5
9955	5560808.519999999
9956	24146823.65
9957	5983497.1
9958	10550950.95
9959	10043029.190000001
996	6907860.390000001
9960	12795642.54
9961	9062565.080000002
9962	8412448.14
9963	10585172.71
9964	13854380.66
9965	3959017.74
9966	9789720.459999999
9967	12160651.319999998
9968	7014165.16
9969	12126755.110000001
997	6755924.290000001
9970	20476830.2
9971	6992476.18
9972	9429163.469999999
9973	17933606.07
9974	12348981.620000001
9975	12608497.14
9976	12870698.36
9977	9105321.57
9978	4872910.65
9979	9354539.14
998	11253858.780000001
9980	15529863.25
9981	10663644.540000001
9982	8318287.470000001
9983	18018704.94
9984	8269178.880000001
9985	12987542.739999998
9986	4112098.6
9987	12858880.5
9988	12574246.22
9989	13225497.82
999	5108031.02
9990	6063311.82
9991	4508616.11
9992	6226731.05
9993	20445698.72
9994	10451035.18
9995	10164668.209999999
9996	9553647.370000001
9997	6617285.12
9998	6288173.67
9999	7120601.87
