-111.84	Supplier#000000920	SAUDI ARABIA	12919	Manufacturer#2	Ix0QnIqftxMwHW5KHeB,xB	30-713-464-9920	leep carefully among the e
-111.84	Supplier#000000920	SAUDI ARABIA	15389	Manufacturer#3	Ix0QnIqftxMwHW5KHeB,xB	30-713-464-9920	leep carefully among the e
-113.45	Supplier#000000417	FRANCE	4416	Manufacturer#2	b3CbQxCMWWu,YyeQU 51fccuv7Mt	16-563-597-5520	equests hinder quiet courts. carefully
-115.01	Supplier#000000475	CANADA	10214	Manufacturer#1	xw4V6,4QQW LI5Qg EOKy4JD B4Cq1tjzaOma9Y	13-397-755-1516	among the slyly regular deposits cajole after the even theodolites. carefully unusua
-118.86	Supplier#000000612	UNITED KINGDOM	1858	Manufacturer#2	gt9T2nnuWBiy5zcrWG2iSdZt,sAEYnD6	33-377-769-8060	regular requests after the slyly regular packages belie
-12.78	Supplier#000000444	VIETNAM	1192	Manufacturer#4	mHr2VcUpRkvyQ9rjKMaPkeWbVZmEIhxhb8F	31-256-493-5644	riously final requests sublate slyly. furiously ironic packages
-12.78	Supplier#000000444	VIETNAM	12919	Manufacturer#2	mHr2VcUpRkvyQ9rjKMaPkeWbVZmEIhxhb8F	31-256-493-5644	riously final requests sublate slyly. furiously ironic packages
-12.84	Supplier#000000590	INDONESIA	4081	Manufacturer#5	KhRtsL4Foycp2hUwg bEHkDusXAf	19-277-247-1833	de of the express requests. pinto beans are
-12.84	Supplier#000000590	INDONESIA	9071	Manufacturer#2	KhRtsL4Foycp2hUwg bEHkDusXAf	19-277-247-1833	de of the express requests. pinto beans are
-128.86	Supplier#000000421	INDIA	420	Manufacturer#2	tXZPR dOYjjbGjarXxKPn,1	18-360-757-8604	c dependencies. quick, express deposits cajole quickly. fo
-128.86	Supplier#000000421	INDIA	9161	Manufacturer#3	tXZPR dOYjjbGjarXxKPn,1	18-360-757-8604	c dependencies. quick, express deposits cajole quickly. fo
-158.08	Supplier#000000886	ARGENTINA	11885	Manufacturer#3	R52IgT6b0yBuU r8,dNRZVWRY	11-329-720-1904	ts during the blithely silent packages c
-158.08	Supplier#000000886	ARGENTINA	1634	Manufacturer#2	R52IgT6b0yBuU r8,dNRZVWRY	11-329-720-1904	ts during the blithely silent packages c
-158.08	Supplier#000000886	ARGENTINA	8111	Manufacturer#2	R52IgT6b0yBuU r8,dNRZVWRY	11-329-720-1904	ts during the blithely silent packages c
-170.22	Supplier#000000162	INDONESIA	16363	Manufacturer#2	hf2fnryOkI9VjFN8R8i5rRWguXzdlMu3o	19-905-888-6020	sits. even frets believe fluffily. fluffily regular accounts
-170.22	Supplier#000000162	INDONESIA	9161	Manufacturer#3	hf2fnryOkI9VjFN8R8i5rRWguXzdlMu3o	19-905-888-6020	sits. even frets believe fluffily. fluffily regular accounts
-192.51	Supplier#000000183	ALGERIA	3423	Manufacturer#4	zAAIv68BEXvllrfgsW,i8e	10-842-403-7954	slyly final dependencies alongside of the fluffily iro
-192.51	Supplier#000000183	ALGERIA	5672	Manufacturer#4	zAAIv68BEXvllrfgsW,i8e	10-842-403-7954	slyly final dependencies alongside of the fluffily iro
-197.51	Supplier#000000665	JAPAN	11664	Manufacturer#1	n4JVAxZUnvT5dVZBK,3CIIDoa	22-273-991-9361	nding theodolites. fluffily final packages wake? idle req
-197.51	Supplier#000000665	JAPAN	14872	Manufacturer#1	n4JVAxZUnvT5dVZBK,3CIIDoa	22-273-991-9361	nding theodolites. fluffily final packages wake? idle req
-199.77	Supplier#000000518	ARGENTINA	1015	Manufacturer#4	g2buDv7WzbkNDU63IN5af0i6SAdUxihirS2X	11-853-939-1266	egular dependencies integrate carefully among the enticingly f
-199.77	Supplier#000000518	ARGENTINA	8259	Manufacturer#4	g2buDv7WzbkNDU63IN5af0i6SAdUxihirS2X	11-853-939-1266	egular dependencies integrate carefully among the enticingly f
-203.99	Supplier#000000972	JAPAN	17170	Manufacturer#3	MkZSNXPZf9g8ZW3ez TU, s6S9aPVY	22-291-368-8958	ing pinto beans integrate. pending
-210.13	Supplier#000000608	PERU	14607	Manufacturer#2	SQ,f89cn6x6g	27-435-165-2250	do was furiously above the accounts. unusual, ironic packages hang about the carefully final
-210.13	Supplier#000000608	PERU	8607	Manufacturer#5	SQ,f89cn6x6g	27-435-165-2250	do was furiously above the accounts. unusual, ironic packages hang about the carefully final
-224.84	Supplier#000000075	CHINA	13811	Manufacturer#4	7f3gN4rP1livII	28-716-704-8686	eans. even, silent packages c
-256.13	Supplier#000000836	ARGENTINA	13309	Manufacturer#3	KU2O25D5,FXdv	11-892-817-2809	ke finally even asymptotes. accounts x-ray al
-256.13	Supplier#000000836	ARGENTINA	8061	Manufacturer#5	KU2O25D5,FXdv	11-892-817-2809	ke finally even asymptotes. accounts x-ray al
-264.2	Supplier#000000164	BRAZIL	4655	Manufacturer#1	7H,0hAZkls5qVS 6sjbnVnQtpjMnGEv3gKXVS	12-414-446-6598	the stealthy accounts. quickly stealthy warthogs detect. final deposits
-264.2	Supplier#000000164	BRAZIL	9904	Manufacturer#4	7H,0hAZkls5qVS 6sjbnVnQtpjMnGEv3gKXVS	12-414-446-6598	the stealthy accounts. quickly stealthy warthogs detect. final deposits
-264.89	Supplier#000000501	UNITED STATES	12238	Manufacturer#1	PSStC43vWlQQpmTku4s	34-141-983-6520	s nag quickly. platelets haggle quickly above the furiously silent packages
-264.89	Supplier#000000501	UNITED STATES	18696	Manufacturer#1	PSStC43vWlQQpmTku4s	34-141-983-6520	s nag quickly. platelets haggle quickly above the furiously silent packages
-283.84	Supplier#000000005	IRAQ	7233	Manufacturer#1	Gcdm2rJRzl5qlTVzc	21-151-690-3663	. slyly regular pinto bea
-314.06	Supplier#000000510	ROMANIA	17242	Manufacturer#4	VmXQl ,vY8JiEseo8Mv4zscvNCfsY	29-207-852-3454	bold deposits. carefully even d
-316.81	Supplier#000000263	KENYA	19455	Manufacturer#1	7Vdou,WjHE	24-203-272-3139	s quickly regular foxes. stealthily ironic p
-329.16	Supplier#000000134	FRANCE	17599	Manufacturer#3	Nv7dxj4FGWrdcP56RmNci	16-184-952-7778	c deposits haggle. dinos a
-335.47	Supplier#000000212	GERMANY	19942	Manufacturer#1	ZutN4kNIsv7sPWIV9,7	17-617-724-5874	ular requests cajole furiously against the spe
-336.14	Supplier#000000522	INDIA	11738	Manufacturer#2	joLGRuiXIsVWk	18-355-956-2843	tect slyly final instructions. fluffily ironic ideas after the final, fina
-336.14	Supplier#000000522	INDIA	4759	Manufacturer#2	joLGRuiXIsVWk	18-355-956-2843	tect slyly final instructions. fluffily ironic ideas after the final, fina
-339.15	Supplier#000000583	MOROCCO	12582	Manufacturer#4	9st8mjB5G7J	25-760-126-2928	dolphins across the carefully regular instructions hagg
-339.15	Supplier#000000583	MOROCCO	7811	Manufacturer#5	9st8mjB5G7J	25-760-126-2928	dolphins across the carefully regular instructions hagg
-339.15	Supplier#000000583	MOROCCO	9323	Manufacturer#4	9st8mjB5G7J	25-760-126-2928	dolphins across the carefully regular instructions hagg
-382.49	Supplier#000000847	MOROCCO	15581	Manufacturer#3	wMieciw3 YGegk	25-908-575-3915	ully express, regular instructions. daringly sp
-382.49	Supplier#000000847	MOROCCO	3087	Manufacturer#5	wMieciw3 YGegk	25-908-575-3915	ully express, regular instructions. daringly sp
-40.3	Supplier#000000987	CHINA	14458	Manufacturer#2	DAWJ1lDhybbSO3mngqD28aX	28-375-179-1732	uriously unusual courts. slyly unus
-40.3	Supplier#000000987	CHINA	486	Manufacturer#4	DAWJ1lDhybbSO3mngqD28aX	28-375-179-1732	uriously unusual courts. slyly unus
-40.45	Supplier#000000080	VIETNAM	15549	Manufacturer#4	cJ2MHSEJ13rIL2Wj3D5i6hRo30,ZiNUXhqn	31-646-289-1906	ackages. blithely bold requests wake quickly. carefully regular foxes are slyly instructions. caref
-40.45	Supplier#000000080	VIETNAM	3826	Manufacturer#1	cJ2MHSEJ13rIL2Wj3D5i6hRo30,ZiNUXhqn	31-646-289-1906	ackages. blithely bold requests wake quickly. carefully regular foxes are slyly instructions. caref
-40.45	Supplier#000000080	VIETNAM	7308	Manufacturer#1	cJ2MHSEJ13rIL2Wj3D5i6hRo30,ZiNUXhqn	31-646-289-1906	ackages. blithely bold requests wake quickly. carefully regular foxes are slyly instructions. caref
-404.12	Supplier#000000386	JORDAN	4131	Manufacturer#4	zxFf8YWdD9ltSzw0NOTFpKcBH8zJrzif9	23-535-472-3290	foxes wake carefully dependencies. slyly fluffy depen
-408.45	Supplier#000000955	PERU	9954	Manufacturer#5	7OFLXDHjSgGrFlHTg8VHFS4glUuN	27-839-781-6125	ave instructions haggle. regular instructions past the theodolites are slyly depos
-415.18	Supplier#000000790	ETHIOPIA	3030	Manufacturer#3	HSYD9,gCfAwpsgCLKGhf,Z4SH8GSYOc	15-189-744-3618	iously ironic packages. final accounts boost blithely aft
-418.5	Supplier#000000630	UNITED KINGDOM	16363	Manufacturer#2	6hLBs3Rnd5elLLVv1i p3A2U6G1dkIApKDkiCy	33-522-267-9970	kly bold notornis; idly even forges wake furiously quickly special pinto bea
-418.5	Supplier#000000630	UNITED KINGDOM	3870	Manufacturer#2	6hLBs3Rnd5elLLVv1i p3A2U6G1dkIApKDkiCy	33-522-267-9970	kly bold notornis; idly even forges wake furiously quickly special pinto bea
-435.02	Supplier#000000295	UNITED KINGDOM	8036	Manufacturer#4	gpm7fahY9j6YyTr Dozul	33-998-989-3147	en requests according to the
-455.12	Supplier#000000511	UNITED KINGDOM	19510	Manufacturer#3	RWNdTEe,VJFarN4Pu7Xl	33-476-213-8045	t the quickly even deposits. carefully careful ideas sleep slyly bold deposits. unusual, even accoun
-459.62	Supplier#000000407	IRAQ	13406	Manufacturer#1	WliGC47Vto2nh7mj	21-112-803-6707	ar asymptotes. carefully regular req
-466.4	Supplier#000000261	ALGERIA	11738	Manufacturer#2	vUT2UDI,GAqIA	10-547-567-3297	kages. furiously express requests are. carefully silent deposits at
-466.4	Supplier#000000261	ALGERIA	1260	Manufacturer#4	vUT2UDI,GAqIA	10-547-567-3297	kages. furiously express requests are. carefully silent deposits at
-466.4	Supplier#000000261	ALGERIA	16994	Manufacturer#5	vUT2UDI,GAqIA	10-547-567-3297	kages. furiously express requests are. carefully silent deposits at
-467.16	Supplier#000000467	JAPAN	13203	Manufacturer#3	aibBbBkbtmDJ988LnMNkCAi	22-666-307-4101	ackages. even, final dependencies sleep quickly. carefully regular deposits cajole furi
-467.16	Supplier#000000467	JAPAN	13940	Manufacturer#5	aibBbBkbtmDJ988LnMNkCAi	22-666-307-4101	ackages. even, final dependencies sleep quickly. carefully regular deposits cajole furi
-467.16	Supplier#000000467	JAPAN	4958	Manufacturer#4	aibBbBkbtmDJ988LnMNkCAi	22-666-307-4101	ackages. even, final dependencies sleep quickly. carefully regular deposits cajole furi
-484.12	Supplier#000000383	RUSSIA	13382	Manufacturer#1	pGEPbc70IKUZuTiTaigKuizjt7Y5oUoDL3Bq1	32-792-648-3774	nic excuses. carefully even requests alongside of the regular p
-511.17	Supplier#000000951	BRAZIL	18950	Manufacturer#3	Tuh3kFB,zCuI,jtPmV,IMcXQF	12-561-627-9752	eans. quickly fluffy accounts are quickly about the ironic
-530.05	Supplier#000000298	ETHIOPIA	10777	Manufacturer#4	oIB13yXjsqGSW	15-790-635-6692	egularly unusual accounts
-530.05	Supplier#000000298	ETHIOPIA	4043	Manufacturer#2	oIB13yXjsqGSW	15-790-635-6692	egularly unusual accounts
-535.4	Supplier#000000366	JAPAN	11104	Manufacturer#2	AtIdvjsMt9peVyEbpoDerNTteRF	22-648-291-8851	ts. slyly special asymptotes c
-561.38	Supplier#000000299	IRAN	9298	Manufacturer#4	kvWv3MYn,Q2SqJlckBfhpWYmnSeRwg6	20-180-187-8847	lar asymptotes integrate darin
-561.5	Supplier#000000174	RUSSIA	16907	Manufacturer#3	e1NMjwAq6RdyIKeA	32-840-184-9487	s. blithely special dugouts integrate furiously. furiously bold accounts haggle th
-561.5	Supplier#000000174	RUSSIA	17906	Manufacturer#5	e1NMjwAq6RdyIKeA	32-840-184-9487	s. blithely special dugouts integrate furiously. furiously bold accounts haggle th
-590.83	Supplier#000000598	GERMANY	8339	Manufacturer#5	p9AGBjg4DZuChQbY8gAj3LtMrxpOWqMpJR	17-985-962-2292	uickly unusual ideas sleep blithely after the
-590.83	Supplier#000000598	GERMANY	8597	Manufacturer#4	p9AGBjg4DZuChQbY8gAj3LtMrxpOWqMpJR	17-985-962-2292	uickly unusual ideas sleep blithely after the
-590.99	Supplier#000000695	VIETNAM	1192	Manufacturer#4	xhSCyzMl iQ	31-274-635-2607	cial asymptotes across the slyly unusual foxes use slyly furiousl
-590.99	Supplier#000000695	VIETNAM	17427	Manufacturer#5	xhSCyzMl iQ	31-274-635-2607	cial asymptotes across the slyly unusual foxes use slyly furiousl
-609.59	Supplier#000000824	JORDAN	323	Manufacturer#4	wJnn6YrLnzsQWLOZNdMSBz1utk9EFS6icrvQyy	23-197-596-6598	o beans are blithely across the bold, fi
-614.31	Supplier#000000638	INDIA	11115	Manufacturer#5	YfXfPM0,m6CdwYYiQjmy9dcN	18-147-424-5181	quickly unusual instructions would wake carefully. slyly ironic request
-614.31	Supplier#000000638	INDIA	19099	Manufacturer#4	YfXfPM0,m6CdwYYiQjmy9dcN	18-147-424-5181	quickly unusual instructions would wake carefully. slyly ironic request
-614.31	Supplier#000000638	INDIA	4637	Manufacturer#5	YfXfPM0,m6CdwYYiQjmy9dcN	18-147-424-5181	quickly unusual instructions would wake carefully. slyly ironic request
-624.22	Supplier#000000687	SAUDI ARABIA	186	Manufacturer#2	PN0ZGBcv2F7yzeOMZflOAoEnhAUMPocj6sc	30-168-842-6668	usly. regular theodolites along the careful
-624.22	Supplier#000000687	SAUDI ARABIA	4432	Manufacturer#4	PN0ZGBcv2F7yzeOMZflOAoEnhAUMPocj6sc	30-168-842-6668	usly. regular theodolites along the careful
-624.22	Supplier#000000687	SAUDI ARABIA	686	Manufacturer#5	PN0ZGBcv2F7yzeOMZflOAoEnhAUMPocj6sc	30-168-842-6668	usly. regular theodolites along the careful
-632.16	Supplier#000000056	MOZAMBIQUE	13055	Manufacturer#4	fUVtlUVal GiHBOuYoUQ XQ9NfNLQR3Gl	26-471-195-5486	sleep special deposits. unusual requests wake blithely slyly regular ideas.
-65.23	Supplier#000000830	IRAN	16829	Manufacturer#3	5DHC2QScT6P6lXgRtHajXOfztB7ddjYH1LLUC3	20-415-380-4083	ideas wake blithely quickly even notornis: furiously pending theodolites sleep.
-65.23	Supplier#000000830	IRAN	2829	Manufacturer#4	5DHC2QScT6P6lXgRtHajXOfztB7ddjYH1LLUC3	20-415-380-4083	ideas wake blithely quickly even notornis: furiously pending theodolites sleep.
-670.3	Supplier#000000205	CANADA	1204	Manufacturer#2	rF uV8d0JNEk	13-272-651-7242	beans cajole regular, pending packages
-670.3	Supplier#000000205	CANADA	17204	Manufacturer#2	rF uV8d0JNEk	13-272-651-7242	beans cajole regular, pending packages
-685.94	Supplier#000000145	FRANCE	5379	Manufacturer#5	pSsVRBOlNKVuvXcjAEKxxy0hD8kA aZf	16-136-582-9756	he carefully silent requests. quickly careful deposits are quickly about the bold, r
-686.97	Supplier#000000921	BRAZIL	420	Manufacturer#2	2dsK093unFO	12-670-146-9689	ounts. blithely final requests wake blithely. regular instructions cajole among th
-707.02	Supplier#000000773	UNITED KINGDOM	522	Manufacturer#3	U0Sh9u896MJve84VFCmc6TLb8RUmg9BzJJBks44	33-321-732-9512	furiously final sauternes about the carefully special packages could engage slyly
-723.78	Supplier#000000823	VIETNAM	3822	Manufacturer#5	gC0DrEG5U,v893fp3nj mmXa6rYhJ0tjpJ	31-834-127-5277	ccounts haggle blithely packages. carefully express pinto beans against the unusual
-723.78	Supplier#000000823	VIETNAM	5312	Manufacturer#1	gC0DrEG5U,v893fp3nj mmXa6rYhJ0tjpJ	31-834-127-5277	ccounts haggle blithely packages. carefully express pinto beans against the unusual
-723.78	Supplier#000000823	VIETNAM	7308	Manufacturer#1	gC0DrEG5U,v893fp3nj mmXa6rYhJ0tjpJ	31-834-127-5277	ccounts haggle blithely packages. carefully express pinto beans against the unusual
-724.31	Supplier#000000082	CHINA	2829	Manufacturer#4	WyTKA7ZpF15t1aCNlT3	28-177-572-9691	xpress multipliers wake furiously even foxes. furiously iro
-724.31	Supplier#000000082	CHINA	331	Manufacturer#2	WyTKA7ZpF15t1aCNlT3	28-177-572-9691	xpress multipliers wake furiously even foxes. furiously iro
-724.31	Supplier#000000082	CHINA	4081	Manufacturer#5	WyTKA7ZpF15t1aCNlT3	28-177-572-9691	xpress multipliers wake furiously even foxes. furiously iro
-741.79	Supplier#000000177	JAPAN	3923	Manufacturer#2	IUZ 7G x212nzZY5aQS	22-246-174-4465	fully after the always ironic theodolites
-755.64	Supplier#000000422	IRAN	12635	Manufacturer#5	iu4c7rkFFNOvmfx,aSs62I	20-645-417-6790	ly even theodolites. blithely c
-755.64	Supplier#000000422	IRAN	17421	Manufacturer#4	iu4c7rkFFNOvmfx,aSs62I	20-645-417-6790	ly even theodolites. blithely c
-767.31	Supplier#000000195	BRAZIL	4432	Manufacturer#4	xWy21YlUy3R6L01	12-395-261-9720	e unusual foxes. express, final ideas sleep! carefully regular ideas around the quickly expres
-778.92	Supplier#000000974	MOZAMBIQUE	18169	Manufacturer#3	xIscm3sM7v5hU7NioMfSJ9tLeIBvSm3vGc	26-370-235-3418	x furiously slyly regular
-786.95	Supplier#000000325	INDIA	14060	Manufacturer#3	bQgx8ABSanNFNfCHY,2 uPvGfafaMC5	18-671-443-5744	unwind carefully among the ironic, final requests! quietly unusual foxes hagg
-79.52	Supplier#000000525	IRAQ	2020	Manufacturer#1	GtHZ9ooyeKe	21-247-956-8546	y bold theodolites; express requests across the packages haggle slyly carefully final pinto b
-811.26	Supplier#000000739	IRAQ	11738	Manufacturer#2	d7rDQneZCae9E57u3LSq7K	21-304-934-6837	efully alongside of the slyly f
-811.26	Supplier#000000739	IRAQ	17204	Manufacturer#2	d7rDQneZCae9E57u3LSq7K	21-304-934-6837	efully alongside of the slyly f
-811.62	Supplier#000000029	ARGENTINA	5773	Manufacturer#5	658tEqXLPvRd6xpFdqC2	11-555-705-5922	y express ideas play furiously. even accounts sleep fluffily across the accounts. careful
-812.17	Supplier#000000132	ETHIOPIA	4131	Manufacturer#4	sU92Jd3aQSbV	15-776-909-1326	al, final accounts cajole requests; fluffily pending instruction
-820.89	Supplier#000000409	GERMANY	11886	Manufacturer#2	LyXUYFz7aXrvy65kKAbTatGzGS,NDBcdtD	17-719-517-9836	y final, slow theodolites. furiously regular req
-820.89	Supplier#000000409	GERMANY	15613	Manufacturer#4	LyXUYFz7aXrvy65kKAbTatGzGS,NDBcdtD	17-719-517-9836	y final, slow theodolites. furiously regular req
-820.89	Supplier#000000409	GERMANY	2156	Manufacturer#5	LyXUYFz7aXrvy65kKAbTatGzGS,NDBcdtD	17-719-517-9836	y final, slow theodolites. furiously regular req
-823.97	Supplier#000000893	RUSSIA	3892	Manufacturer#4	WxOTCcoe RFwKWyZUCURPNAumww1nW,EYcrVjrj	32-328-447-9531	ully pending pinto beans affix quickly after the decoys. sl
-823.97	Supplier#000000893	RUSSIA	6124	Manufacturer#1	WxOTCcoe RFwKWyZUCURPNAumww1nW,EYcrVjrj	32-328-447-9531	ully pending pinto beans affix quickly after the decoys. sl
-831.07	Supplier#000000057	PERU	11056	Manufacturer#5	bEWqUVRR f0mb2o18Y	27-681-514-6892	detect according to the furiously br
-831.07	Supplier#000000057	PERU	6800	Manufacturer#1	bEWqUVRR f0mb2o18Y	27-681-514-6892	detect according to the furiously br
-831.07	Supplier#000000057	PERU	8798	Manufacturer#4	bEWqUVRR f0mb2o18Y	27-681-514-6892	detect according to the furiously br
-836.47	Supplier#000000491	ALGERIA	13490	Manufacturer#4	mTbDcJHQ7d	10-361-729-1693	to the blithely even deposits. fluffily silent waters sleep blithely above th
-836.47	Supplier#000000491	ALGERIA	2490	Manufacturer#3	mTbDcJHQ7d	10-361-729-1693	to the blithely even deposits. fluffily silent waters sleep blithely above th
-836.47	Supplier#000000491	ALGERIA	7233	Manufacturer#1	mTbDcJHQ7d	10-361-729-1693	to the blithely even deposits. fluffily silent waters sleep blithely above th
-845.44	Supplier#000000704	ROMANIA	17436	Manufacturer#5	hQvlBqbqqnA5Dgo1BffRBX78tkkRu	29-300-896-5991	ctions. carefully sly requ
-845.44	Supplier#000000704	ROMANIA	9926	Manufacturer#5	hQvlBqbqqnA5Dgo1BffRBX78tkkRu	29-300-896-5991	ctions. carefully sly requ
-891.99	Supplier#000000028	ALGERIA	13027	Manufacturer#5	GBhvoRh,7YIN V	10-538-384-8460	ld requests across the pinto beans are carefully against the quickly final courts. accounts sleep
-905.25	Supplier#000000453	VIETNAM	14452	Manufacturer#4	bpt98PxU5HSQt61bVB695JPjBmJKUv hNzQeHvC	31-882-179-6015	quickly until the ironic accounts. pending requests doubt bl
-905.27	Supplier#000000343	EGYPT	4834	Manufacturer#2	LTRj tcLNq34je60R7LkZtNrEwmry00DIXguSxMS	14-617-526-7362	ckages sleep among the slyly express excuses. special, regular pinto beans are carefully: express d
-905.27	Supplier#000000343	EGYPT	7085	Manufacturer#3	LTRj tcLNq34je60R7LkZtNrEwmry00DIXguSxMS	14-617-526-7362	ckages sleep among the slyly express excuses. special, regular pinto beans are carefully: express d
-905.27	Supplier#000000343	EGYPT	7828	Manufacturer#3	LTRj tcLNq34je60R7LkZtNrEwmry00DIXguSxMS	14-617-526-7362	ckages sleep among the slyly express excuses. special, regular pinto beans are carefully: express d
-927.5	Supplier#000000169	JORDAN	918	Manufacturer#5	ycymrfB5JV1vU,swPXggAt	23-698-509-1073	ss, even accounts. ironic packages sleep blithely after the slyly regular d
-941.38	Supplier#000000124	INDIA	14859	Manufacturer#5	vmVadCZ xHPbQQA2fLxr68T1YhmjVSuRUJKCrcq6	18-313-889-3713	ular excuses after the fluffily pending pinto
-941.38	Supplier#000000124	INDIA	3870	Manufacturer#2	vmVadCZ xHPbQQA2fLxr68T1YhmjVSuRUJKCrcq6	18-313-889-3713	ular excuses after the fluffily pending pinto
-941.38	Supplier#000000124	INDIA	8607	Manufacturer#5	vmVadCZ xHPbQQA2fLxr68T1YhmjVSuRUJKCrcq6	18-313-889-3713	ular excuses after the fluffily pending pinto
-942.73	Supplier#000000563	GERMANY	4308	Manufacturer#4	Rc7U1cRUhYs03JD	17-108-537-2691	slyly furiously final decoys; silent, special realms poach f
-942.73	Supplier#000000563	GERMANY	5797	Manufacturer#1	Rc7U1cRUhYs03JD	17-108-537-2691	slyly furiously final decoys; silent, special realms poach f
-951.7	Supplier#000000873	ARGENTINA	13872	Manufacturer#3	jBfvdFseU7cz315kGbbocXnCwDKW,3iRlyaj3wn0	11-253-186-4222	pinto beans. platelets serve slyly bold, pendi
-951.7	Supplier#000000873	ARGENTINA	14872	Manufacturer#1	jBfvdFseU7cz315kGbbocXnCwDKW,3iRlyaj3wn0	11-253-186-4222	pinto beans. platelets serve slyly bold, pendi
-963.19	Supplier#000000157	CANADA	13630	Manufacturer#5	,mEGorBfVIm	13-776-259-5994	ove the silent deposits. carefully pending packages cajole furiously final packa
-963.19	Supplier#000000157	CANADA	2156	Manufacturer#5	,mEGorBfVIm	13-776-259-5994	ove the silent deposits. carefully pending packages cajole furiously final packa
-963.79	Supplier#000000065	RUSSIA	12540	Manufacturer#4	BsAnHUmSFArppKrM	32-444-835-2434	l ideas wake carefully around the regular packages. furiously ruthless pinto bea
-963.79	Supplier#000000065	RUSSIA	13275	Manufacturer#4	BsAnHUmSFArppKrM	32-444-835-2434	l ideas wake carefully around the regular packages. furiously ruthless pinto bea
-963.79	Supplier#000000065	RUSSIA	7807	Manufacturer#5	BsAnHUmSFArppKrM	32-444-835-2434	l ideas wake carefully around the regular packages. furiously ruthless pinto bea
-966.2	Supplier#000000022	EGYPT	10021	Manufacturer#5	okiiQFk 8lm6EVX6Q0,bEcO	14-144-830-2814	ironically among the deposits. closely expre
-966.2	Supplier#000000022	EGYPT	10241	Manufacturer#5	okiiQFk 8lm6EVX6Q0,bEcO	14-144-830-2814	ironically among the deposits. closely expre
10.33	Supplier#000000843	CHINA	17575	Manufacturer#3	iguHIr15YUL9RMmH7U3XsDfdyEg1441	28-503-987-8146	ss packages among the pinto beans cajole slyly outside the packages. regular, final
10.33	Supplier#000000843	CHINA	18842	Manufacturer#5	iguHIr15YUL9RMmH7U3XsDfdyEg1441	28-503-987-8146	ss packages among the pinto beans cajole slyly outside the packages. regular, final
10.33	Supplier#000000843	CHINA	6330	Manufacturer#1	iguHIr15YUL9RMmH7U3XsDfdyEg1441	28-503-987-8146	ss packages among the pinto beans cajole slyly outside the packages. regular, final
10.55	Supplier#000000490	BRAZIL	3730	Manufacturer#4	JNqlktPWJ4	12-619-779-5325	ng to the packages. carefully final
10.55	Supplier#000000490	BRAZIL	4981	Manufacturer#5	JNqlktPWJ4	12-619-779-5325	ng to the packages. carefully final
10.55	Supplier#000000490	BRAZIL	5234	Manufacturer#5	JNqlktPWJ4	12-619-779-5325	ng to the packages. carefully final
1002.43	Supplier#000000617	GERMANY	17815	Manufacturer#1	Q4haZeO8aVzl2dXziDw3f	17-563-347-4748	blithely unusual theodolites haggle furiously. even courts use quickly against the
1020.57	Supplier#000000188	SAUDI ARABIA	8671	Manufacturer#2	boP,dP6PjNCADoMv3FaXKRREikgs4J7cYng	30-573-811-4001	ual requests cajole. final deposits
1033.1	Supplier#000000349	JORDAN	10348	Manufacturer#2	21Sp51XIZ9vTChQBWv0CA1o1P,26clhjR	23-532-708-7267	lithe packages. carefully final accounts on the carefully final accounts sleep slyly
1033.1	Supplier#000000349	JORDAN	11826	Manufacturer#1	21Sp51XIZ9vTChQBWv0CA1o1P,26clhjR	23-532-708-7267	lithe packages. carefully final accounts on the carefully final accounts sleep slyly
1033.1	Supplier#000000349	JORDAN	15348	Manufacturer#4	21Sp51XIZ9vTChQBWv0CA1o1P,26clhjR	23-532-708-7267	lithe packages. carefully final accounts on the carefully final accounts sleep slyly
1033.1	Supplier#000000349	JORDAN	7834	Manufacturer#4	21Sp51XIZ9vTChQBWv0CA1o1P,26clhjR	23-532-708-7267	lithe packages. carefully final accounts on the carefully final accounts sleep slyly
1033.1	Supplier#000000349	JORDAN	8832	Manufacturer#3	21Sp51XIZ9vTChQBWv0CA1o1P,26clhjR	23-532-708-7267	lithe packages. carefully final accounts on the carefully final accounts sleep slyly
1044.1	Supplier#000000078	ETHIOPIA	11816	Manufacturer#2	9y3OZ2CV hGrsrQxzB7V3zTtygHVHlG3SD6yrz	15-670-998-6860	, regular packages wake quickly bold requests. carefully unusual requests about the unusual request
1044.1	Supplier#000000078	ETHIOPIA	18809	Manufacturer#3	9y3OZ2CV hGrsrQxzB7V3zTtygHVHlG3SD6yrz	15-670-998-6860	, regular packages wake quickly bold requests. carefully unusual requests about the unusual request
1044.1	Supplier#000000078	ETHIOPIA	5312	Manufacturer#1	9y3OZ2CV hGrsrQxzB7V3zTtygHVHlG3SD6yrz	15-670-998-6860	, regular packages wake quickly bold requests. carefully unusual requests about the unusual request
1044.1	Supplier#000000078	ETHIOPIA	827	Manufacturer#1	9y3OZ2CV hGrsrQxzB7V3zTtygHVHlG3SD6yrz	15-670-998-6860	, regular packages wake quickly bold requests. carefully unusual requests about the unusual request
1050.66	Supplier#000000103	BRAZIL	14310	Manufacturer#3	hBpQ4GYblzpHKTgATLPAS6ph3	12-442-523-5043	accounts detect slyly bo
1080.57	Supplier#000000494	JORDAN	18225	Manufacturer#5	6hAiQHDGTy6,8bjpxI i3f	23-200-629-1426	pending packages. slyly even deposits wake closely. specia
1080.57	Supplier#000000494	JORDAN	6237	Manufacturer#1	6hAiQHDGTy6,8bjpxI i3f	23-200-629-1426	pending packages. slyly even deposits wake closely. specia
1084.18	Supplier#000000748	ARGENTINA	15482	Manufacturer#3	x3Wq1rbka5LB1UnGMzk0hd5,mWjrLfG49kR	11-549-384-3124	furiously regular ideas-- express packages sleep quickly quickly e
1084.18	Supplier#000000748	ARGENTINA	7233	Manufacturer#1	x3Wq1rbka5LB1UnGMzk0hd5,mWjrLfG49kR	11-549-384-3124	furiously regular ideas-- express packages sleep quickly quickly e
1091.04	Supplier#000000128	UNITED KINGDOM	4127	Manufacturer#3	u,I0ayLPI2HKL	33-957-200-2556	ng requests. slyly final ideas affix slyly even requests. fluffily regular theo
1091.04	Supplier#000000128	UNITED KINGDOM	6127	Manufacturer#3	u,I0ayLPI2HKL	33-957-200-2556	ng requests. slyly final ideas affix slyly even requests. fluffily regular theo
1091.04	Supplier#000000128	UNITED KINGDOM	7127	Manufacturer#2	u,I0ayLPI2HKL	33-957-200-2556	ng requests. slyly final ideas affix slyly even requests. fluffily regular theo
1094.74	Supplier#000000473	MOROCCO	9954	Manufacturer#5	x1skh3uebekXL4BIKGgIGDUfTk CDn5FIJGaq2	25-658-329-5141	old, unusual grouches. furiou
1106.07	Supplier#000000332	INDONESIA	10551	Manufacturer#2	OpvOrxiHWJ6QM	19-777-809-6033	ve the furiously pending warthogs. slyly special ideas haggle carefully. express
1106.07	Supplier#000000332	INDONESIA	17331	Manufacturer#2	OpvOrxiHWJ6QM	19-777-809-6033	ve the furiously pending warthogs. slyly special ideas haggle carefully. express
1106.07	Supplier#000000332	INDONESIA	18331	Manufacturer#1	OpvOrxiHWJ6QM	19-777-809-6033	ve the furiously pending warthogs. slyly special ideas haggle carefully. express
1106.07	Supplier#000000332	INDONESIA	331	Manufacturer#2	OpvOrxiHWJ6QM	19-777-809-6033	ve the furiously pending warthogs. slyly special ideas haggle carefully. express
1133.8	Supplier#000000634	UNITED KINGDOM	12847	Manufacturer#5	hS62vraooyHWnMKyZV3f1GSPeKJ,7uRK6M5	33-105-608-2902	equests affix around the blithely special theodolites. unusual accounts wake. pend
1133.8	Supplier#000000634	UNITED KINGDOM	7119	Manufacturer#5	hS62vraooyHWnMKyZV3f1GSPeKJ,7uRK6M5	33-105-608-2902	equests affix around the blithely special theodolites. unusual accounts wake. pend
1133.8	Supplier#000000634	UNITED KINGDOM	8375	Manufacturer#4	hS62vraooyHWnMKyZV3f1GSPeKJ,7uRK6M5	33-105-608-2902	equests affix around the blithely special theodolites. unusual accounts wake. pend
1172.37	Supplier#000000348	INDIA	3094	Manufacturer#1	ZNEHF5c7kP5tPGdQ ZrJZNRdQnu0M9LVyO urMm	18-338-824-3860	eas. frays nag furiously final accounts. fluffily unusual theodolites use furiously above the slyly
1180.93	Supplier#000000596	EGYPT	11073	Manufacturer#1	caTnKVKTsCHNEVi1xVPD	14-761-106-2656	its sleep. carefully unusual somas use furiously above the
1189.55	Supplier#000000352	MOZAMBIQUE	5351	Manufacturer#2	LsVcltEi9NYu10ByH 5grND	26-911-452-7918	ickly. platelets sleep slyly blithely slow escapades. special requests boost furiously. slyly enti
1191.94	Supplier#000000079	KENYA	10078	Manufacturer#1	p0u3tztSXUD2J8vFfLNFNKsrRRv7qyUtTBTA	24-402-227-9600	nto beans integrate slyly across the fluffily pending multipliers. carefully ste
1202.98	Supplier#000000506	UNITED KINGDOM	14241	Manufacturer#3	hnXNVHB1ao5rlGLkrS64kBz5C5rx7 R4dqO5CNv	33-582-741-7991	riously even accounts sleep furiously ironic foxes. quickly final requests haggle fu
1202.98	Supplier#000000506	UNITED KINGDOM	5	Manufacturer#3	hnXNVHB1ao5rlGLkrS64kBz5C5rx7 R4dqO5CNv	33-582-741-7991	riously even accounts sleep furiously ironic foxes. quickly final requests haggle fu
1209.3	Supplier#000000448	UNITED STATES	11664	Manufacturer#1	cYzWCXDovaNR ,S3PICo3KYKAG3bYm0YKyqaZVu	34-817-553-5356	e thinly slyly even warthogs; final asymptotes boost unusual pinto b
1218.59	Supplier#000000643	CHINA	3389	Manufacturer#2	mJN4aN B Lxz2esIAW0GoxEw1rAU	28-782-409-7844	gular requests. even, pending notornis thrash fluffily against the enticingly regular i
1235.72	Supplier#000000929	SAUDI ARABIA	12404	Manufacturer#5	XYQyy9rraHvHMCBQcoGnAvfw0iGG4jOCMENI	30-190-675-2042	ully according to the doggedly even theodolites. f
1235.72	Supplier#000000929	SAUDI ARABIA	2172	Manufacturer#1	XYQyy9rraHvHMCBQcoGnAvfw0iGG4jOCMENI	30-190-675-2042	ully according to the doggedly even theodolites. f
1235.72	Supplier#000000929	SAUDI ARABIA	2928	Manufacturer#4	XYQyy9rraHvHMCBQcoGnAvfw0iGG4jOCMENI	30-190-675-2042	ully according to the doggedly even theodolites. f
1235.72	Supplier#000000929	SAUDI ARABIA	678	Manufacturer#4	XYQyy9rraHvHMCBQcoGnAvfw0iGG4jOCMENI	30-190-675-2042	ully according to the doggedly even theodolites. f
1278.74	Supplier#000000932	IRAN	11670	Manufacturer#1	2Ke5SDwuwZ1y7H2QROIfgQ1d7	20-315-146-6687	counts wake carefully across the pendi
1278.74	Supplier#000000932	IRAN	9931	Manufacturer#5	2Ke5SDwuwZ1y7H2QROIfgQ1d7	20-315-146-6687	counts wake carefully across the pendi
1285.81	Supplier#000000528	BRAZIL	1527	Manufacturer#5	QsnGjo7irxCIbN3	12-961-772-2408	the furiously final tithes are across the pending ideas. car
1301.2	Supplier#000000131	KENYA	15600	Manufacturer#5	u3mTHMgBC0yJTLufr01TuHImgflQUXv	24-293-181-3975	to the regular, pending instructions detect against the p
1309.7	Supplier#000000064	UNITED STATES	12277	Manufacturer#1	w80JjnIP lGoLdUjRutbv81gGlqqpW4PQBeOtSYU	34-278-790-7004	uickly regular requests use. carefully i
1311.15	Supplier#000000372	ETHIOPIA	12585	Manufacturer#4	Bdhu5NV4VfPYBxsCmK,YnkoHIaW	15-246-325-3001	ltipliers. blithely regular deposits was above the furiously even accounts. q
1311.15	Supplier#000000372	ETHIOPIA	12847	Manufacturer#5	Bdhu5NV4VfPYBxsCmK,YnkoHIaW	15-246-325-3001	ltipliers. blithely regular deposits was above the furiously even accounts. q
1311.15	Supplier#000000372	ETHIOPIA	18103	Manufacturer#3	Bdhu5NV4VfPYBxsCmK,YnkoHIaW	15-246-325-3001	ltipliers. blithely regular deposits was above the furiously even accounts. q
1311.15	Supplier#000000372	ETHIOPIA	8597	Manufacturer#4	Bdhu5NV4VfPYBxsCmK,YnkoHIaW	15-246-325-3001	ltipliers. blithely regular deposits was above the furiously even accounts. q
1333.75	Supplier#000000661	JORDAN	2156	Manufacturer#5	lZGFurTW1snIqk0oLWMMaeq3L	23-401-253-9405	s detect quickly. blithely ironic dugouts maintain furiously ironic
1333.75	Supplier#000000661	JORDAN	7889	Manufacturer#5	lZGFurTW1snIqk0oLWMMaeq3L	23-401-253-9405	s detect quickly. blithely ironic dugouts maintain furiously ironic
1333.75	Supplier#000000661	JORDAN	910	Manufacturer#4	lZGFurTW1snIqk0oLWMMaeq3L	23-401-253-9405	s detect quickly. blithely ironic dugouts maintain furiously ironic
1342.17	Supplier#000000384	GERMANY	13120	Manufacturer#5	zMr51gtJ0Vu83Dk	17-554-428-8511	taphs cajole furiously blithely final
1342.17	Supplier#000000384	GERMANY	6127	Manufacturer#3	zMr51gtJ0Vu83Dk	17-554-428-8511	taphs cajole furiously blithely final
1342.17	Supplier#000000384	GERMANY	7612	Manufacturer#2	zMr51gtJ0Vu83Dk	17-554-428-8511	taphs cajole furiously blithely final
1348.35	Supplier#000000835	KENYA	4834	Manufacturer#2	a7ZBr9561n7CHzwtrfoZnpNWf71uKtH	24-772-959-9240	final asymptotes are furiously bold deposits: unusual, even accounts across the blithely
1348.35	Supplier#000000835	KENYA	7320	Manufacturer#5	a7ZBr9561n7CHzwtrfoZnpNWf71uKtH	24-772-959-9240	final asymptotes are furiously bold deposits: unusual, even accounts across the blithely
1348.35	Supplier#000000835	KENYA	7834	Manufacturer#4	a7ZBr9561n7CHzwtrfoZnpNWf71uKtH	24-772-959-9240	final asymptotes are furiously bold deposits: unusual, even accounts across the blithely
1365.79	Supplier#000000006	KENYA	17204	Manufacturer#2	tQxuVm7s7CnK	24-696-997-4969	final accounts. regular dolphins use against the furiously ironic decoys.
1365.79	Supplier#000000006	KENYA	4243	Manufacturer#1	tQxuVm7s7CnK	24-696-997-4969	final accounts. regular dolphins use against the furiously ironic decoys.
1365.79	Supplier#000000006	KENYA	5	Manufacturer#3	tQxuVm7s7CnK	24-696-997-4969	final accounts. regular dolphins use against the furiously ironic decoys.
1365.79	Supplier#000000006	KENYA	6237	Manufacturer#1	tQxuVm7s7CnK	24-696-997-4969	final accounts. regular dolphins use against the furiously ironic decoys.
1367.9	Supplier#000000568	IRAN	5312	Manufacturer#1	z70Hj8qVi8jQu	20-162-593-6831	furiously fluffy instructions about the regular
1378.93	Supplier#000000107	MOZAMBIQUE	12582	Manufacturer#4	fqniA2vC1VZU5DZG2TBiN	26-958-723-2164	thely special foxes nag carefully. requests cajole along the quickly ironic pinto b
1378.93	Supplier#000000107	MOZAMBIQUE	19837	Manufacturer#2	fqniA2vC1VZU5DZG2TBiN	26-958-723-2164	thely special foxes nag carefully. requests cajole along the quickly ironic pinto b
1381.97	Supplier#000000104	FRANCE	18103	Manufacturer#3	Dcl4yGrzqv3OPeRO49bKh78XmQEDR7PBXIs0m	16-434-972-6922	gular ideas. bravely bold deposits haggle through the carefully final deposits. slyly unusual idea
1432.69	Supplier#000000012	INDIA	16213	Manufacturer#4	aLIW  q0HYd	18-179-925-7181	al packages nag alongside of the bold instructions. express, daring accounts
1432.69	Supplier#000000012	INDIA	19742	Manufacturer#5	aLIW  q0HYd	18-179-925-7181	al packages nag alongside of the bold instructions. express, daring accounts
1432.69	Supplier#000000012	INDIA	5501	Manufacturer#5	aLIW  q0HYd	18-179-925-7181	al packages nag alongside of the bold instructions. express, daring accounts
1444.79	Supplier#000000984	VIETNAM	3730	Manufacturer#4	6H6qqye iYbYzCmwWhj	31-519-879-5266	iously except the blithely unusual packages. c
1445	Supplier#000000191	CHINA	12404	Manufacturer#5	X dZg6Dtv17X7	28-437-699-1621	en packages haggle blithely regular requests. silently ironic packages n
1445	Supplier#000000191	CHINA	5935	Manufacturer#5	X dZg6Dtv17X7	28-437-699-1621	en packages haggle blithely regular requests. silently ironic packages n
1445	Supplier#000000191	CHINA	9931	Manufacturer#5	X dZg6Dtv17X7	28-437-699-1621	en packages haggle blithely regular requests. silently ironic packages n
1448.94	Supplier#000000464	ETHIOPIA	11680	Manufacturer#4	XwZyuXCVeO5wb5izvhfeX	15-653-204-7643	ly. ideas are slyly after the ironic, regular accounts. platelets among t
1448.94	Supplier#000000464	ETHIOPIA	14199	Manufacturer#4	XwZyuXCVeO5wb5izvhfeX	15-653-204-7643	ly. ideas are slyly after the ironic, regular accounts. platelets among t
1448.94	Supplier#000000464	ETHIOPIA	14935	Manufacturer#4	XwZyuXCVeO5wb5izvhfeX	15-653-204-7643	ly. ideas are slyly after the ironic, regular accounts. platelets among t
1461.85	Supplier#000000373	MOZAMBIQUE	14372	Manufacturer#5	oQAQ3UNvyJW	26-656-301-9303	asymptotes wake quickly around the slyly regular dependencies. regular attainments haggle along th
1461.85	Supplier#000000373	MOZAMBIQUE	4372	Manufacturer#1	oQAQ3UNvyJW	26-656-301-9303	asymptotes wake quickly around the slyly regular dependencies. regular attainments haggle along th
1463.21	Supplier#000000937	MOROCCO	186	Manufacturer#2	UBfhiW HpJzqh9uTnhXkOqjRvP1vAIWokSeR5	25-410-699-7522	lyly regular decoys lose packages-- quickly ironic foxes across the express accounts bo
1463.21	Supplier#000000937	MOROCCO	686	Manufacturer#5	UBfhiW HpJzqh9uTnhXkOqjRvP1vAIWokSeR5	25-410-699-7522	lyly regular decoys lose packages-- quickly ironic foxes across the express accounts bo
1467.77	Supplier#000000083	KENYA	17815	Manufacturer#1	WRJUkzCn050seVz57oAfrbCuw	24-529-559-2461	ly pending courts would cajole enticingly even deposits. slyly express
1467.77	Supplier#000000083	KENYA	8566	Manufacturer#2	WRJUkzCn050seVz57oAfrbCuw	24-529-559-2461	ly pending courts would cajole enticingly even deposits. slyly express
1467.77	Supplier#000000083	KENYA	9082	Manufacturer#3	WRJUkzCn050seVz57oAfrbCuw	24-529-559-2461	ly pending courts would cajole enticingly even deposits. slyly express
1480.82	Supplier#000000960	JAPAN	2203	Manufacturer#3	yk1dgGaQlbTN1YhnJjyM3ULEDDf	22-811-163-5363	onic theodolites wake carefully. ironic packages use carefully. ironic
1485.45	Supplier#000000320	VIETNAM	8061	Manufacturer#5	v2FlHgKKiGiDwR7uoJNWF	31-984-744-5308	ns nag carefully carefully pending platelets. pending deposits dazzle. requests above the i
151.1	Supplier#000000753	ALGERIA	8752	Manufacturer#4	Kbxpp9hdpX6bgG,	10-667-838-1746	tructions. pending deposits wake. pending dependencies haggle. regular accounts boost. unusua
1518.42	Supplier#000000223	BRAZIL	17421	Manufacturer#4	MCS3 zWF3Py8UZK PHdI6LsQD98phHJ7	12-790-796-4808	y fluffy packages solve amon
1518.42	Supplier#000000223	BRAZIL	3969	Manufacturer#3	MCS3 zWF3Py8UZK PHdI6LsQD98phHJ7	12-790-796-4808	y fluffy packages solve amon
1518.42	Supplier#000000223	BRAZIL	5457	Manufacturer#4	MCS3 zWF3Py8UZK PHdI6LsQD98phHJ7	12-790-796-4808	y fluffy packages solve amon
1523.14	Supplier#000000252	IRAQ	11729	Manufacturer#4	xcaKgadrug	21-860-636-2585	tain slyly fluffily bold ideas. furiously ironic ideas nag furiously slyly even requests.
1533.06	Supplier#000000750	CHINA	19942	Manufacturer#1	uJB curMQwnzz79rXo9v4jy	28-361-120-8058	y among the blithely regular accounts. regular, ironic instructions
1533.06	Supplier#000000750	CHINA	249	Manufacturer#4	uJB curMQwnzz79rXo9v4jy	28-361-120-8058	y among the blithely regular accounts. regular, ironic instructions
1533.06	Supplier#000000750	CHINA	6237	Manufacturer#1	uJB curMQwnzz79rXo9v4jy	28-361-120-8058	y among the blithely regular accounts. regular, ironic instructions
1536.13	Supplier#000000831	MOROCCO	14566	Manufacturer#2	NkkeNeVsWdw8U SeVBnUX 2GB	25-275-692-5827	carefully express accounts wake quickly about the quickly silent p
1548.6	Supplier#000000973	VIETNAM	18972	Manufacturer#2	5 nhBZ 03rG6EcOEDkZXvt	31-385-469-4031	al ideas cajole quickly ironic packages. carefully unusual theodolites detect. unusual packa
1549.59	Supplier#000000296	KENYA	9518	Manufacturer#2	g,WJbekrbjAcpNtn2QRsWtYx2RNVk 9aY	24-250-680-5383	through the blithely regular depo
1550.62	Supplier#000000165	KENYA	13638	Manufacturer#4	iPso5qCxSnxaNsRe9AU05Vl9hWm5oHIS	24-906-333-8640	ions sleep silently. furiously unusual requests are slyly. express requests hind
1550.62	Supplier#000000165	KENYA	14372	Manufacturer#5	iPso5qCxSnxaNsRe9AU05Vl9hWm5oHIS	24-906-333-8640	ions sleep silently. furiously unusual requests are slyly. express requests hind
157.21	Supplier#000000851	MOROCCO	10070	Manufacturer#1	fhhjsCI1s8uC	25-692-383-2877	ffily express instructions. close deposits after the bold instructions nag regular, even asymptot
157.21	Supplier#000000851	MOROCCO	15320	Manufacturer#1	fhhjsCI1s8uC	25-692-383-2877	ffily express instructions. close deposits after the bold instructions nag regular, even asymptot
1578.18	Supplier#000000319	CHINA	13055	Manufacturer#4	tcES8Ay3zcHQER9K6gAKFWlDvcg nrbPl	28-288-466-7847	ts are furiously even, pending pinto beans. fluffily idle courts cajole bl
1586.5	Supplier#000000626	JORDAN	16093	Manufacturer#4	uaYN3Mg6sVtD	23-672-133-9305	ic deposits above the blit
1589.13	Supplier#000000200	IRAQ	14199	Manufacturer#4	MNqafnV52UKvwuk3jFCn,AJkL	21-962-509-4762	beans x-ray enticingly express accounts. blithely final deposits run; regular packages are
1589.13	Supplier#000000200	IRAQ	14935	Manufacturer#4	MNqafnV52UKvwuk3jFCn,AJkL	21-962-509-4762	beans x-ray enticingly express accounts. blithely final deposits run; regular packages are
1594.77	Supplier#000000672	IRAQ	11149	Manufacturer#3	iu9d66fGNBYX	21-299-539-7383	uickly carefully express foxes. ironic requests cajole about the requests. unusual acco
1594.77	Supplier#000000672	IRAQ	6159	Manufacturer#3	iu9d66fGNBYX	21-299-539-7383	uickly carefully express foxes. ironic requests cajole about the requests. unusual acco
1594.77	Supplier#000000672	IRAQ	8671	Manufacturer#2	iu9d66fGNBYX	21-299-539-7383	uickly carefully express foxes. ironic requests cajole about the requests. unusual acco
162.06	Supplier#000000969	VIETNAM	10448	Manufacturer#5	thRdVx7vCajVFs7gsK8VKxzydPiHvIKK,DtR	31-171-204-7902	ounts nag slyly across the furiously
1636.48	Supplier#000000777	IRAQ	16776	Manufacturer#5	oJlJ0xr1b9l3t IHmi9	21-502-733-8098	ly even pinto beans. slyly expre
1636.48	Supplier#000000777	IRAQ	17242	Manufacturer#4	oJlJ0xr1b9l3t IHmi9	21-502-733-8098	ly even pinto beans. slyly expre
1636.48	Supplier#000000777	IRAQ	18972	Manufacturer#2	oJlJ0xr1b9l3t IHmi9	21-502-733-8098	ly even pinto beans. slyly expre
1636.48	Supplier#000000777	IRAQ	2020	Manufacturer#1	oJlJ0xr1b9l3t IHmi9	21-502-733-8098	ly even pinto beans. slyly expre
1636.48	Supplier#000000777	IRAQ	3270	Manufacturer#4	oJlJ0xr1b9l3t IHmi9	21-502-733-8098	ly even pinto beans. slyly expre
1636.48	Supplier#000000777	IRAQ	6008	Manufacturer#5	oJlJ0xr1b9l3t IHmi9	21-502-733-8098	ly even pinto beans. slyly expre
1638.02	Supplier#000000089	INDONESIA	1335	Manufacturer#1	fhtzZcSorhud1	19-259-876-1014	en instructions across the slyly ironic requests engage
1638.02	Supplier#000000089	INDONESIA	4834	Manufacturer#2	fhtzZcSorhud1	19-259-876-1014	en instructions across the slyly ironic requests engage
165.26	Supplier#000000900	ETHIOPIA	18363	Manufacturer#4	,6RXmcRyA48c0yvZ2I	15-926-534-2005	counts cajole carefully pending foxes. bold packages mold carefully unusual
165.76	Supplier#000000769	FRANCE	1015	Manufacturer#4	ak2320fUkG	16-655-591-2134	ly ironic ideas. quickly ironic platelets hag
166.32	Supplier#000000081	JAPAN	3080	Manufacturer#2	SLlacbhgpKmVa,gF3saYv12e0	22-535-310-6971	oost carefully quickly regular packages. carefully final excuses sleep blithely slyly pendi
1669.85	Supplier#000000514	KENYA	15248	Manufacturer#2	Q4ErX,NN,Z2UDP	24-677-367-2786	arefully regular ideas: pinto beans detect across the slyly pending pinto b
167.56	Supplier#000000290	FRANCE	10769	Manufacturer#2	6Bk06GVtwZaKqg01	16-675-286-5102	the theodolites. ironic, ironic deposits above
167.56	Supplier#000000290	FRANCE	2037	Manufacturer#1	6Bk06GVtwZaKqg01	16-675-286-5102	the theodolites. ironic, ironic deposits above
167.56	Supplier#000000290	FRANCE	2785	Manufacturer#4	6Bk06GVtwZaKqg01	16-675-286-5102	the theodolites. ironic, ironic deposits above
1678.56	Supplier#000000361	CANADA	1858	Manufacturer#2	f8IUYRmdVXhQC9qJQjWknCXmzhe38vCbk6	13-192-383-9438	deposits. carefully final deposits cajole carefully after the furiously regular ideas.
1682.84	Supplier#000000520	JAPAN	6751	Manufacturer#1	RHuqyeshPnOa6gwEiV3zDhP0o2aYvZ9glQURu1w	22-654-808-2429	aggle among the final, pending realms. carefully regular escapades woul
1682.84	Supplier#000000520	JAPAN	8519	Manufacturer#2	RHuqyeshPnOa6gwEiV3zDhP0o2aYvZ9glQURu1w	22-654-808-2429	aggle among the final, pending realms. carefully regular escapades woul
1685.95	Supplier#000000841	GERMANY	7583	Manufacturer#4	dvQXS7Wi29wVuSUWsknpHVQWVrJ6cUvB8V	17-359-161-6634	final accounts unwind furiously among the furiously pending req
1687.81	Supplier#000000017	ROMANIA	13490	Manufacturer#4	c2d,ESHRSkK3WYnxpgw6aOqN0q	29-601-884-9219	eep against the furiously bold ideas. fluffily bold packa
172.87	Supplier#000000204	MOROCCO	13203	Manufacturer#3	7bts1RIiMsy35F6V7 lC	25-718-760-9193	cording to the furiously even pinto bean
172.87	Supplier#000000204	MOROCCO	13940	Manufacturer#5	7bts1RIiMsy35F6V7 lC	25-718-760-9193	cording to the furiously even pinto bean
172.87	Supplier#000000204	MOROCCO	2203	Manufacturer#3	7bts1RIiMsy35F6V7 lC	25-718-760-9193	cording to the furiously even pinto bean
172.87	Supplier#000000204	MOROCCO	2951	Manufacturer#2	7bts1RIiMsy35F6V7 lC	25-718-760-9193	cording to the furiously even pinto bean
1736.47	Supplier#000000885	GERMANY	4376	Manufacturer#1	aJUXiGC6qSAWr0Dl0VBahtF	17-578-639-8695	furiously. carefully pending pin
1736.47	Supplier#000000885	GERMANY	7113	Manufacturer#4	aJUXiGC6qSAWr0Dl0VBahtF	17-578-639-8695	furiously. carefully pending pin
1739.9	Supplier#000000635	IRAN	1634	Manufacturer#2	JNDTs06uwtXvRZUWQVpDgAz	20-119-524-2053	s. packages wake after the slyly ironic frets; quickly pending reque
1739.9	Supplier#000000635	IRAN	5379	Manufacturer#5	JNDTs06uwtXvRZUWQVpDgAz	20-119-524-2053	s. packages wake after the slyly ironic frets; quickly pending reque
1739.9	Supplier#000000635	IRAN	7120	Manufacturer#2	JNDTs06uwtXvRZUWQVpDgAz	20-119-524-2053	s. packages wake after the slyly ironic frets; quickly pending reque
1760.34	Supplier#000000594	PERU	11810	Manufacturer#3	8GY0oRK64AFmY7pys51Uqm7YbMn9luO,Z	27-826-454-6643	quests use fluffily quickly final packages. carefully pending pinto beans are blithely among the ca
1760.34	Supplier#000000594	PERU	16327	Manufacturer#1	8GY0oRK64AFmY7pys51Uqm7YbMn9luO,Z	27-826-454-6643	quests use fluffily quickly final packages. carefully pending pinto beans are blithely among the ca
1760.34	Supplier#000000594	PERU	3087	Manufacturer#5	8GY0oRK64AFmY7pys51Uqm7YbMn9luO,Z	27-826-454-6643	quests use fluffily quickly final packages. carefully pending pinto beans are blithely among the ca
1768.34	Supplier#000000866	UNITED STATES	15600	Manufacturer#5	CosbyBH1bG81zFspjW	34-374-244-3932	riously regular excuses. quickly close ideas sleep. final requests haggle along th
1768.34	Supplier#000000866	UNITED STATES	17331	Manufacturer#2	CosbyBH1bG81zFspjW	34-374-244-3932	riously regular excuses. quickly close ideas sleep. final requests haggle along th
1768.34	Supplier#000000866	UNITED STATES	19865	Manufacturer#3	CosbyBH1bG81zFspjW	34-374-244-3932	riously regular excuses. quickly close ideas sleep. final requests haggle along th
1768.34	Supplier#000000866	UNITED STATES	8607	Manufacturer#5	CosbyBH1bG81zFspjW	34-374-244-3932	riously regular excuses. quickly close ideas sleep. final requests haggle along th
1824.47	Supplier#000000561	RUSSIA	18560	Manufacturer#1	1V3DMQWQpfjPJybZYAP	32-547-343-1231	d packages. carefully bold ideas are quickly across the platelets. final, express pinto b
1828.73	Supplier#000000597	UNITED STATES	14804	Manufacturer#2	CKt5G XZ5DBt	34-219-790-3864	ecoys sleep slyly according to the furiously regular requests. furiously expres
1828.73	Supplier#000000597	UNITED STATES	4834	Manufacturer#2	CKt5G XZ5DBt	34-219-790-3864	ecoys sleep slyly according to the furiously regular requests. furiously expres
1828.73	Supplier#000000597	UNITED STATES	6596	Manufacturer#2	CKt5G XZ5DBt	34-219-790-3864	ecoys sleep slyly according to the furiously regular requests. furiously expres
1883.37	Supplier#000000086	ROMANIA	7085	Manufacturer#3	J1fgg5QaqnN	29-903-665-7065	cajole furiously special, final requests: furiously spec
1883.37	Supplier#000000086	ROMANIA	7828	Manufacturer#3	J1fgg5QaqnN	29-903-665-7065	cajole furiously special, final requests: furiously spec
1884.76	Supplier#000000288	IRAN	11287	Manufacturer#5	8fUJhFrKTMmi5L	20-850-734-7789	ual deposits wake furiously i
1887.55	Supplier#000000803	MOROCCO	12540	Manufacturer#4	,IXoixqcMluU5OEK7RhD,mDrBE2E3ygs	25-347-400-8216	uiet ideas. even packages haggle carefully according to the fluffily slow requests. furiously ironi
1887.55	Supplier#000000803	MOROCCO	17268	Manufacturer#4	,IXoixqcMluU5OEK7RhD,mDrBE2E3ygs	25-347-400-8216	uiet ideas. even packages haggle carefully according to the fluffily slow requests. furiously ironi
1887.55	Supplier#000000803	MOROCCO	7288	Manufacturer#1	,IXoixqcMluU5OEK7RhD,mDrBE2E3ygs	25-347-400-8216	uiet ideas. even packages haggle carefully according to the fluffily slow requests. furiously ironi
1887.62	Supplier#000000027	CHINA	15496	Manufacturer#5	lC4CjKwNHUr6L4xIpzOBK4NlHkFTg	28-708-999-2028	s according to the quickly regular hockey playe
1898.39	Supplier#000000962	CHINA	17427	Manufacturer#5	0udWpU30ecw3XMLiEVhaM7I,BhufyzF4i	28-105-675-7555	ent deposits are furiously slyly ironic es
1900.17	Supplier#000000747	JAPAN	16214	Manufacturer#4	0XGddxTld5cBDIN4Z30Je siitSCbFC	22-543-907-2770	dolites haggle closely: theodolites affix after the express, even deposits. even ideas are blithely
1906.46	Supplier#000000226	CANADA	18225	Manufacturer#5	83qOdU2EYRdPQAQhEtn GRZEd	13-768-844-6969	deposits run fluffily: excuses breach closely against the slyly regular dolp
1922.8	Supplier#000000737	BRAZIL	10956	Manufacturer#5	5fna7sQRrNfLatMkl0Oy,Sps0IWTez	12-503-512-3693	carefully ironic platelets use across the blithely speci
1922.8	Supplier#000000737	BRAZIL	11214	Manufacturer#3	5fna7sQRrNfLatMkl0Oy,Sps0IWTez	12-503-512-3693	carefully ironic platelets use across the blithely speci
1922.8	Supplier#000000737	BRAZIL	486	Manufacturer#4	5fna7sQRrNfLatMkl0Oy,Sps0IWTez	12-503-512-3693	carefully ironic platelets use across the blithely speci
1922.8	Supplier#000000737	BRAZIL	5226	Manufacturer#5	5fna7sQRrNfLatMkl0Oy,Sps0IWTez	12-503-512-3693	carefully ironic platelets use across the blithely speci
1922.8	Supplier#000000737	BRAZIL	7479	Manufacturer#4	5fna7sQRrNfLatMkl0Oy,Sps0IWTez	12-503-512-3693	carefully ironic platelets use across the blithely speci
1938.69	Supplier#000000208	EGYPT	14207	Manufacturer#5	kr uyD ,K95lEvq77tuHVjOJM57	14-932-450-9228	instructions boost blithely along the
1938.69	Supplier#000000208	EGYPT	9430	Manufacturer#2	kr uyD ,K95lEvq77tuHVjOJM57	14-932-450-9228	instructions boost blithely along the
1955.97	Supplier#000000849	ARGENTINA	9071	Manufacturer#2	uy a2rQl1Bag,cFo5GRTZigHtqh Gguuj2xtlz	11-608-566-4693	ideas will have to sleep pinto beans. deposits around the dependencies ha
1956.55	Supplier#000000614	KENYA	15348	Manufacturer#4	DteCEt557XpSo8CejUUbFm RgTeT4FRz7bC,6l	24-185-488-4015	inal theodolites shall have to boost. unusual theodolites are
1956.55	Supplier#000000614	KENYA	15613	Manufacturer#4	DteCEt557XpSo8CejUUbFm RgTeT4FRz7bC,6l	24-185-488-4015	inal theodolites shall have to boost. unusual theodolites are
1956.55	Supplier#000000614	KENYA	18809	Manufacturer#3	DteCEt557XpSo8CejUUbFm RgTeT4FRz7bC,6l	24-185-488-4015	inal theodolites shall have to boost. unusual theodolites are
2002.17	Supplier#000000637	ETHIOPIA	14372	Manufacturer#5	V6AMGzXQ7Eqs	15-832-253-5581	rses haggle blithely about the carefully silent deposits. slyly pending packages th
2002.17	Supplier#000000637	ETHIOPIA	6124	Manufacturer#1	V6AMGzXQ7Eqs	15-832-253-5581	rses haggle blithely about the carefully silent deposits. slyly pending packages th
2015.59	Supplier#000000922	JORDAN	13132	Manufacturer#1	V2KIQXPxtYnOkul	23-456-977-9276	yly even packages affix quickly! quickly pending foxes haggle at the final, bold deposits. blit
2051.26	Supplier#000000466	RUSSIA	15935	Manufacturer#1	HEW3DIL,Aw0Ud	32-408-942-6024	requests. closely final pinto beans according to the quickly ironic instructions breach b
2077.39	Supplier#000000172	RUSSIA	13382	Manufacturer#1	NckigAXBRUXbJI	32-481-329-1585	efully ironic packages x-ray thinly. slyly pending hockey players haggle slyly. sly
2077.39	Supplier#000000172	RUSSIA	9171	Manufacturer#4	NckigAXBRUXbJI	32-481-329-1585	efully ironic packages x-ray thinly. slyly pending hockey players haggle slyly. sly
2082.42	Supplier#000000591	UNITED STATES	10070	Manufacturer#1	iXlVA9y6oX4	34-204-742-6291	ven instructions try to are slyly about the quickly b
2082.42	Supplier#000000591	UNITED STATES	13327	Manufacturer#2	iXlVA9y6oX4	34-204-742-6291	ven instructions try to are slyly about the quickly b
2094.34	Supplier#000000369	GERMANY	12582	Manufacturer#4	XKLa3tQT7,TgtuLi2Vme8vGyx	17-381-930-4614	cording to the special, regular pinto
2094.34	Supplier#000000369	GERMANY	19099	Manufacturer#4	XKLa3tQT7,TgtuLi2Vme8vGyx	17-381-930-4614	cording to the special, regular pinto
2094.94	Supplier#000000751	ETHIOPIA	1997	Manufacturer#3	20kEocUg39iam9T EzquK P7grgp,QD	15-773-726-6594	carefully special instructions cajole slow re
21.18	Supplier#000000026	VIETNAM	15495	Manufacturer#2	iV,MHzAx6Z939uzFNkq09M0a1 MBfH7	31-758-894-4436	ideas poach carefully after the blithely bold asymptotes. furiously pending theodoli
2114.99	Supplier#000000552	JAPAN	10551	Manufacturer#2	JP3ebtH5epPwpU2lVQqKNZC3NTvnTlrhLy5eeGN	22-861-905-2401	uickly about the deposits. furiously pending accounts wake. packages are slyly bold de
2114.99	Supplier#000000552	JAPAN	4043	Manufacturer#2	JP3ebtH5epPwpU2lVQqKNZC3NTvnTlrhLy5eeGN	22-861-905-2401	uickly about the deposits. furiously pending accounts wake. packages are slyly bold de
2124.86	Supplier#000000487	ETHIOPIA	12486	Manufacturer#3	BvDBcJa,jQPslM	15-551-730-1265	ly about the requests. accounts could use blithely? furiously pending accounts nag regular, even ide
2124.86	Supplier#000000487	ETHIOPIA	18950	Manufacturer#3	BvDBcJa,jQPslM	15-551-730-1265	ly about the requests. accounts could use blithely? furiously pending accounts nag regular, even ide
2124.86	Supplier#000000487	ETHIOPIA	486	Manufacturer#4	BvDBcJa,jQPslM	15-551-730-1265	ly about the requests. accounts could use blithely? furiously pending accounts nag regular, even ide
2127.89	Supplier#000000515	PERU	15249	Manufacturer#4	5TOuZXAb9df7m3BCW2 TeHMY1Zdf46DqpT2,0t	27-470-220-5233	beans sleep after the final frays. special ideas across the carefully regular instructi
213.41	Supplier#000000852	ARGENTINA	13325	Manufacturer#1	n3zasd04WljXdo9xMjQRkZKrEB	11-574-892-3228	Customer s. even asympRecommends haggl
2138.97	Supplier#000000262	SAUDI ARABIA	18993	Manufacturer#1	3kCm2eN3Jra2UzvWWBm,P04b	30-952-865-8647	ironic escapades. furiously even ideas affix blithely. silent accounts thrash beneath the
2138.97	Supplier#000000262	SAUDI ARABIA	3502	Manufacturer#3	3kCm2eN3Jra2UzvWWBm,P04b	30-952-865-8647	ironic escapades. furiously even ideas affix blithely. silent accounts thrash beneath the
2141.08	Supplier#000000446	INDIA	4191	Manufacturer#3	na LX4kqDQbh	18-902-583-3116	usual warhorses-- carefully unusual dep
2141.08	Supplier#000000446	INDIA	5935	Manufacturer#5	na LX4kqDQbh	18-902-583-3116	usual warhorses-- carefully unusual dep
2141.08	Supplier#000000446	INDIA	8671	Manufacturer#2	na LX4kqDQbh	18-902-583-3116	usual warhorses-- carefully unusual dep
2150.78	Supplier#000000203	ARGENTINA	11680	Manufacturer#4	wvdhblw9JkIe52z0gnGSDrDBsMsI3Aidqk	11-257-649-3327	ar warhorses detect. carefully final requests since the unusual, ironic deposits b
2150.78	Supplier#000000203	ARGENTINA	15202	Manufacturer#3	wvdhblw9JkIe52z0gnGSDrDBsMsI3Aidqk	11-257-649-3327	ar warhorses detect. carefully final requests since the unusual, ironic deposits b
2166.85	Supplier#000000329	PERU	3822	Manufacturer#5	zPg8 aqmUQ4wHGC 8nO39C50AOMB1VxTsJWmpYyz	27-571-511-5321	endencies. boldly silent pinto beans cajole. carefully unusua
2172.39	Supplier#000000639	INDONESIA	13638	Manufacturer#4	WGqnQRU1xoC,UV9xDGjc48rC4Cow4	19-128-575-2303	sual theodolites. slyly even accounts according to the quickly special accounts are f
2187.91	Supplier#000000198	FRANCE	10937	Manufacturer#4	ncWe9nTBqJETno	16-355-298-7120	ts are blithely stealthily unusual asymptotes: blithely final excuses wake. ca
2200.43	Supplier#000000778	SAUDI ARABIA	10777	Manufacturer#4	SHE9zl 2BWMYhH25	30-653-194-4012	tructions along the furiousl
2200.43	Supplier#000000778	SAUDI ARABIA	8519	Manufacturer#2	SHE9zl 2BWMYhH25	30-653-194-4012	tructions along the furiousl
2200.43	Supplier#000000778	SAUDI ARABIA	9518	Manufacturer#2	SHE9zl 2BWMYhH25	30-653-194-4012	tructions along the furiousl
2201.94	Supplier#000000613	IRAQ	12350	Manufacturer#1	DYwZjMQj26Es8D8pxn2zx	21-796-340-9401	e furiously. final foxes haggle carefully quickly express theodolites. regular deposits affix bli
2201.94	Supplier#000000613	IRAQ	18344	Manufacturer#5	DYwZjMQj26Es8D8pxn2zx	21-796-340-9401	e furiously. final foxes haggle carefully quickly express theodolites. regular deposits affix bli
2201.94	Supplier#000000613	IRAQ	7612	Manufacturer#2	DYwZjMQj26Es8D8pxn2zx	21-796-340-9401	e furiously. final foxes haggle carefully quickly express theodolites. regular deposits affix bli
2217.93	Supplier#000000139	RUSSIA	4376	Manufacturer#1	2mQLQsVJ8WLBSnl0R bXrcyTgqXKrplgxb	32-788-265-2743	arefully ironic ideas: slyly regular deposits about the furiously ironic requests
2221.25	Supplier#000000771	ROMANIA	13981	Manufacturer#2	lwZ I15rq9kmZXUNhl	29-986-304-9006	nal foxes eat slyly about the fluffily permanent id
2233.53	Supplier#000000401	IRAN	11400	Manufacturer#2	9 zStaJ sD	20-586-179-6994	ages. dolphins integrate blithely final waters. carefully unusual accounts are fluf
2233.53	Supplier#000000401	IRAN	14872	Manufacturer#1	9 zStaJ sD	20-586-179-6994	ages. dolphins integrate blithely final waters. carefully unusual accounts are fluf
2233.53	Supplier#000000401	IRAN	17599	Manufacturer#3	9 zStaJ sD	20-586-179-6994	ages. dolphins integrate blithely final waters. carefully unusual accounts are fluf
2250.74	Supplier#000000411	CHINA	11149	Manufacturer#3	G9H53XVrdbhRgvQwho1AS	28-518-787-9625	ial foxes. furiously permanent packa
2250.74	Supplier#000000411	CHINA	18606	Manufacturer#4	G9H53XVrdbhRgvQwho1AS	28-518-787-9625	ial foxes. furiously permanent packa
2250.74	Supplier#000000411	CHINA	910	Manufacturer#4	G9H53XVrdbhRgvQwho1AS	28-518-787-9625	ial foxes. furiously permanent packa
2257.13	Supplier#000000442	IRAQ	7670	Manufacturer#2	PJSCHXMAsqyRr5aPD9lp4tUl1B1WytbosVY8EdNZ	21-463-951-7051	es wake. accounts sleep slyly. slyly ironic platelets haggle. slyly
2266.32	Supplier#000000496	SAUDI ARABIA	10975	Manufacturer#5	be4auZxyqAgF5ysH3nXWcc7bDsNgdZ	30-810-880-3654	theodolites. slyly regular
2266.32	Supplier#000000496	SAUDI ARABIA	13969	Manufacturer#1	be4auZxyqAgF5ysH3nXWcc7bDsNgdZ	30-810-880-3654	theodolites. slyly regular
2266.32	Supplier#000000496	SAUDI ARABIA	15495	Manufacturer#2	be4auZxyqAgF5ysH3nXWcc7bDsNgdZ	30-810-880-3654	theodolites. slyly regular
2267.98	Supplier#000000429	UNITED KINGDOM	678	Manufacturer#4	6ITML8w7yXMd5wzp4xUYXX7rb	33-283-246-6716	l ideas sleep. furiously ironic
2268.02	Supplier#000000318	UNITED STATES	11056	Manufacturer#5	Cm5fnQ4M6VeJF17mBbV6iB0XoQL31STrb3Su	34-466-917-6708	ly express accounts cajole blithely brave instructions. furiously even
2268.02	Supplier#000000318	UNITED STATES	19510	Manufacturer#3	Cm5fnQ4M6VeJF17mBbV6iB0XoQL31STrb3Su	34-466-917-6708	ly express accounts cajole blithely brave instructions. furiously even
227.59	Supplier#000000604	UNITED STATES	4841	Manufacturer#4	B53WjrwJCSh14Bx,oCEinGgCJ3ZCc8m	34-390-848-6584	regular asymptotes solve accordin
2284.88	Supplier#000000891	INDIA	7119	Manufacturer#5	cv64gZAB3Ax5XblZ19gNA zOHb9q2nGjtvUzLm9P	18-541-281-5118	deposits. slyly final accounts are fluffily slyly
2291.35	Supplier#000000228	KENYA	15227	Manufacturer#4	pyTY uocaSasIUlrHUbBwM,r,	24-920-216-6514	s above the final deposits detect along the furiously idle packages. b
2317.52	Supplier#000000668	INDIA	8893	Manufacturer#5	lLpUAYxvq5Gu9eLRdlrj	18-876-287-5756	x quietly among the braids. blithely final asymptotes would a
2336.52	Supplier#000000993	BRAZIL	10732	Manufacturer#1	z2NwUJ TPfd9MP8K3Blp1prYQ116	12-316-384-2073	asymptotes haggle slowly above the
2336.52	Supplier#000000993	BRAZIL	13203	Manufacturer#3	z2NwUJ TPfd9MP8K3Blp1prYQ116	12-316-384-2073	asymptotes haggle slowly above the
2336.52	Supplier#000000993	BRAZIL	2236	Manufacturer#2	z2NwUJ TPfd9MP8K3Blp1prYQ116	12-316-384-2073	asymptotes haggle slowly above the
2336.52	Supplier#000000993	BRAZIL	2992	Manufacturer#3	z2NwUJ TPfd9MP8K3Blp1prYQ116	12-316-384-2073	asymptotes haggle slowly above the
2342.35	Supplier#000000600	JAPAN	11816	Manufacturer#2	YHyUzea88sXoNmqmCMamiEfGC54xpdX	22-508-410-2758	s. fluffily ironic deposits hinder furiousl
2342.35	Supplier#000000600	JAPAN	17599	Manufacturer#3	YHyUzea88sXoNmqmCMamiEfGC54xpdX	22-508-410-2758	s. fluffily ironic deposits hinder furiousl
2342.35	Supplier#000000600	JAPAN	18331	Manufacturer#1	YHyUzea88sXoNmqmCMamiEfGC54xpdX	22-508-410-2758	s. fluffily ironic deposits hinder furiousl
2342.35	Supplier#000000600	JAPAN	4837	Manufacturer#1	YHyUzea88sXoNmqmCMamiEfGC54xpdX	22-508-410-2758	s. fluffily ironic deposits hinder furiousl
2342.35	Supplier#000000600	JAPAN	7085	Manufacturer#3	YHyUzea88sXoNmqmCMamiEfGC54xpdX	22-508-410-2758	s. fluffily ironic deposits hinder furiousl
2342.35	Supplier#000000600	JAPAN	7828	Manufacturer#3	YHyUzea88sXoNmqmCMamiEfGC54xpdX	22-508-410-2758	s. fluffily ironic deposits hinder furiousl
237.31	Supplier#000000034	IRAN	14241	Manufacturer#3	mYRe3KvA2O4lL4HhxDKkkrPUDPMKRCSp,Xpa	20-519-982-2343	eposits. slyly final deposits toward the slyly regular dependencies sleep among the excu
237.31	Supplier#000000034	IRAN	8259	Manufacturer#4	mYRe3KvA2O4lL4HhxDKkkrPUDPMKRCSp,Xpa	20-519-982-2343	eposits. slyly final deposits toward the slyly regular dependencies sleep among the excu
2371.51	Supplier#000000036	JORDAN	8519	Manufacturer#2	mzSpBBJvbjdx3UKTW3bLFewRD78D91lAC879	23-273-493-3679	ular theodolites must haggle regular, bold accounts. slyly final pinto beans bo
2398.3	Supplier#000000197	CANADA	13670	Manufacturer#2	YC2Acon6kjY3zj3Fbxs2k4Vdf7X0cd2F	13-999-250-8664	ithely final ideas within the furiously ironic requests cajole
2398.3	Supplier#000000197	CANADA	14196	Manufacturer#2	YC2Acon6kjY3zj3Fbxs2k4Vdf7X0cd2F	13-999-250-8664	ithely final ideas within the furiously ironic requests cajole
2398.3	Supplier#000000197	CANADA	14404	Manufacturer#4	YC2Acon6kjY3zj3Fbxs2k4Vdf7X0cd2F	13-999-250-8664	ithely final ideas within the furiously ironic requests cajole
24.49	Supplier#000000712	IRAN	13185	Manufacturer#4	u0ZzFkqHLbJbJ	20-433-125-7032	y express theodolites are busily. bold theodolites cajole carefully furiously ironic pinto bea
2408.11	Supplier#000000636	CHINA	12635	Manufacturer#5	Kc rcRwa,q,TQx1W 3fu	28-357-934-4951	wake fluffily above the slyly final ideas. silent instructions wake carefully: blithely silent d
2408.11	Supplier#000000636	CHINA	4127	Manufacturer#3	Kc rcRwa,q,TQx1W 3fu	28-357-934-4951	wake fluffily above the slyly final ideas. silent instructions wake carefully: blithely silent d
2415.66	Supplier#000000905	PERU	9904	Manufacturer#4	WAGJHr1OUm95U5	27-266-689-2728	usly regular deposits. foxes boost blithely ironic theodolit
2424.93	Supplier#000000235	INDIA	15969	Manufacturer#1	W89jjgy458	18-835-352-6531	ackages run blithely above the fluffily even dolphins. dep
2424.93	Supplier#000000235	INDIA	5234	Manufacturer#5	W89jjgy458	18-835-352-6531	ackages run blithely above the fluffily even dolphins. dep
2424.93	Supplier#000000235	INDIA	5469	Manufacturer#3	W89jjgy458	18-835-352-6531	ackages run blithely above the fluffily even dolphins. dep
2455.98	Supplier#000000066	UNITED KINGDOM	18065	Manufacturer#3	qYdruFJQJYYiKvnNVmYfCVydVB8bcW,AW,U6SOV3	33-300-836-9529	ar requests. express orbits de
246.8	Supplier#000000895	BRAZIL	14630	Manufacturer#1	Tm5QKYFUhtY	12-826-730-8247	y final foxes cajole blithely. packages over the blithely ironic accounts haggle silent, regular dep
2470.84	Supplier#000000092	BRAZIL	13828	Manufacturer#3	n48Wy4QI3lml8T217rk	12-701-432-8346	even theodolites wake against the blithely fluffy packages
2470.84	Supplier#000000092	BRAZIL	4837	Manufacturer#1	n48Wy4QI3lml8T217rk	12-701-432-8346	even theodolites wake against the blithely fluffy packages
2470.84	Supplier#000000092	BRAZIL	7320	Manufacturer#5	n48Wy4QI3lml8T217rk	12-701-432-8346	even theodolites wake against the blithely fluffy packages
2470.84	Supplier#000000092	BRAZIL	7834	Manufacturer#4	n48Wy4QI3lml8T217rk	12-701-432-8346	even theodolites wake against the blithely fluffy packages
2470.84	Supplier#000000092	BRAZIL	9314	Manufacturer#3	n48Wy4QI3lml8T217rk	12-701-432-8346	even theodolites wake against the blithely fluffy packages
2492.06	Supplier#000000523	CHINA	522	Manufacturer#3	zzfDhdtZcvmVzA8rNFU,Yctj1zBN	28-458-231-8410	e, regular deposits eat. fluffily express foxes haggle a
2502.95	Supplier#000000127	ARGENTINA	2622	Manufacturer#1	VEqo3HZJ,0ggcaxvqZnW7Rq7l,cPqfKgX2bIRavM	11-265-565-1616	yly above the fluffily ironic accounts.
2502.95	Supplier#000000127	ARGENTINA	3873	Manufacturer#5	VEqo3HZJ,0ggcaxvqZnW7Rq7l,cPqfKgX2bIRavM	11-265-565-1616	yly above the fluffily ironic accounts.
2502.95	Supplier#000000127	ARGENTINA	7612	Manufacturer#2	VEqo3HZJ,0ggcaxvqZnW7Rq7l,cPqfKgX2bIRavM	11-265-565-1616	yly above the fluffily ironic accounts.
2512.41	Supplier#000000038	EGYPT	10777	Manufacturer#4	xEcx45vD0FXHT7c9mvWFY	14-361-296-6426	ins. fluffily special accounts haggle slyly af
2512.41	Supplier#000000038	EGYPT	18501	Manufacturer#4	xEcx45vD0FXHT7c9mvWFY	14-361-296-6426	ins. fluffily special accounts haggle slyly af
2512.41	Supplier#000000038	EGYPT	2037	Manufacturer#1	xEcx45vD0FXHT7c9mvWFY	14-361-296-6426	ins. fluffily special accounts haggle slyly af
2512.41	Supplier#000000038	EGYPT	2785	Manufacturer#4	xEcx45vD0FXHT7c9mvWFY	14-361-296-6426	ins. fluffily special accounts haggle slyly af
2536.81	Supplier#000000988	ALGERIA	6987	Manufacturer#2	dFt73JWMYsSxR3 UQN K3FAz	10-630-928-4130	according to the ironic packages.
2536.81	Supplier#000000988	ALGERIA	7987	Manufacturer#1	dFt73JWMYsSxR3 UQN K3FAz	10-630-928-4130	according to the ironic packages.
2576.28	Supplier#000000983	ALGERIA	18982	Manufacturer#5	XOYb xohl2j0U7wTTUaT4F6DShKfH4Hv3p,hnP	10-384-209-1825	onic requests. slyly unusual ideas wake carefully final depo
258.33	Supplier#000000166	JORDAN	17165	Manufacturer#4	zCr2Z0hHyLjSz	23-117-751-3240	s. regular, unusual requests about the bold packages grow careful
2587.02	Supplier#000000713	VIETNAM	5457	Manufacturer#4	DBMIf1HiYY8OyRFcbtHpKIz	31-890-482-5331	accounts serve furiously ironic deposits. ironically pending
2588.83	Supplier#000000095	ROMANIA	14566	Manufacturer#2	p2 2hBfH5TD	29-142-539-1403	sual instructions cajole slyly with the final ac
2588.83	Supplier#000000095	ROMANIA	3094	Manufacturer#1	p2 2hBfH5TD	29-142-539-1403	sual instructions cajole slyly with the final ac
2613.77	Supplier#000000279	JORDAN	19009	Manufacturer#1	aVGVO0XNwTEkFwH0OhaQMJC7un0EizPpq	23-617-962-7353	accounts. quickly special packages nag at the unusual requests-- special d
2616.54	Supplier#000000213	CHINA	4958	Manufacturer#4	1s7 4odatD2BWz1QjXR2 2SnFhc,Rvr2Icxh1m7f	28-317-938-6979	, regular packages. request
2616.54	Supplier#000000213	CHINA	6444	Manufacturer#4	1s7 4odatD2BWz1QjXR2 2SnFhc,Rvr2Icxh1m7f	28-317-938-6979	, regular packages. request
2638.54	Supplier#000000265	ROMANIA	6008	Manufacturer#5	eHF4Edu,B8,NgBSSEV4xNC37i1q08WCNKyOe6jP	29-734-865-6334	le evenly besides the fluffily fina
2697.53	Supplier#000000742	ALGERIA	12479	Manufacturer#5	yaX50kwIVnFeY3	10-673-629-5928	en theodolites are about the blithely unusual requests. bold deposits wake. furiously even packages
2723.99	Supplier#000000545	BRAZIL	2292	Manufacturer#3	D8SE9UgTdgq3oNH8RzaxDKpbsA BlRKsf	12-876-408-4086	onic packages use slyly about the theodolites. final platelets are. finall
2723.99	Supplier#000000545	BRAZIL	3291	Manufacturer#1	D8SE9UgTdgq3oNH8RzaxDKpbsA BlRKsf	12-876-408-4086	onic packages use slyly about the theodolites. final platelets are. finall
2732.95	Supplier#000000122	MOZAMBIQUE	15856	Manufacturer#1	2RUSHHspScCVTWC6z vw2XVR	26-432-258-4986	ackages. carefully special accounts use slyly. slyly silent i
2733.69	Supplier#000000054	JAPAN	4799	Manufacturer#4	J1s,Wxb5pg	22-966-435-7200	blithely pending dolphins. quickly regular theodolites haggle slyly
2753.77	Supplier#000000180	GERMANY	5414	Manufacturer#2	JJzFp5wZcS0KpMLM95tYmq5Pv526UBfT8vrfwBk	17-600-237-1665	ic deposits wake furiously even, express accounts. slyly express packages detect doggedly
2753.77	Supplier#000000180	GERMANY	7665	Manufacturer#3	JJzFp5wZcS0KpMLM95tYmq5Pv526UBfT8vrfwBk	17-600-237-1665	ic deposits wake furiously even, express accounts. slyly express packages detect doggedly
2755.92	Supplier#000000341	KENYA	14812	Manufacturer#5	sdb9yPRPun Z awDuDPUId2NH0Yrz7dnJ1GBDc	24-320-626-2836	express deposits against the dependencies use blithel
2755.92	Supplier#000000341	KENYA	3087	Manufacturer#5	sdb9yPRPun Z awDuDPUId2NH0Yrz7dnJ1GBDc	24-320-626-2836	express deposits against the dependencies use blithel
2755.92	Supplier#000000341	KENYA	8340	Manufacturer#2	sdb9yPRPun Z awDuDPUId2NH0Yrz7dnJ1GBDc	24-320-626-2836	express deposits against the dependencies use blithel
2755.92	Supplier#000000341	KENYA	8566	Manufacturer#2	sdb9yPRPun Z awDuDPUId2NH0Yrz7dnJ1GBDc	24-320-626-2836	express deposits against the dependencies use blithel
2761.59	Supplier#000000839	FRANCE	14310	Manufacturer#3	1fSx9Sv6LraqnVP3u	16-845-687-7291	ess, regular accounts haggle slyly across the carefully
2763.95	Supplier#000000856	EGYPT	8339	Manufacturer#5	U,GH2ZjlmA78JRbjWhbf7jCgrU7a0Dx	14-216-125-2920	special packages. theodolites haggle carefully. special packa
2763.95	Supplier#000000856	EGYPT	8597	Manufacturer#4	U,GH2ZjlmA78JRbjWhbf7jCgrU7a0Dx	14-216-125-2920	special packages. theodolites haggle carefully. special packa
2766.8	Supplier#000000094	EGYPT	10573	Manufacturer#1	lK,pLPjAMVGJOXN80zPZuNQjpChliE	14-728-888-8882	usly. furiously slow theodolites could haggle carefully fina
2766.8	Supplier#000000094	EGYPT	16093	Manufacturer#4	lK,pLPjAMVGJOXN80zPZuNQjpChliE	14-728-888-8882	usly. furiously slow theodolites could haggle carefully fina
2783.33	Supplier#000000980	JORDAN	2223	Manufacturer#1	jfgiJfywBW88ZEYM 5V	23-105-829-3910	xcuses. unusual, special accounts integrate furio
2783.33	Supplier#000000980	JORDAN	4217	Manufacturer#1	jfgiJfywBW88ZEYM 5V	23-105-829-3910	xcuses. unusual, special accounts integrate furio
2783.33	Supplier#000000980	JORDAN	5469	Manufacturer#3	jfgiJfywBW88ZEYM 5V	23-105-829-3910	xcuses. unusual, special accounts integrate furio
2800.6	Supplier#000000249	IRAN	15248	Manufacturer#2	ktpns6Bvu4fP8Wzzlc8	20-241-221-7700	regular excuses about the blithely pen
2800.6	Supplier#000000249	IRAN	1997	Manufacturer#3	ktpns6Bvu4fP8Wzzlc8	20-241-221-7700	regular excuses about the blithely pen
2805.77	Supplier#000000425	ALGERIA	2172	Manufacturer#1	a KnEGf,bqEnGd2Wd9Tl	10-262-132-6639	ular pinto beans are among the fluffily bold acco
2805.77	Supplier#000000425	ALGERIA	4916	Manufacturer#1	a KnEGf,bqEnGd2Wd9Tl	10-262-132-6639	ular pinto beans are among the fluffily bold acco
281.9	Supplier#000000640	CANADA	18103	Manufacturer#3	mvvtlQKsTOsJj5Ihk7,cq	13-758-222-1059	nic accounts sleep daringly at t
281.9	Supplier#000000640	CANADA	4131	Manufacturer#4	mvvtlQKsTOsJj5Ihk7,cq	13-758-222-1059	nic accounts sleep daringly at t
281.9	Supplier#000000640	CANADA	6127	Manufacturer#3	mvvtlQKsTOsJj5Ihk7,cq	13-758-222-1059	nic accounts sleep daringly at t
283.61	Supplier#000000251	VIETNAM	14458	Manufacturer#2	Uqi3s, iqzLxI4duoRfgkciiN4XuCvITGIUf	31-869-288-1674	eep blithely even, ironic requests. carefully pending courts above th
283.61	Supplier#000000251	VIETNAM	18982	Manufacturer#5	Uqi3s, iqzLxI4duoRfgkciiN4XuCvITGIUf	31-869-288-1674	eep blithely even, ironic requests. carefully pending courts above th
283.61	Supplier#000000251	VIETNAM	7479	Manufacturer#4	Uqi3s, iqzLxI4duoRfgkciiN4XuCvITGIUf	31-869-288-1674	eep blithely even, ironic requests. carefully pending courts above th
2830.62	Supplier#000000541	PERU	12540	Manufacturer#4	Nxggufcm ,hR	27-914-557-6989	blithely ironic accounts poach blithely alongside of the carefu
2843.8	Supplier#000000965	GERMANY	18696	Manufacturer#1	aPiA00HXK1,L2FmArcXVT	17-117-423-8603	ut the express packages. ironic sentiments are qui
2844.11	Supplier#000000908	EGYPT	16907	Manufacturer#3	05YocPlDfIe SFz7r5BeVAgqOx8i	14-669-206-5538	s the slyly unusual foxes. furiously
2844.11	Supplier#000000908	EGYPT	18103	Manufacturer#3	05YocPlDfIe SFz7r5BeVAgqOx8i	14-669-206-5538	s the slyly unusual foxes. furiously
2858.06	Supplier#000000707	ALGERIA	1204	Manufacturer#2	gIbGXDVlfL3Zl4dmtnAKrnoO	10-971-806-9591	counts haggle ruthlessly bold deposits. furiously regular instructions wake near the furi
2874.22	Supplier#000000266	UNITED KINGDOM	12479	Manufacturer#5	LGWx4Xcq0GwQVwTR	33-256-678-2321	y express foxes. special, pending deposits are slyly-- packages detect blithely ironic se
2874.22	Supplier#000000266	UNITED KINGDOM	19996	Manufacturer#4	LGWx4Xcq0GwQVwTR	33-256-678-2321	y express foxes. special, pending deposits are slyly-- packages detect blithely ironic se
289.32	Supplier#000000828	VIETNAM	6059	Manufacturer#3	0B2aPqJ6KTEr2fqxuC7z	31-911-715-8972	ions are carefully along the regular, pending pinto beans. special
289.32	Supplier#000000828	VIETNAM	827	Manufacturer#1	0B2aPqJ6KTEr2fqxuC7z	31-911-715-8972	ions are carefully along the regular, pending pinto beans. special
2890.48	Supplier#000000428	PERU	13638	Manufacturer#4	v,lOR2jikAbT0hNyPuYhhJODDs2VBPp	27-542-634-4350	ly final packages. silent depo
2890.48	Supplier#000000428	PERU	17427	Manufacturer#5	v,lOR2jikAbT0hNyPuYhhJODDs2VBPp	27-542-634-4350	ly final packages. silent depo
2899.03	Supplier#000000419	FRANCE	15418	Manufacturer#2	FpWtqjkbqEXn	16-510-433-1061	of the carefully express accounts. even tithe
2899.03	Supplier#000000419	FRANCE	918	Manufacturer#5	FpWtqjkbqEXn	16-510-433-1061	of the carefully express accounts. even tithe
2918.54	Supplier#000000575	ROMANIA	14310	Manufacturer#3	J24LOV AQiHuYuR	29-201-935-5958	special packages along the carefully e
2918.54	Supplier#000000575	ROMANIA	16776	Manufacturer#5	J24LOV AQiHuYuR	29-201-935-5958	special packages along the carefully e
2922.33	Supplier#000000461	RUSSIA	14196	Manufacturer#2	VLYMztlQim7tjPGSK0xPZXnb91a8,9wqVRwk62BP	32-897-799-8437	foxes. ironic, ironic packages lose furiously regular accounts. carefully slow excu
2927.68	Supplier#000000480	KENYA	12479	Manufacturer#5	q8,LH5UQiP3Tv60slOsFzX,HM0JPcwM0rD7eg d	24-645-644-2970	ular deposits according to the furiously even asymptotes use among the bold deposits. quickly
2927.68	Supplier#000000480	KENYA	16213	Manufacturer#4	q8,LH5UQiP3Tv60slOsFzX,HM0JPcwM0rD7eg d	24-645-644-2970	ular deposits according to the furiously even asymptotes use among the bold deposits. quickly
2927.68	Supplier#000000480	KENYA	7479	Manufacturer#4	q8,LH5UQiP3Tv60slOsFzX,HM0JPcwM0rD7eg d	24-645-644-2970	ular deposits according to the furiously even asymptotes use among the bold deposits. quickly
2937.16	Supplier#000000423	UNITED STATES	14630	Manufacturer#1	VCgMjClu4IDaVVMwMW0ARf1ho	34-577-174-3894	quests; bold deposits lose pending deposits-- slyly pending packages play slyly. regular, ironic mul
2937.16	Supplier#000000423	UNITED STATES	2422	Manufacturer#5	VCgMjClu4IDaVVMwMW0ARf1ho	34-577-174-3894	quests; bold deposits lose pending deposits-- slyly pending packages play slyly. regular, ironic mul
2937.16	Supplier#000000423	UNITED STATES	9904	Manufacturer#4	VCgMjClu4IDaVVMwMW0ARf1ho	34-577-174-3894	quests; bold deposits lose pending deposits-- slyly pending packages play slyly. regular, ironic mul
2944.23	Supplier#000000045	INDONESIA	15249	Manufacturer#4	LcKnsa8XGtIO0WYSB7hkOrH rnzRg1	19-189-635-8862	iously according to the ironic, silent accounts.
2956.02	Supplier#000000683	ALGERIA	3923	Manufacturer#2	W0rFJpyes6atCIuwAmktnK	10-108-564-6160	uests. platelets breach blithely among the furiously regular requests. quickly fin
2963.09	Supplier#000000840	ROMANIA	11056	Manufacturer#5	iYzUIypKhC0Y	29-781-337-5584	eep blithely regular dependencies. blithely regular platelets sublate alongside o
2963.09	Supplier#000000840	ROMANIA	3080	Manufacturer#2	iYzUIypKhC0Y	29-781-337-5584	eep blithely regular dependencies. blithely regular platelets sublate alongside o
2968.22	Supplier#000000420	JAPAN	13630	Manufacturer#5	kLWtAMtbSn	22-971-269-4753	eas cajole around the regular accounts. evenly even escapades
2968.22	Supplier#000000420	JAPAN	15624	Manufacturer#2	kLWtAMtbSn	22-971-269-4753	eas cajole around the regular accounts. evenly even escapades
2968.22	Supplier#000000420	JAPAN	16419	Manufacturer#1	kLWtAMtbSn	22-971-269-4753	eas cajole around the regular accounts. evenly even escapades
2971.1	Supplier#000000076	KENYA	18539	Manufacturer#1	JBhSBa3cLYvNgHUYtUHmtECCD	24-228-763-7840	, even instructions. furiously unusual deposits wake slyly about the ev
2971.1	Supplier#000000076	KENYA	3822	Manufacturer#5	JBhSBa3cLYvNgHUYtUHmtECCD	24-228-763-7840	, even instructions. furiously unusual deposits wake slyly about the ev
2971.1	Supplier#000000076	KENYA	9298	Manufacturer#4	JBhSBa3cLYvNgHUYtUHmtECCD	24-228-763-7840	, even instructions. furiously unusual deposits wake slyly about the ev
2972.26	Supplier#000000016	RUSSIA	1015	Manufacturer#4	YjP5C55zHDXL7LalK27zfQnwejdpin4AMpvh	32-822-502-4215	ously express ideas haggle quickly dugouts? fu
2972.26	Supplier#000000016	RUSSIA	12491	Manufacturer#4	YjP5C55zHDXL7LalK27zfQnwejdpin4AMpvh	32-822-502-4215	ously express ideas haggle quickly dugouts? fu
2980.07	Supplier#000000102	INDIA	15101	Manufacturer#2	pDmsZ3V8W7NR1wW	18-884-693-5785	ly even notornis nod furiously evenly regular platelets. thinly pending pat
2980.07	Supplier#000000102	INDIA	4847	Manufacturer#1	pDmsZ3V8W7NR1wW	18-884-693-5785	ly even notornis nod furiously evenly regular platelets. thinly pending pat
300.8	Supplier#000000232	GERMANY	11231	Manufacturer#1	90YJjotHlfwyieaTfuBJ8kohU5Oc83bESout,p	17-478-427-3811	asymptotes lose slyly evenly ironic asymptotes-- blithely bol
300.8	Supplier#000000232	GERMANY	18695	Manufacturer#2	90YJjotHlfwyieaTfuBJ8kohU5Oc83bESout,p	17-478-427-3811	asymptotes lose slyly evenly ironic asymptotes-- blithely bol
3009.57	Supplier#000000560	PERU	18755	Manufacturer#5	rYTPbri8qJ49rRfFmChtnDIQ	27-261-214-5284	slow platelets. quickly pending ideas are requests. even theodolites may nag about the regular,
3011.31	Supplier#000000958	INDIA	1204	Manufacturer#2	uAjh0zBiJ0d	18-553-836-9296	ress pinto beans cajole carefully among the quickly special requests. fluffily even dep
3017.47	Supplier#000000037	ALGERIA	8036	Manufacturer#4	cqjyB5h1nV	10-470-144-1330	iously final instructions. quickly special accounts hang fluffily above the accounts. deposits
3017.47	Supplier#000000037	ALGERIA	9518	Manufacturer#2	cqjyB5h1nV	10-470-144-1330	iously final instructions. quickly special accounts hang fluffily above the accounts. deposits
3065.22	Supplier#000000445	SAUDI ARABIA	13444	Manufacturer#5	WqzJKhnLnF05It4 5TDkGkUwVYszIko	30-686-270-2150	r the stealthy theodolites. bold, unusual attainmen
3065.22	Supplier#000000445	SAUDI ARABIA	5679	Manufacturer#3	WqzJKhnLnF05It4 5TDkGkUwVYszIko	30-686-270-2150	r the stealthy theodolites. bold, unusual attainmen
3065.22	Supplier#000000445	SAUDI ARABIA	6444	Manufacturer#4	WqzJKhnLnF05It4 5TDkGkUwVYszIko	30-686-270-2150	r the stealthy theodolites. bold, unusual attainmen
3065.22	Supplier#000000445	SAUDI ARABIA	9926	Manufacturer#5	WqzJKhnLnF05It4 5TDkGkUwVYszIko	30-686-270-2150	r the stealthy theodolites. bold, unusual attainmen
308.56	Supplier#000000015	INDIA	11231	Manufacturer#1	olXVbNBfVzRqgokr1T,Ie	18-453-357-6394	across the furiously regular platelets wake even deposits. quickly express she
3084.6	Supplier#000000217	MOROCCO	10956	Manufacturer#5	UVrZj7M2mMd7JLjbc tvFmQad14d1oid	25-113-702-9259	arefully final accounts. slyly even ideas haggle along
3084.6	Supplier#000000217	MOROCCO	3963	Manufacturer#3	UVrZj7M2mMd7JLjbc tvFmQad14d1oid	25-113-702-9259	arefully final accounts. slyly even ideas haggle along
3086.13	Supplier#000000088	IRAQ	11826	Manufacturer#1	yOshY8wwzMgS	21-191-938-9469	furiously special excuses aff
3086.13	Supplier#000000088	IRAQ	3087	Manufacturer#5	yOshY8wwzMgS	21-191-938-9469	furiously special excuses aff
3103.34	Supplier#000000934	INDONESIA	13670	Manufacturer#2	2o3Fav4osE	19-497-408-2402	t the fluffily ironic platelets. foxes use. blithely pending p
3107.46	Supplier#000000573	JAPAN	13309	Manufacturer#3	83GRV1s,yGFwl1NClLSXnJVRlh0xS8YW8	22-306-652-6853	icing accounts. carefully regular sauternes according to the accounts wake after the fina
3107.46	Supplier#000000573	JAPAN	8798	Manufacturer#4	83GRV1s,yGFwl1NClLSXnJVRlh0xS8YW8	22-306-652-6853	icing accounts. carefully regular sauternes according to the accounts wake after the fina
3107.46	Supplier#000000573	JAPAN	9795	Manufacturer#1	83GRV1s,yGFwl1NClLSXnJVRlh0xS8YW8	22-306-652-6853	icing accounts. carefully regular sauternes according to the accounts wake after the fina
3113.73	Supplier#000000887	CANADA	11886	Manufacturer#2	urEaTejH5POADP2ARrf	13-738-297-6117	s. regular realms haggle. special, unusual accounts wake furiously. bold pearls play c
3117.73	Supplier#000000723	ETHIOPIA	14458	Manufacturer#2	ZFI9Pb HTy,8e,mY0mqP6ThbN	15-714-811-1747	ests around the deposits cajole enticingly among the slyly express deposits. quick
3117.73	Supplier#000000723	ETHIOPIA	3963	Manufacturer#3	ZFI9Pb HTy,8e,mY0mqP6ThbN	15-714-811-1747	ests around the deposits cajole enticingly among the slyly express deposits. quick
3144.98	Supplier#000000579	ROMANIA	11056	Manufacturer#5	U6sejT6kSPi5p1FUcUxjdJ	29-854-341-3857	ly regular pinto beans. furiously regular ideas against the accounts nag blithely final pinto b
3144.98	Supplier#000000579	ROMANIA	7807	Manufacturer#5	U6sejT6kSPi5p1FUcUxjdJ	29-854-341-3857	ly regular pinto beans. furiously regular ideas against the accounts nag blithely final pinto b
3191.7	Supplier#000000100	VIETNAM	18563	Manufacturer#3	rIlN li8zvW22l2slbcx ECP4fL	31-351-324-5062	es. regular instructions sleep carefully. slyly ironic packages across the foxes boost
3191.7	Supplier#000000100	VIETNAM	19099	Manufacturer#4	rIlN li8zvW22l2slbcx ECP4fL	31-351-324-5062	es. regular instructions sleep carefully. slyly ironic packages across the foxes boost
3213.18	Supplier#000000405	UNITED STATES	12404	Manufacturer#5	dJIijVTX n7M0NDEQvCA	34-728-545-7374	er the foxes. special warhorses nag fluffily
3213.18	Supplier#000000405	UNITED STATES	14404	Manufacturer#4	dJIijVTX n7M0NDEQvCA	34-728-545-7374	er the foxes. special warhorses nag fluffily
3213.18	Supplier#000000405	UNITED STATES	14876	Manufacturer#3	dJIijVTX n7M0NDEQvCA	34-728-545-7374	er the foxes. special warhorses nag fluffily
3222.71	Supplier#000000543	MOROCCO	17275	Manufacturer#1	P10rl2 o A0jtJQDcB	25-433-303-6328	against the carefully ironic excuses boost bli
326.36	Supplier#000000159	EGYPT	14630	Manufacturer#1	xftQu5vkiD6BF	14-606-224-3002	blithely quickly ironic platel
3282.62	Supplier#000000998	MOROCCO	11214	Manufacturer#3	lgaoC,43IUbHf3Ar5odS8wQKp	25-430-605-1180	hs against the unusual accounts haggle r
3282.62	Supplier#000000998	MOROCCO	15202	Manufacturer#3	lgaoC,43IUbHf3Ar5odS8wQKp	25-430-605-1180	hs against the unusual accounts haggle r
3282.62	Supplier#000000998	MOROCCO	1997	Manufacturer#3	lgaoC,43IUbHf3Ar5odS8wQKp	25-430-605-1180	hs against the unusual accounts haggle r
3294.68	Supplier#000000350	GERMANY	17815	Manufacturer#1	KIFxV73eovmwhh	17-113-181-4017	e slyly special foxes. furiously unusual deposits detect carefully carefully ruthless foxes. quick
3294.68	Supplier#000000350	GERMANY	4841	Manufacturer#4	KIFxV73eovmwhh	17-113-181-4017	e slyly special foxes. furiously unusual deposits detect carefully carefully ruthless foxes. quick
3322.37	Supplier#000000633	SAUDI ARABIA	3873	Manufacturer#5	HhHzqIEl0jP8SQYZ7EybSWCtRFhmytByO7CPNZ	30-502-537-4154	ent accounts mold. blithely unusual packages wake. furiously f
3322.37	Supplier#000000633	SAUDI ARABIA	9632	Manufacturer#2	HhHzqIEl0jP8SQYZ7EybSWCtRFhmytByO7CPNZ	30-502-537-4154	ent accounts mold. blithely unusual packages wake. furiously f
335.69	Supplier#000000554	GERMANY	13027	Manufacturer#5	FAEEZyNtDGEhZ	17-365-531-4630	enticing accounts against the deposits use q
3393.08	Supplier#000000011	CHINA	12010	Manufacturer#5	JfwTs,LZrV, M,9C	28-613-996-1505	y ironic packages. slyly ironic accounts affix furiously; ironically unusual excuses across the flu
3393.08	Supplier#000000011	CHINA	12486	Manufacturer#3	JfwTs,LZrV, M,9C	28-613-996-1505	y ironic packages. slyly ironic accounts affix furiously; ironically unusual excuses across the flu
3393.08	Supplier#000000011	CHINA	17476	Manufacturer#1	JfwTs,LZrV, M,9C	28-613-996-1505	y ironic packages. slyly ironic accounts affix furiously; ironically unusual excuses across the flu
3393.08	Supplier#000000011	CHINA	8752	Manufacturer#4	JfwTs,LZrV, M,9C	28-613-996-1505	y ironic packages. slyly ironic accounts affix furiously; ironically unusual excuses across the flu
3393.08	Supplier#000000011	CHINA	9233	Manufacturer#3	JfwTs,LZrV, M,9C	28-613-996-1505	y ironic packages. slyly ironic accounts affix furiously; ironically unusual excuses across the flu
3401.43	Supplier#000000155	RUSSIA	15624	Manufacturer#2	NFoZlgq90N33cC4HbLcfIGb1uqIZy85l42qa6	32-417-987-3690	es! slyly ironic requests cajole above the daring account
3408.47	Supplier#000000845	UNITED KINGDOM	12582	Manufacturer#4	tgajQJpBFV6PGa9bzWSkW1eSGE3q5NsCMYE	33-350-532-8789	sual courts. carefully special dependencies nag furiously. deposi
3408.47	Supplier#000000845	UNITED KINGDOM	13055	Manufacturer#4	tgajQJpBFV6PGa9bzWSkW1eSGE3q5NsCMYE	33-350-532-8789	sual courts. carefully special dependencies nag furiously. deposi
3415.9	Supplier#000000589	CHINA	13325	Manufacturer#1	3C4,WjUCjL59QhMSxyq1	28-878-356-5116	apades are final, unusual instructions. bold, unusual
3415.9	Supplier#000000589	CHINA	13799	Manufacturer#3	3C4,WjUCjL59QhMSxyq1	28-878-356-5116	apades are final, unusual instructions. bold, unusual
3415.9	Supplier#000000589	CHINA	14060	Manufacturer#3	3C4,WjUCjL59QhMSxyq1	28-878-356-5116	apades are final, unusual instructions. bold, unusual
3415.9	Supplier#000000589	CHINA	16588	Manufacturer#3	3C4,WjUCjL59QhMSxyq1	28-878-356-5116	apades are final, unusual instructions. bold, unusual
3420.34	Supplier#000000888	UNITED STATES	11104	Manufacturer#2	JA,f8nt64wdZ4XkiHCYHC0r2FJ	34-606-153-4636	deas wake blithely. regular, special id
3420.34	Supplier#000000888	UNITED STATES	14623	Manufacturer#5	JA,f8nt64wdZ4XkiHCYHC0r2FJ	34-606-153-4636	deas wake blithely. regular, special id
3425.62	Supplier#000000397	UNITED STATES	4888	Manufacturer#4	kFrhzYG1SR8aWrHsftcptN,im88pImSkxxFu	34-880-360-3462	ependencies about the regular pinto beans haggle quickly about the s
3425.62	Supplier#000000397	UNITED STATES	9619	Manufacturer#5	kFrhzYG1SR8aWrHsftcptN,im88pImSkxxFu	34-880-360-3462	ependencies about the regular pinto beans haggle quickly about the s
3437.24	Supplier#000000096	JAPAN	16829	Manufacturer#3	Lbxp3WIipye o2wZme1i9iJx,xTt1Mp	22-888-654-7193	efully unusual excuses wake fluffily regular theodo
3437.24	Supplier#000000096	JAPAN	4841	Manufacturer#4	Lbxp3WIipye o2wZme1i9iJx,xTt1Mp	22-888-654-7193	efully unusual excuses wake fluffily regular theodo
345.97	Supplier#000000399	SAUDI ARABIA	13872	Manufacturer#3	UCzZPQfZXnRhGZcXfnnvkfnqLVEOc	30-814-148-6803	haggle furiously about the close theodolites. foxes along the bra
345.97	Supplier#000000399	SAUDI ARABIA	3892	Manufacturer#4	UCzZPQfZXnRhGZcXfnnvkfnqLVEOc	30-814-148-6803	haggle furiously about the close theodolites. foxes along the bra
3456.36	Supplier#000000548	JAPAN	19009	Manufacturer#1	btRiQsq qEK0qg0T	22-790-987-6339	ly even tithes sleep alongside of the asymptotes. blithely ironic requests are
3465.2	Supplier#000000901	INDIA	14372	Manufacturer#5	dVN377SgJQURQd8,XtVF9	18-664-532-4405	sly foxes are. special requests x-ray about the slyly unusual foxes. furio
3465.2	Supplier#000000901	INDIA	5135	Manufacturer#4	dVN377SgJQURQd8,XtVF9	18-664-532-4405	sly foxes are. special requests x-ray about the slyly unusual foxes. furio
3486.56	Supplier#000000382	MOROCCO	4127	Manufacturer#3	wNasxwKglHa	25-531-651-1411	furiously final deposits-- even foxes haggle carefully about the fur
3486.56	Supplier#000000382	MOROCCO	8607	Manufacturer#5	wNasxwKglHa	25-531-651-1411	furiously final deposits-- even foxes haggle carefully about the fur
351.98	Supplier#000000345	CHINA	15549	Manufacturer#4	ZYuibETx2zArwg	28-503-710-4886	lar dolphins. carefully unusual packages according to the furio
351.98	Supplier#000000345	CHINA	18344	Manufacturer#5	ZYuibETx2zArwg	28-503-710-4886	lar dolphins. carefully unusual packages according to the furio
3513.22	Supplier#000000701	ALGERIA	16434	Manufacturer#3	ijyXEKJPjoVzpXY9g	10-713-854-3832	ously ironic accounts nag quickly. car
3513.22	Supplier#000000701	ALGERIA	5935	Manufacturer#5	ijyXEKJPjoVzpXY9g	10-713-854-3832	ously ironic accounts nag quickly. car
3513.22	Supplier#000000701	ALGERIA	6444	Manufacturer#4	ijyXEKJPjoVzpXY9g	10-713-854-3832	ously ironic accounts nag quickly. car
3513.89	Supplier#000000308	INDIA	4799	Manufacturer#4	mVY7rtoxj9uSqzAJIp TOWPsv080hbPbOStGZx	18-360-691-8400	tructions hang carefully according to the furiously close requests. fur
3513.89	Supplier#000000308	INDIA	5797	Manufacturer#1	mVY7rtoxj9uSqzAJIp TOWPsv080hbPbOStGZx	18-360-691-8400	tructions hang carefully according to the furiously close requests. fur
352.61	Supplier#000000253	VIETNAM	10732	Manufacturer#1	DbryhLi6gCv8A P9FkjNp56mLP4KnV9Do	31-811-659-6792	ng courts wake quickly against the slyly careful packages. even ideas nag caref
3524.1	Supplier#000000985	ARGENTINA	9725	Manufacturer#4	kzI8mk3jN9F67EStJ 8dlpx 6GwZYwzXPFOKJ5R	11-131-656-2612	ut the furiously final deposits integrate according to th
3526.53	Supplier#000000553	FRANCE	17018	Manufacturer#3	a,liVofXbCJ	16-599-552-3755	lar dinos nag slyly brave
3526.53	Supplier#000000553	FRANCE	1799	Manufacturer#5	a,liVofXbCJ	16-599-552-3755	lar dinos nag slyly brave
3526.53	Supplier#000000553	FRANCE	3552	Manufacturer#1	a,liVofXbCJ	16-599-552-3755	lar dinos nag slyly brave
3526.53	Supplier#000000553	FRANCE	8036	Manufacturer#4	a,liVofXbCJ	16-599-552-3755	lar dinos nag slyly brave
3549.54	Supplier#000000171	IRAN	17170	Manufacturer#3	eRpB8T GdtMBvJOo	20-229-200-1299	es are. blithely final packages are unusual requests. fluffily expre
3549.54	Supplier#000000171	IRAN	420	Manufacturer#2	eRpB8T GdtMBvJOo	20-229-200-1299	es are. blithely final packages are unusual requests. fluffily expre
3549.54	Supplier#000000171	IRAN	4916	Manufacturer#1	eRpB8T GdtMBvJOo	20-229-200-1299	es are. blithely final packages are unusual requests. fluffily expre
3550.06	Supplier#000000416	IRAQ	10895	Manufacturer#5	F,9zQapGlzjmqRhVTj1DR	21-245-879-3004	ic orbits according to the furiously f
3550.06	Supplier#000000416	IRAQ	14623	Manufacturer#5	F,9zQapGlzjmqRhVTj1DR	21-245-879-3004	ic orbits according to the furiously f
3550.06	Supplier#000000416	IRAQ	6159	Manufacturer#3	F,9zQapGlzjmqRhVTj1DR	21-245-879-3004	ic orbits according to the furiously f
3550.33	Supplier#000000880	IRAN	8363	Manufacturer#4	s7AgxI7139o6arS2SfUX	20-178-395-2605	s hang always against the pinto beans. blithely spe
3574.05	Supplier#000000728	KENYA	14199	Manufacturer#4	upr7iaSWGsmneQlVWifcSeJQ4	24-789-980-6663	as. furiously even deposits are. fluffily ironic pinto beans about the packages
3574.05	Supplier#000000728	KENYA	14935	Manufacturer#4	upr7iaSWGsmneQlVWifcSeJQ4	24-789-980-6663	as. furiously even deposits are. fluffily ironic pinto beans about the packages
3574.05	Supplier#000000728	KENYA	2223	Manufacturer#1	upr7iaSWGsmneQlVWifcSeJQ4	24-789-980-6663	as. furiously even deposits are. fluffily ironic pinto beans about the packages
3589.64	Supplier#000000339	ETHIOPIA	10078	Manufacturer#1	ESOHA53rEW5G7Z75w5hJ	15-967-506-6094	ts snooze carefully express accounts. foxes nag carefully
3589.64	Supplier#000000339	ETHIOPIA	11816	Manufacturer#2	ESOHA53rEW5G7Z75w5hJ	15-967-506-6094	ts snooze carefully express accounts. foxes nag carefully
3603.62	Supplier#000000336	ARGENTINA	1335	Manufacturer#1	orYe2VXtABdK sUvMCOZ9ZMhBJTPp7W3pffWmjZi	11-866-373-2323	refully even packages above the unusual accounts detect
3603.62	Supplier#000000336	ARGENTINA	15805	Manufacturer#2	orYe2VXtABdK sUvMCOZ9ZMhBJTPp7W3pffWmjZi	11-866-373-2323	refully even packages above the unusual accounts detect
3603.62	Supplier#000000336	ARGENTINA	4081	Manufacturer#5	orYe2VXtABdK sUvMCOZ9ZMhBJTPp7W3pffWmjZi	11-866-373-2323	refully even packages above the unusual accounts detect
361.01	Supplier#000000816	UNITED KINGDOM	11554	Manufacturer#5	uCvvad6NCkXBUkr28t dtq swXPtu	33-830-680-6168	lve furiously according to the final accounts. even accounts on the
361.01	Supplier#000000816	UNITED KINGDOM	17815	Manufacturer#1	uCvvad6NCkXBUkr28t dtq swXPtu	33-830-680-6168	lve furiously according to the final accounts. even accounts on the
361.01	Supplier#000000816	UNITED KINGDOM	19546	Manufacturer#5	uCvvad6NCkXBUkr28t dtq swXPtu	33-830-680-6168	lve furiously according to the final accounts. even accounts on the
3646.16	Supplier#000000353	MOROCCO	16554	Manufacturer#4	Bo,HYtujUMsMvE,	25-153-823-7261	ular packages. deposits nag slyly abo
3659.56	Supplier#000000997	CANADA	19996	Manufacturer#4	7eUWMrOCKCp2JYas6P4mL93eaWIOtKKWtTX	13-221-322-7971	y regular excuses boost slyly furiously final deposits. evenly fi
3660.22	Supplier#000000902	RUSSIA	13638	Manufacturer#4	VrxG9VHAp45UMWrL	32-382-410-6632	are slyly unusual excuses. pending, special
3660.22	Supplier#000000902	RUSSIA	8643	Manufacturer#1	VrxG9VHAp45UMWrL	32-382-410-6632	are slyly unusual excuses. pending, special
3665.07	Supplier#000000181	KENYA	2928	Manufacturer#4	7g8adZQXXuHAYdoULLDVKYRtBhdddGqYj7pMzva	24-682-737-4806	usual ideas. silent requests boost across the quickly regular instructi
3665.07	Supplier#000000181	KENYA	7409	Manufacturer#2	7g8adZQXXuHAYdoULLDVKYRtBhdddGqYj7pMzva	24-682-737-4806	usual ideas. silent requests boost across the quickly regular instructi
3671.34	Supplier#000000099	CHINA	13309	Manufacturer#3	4SxkTHG28nZrtT0,MnVF9H	28-272-909-1617	nic dependencies dazzle flu
3671.34	Supplier#000000099	CHINA	6330	Manufacturer#1	4SxkTHG28nZrtT0,MnVF9H	28-272-909-1617	nic dependencies dazzle flu
368.76	Supplier#000000093	MOZAMBIQUE	11309	Manufacturer#1	wd1djjKXT,4zBm	26-528-528-1157	yly final accounts could are carefully. fluffily ironic instruct
3689.14	Supplier#000000870	VIETNAM	18065	Manufacturer#3	QIgRinpKvCLPG	31-675-338-9417	ronic accounts. quickly pending pinto beans after the regular asymptotes sleep furiously
3689.14	Supplier#000000870	VIETNAM	7612	Manufacturer#2	QIgRinpKvCLPG	31-675-338-9417	ronic accounts. quickly pending pinto beans after the regular asymptotes sleep furiously
3698.31	Supplier#000000379	SAUDI ARABIA	18842	Manufacturer#5	jyGWzIJTAdI0Iko2o	30-202-917-6929	sleep? express packages are quietly around the slyly even ideas. express accoun
3698.31	Supplier#000000379	SAUDI ARABIA	2622	Manufacturer#1	jyGWzIJTAdI0Iko2o	30-202-917-6929	sleep? express packages are quietly around the slyly even ideas. express accoun
3708.18	Supplier#000000273	MOROCCO	12010	Manufacturer#5	O0TyoQXlzJx	25-247-243-3871	pending ideas. carefully silen
3708.18	Supplier#000000273	MOROCCO	12486	Manufacturer#3	O0TyoQXlzJx	25-247-243-3871	pending ideas. carefully silen
3708.18	Supplier#000000273	MOROCCO	2020	Manufacturer#1	O0TyoQXlzJx	25-247-243-3871	pending ideas. carefully silen
3708.18	Supplier#000000273	MOROCCO	522	Manufacturer#3	O0TyoQXlzJx	25-247-243-3871	pending ideas. carefully silen
371.38	Supplier#000000516	ETHIOPIA	10735	Manufacturer#2	z5Mm65PAP4m	15-165-647-2301	s. idly final theodolites ha
3717.19	Supplier#000000281	ALGERIA	1527	Manufacturer#5	A2sesSQAAj6wvPPKL X4caRp,O	10-553-675-3578	ooze fluffily express, pending pinto beans. regular instructions haggle ironic
3717.19	Supplier#000000281	ALGERIA	19742	Manufacturer#5	A2sesSQAAj6wvPPKL X4caRp,O	10-553-675-3578	ooze fluffily express, pending pinto beans. regular instructions haggle ironic
3732.75	Supplier#000000834	INDONESIA	10573	Manufacturer#1	fwX0Z5,PgFaauaEXlVQX6UmHM0RDKS4EXe,Tn3nJ	19-419-490-3356	express foxes nag slyly after the regular pinto beans. regul
3736.64	Supplier#000000242	IRAQ	10241	Manufacturer#5	cpZMlI77TRq	21-489-286-5908	nic accounts sleep furiously according to the quickly pending requests; slyly bold deposits haggle.
3736.64	Supplier#000000242	IRAQ	14241	Manufacturer#3	cpZMlI77TRq	21-489-286-5908	nic accounts sleep furiously according to the quickly pending requests; slyly bold deposits haggle.
3751.04	Supplier#000000282	INDIA	10021	Manufacturer#5	Gh,k4vQQPzOyIA9ac9re5IjaV5LyXDtZX9O1kNG	18-420-459-8366	into beans. carefully special excuses cajole furiously. regular d
3751.04	Supplier#000000282	INDIA	9504	Manufacturer#2	Gh,k4vQQPzOyIA9ac9re5IjaV5LyXDtZX9O1kNG	18-420-459-8366	into beans. carefully special excuses cajole furiously. regular d
3754.75	Supplier#000000105	EGYPT	11104	Manufacturer#2	cB YSy5Bla	14-951-800-2742	sual requests haggle slyly. theodolites
3758.64	Supplier#000000247	UNITED KINGDOM	2490	Manufacturer#3	0bkES oiL2joJGmxdGwPfVCOL,pIQ4JNZBPnOR	33-695-935-2388	final requests. final accounts affix. express accounts about the furio
3810.81	Supplier#000000684	ROMANIA	15418	Manufacturer#2	nqw,GGxCoNZ3UOuIa0edX3SdoYKER	29-345-334-1955	sts are slyly. doggedly final warhorses wake carefully after the deposits. reg
3810.81	Supplier#000000684	ROMANIA	7169	Manufacturer#4	nqw,GGxCoNZ3UOuIa0edX3SdoYKER	29-345-334-1955	sts are slyly. doggedly final warhorses wake carefully after the deposits. reg
3839.44	Supplier#000000749	ETHIOPIA	12486	Manufacturer#3	KxSfaofVZcFWnLsjaNszI5GTrlyAW,	15-131-224-8530	gular pinto beans. blithely even accounts wake blithely accounts. careful
3839.44	Supplier#000000749	ETHIOPIA	2992	Manufacturer#3	KxSfaofVZcFWnLsjaNszI5GTrlyAW,	15-131-224-8530	gular pinto beans. blithely even accounts wake blithely accounts. careful
3846.6	Supplier#000000152	UNITED STATES	14623	Manufacturer#5	jTZy8PjLJqfLxgHm7,fDoJu7ZMs luO2YmN63	34-659-493-1274	lyly even platelets cajole. fluffil
3846.6	Supplier#000000152	UNITED STATES	8893	Manufacturer#5	jTZy8PjLJqfLxgHm7,fDoJu7ZMs luO2YmN63	34-659-493-1274	lyly even platelets cajole. fluffil
3846.91	Supplier#000000941	VIETNAM	13940	Manufacturer#5	gqG2XEnVlzUhjjfQGYGlwk,jcaNsplI8Rleg	31-412-752-5573	ronic theodolites. final, unusual
3846.91	Supplier#000000941	VIETNAM	4432	Manufacturer#4	gqG2XEnVlzUhjjfQGYGlwk,jcaNsplI8Rleg	31-412-752-5573	ronic theodolites. final, unusual
3846.91	Supplier#000000941	VIETNAM	5175	Manufacturer#3	gqG2XEnVlzUhjjfQGYGlwk,jcaNsplI8Rleg	31-412-752-5573	ronic theodolites. final, unusual
3846.91	Supplier#000000941	VIETNAM	7169	Manufacturer#4	gqG2XEnVlzUhjjfQGYGlwk,jcaNsplI8Rleg	31-412-752-5573	ronic theodolites. final, unusual
3854.14	Supplier#000000387	GERMANY	15856	Manufacturer#1	EEmqrW2gNAbuJjKuTPgA8kmKA0bZcQSmV	17-797-328-7624	ld, unusual packages alongside of the carefully final deposit
3854.14	Supplier#000000387	GERMANY	16588	Manufacturer#3	EEmqrW2gNAbuJjKuTPgA8kmKA0bZcQSmV	17-797-328-7624	ld, unusual packages alongside of the carefully final deposit
3855.74	Supplier#000000815	GERMANY	15549	Manufacturer#4	3f8XIvP m9v5fv	17-984-775-9865	ms. final packages use finall
3878.22	Supplier#000000508	KENYA	13981	Manufacturer#2	F9,suuHYbe6kCRCPZaeSHSPAFBk9vOcFX8TUx	24-179-400-2422	sits. blithely furious requests boost slyly about the quickly even packages. closely
3891.72	Supplier#000000850	EGYPT	12587	Manufacturer#1	l6KnHycBhdFcz58UReuEe1Jf2R40ZICoQ5Qpjh6f	14-161-130-9091	e across the regular requests. silent ideas alongside of the carefully even ideas integrate slyl
3891.91	Supplier#000000010	UNITED STATES	19009	Manufacturer#1	Saygah3gYWMp72i PY	34-852-489-8585	ing waters. regular requests ar
3954.93	Supplier#000000731	VIETNAM	15935	Manufacturer#1	dxArCeCKpYV4yBOCZOZb39Y3s7EhIi3d	31-306-298-2911	s engage carefully alongside of the idly regula
3954.93	Supplier#000000731	VIETNAM	3730	Manufacturer#4	dxArCeCKpYV4yBOCZOZb39Y3s7EhIi3d	31-306-298-2911	s engage carefully alongside of the idly regula
397.74	Supplier#000000356	IRAQ	15825	Manufacturer#3	Lefi6RDDtvaVXqvhlbMuUrVm45oJbtkZM,Mup	21-198-523-7929	carefully blithely ironic excuses. enticingly blithe packages along the attainments haggle carefu
397.74	Supplier#000000356	IRAQ	4847	Manufacturer#1	Lefi6RDDtvaVXqvhlbMuUrVm45oJbtkZM,Mup	21-198-523-7929	carefully blithely ironic excuses. enticingly blithe packages along the attainments haggle carefu
3979.54	Supplier#000000306	MOZAMBIQUE	1803	Manufacturer#1	T5EUviO4mqrGO6ruLcIoo29M5S	26-954-209-5690	wake fluffily. furiously final
3979.54	Supplier#000000306	MOZAMBIQUE	18501	Manufacturer#4	T5EUviO4mqrGO6ruLcIoo29M5S	26-954-209-5690	wake fluffily. furiously final
4012.42	Supplier#000000909	IRAQ	13382	Manufacturer#1	BXuLybzUeFLI0GJqMG8xewTuKFqk8n	21-989-597-5142	ss requests. even packages haggle furiously.
4026.14	Supplier#000000991	MOZAMBIQUE	11729	Manufacturer#4	Bh4Danx VvUpMce x42	26-793-462-2874	foxes are slyly above the furiously express t
4026.14	Supplier#000000991	MOZAMBIQUE	9990	Manufacturer#1	Bh4Danx VvUpMce x42	26-793-462-2874	foxes are slyly above the furiously express t
406.37	Supplier#000000786	INDIA	2785	Manufacturer#4	QiKBtsiRdDZ2xGcwZgOSoMaKSH4HQ360,88L	18-280-624-2919	uests. regular warthogs across the blithely express
406.59	Supplier#000000925	ROMANIA	4416	Manufacturer#2	x3n4pg,q28EckYO,613G7seoAmTPSX0jTvDvM2U	29-398-723-8226	regular packages can haggle acro
406.59	Supplier#000000925	ROMANIA	5414	Manufacturer#2	x3n4pg,q28EckYO,613G7seoAmTPSX0jTvDvM2U	29-398-723-8226	regular packages can haggle acro
4065.25	Supplier#000000625	UNITED KINGDOM	15624	Manufacturer#2	0zW5d Hyogg0z,sXxl1PHS0Ya,muKs4N dS7	33-946-363-3870	unts. silent accounts around the quickly final r
4068.14	Supplier#000000267	IRAN	1015	Manufacturer#4	,E9NoXeK5qOwVRoutS,X8Gr	20-501-962-2896	riously close asymptotes are. carefully bold p
4068.14	Supplier#000000267	IRAN	5501	Manufacturer#5	,E9NoXeK5qOwVRoutS,X8Gr	20-501-962-2896	riously close asymptotes are. carefully bold p
4114.68	Supplier#000000313	INDONESIA	5312	Manufacturer#1	9xrpKrwr9,Jgvm5q rGkZePkpsH5xEXZnuLJug	19-648-945-5128	beans. special deposits use carefully after the blithely even
4114.68	Supplier#000000313	INDONESIA	6800	Manufacturer#1	9xrpKrwr9,Jgvm5q rGkZePkpsH5xEXZnuLJug	19-648-945-5128	beans. special deposits use carefully after the blithely even
4127.62	Supplier#000000631	MOROCCO	13630	Manufacturer#5	F1uLHPh2tHB6j1YLrB,vilZ5SIn6P1RFTPoz	25-354-834-6526	egular, ironic packages. slyly fin
4127.62	Supplier#000000631	MOROCCO	14630	Manufacturer#1	F1uLHPh2tHB6j1YLrB,vilZ5SIn6P1RFTPoz	25-354-834-6526	egular, ironic packages. slyly fin
4127.62	Supplier#000000631	MOROCCO	4376	Manufacturer#1	F1uLHPh2tHB6j1YLrB,vilZ5SIn6P1RFTPoz	25-354-834-6526	egular, ironic packages. slyly fin
4128.4	Supplier#000000792	ARGENTINA	6279	Manufacturer#4	vsmDNbNfu2bAX2lAj4OTNaMKF x3pBq0yHYPzmm	11-678-517-4073	wake fluffily against the doggedly sly pinto beans. final ideas sleep carefully ironic accounts.
4161.22	Supplier#000000150	ETHIOPIA	11149	Manufacturer#3	kZajmmtJB4g,nNlaHxUvXLfZW0hVtnR35LKA	15-169-420-7828	l instructions sleep quickly regular requests. final orbits use never furiously ironic reque
4161.22	Supplier#000000150	ETHIOPIA	8375	Manufacturer#4	kZajmmtJB4g,nNlaHxUvXLfZW0hVtnR35LKA	15-169-420-7828	l instructions sleep quickly regular requests. final orbits use never furiously ironic reque
4170.51	Supplier#000000074	SAUDI ARABIA	11073	Manufacturer#1	uM3yV5NOc6b5wNdpxF69CW 8QvDxqvKubRJtA	30-166-486-1559	carefully along the quickly regular sentiments. ironic accounts sleep. regular deposits are blith
4170.51	Supplier#000000074	SAUDI ARABIA	323	Manufacturer#4	uM3yV5NOc6b5wNdpxF69CW 8QvDxqvKubRJtA	30-166-486-1559	carefully along the quickly regular sentiments. ironic accounts sleep. regular deposits are blith
4179.15	Supplier#000000721	ARGENTINA	4958	Manufacturer#4	yF,pgNxRtqb1uql2l21qj	11-788-642-3247	cajole slyly. requests hind
4186.95	Supplier#000000077	GERMANY	11554	Manufacturer#5	wVtcr0uH3CyrSiWMLsqnB09Syo,UuZxPMeBghlY	17-281-345-4863	the slyly final asymptotes. blithely pending theodoli
4186.95	Supplier#000000077	GERMANY	14812	Manufacturer#5	wVtcr0uH3CyrSiWMLsqnB09Syo,UuZxPMeBghlY	17-281-345-4863	the slyly final asymptotes. blithely pending theodoli
4186.95	Supplier#000000077	GERMANY	17275	Manufacturer#1	wVtcr0uH3CyrSiWMLsqnB09Syo,UuZxPMeBghlY	17-281-345-4863	the slyly final asymptotes. blithely pending theodoli
4196.26	Supplier#000000700	ETHIOPIA	17165	Manufacturer#4	K5l3kvvjnRQJJ,	15-648-846-4789	es haggle quickly. slyly bold ideas serve at the regular attai
4196.26	Supplier#000000700	ETHIOPIA	4191	Manufacturer#3	K5l3kvvjnRQJJ,	15-648-846-4789	es haggle quickly. slyly bold ideas serve at the regular attai
4239.95	Supplier#000000691	JAPAN	8916	Manufacturer#3	XU1STWHllW5I5Rw9X,jsZi7X7M 4	22-930-512-3497	to beans nag around the careful accounts. ideas integrate: daringly ironic pack
4263.58	Supplier#000000374	BRAZIL	12587	Manufacturer#1	svrrNWiqg1f3tEXZdVbFK CAtLDsW1CidtyS	12-699-158-6062	ithely. ironic pinto beans use furiously abou
4269.56	Supplier#000000879	PERU	15348	Manufacturer#4	6DGZ6o7FNRspPhM B1nZiMOAgq9fZT8UHW	27-204-329-1068	s the ironic, ironic platelets boost carefully bl
4269.56	Supplier#000000879	PERU	15613	Manufacturer#4	6DGZ6o7FNRspPhM B1nZiMOAgq9fZT8UHW	27-204-329-1068	s the ironic, ironic platelets boost carefully bl
4269.56	Supplier#000000879	PERU	9619	Manufacturer#5	6DGZ6o7FNRspPhM B1nZiMOAgq9fZT8UHW	27-204-329-1068	s the ironic, ironic platelets boost carefully bl
4277.34	Supplier#000000317	PERU	16518	Manufacturer#2	EwuMPFkb3IrSqitX8ddgxy QWhXxeM4RoOu2d	27-131-276-7910	packages according to the deposits sleep carefully regular hockey players. quietly bold
4283.34	Supplier#000000221	IRAQ	11220	Manufacturer#2	aU oCBZs0CUUTU	21-402-925-9045	onic dolphins nag furiously across the silent deposits. carefully even ideas snoo
4297.36	Supplier#000000685	JAPAN	11162	Manufacturer#2	JgoYDMLdJeM	22-599-473-1489	o the furiously final braids. ironic requests sleep among the even foxes. regula
4297.36	Supplier#000000685	JAPAN	2928	Manufacturer#4	JgoYDMLdJeM	22-599-473-1489	o the furiously final braids. ironic requests sleep among the even foxes. regula
4297.36	Supplier#000000685	JAPAN	5174	Manufacturer#1	JgoYDMLdJeM	22-599-473-1489	o the furiously final braids. ironic requests sleep among the even foxes. regula
4300.15	Supplier#000000277	JAPAN	11276	Manufacturer#2	REebuerbQmMxlbCXnl2ihK,VyItkTNxU36  c	22-758-939-2357	final deposits. unusual pinto beans after the even accounts affix idle, final
4315.15	Supplier#000000509	FRANCE	18972	Manufacturer#2	SF7dR8V5pK	16-298-154-3365	ronic orbits are furiously across the requests. quickly express ideas across the special, bold
4315.15	Supplier#000000509	FRANCE	9990	Manufacturer#1	SF7dR8V5pK	16-298-154-3365	ronic orbits are furiously across the requests. quickly express ideas across the special, bold
4324.51	Supplier#000000957	UNITED KINGDOM	10956	Manufacturer#5	mSpFa,4jJ5R40k10YOvGEtl4KYjo	33-616-674-6155	hily after the fluffily regular dependencies. deposits nag regular, silent accounts. i
4324.51	Supplier#000000957	UNITED KINGDOM	6444	Manufacturer#4	mSpFa,4jJ5R40k10YOvGEtl4KYjo	33-616-674-6155	hily after the fluffily regular dependencies. deposits nag regular, silent accounts. i
4327.86	Supplier#000000530	CANADA	18993	Manufacturer#1	0qwCMwobKY OcmLyfRXlagA8ukENJv,	13-747-781-9694	fily pending dependencies wake slyly final deposits. platelets against the slyly ironic requests na
433.74	Supplier#000000585	UNITED KINGDOM	7070	Manufacturer#1	DQZTWEfNYL9UDlMqcQAEThcPdbyD45PYzL	33-357-931-8857	ar, silent instructions i
433.93	Supplier#000000666	ROMANIA	7665	Manufacturer#3	7emVs,4gxuqP95JNK	29-330-510-9985	ously ironic requests haggle. deposits amo
4332.95	Supplier#000000112	JAPAN	12587	Manufacturer#1	vdWe5lfgvisRCxdd85DTOZHqAzcuq7f7KKThA	22-617-876-1402	es eat fluffily bold deposits. furiously unusual i
4332.95	Supplier#000000112	JAPAN	15581	Manufacturer#3	vdWe5lfgvisRCxdd85DTOZHqAzcuq7f7KKThA	22-617-876-1402	es eat fluffily bold deposits. furiously unusual i
4332.95	Supplier#000000112	JAPAN	8111	Manufacturer#2	vdWe5lfgvisRCxdd85DTOZHqAzcuq7f7KKThA	22-617-876-1402	es eat fluffily bold deposits. furiously unusual i
4379.45	Supplier#000000992	BRAZIL	14199	Manufacturer#4	iZPAlGecV0uUsxMikQG7s	12-663-356-1288	silent packages. quickly regular requests against the carefully unusual theodolites affix fu
4379.45	Supplier#000000992	BRAZIL	5226	Manufacturer#5	iZPAlGecV0uUsxMikQG7s	12-663-356-1288	silent packages. quickly regular requests against the carefully unusual theodolites affix fu
4384.23	Supplier#000000743	BRAZIL	11220	Manufacturer#2	ccFQShf qHch yPwbryx12DfnIYAp83,F	12-841-918-5889	e slyly after the quickly final platelets? special, special foxes nag slyl
4384.23	Supplier#000000743	BRAZIL	19742	Manufacturer#5	ccFQShf qHch yPwbryx12DfnIYAp83,F	12-841-918-5889	e slyly after the quickly final platelets? special, special foxes nag slyl
4384.23	Supplier#000000743	BRAZIL	1989	Manufacturer#3	ccFQShf qHch yPwbryx12DfnIYAp83,F	12-841-918-5889	e slyly after the quickly final platelets? special, special foxes nag slyl
4384.23	Supplier#000000743	BRAZIL	2490	Manufacturer#3	ccFQShf qHch yPwbryx12DfnIYAp83,F	12-841-918-5889	e slyly after the quickly final platelets? special, special foxes nag slyl
4397.48	Supplier#000000186	ARGENTINA	13185	Manufacturer#4	g huGEW5nrQ0Lmd6	11-398-253-5445	g along the pending deposits. slyly final foxes sleep fluffily above th
4397.48	Supplier#000000186	ARGENTINA	9926	Manufacturer#5	g huGEW5nrQ0Lmd6	11-398-253-5445	g along the pending deposits. slyly final foxes sleep fluffily above th
4398.36	Supplier#000000931	INDIA	12930	Manufacturer#3	CqslHrffpOBxqMDxiGH8nz7scX,i3HmUhNlwBBU6	18-174-741-5563	t carefully. express accounts sleep. ironic, final theodolites haggle regul
4398.36	Supplier#000000931	INDIA	6930	Manufacturer#4	CqslHrffpOBxqMDxiGH8nz7scX,i3HmUhNlwBBU6	18-174-741-5563	t carefully. express accounts sleep. ironic, final theodolites haggle regul
4404.29	Supplier#000000848	CANADA	12585	Manufacturer#4	tx44JAuF,Jnw1	13-169-466-8402	olphins. pending packages are during the regular packages. furiously regular requests haggle c
4404.29	Supplier#000000848	CANADA	12847	Manufacturer#5	tx44JAuF,Jnw1	13-169-466-8402	olphins. pending packages are during the regular packages. furiously regular requests haggle c
4404.29	Supplier#000000848	CANADA	16315	Manufacturer#3	tx44JAuF,Jnw1	13-169-466-8402	olphins. pending packages are during the regular packages. furiously regular requests haggle c
4404.29	Supplier#000000848	CANADA	4847	Manufacturer#1	tx44JAuF,Jnw1	13-169-466-8402	olphins. pending packages are during the regular packages. furiously regular requests haggle c
4410.7	Supplier#000000564	BRAZIL	18563	Manufacturer#3	IufyqhG4fmo VkgQT w BF4	12-702-995-1506	epitaphs. even attainments cajole slyly regular packages. final deposits cajole. furiously final
4410.7	Supplier#000000564	BRAZIL	3563	Manufacturer#1	IufyqhG4fmo VkgQT w BF4	12-702-995-1506	epitaphs. even attainments cajole slyly regular packages. final deposits cajole. furiously final
4422.77	Supplier#000000302	CHINA	1799	Manufacturer#5	ow8Io1JHkPnIAGCQYCWC	28-734-845-8630	tructions after the foxes cajole regularly ironic tithes. ruthless forges across the slyly express
4422.77	Supplier#000000302	CHINA	4539	Manufacturer#4	ow8Io1JHkPnIAGCQYCWC	28-734-845-8630	tructions after the foxes cajole regularly ironic tithes. ruthless forges across the slyly express
4423.06	Supplier#000000881	JORDAN	18344	Manufacturer#5	02RRXg45CBGhuzwpKKz3fi4ewYv	23-877-378-2281	ounts are according to the express theodolites. silent instructions above the d
4423.06	Supplier#000000881	JORDAN	4372	Manufacturer#1	02RRXg45CBGhuzwpKKz3fi4ewYv	23-877-378-2281	ounts are according to the express theodolites. silent instructions above the d
4429.27	Supplier#000000378	CANADA	7120	Manufacturer#2	FfbhyCxWvcPrO8ltp9	13-930-567-5190	among the furiously pending excuses. fluffily express deposits except the slyly final packages
4461.68	Supplier#000000825	SAUDI ARABIA	8566	Manufacturer#2	,9nqq,JWR0ztG0qp4rlDHgtShbP7AViBj	30-486-346-1320	es haggle since the carefully regular theodolites: bold deposits according
4468.89	Supplier#000000817	ALGERIA	11816	Manufacturer#2	0GTKh7JybR8sVahPoJT8kbNtDV0TzA79Q	10-282-124-6047	blithely even requests. blithely ironic deposits wake slyly. ideas haggle! quickly i
4468.89	Supplier#000000817	ALGERIA	13027	Manufacturer#5	0GTKh7JybR8sVahPoJT8kbNtDV0TzA79Q	10-282-124-6047	blithely even requests. blithely ironic deposits wake slyly. ideas haggle! quickly i
4468.89	Supplier#000000817	ALGERIA	19009	Manufacturer#1	0GTKh7JybR8sVahPoJT8kbNtDV0TzA79Q	10-282-124-6047	blithely even requests. blithely ironic deposits wake slyly. ideas haggle! quickly i
4468.89	Supplier#000000817	ALGERIA	3563	Manufacturer#1	0GTKh7JybR8sVahPoJT8kbNtDV0TzA79Q	10-282-124-6047	blithely even requests. blithely ironic deposits wake slyly. ideas haggle! quickly i
4468.89	Supplier#000000817	ALGERIA	4308	Manufacturer#4	0GTKh7JybR8sVahPoJT8kbNtDV0TzA79Q	10-282-124-6047	blithely even requests. blithely ironic deposits wake slyly. ideas haggle! quickly i
4468.89	Supplier#000000817	ALGERIA	9298	Manufacturer#4	0GTKh7JybR8sVahPoJT8kbNtDV0TzA79Q	10-282-124-6047	blithely even requests. blithely ironic deposits wake slyly. ideas haggle! quickly i
4487.96	Supplier#000000968	EGYPT	5457	Manufacturer#4	6idVVWn8RbFoZgPeyVJlQOJ	14-431-296-9521	final accounts. slyly regular deposits wake fluffily after the
449.82	Supplier#000000468	FRANCE	15202	Manufacturer#3	T,pwE,skbYjr5DCAD2EfmEHNychqFKw1loF	16-494-568-3545	nusual dependencies. blithely even packages are blit
4515.8	Supplier#000000060	INDIA	11276	Manufacturer#2	cb08ntDTARo47WmnBcYXu	18-550-360-2464	thely express ideas use blithely
4515.8	Supplier#000000060	INDIA	12797	Manufacturer#4	cb08ntDTARo47WmnBcYXu	18-550-360-2464	thely express ideas use blithely
4515.8	Supplier#000000060	INDIA	6059	Manufacturer#3	cb08ntDTARo47WmnBcYXu	18-550-360-2464	thely express ideas use blithely
4515.8	Supplier#000000060	INDIA	7288	Manufacturer#1	cb08ntDTARo47WmnBcYXu	18-550-360-2464	thely express ideas use blithely
4518.31	Supplier#000000149	FRANCE	18344	Manufacturer#5	pVyWsjOidpHKp4NfKU4yLeym	16-660-553-2456	ts detect along the foxes. final Tiresias are. idly pending deposits haggle; even, blithe pin
4518.31	Supplier#000000149	FRANCE	3389	Manufacturer#2	pVyWsjOidpHKp4NfKU4yLeym	16-660-553-2456	ts detect along the foxes. final Tiresias are. idly pending deposits haggle; even, blithe pin
453.28	Supplier#000000699	EGYPT	6930	Manufacturer#4	CplgysgQzKm7KRFKOJe	14-247-404-4838	sts. express accounts boost. silent platelets boost fl
4540.53	Supplier#000000280	IRAQ	13490	Manufacturer#4	MZAJPsr3TS62ocxtRc	21-536-349-7369	nticing platelets. ironic theodolites about the regularly final accounts sleep accoun
4540.53	Supplier#000000280	IRAQ	6279	Manufacturer#4	MZAJPsr3TS62ocxtRc	21-536-349-7369	nticing platelets. ironic theodolites about the regularly final accounts sleep accoun
4544.18	Supplier#000000233	FRANCE	12970	Manufacturer#5	Pu9mqssUjJNoqiGG4vfLTn3ENJnNPVrBNnXJM5Eb	16-283-737-6972	kly pending platelets sleep blithely along the ironic,
4544.18	Supplier#000000233	FRANCE	13969	Manufacturer#1	Pu9mqssUjJNoqiGG4vfLTn3ENJnNPVrBNnXJM5Eb	16-283-737-6972	kly pending platelets sleep blithely along the ironic,
4544.18	Supplier#000000233	FRANCE	16434	Manufacturer#3	Pu9mqssUjJNoqiGG4vfLTn3ENJnNPVrBNnXJM5Eb	16-283-737-6972	kly pending platelets sleep blithely along the ironic,
4544.18	Supplier#000000233	FRANCE	18696	Manufacturer#1	Pu9mqssUjJNoqiGG4vfLTn3ENJnNPVrBNnXJM5Eb	16-283-737-6972	kly pending platelets sleep blithely along the ironic,
4559.18	Supplier#000000114	SAUDI ARABIA	16315	Manufacturer#3	Uvz iykaBYOC	30-998-334-7841	jole slyly blithely regular requests-- even requests haggle alongsid
4559.18	Supplier#000000114	SAUDI ARABIA	7113	Manufacturer#4	Uvz iykaBYOC	30-998-334-7841	jole slyly blithely regular requests-- even requests haggle alongsid
4559.18	Supplier#000000114	SAUDI ARABIA	8339	Manufacturer#5	Uvz iykaBYOC	30-998-334-7841	jole slyly blithely regular requests-- even requests haggle alongsid
4559.18	Supplier#000000114	SAUDI ARABIA	8597	Manufacturer#4	Uvz iykaBYOC	30-998-334-7841	jole slyly blithely regular requests-- even requests haggle alongsid
4581.8	Supplier#000000529	IRAN	4020	Manufacturer#1	Fj4vm8y2 Tlgd	20-521-276-3787	wake across the furiously regular excuses. express dolphins are q
4586.49	Supplier#000000680	RUSSIA	16147	Manufacturer#3	UhvDfdEfJh,Qbe7VZb8uSGO2TU 0jEa6nXZXE	32-522-382-1620	the regularly regular dependencies. carefully bold excuses under th
4586.49	Supplier#000000680	RUSSIA	5679	Manufacturer#3	UhvDfdEfJh,Qbe7VZb8uSGO2TU 0jEa6nXZXE	32-522-382-1620	the regularly regular dependencies. carefully bold excuses under th
4586.49	Supplier#000000680	RUSSIA	9161	Manufacturer#3	UhvDfdEfJh,Qbe7VZb8uSGO2TU 0jEa6nXZXE	32-522-382-1620	the regularly regular dependencies. carefully bold excuses under th
4589.18	Supplier#000000117	CHINA	13327	Manufacturer#2	ZnlLNC,8YN10T4mjI8eq5bJ	28-470-879-3141	ymptotes. blithely regular theodolites are slyly according to the
4589.18	Supplier#000000117	CHINA	5351	Manufacturer#2	ZnlLNC,8YN10T4mjI8eq5bJ	28-470-879-3141	ymptotes. blithely regular theodolites are slyly according to the
4604.84	Supplier#000000820	MOROCCO	17018	Manufacturer#3	QoduMcALdP	25-716-340-3140	osits. slyly final packages are furiously according to the ironic, pending deposits. ruthl
4622.19	Supplier#000000642	IRAQ	7127	Manufacturer#2	eldBmBVYRbcB YfMRBlNyuQe8k0zYK,v Obk	21-775-952-5836	reach carefully against the final, pending instructions-- slyly
4623.48	Supplier#000000136	INDIA	13872	Manufacturer#3	SyWVom9ZFrTA6BMAS	18-175-739-8397	requests. boldly regular deposits are. packages are sometimes! c
4623.48	Supplier#000000136	INDIA	14607	Manufacturer#2	SyWVom9ZFrTA6BMAS	18-175-739-8397	requests. boldly regular deposits are. packages are sometimes! c
4623.48	Supplier#000000136	INDIA	18331	Manufacturer#1	SyWVom9ZFrTA6BMAS	18-175-739-8397	requests. boldly regular deposits are. packages are sometimes! c
4623.48	Supplier#000000136	INDIA	5135	Manufacturer#4	SyWVom9ZFrTA6BMAS	18-175-739-8397	requests. boldly regular deposits are. packages are sometimes! c
4624.87	Supplier#000000400	VIETNAM	14607	Manufacturer#2	QACx8vfYzPsZHCet2Yjst4e2XzjOXF	31-514-285-7013	eas sleep furiously among the regular ideas; slyly bold excuses alon
4624.87	Supplier#000000400	VIETNAM	4637	Manufacturer#5	QACx8vfYzPsZHCet2Yjst4e2XzjOXF	31-514-285-7013	eas sleep furiously among the regular ideas; slyly bold excuses alon
4641.08	Supplier#000000004	MOROCCO	11220	Manufacturer#2	Bk7ah4CK8SYQTepEmvMkkgMwg	25-843-787-7479	riously even requests above the exp
4641.08	Supplier#000000004	MOROCCO	12479	Manufacturer#5	Bk7ah4CK8SYQTepEmvMkkgMwg	25-843-787-7479	riously even requests above the exp
4643.76	Supplier#000000970	BRAZIL	13969	Manufacturer#1	FD,NVDvbAAT7rI6BdKI2rTo9UqH8AghW1e8DSJ	12-826-418-6561	cording to the regular, ironic depo
4643.76	Supplier#000000970	BRAZIL	15969	Manufacturer#1	FD,NVDvbAAT7rI6BdKI2rTo9UqH8AghW1e8DSJ	12-826-418-6561	cording to the regular, ironic depo
4643.76	Supplier#000000970	BRAZIL	3969	Manufacturer#3	FD,NVDvbAAT7rI6BdKI2rTo9UqH8AghW1e8DSJ	12-826-418-6561	cording to the regular, ironic depo
4667.27	Supplier#000000607	MOROCCO	18606	Manufacturer#4	vgEaPkxAonSSdAUn,7usQ c4G3Ho2r0	25-370-994-3762	ests are closely quickly ironic orbits. carefully regular attainments cajole furiousl
4667.27	Supplier#000000607	MOROCCO	5351	Manufacturer#2	vgEaPkxAonSSdAUn,7usQ c4G3Ho2r0	25-370-994-3762	ests are closely quickly ironic orbits. carefully regular attainments cajole furiousl
4667.27	Supplier#000000607	MOROCCO	8832	Manufacturer#3	vgEaPkxAonSSdAUn,7usQ c4G3Ho2r0	25-370-994-3762	ests are closely quickly ironic orbits. carefully regular attainments cajole furiousl
4672.25	Supplier#000000239	RUSSIA	12238	Manufacturer#1	XO101kgHrJagK2FL1U6QCaTE ncCsMbeuTgK6o8	32-396-654-6826	arls wake furiously deposits. even, regular depen
4672.25	Supplier#000000239	RUSSIA	18970	Manufacturer#3	XO101kgHrJagK2FL1U6QCaTE ncCsMbeuTgK6o8	32-396-654-6826	arls wake furiously deposits. even, regular depen
4680.75	Supplier#000000326	GERMANY	13325	Manufacturer#1	9kFiCwhcBldg4xwm	17-390-604-7483	quests could use furiously across the ironic, even f
4680.75	Supplier#000000326	GERMANY	13799	Manufacturer#3	9kFiCwhcBldg4xwm	17-390-604-7483	quests could use furiously across the ironic, even f
4680.75	Supplier#000000326	GERMANY	7811	Manufacturer#5	9kFiCwhcBldg4xwm	17-390-604-7483	quests could use furiously across the ironic, even f
4685.09	Supplier#000000890	IRAQ	15624	Manufacturer#2	yY7XhfdJe4ewh8R, xHR06QABT	21-196-765-4250	ly unusual asymptotes cajole along the
4685.09	Supplier#000000890	IRAQ	4127	Manufacturer#3	yY7XhfdJe4ewh8R, xHR06QABT	21-196-765-4250	ly unusual asymptotes cajole along the
4685.09	Supplier#000000890	IRAQ	5379	Manufacturer#5	yY7XhfdJe4ewh8R, xHR06QABT	21-196-765-4250	ly unusual asymptotes cajole along the
4685.09	Supplier#000000890	IRAQ	7889	Manufacturer#5	yY7XhfdJe4ewh8R, xHR06QABT	21-196-765-4250	ly unusual asymptotes cajole along the
4705.25	Supplier#000000768	RUSSIA	9990	Manufacturer#1	P,qwP7pGhJVoeq LJI	32-493-564-7451	ffily unusual foxes sleep carefully according to the special platelets. a
4710.51	Supplier#000000618	EGYPT	10837	Manufacturer#2	mPrv5o5d22wyXUgUw69x8m dtx7I3mMh	14-912-871-9422	the furiously pending deposits x-ray about the fluffily unusual accounts
4710.51	Supplier#000000618	EGYPT	13828	Manufacturer#3	mPrv5o5d22wyXUgUw69x8m dtx7I3mMh	14-912-871-9422	the furiously pending deposits x-ray about the fluffily unusual accounts
4710.62	Supplier#000000196	CHINA	13406	Manufacturer#1	TQX4fMwB5tXoz4Fi4CEhALhi6	28-430-406-1127	ke fluffily regular requests. furiously final
4734.47	Supplier#000000935	CANADA	5679	Manufacturer#3	ij98czM 2KzWe7dDTOxB8sq0UfCdvrX	13-437-885-9309	ly regular pinto beans wake blithely bold pinto beans! warthogs between the
4744.07	Supplier#000000976	UNITED STATES	10975	Manufacturer#5	MVpCgFTl7sGge4cFxVXD	34-998-900-4911	t the pending dependencies sleep blithely about the blithely pending acco
4746.66	Supplier#000000087	UNITED STATES	16554	Manufacturer#4	WCw7URDj8zoZ7tqC3cpm7	34-860-229-1674	all are quickly after the ironic platelets. pending dolphins are. final the
4762.66	Supplier#000000512	MOROCCO	1260	Manufacturer#4	MoNOuMC4QMOnBgD5uLcvtHCcfzf9cW	25-617-226-9364	special accounts. daring foxes nag quickly silent, special packages. silent, unusual a
4763.2	Supplier#000000910	ETHIOPIA	13120	Manufacturer#5	0X S 2E55,maqch	15-960-448-6633	arefully unusual deposits.
4763.2	Supplier#000000910	ETHIOPIA	4655	Manufacturer#1	0X S 2E55,maqch	15-960-448-6633	arefully unusual deposits.
4848.52	Supplier#000000562	UNITED KINGDOM	4799	Manufacturer#4	8TXCtnRQzByqjie	33-782-496-5965	he furiously special accounts hag
485.25	Supplier#000000498	PERU	4243	Manufacturer#1	4jvUQrC4acOQ82EFM vLNHG	27-772-853-6514	. slyly ironic ideas cajole slyly quickly ironic deposits. blithely even theodolites boo
486.8	Supplier#000000760	VIETNAM	4759	Manufacturer#2	ob94rzX66tJ35aKv2jR,inK1	31-367-390-9165	aphs. regular asymptotes wake quickly slyly ironic ideas. si
486.8	Supplier#000000760	VIETNAM	5994	Manufacturer#2	ob94rzX66tJ35aKv2jR,inK1	31-367-390-9165	aphs. regular asymptotes wake quickly slyly ironic ideas. si
4901.77	Supplier#000000101	IRAQ	9323	Manufacturer#4	8KUTzVw32Pw3PD7 h,YJ0ysOoBtz9JfZI	21-970-795-5691	ar foxes. carefully final ideas are. blithely regular deposits about the carefully regular package
4922.6	Supplier#000000595	UNITED STATES	17060	Manufacturer#3	CURZCs4l306M2ir8rFkgeYVg	34-354-570-3604	ecial instructions cajole alongside of the requests. i
4941.88	Supplier#000000321	ROMANIA	15320	Manufacturer#1	pLngFl5yeMcHyov	29-573-279-1406	y final requests impress s
4941.88	Supplier#000000321	ROMANIA	7320	Manufacturer#5	pLngFl5yeMcHyov	29-573-279-1406	y final requests impress s
4956.01	Supplier#000000360	ETHIOPIA	16093	Manufacturer#4	3avxIDL4YPrZVHie4rOiPrK8Z IJwEPqZaioHK	15-671-472-7761	uickly regular asymptotes. packages ar
4975.09	Supplier#000000632	BRAZIL	15101	Manufacturer#2	pSP0SwLWVUKjWyzZtT	12-953-253-6464	luffily even warhorses. carefully special requests are furious
4975.09	Supplier#000000632	BRAZIL	18363	Manufacturer#4	pSP0SwLWVUKjWyzZtT	12-953-253-6464	luffily even warhorses. carefully special requests are furious
4988.55	Supplier#000000433	KENYA	17165	Manufacturer#4	At103qyX,VicINJGCOU51mQyfdYBB44Cg0S	24-141-780-8375	r carefully according to the furiously regu
4988.55	Supplier#000000433	KENYA	2928	Manufacturer#4	At103qyX,VicINJGCOU51mQyfdYBB44Cg0S	24-141-780-8375	r carefully according to the furiously regu
4988.55	Supplier#000000433	KENYA	4432	Manufacturer#4	At103qyX,VicINJGCOU51mQyfdYBB44Cg0S	24-141-780-8375	r carefully according to the furiously regu
4988.55	Supplier#000000433	KENYA	8916	Manufacturer#3	At103qyX,VicINJGCOU51mQyfdYBB44Cg0S	24-141-780-8375	r carefully according to the furiously regu
4992.53	Supplier#000000950	ARGENTINA	10949	Manufacturer#1	MukfcGGpbbRXp5v52Rx43QpPjU8RFB	11-888-171-3390	the furiously daring dependencies wake blithely blithely regular braids. ironic ac
4999.17	Supplier#000000493	IRAQ	11231	Manufacturer#1	7tdI3AtlDll57sj5K48WLX j5RDbc	21-252-702-2543	gular foxes. slyly pending requests hang along
4999.17	Supplier#000000493	IRAQ	15227	Manufacturer#4	7tdI3AtlDll57sj5K48WLX j5RDbc	21-252-702-2543	gular foxes. slyly pending requests hang along
4999.17	Supplier#000000493	IRAQ	9233	Manufacturer#3	7tdI3AtlDll57sj5K48WLX j5RDbc	21-252-702-2543	gular foxes. slyly pending requests hang along
5001.23	Supplier#000000340	RUSSIA	8339	Manufacturer#5	Pk5F9dPqsa3k16I3UR282gY	32-849-350-3343	along the packages. blithely final foxes cajole. unusua
5008.4	Supplier#000000441	KENYA	17906	Manufacturer#5	fvmSClCxNTIEspspva	24-252-393-5381	the even, unusual ideas. slyly even plat
5008.4	Supplier#000000441	KENYA	6184	Manufacturer#5	fvmSClCxNTIEspspva	24-252-393-5381	the even, unusual ideas. slyly even plat
502.38	Supplier#000000967	EGYPT	16434	Manufacturer#3	uPDH,GMFjz	14-583-250-9472	across the quickly regular pinto beans are furiously brave accounts
502.38	Supplier#000000967	EGYPT	17165	Manufacturer#4	uPDH,GMFjz	14-583-250-9472	across the quickly regular pinto beans are furiously brave accounts
5046.81	Supplier#000000537	JORDAN	3030	Manufacturer#3	KsYYPIw2kWP	23-671-207-6720	forges breach upon the bold ideas. final foxes nag frets. final instructions eat fluffily
505.92	Supplier#000000926	IRAN	11664	Manufacturer#1	SEEq DJHLi I6	20-500-435-2716	the furiously ironic dinos. closely ironic instructions al
505.92	Supplier#000000926	IRAN	1172	Manufacturer#4	SEEq DJHLi I6	20-500-435-2716	the furiously ironic dinos. closely ironic instructions al
5054.15	Supplier#000000806	JORDAN	15805	Manufacturer#2	mYSUX4mem2	23-702-985-4737	foxes. blithely special packages are furiously. regular theodolites solve. ironic pinto b
5054.15	Supplier#000000806	JORDAN	3552	Manufacturer#1	mYSUX4mem2	23-702-985-4737	foxes. blithely special packages are furiously. regular theodolites solve. ironic pinto b
5054.15	Supplier#000000806	JORDAN	4043	Manufacturer#2	mYSUX4mem2	23-702-985-4737	foxes. blithely special packages are furiously. regular theodolites solve. ironic pinto b
5057.87	Supplier#000000923	IRAN	11400	Manufacturer#2	aUJaK ezwGVA43Mo0XF	20-376-561-9214	y. furiously express courts sleep.
5057.87	Supplier#000000923	IRAN	7665	Manufacturer#3	aUJaK ezwGVA43Mo0XF	20-376-561-9214	y. furiously express courts sleep.
5067.64	Supplier#000000160	EGYPT	12635	Manufacturer#5	LG6VM3F8MhGnmoZUpyqHgsV0IP6gOagh	14-471-505-8811	after the furiously express deposi
5067.64	Supplier#000000160	EGYPT	6159	Manufacturer#3	LG6VM3F8MhGnmoZUpyqHgsV0IP6gOagh	14-471-505-8811	after the furiously express deposi
5067.64	Supplier#000000160	EGYPT	8643	Manufacturer#1	LG6VM3F8MhGnmoZUpyqHgsV0IP6gOagh	14-471-505-8811	after the furiously express deposi
5069.27	Supplier#000000328	GERMANY	13327	Manufacturer#2	SMm24d WG62	17-231-513-5721	he unusual ideas. slyly final packages a
5069.27	Supplier#000000328	GERMANY	16327	Manufacturer#1	SMm24d WG62	17-231-513-5721	he unusual ideas. slyly final packages a
5069.27	Supplier#000000328	GERMANY	17060	Manufacturer#3	SMm24d WG62	17-231-513-5721	he unusual ideas. slyly final packages a
5069.27	Supplier#000000328	GERMANY	7070	Manufacturer#1	SMm24d WG62	17-231-513-5721	he unusual ideas. slyly final packages a
5069.27	Supplier#000000328	GERMANY	827	Manufacturer#1	SMm24d WG62	17-231-513-5721	he unusual ideas. slyly final packages a
507.99	Supplier#000000521	ARGENTINA	6008	Manufacturer#5	jQ648xqiuJaHLQjwrq5b	11-887-652-3799	carefully final asymptotes: carefully regular epitaphs about the blithely u
5093.35	Supplier#000000524	JORDAN	3270	Manufacturer#4	rTYNcqhFosNU,4	23-993-423-3788	c theodolites integrate quickly ironic deposits. furiously even de
5105.84	Supplier#000000364	INDONESIA	16363	Manufacturer#2	OhfGUPn8U9oBx5	19-653-706-8164	regular dolphins promise after the special deposits. blithely final pinto be
5105.84	Supplier#000000364	INDONESIA	18363	Manufacturer#4	OhfGUPn8U9oBx5	19-653-706-8164	regular dolphins promise after the special deposits. blithely final pinto be
5105.84	Supplier#000000364	INDONESIA	8363	Manufacturer#4	OhfGUPn8U9oBx5	19-653-706-8164	regular dolphins promise after the special deposits. blithely final pinto be
5119.09	Supplier#000000335	MOZAMBIQUE	11073	Manufacturer#1	JSwzRFY7dDNKfBe8ebMtm	26-741-643-2945	ong the regular ideas haggle along the close ideas. furiously ironic ideas alongside of the fluff
515.22	Supplier#000000827	INDONESIA	11826	Manufacturer#1	AlFjWDq6jDtaSUKnxn54OwQzt8CPUItYbCGztPQ,	19-131-253-5697	ggle. carefully silent requests lose slyly. final, final foxes among the fluffily iro
515.22	Supplier#000000827	INDONESIA	3826	Manufacturer#1	AlFjWDq6jDtaSUKnxn54OwQzt8CPUItYbCGztPQ,	19-131-253-5697	ggle. carefully silent requests lose slyly. final, final foxes among the fluffily iro
5154.37	Supplier#000000456	ETHIOPIA	1204	Manufacturer#2	iSqve6KC7t69,jX6,HF B8Hbat11O	15-951-880-7133	e along the slyly bold theodolites. packages detect. regular requests sleep furiously b
5154.37	Supplier#000000456	ETHIOPIA	19455	Manufacturer#1	iSqve6KC7t69,jX6,HF B8Hbat11O	15-951-880-7133	e along the slyly bold theodolites. packages detect. regular requests sleep furiously b
5154.37	Supplier#000000456	ETHIOPIA	2203	Manufacturer#3	iSqve6KC7t69,jX6,HF B8Hbat11O	15-951-880-7133	e along the slyly bold theodolites. packages detect. regular requests sleep furiously b
5154.37	Supplier#000000456	ETHIOPIA	2951	Manufacturer#2	iSqve6KC7t69,jX6,HF B8Hbat11O	15-951-880-7133	e along the slyly bold theodolites. packages detect. regular requests sleep furiously b
5157.25	Supplier#000000125	BRAZIL	6124	Manufacturer#1	XG eO4Xb4TSF7rj4R6WRQ1v2seTlyga3tvFZaC	12-419-430-3983	ven accounts. fluffily ironic deposits are carefully. s
5189.82	Supplier#000000316	ALGERIA	16315	Manufacturer#3	uXJ13cI7fXByGLBoQ8VU9AT	10-382-551-5105	ding to the slyly unusual frets. accounts use carefully slyly silent theodolites. slyly ironic depen
5189.82	Supplier#000000316	ALGERIA	6059	Manufacturer#3	uXJ13cI7fXByGLBoQ8VU9AT	10-382-551-5105	ding to the slyly unusual frets. accounts use carefully slyly silent theodolites. slyly ironic depen
5204.43	Supplier#000000938	EGYPT	10937	Manufacturer#4	3xcs3BuTqx8b	14-704-203-8596	express platelets integrate slyly above the ca
5222.69	Supplier#000000219	INDONESIA	18950	Manufacturer#3	f0siVrn1T,dOIJgYU	19-708-346-1944	odolites use carefully about the reg
5229.01	Supplier#000000418	UNITED STATES	4655	Manufacturer#1	l07dIg BFdcW	34-689-611-9130	re of the carefully final courts. ironic pearls haggle slyly along the bold, regular d
5229.01	Supplier#000000418	UNITED STATES	8643	Manufacturer#1	l07dIg BFdcW	34-689-611-9130	re of the carefully final courts. ironic pearls haggle slyly along the bold, regular d
5235.95	Supplier#000000652	JAPAN	14859	Manufacturer#5	Cwyzz7 uW9mWq	22-957-225-7894	ly fluffily ironic realms. slyly even accounts sleep slyly. carefully even packag
5235.95	Supplier#000000652	JAPAN	15856	Manufacturer#1	Cwyzz7 uW9mWq	22-957-225-7894	ly fluffily ironic realms. slyly even accounts sleep slyly. carefully even packag
5235.95	Supplier#000000652	JAPAN	3892	Manufacturer#4	Cwyzz7 uW9mWq	22-957-225-7894	ly fluffily ironic realms. slyly even accounts sleep slyly. carefully even packag
5238.76	Supplier#000000746	RUSSIA	16213	Manufacturer#4	DI4uPKbEC5 D4LIwwSgGZ8SwqA1hLGJJN6guc	32-484-989-2368	sly special sentiments-- carefully unusua
5264.91	Supplier#000000567	ARGENTINA	14566	Manufacturer#2	fvuRpAap0MvoBguGKBfp	11-390-878-2811	ke fluffily furiously ironic ideas. qu
5264.91	Supplier#000000567	ARGENTINA	8566	Manufacturer#2	fvuRpAap0MvoBguGKBfp	11-390-878-2811	ke fluffily furiously ironic ideas. qu
5266.72	Supplier#000000913	UNITED STATES	16380	Manufacturer#5	c78mMYZkHE7ktVSoB9D	34-601-419-1634	s sleep bold, regular accounts. ironic packages integrate
5266.72	Supplier#000000913	UNITED STATES	2156	Manufacturer#5	c78mMYZkHE7ktVSoB9D	34-601-419-1634	s sleep bold, regular accounts. ironic packages integrate
5266.72	Supplier#000000913	UNITED STATES	7655	Manufacturer#2	c78mMYZkHE7ktVSoB9D	34-601-419-1634	s sleep bold, regular accounts. ironic packages integrate
527.38	Supplier#000000392	PERU	2391	Manufacturer#3	5YSB73Q4LMC9648IF1GGJAP	27-961-813-1153	ckages outside the furiously silent deposits sleep within the fin
5302.37	Supplier#000000009	IRAN	3502	Manufacturer#3	1KhUgZegwM3ua7dsYmekYBsK	20-403-398-8662	s. unusual, even requests along the furiously regular pac
5302.37	Supplier#000000009	IRAN	6008	Manufacturer#5	1KhUgZegwM3ua7dsYmekYBsK	20-403-398-8662	s. unusual, even requests along the furiously regular pac
5303.66	Supplier#000000869	JORDAN	10348	Manufacturer#2	xi6g0llBz3O1ECUHCk7p341ThVdavdqf6PM	23-269-725-9523	regular theodolites thrash slyly about the sl
5322.35	Supplier#000000587	GERMANY	1335	Manufacturer#1	58,gb EuMperMCg2lv XUQ9vi4GzhO2a	17-128-699-9949	thin pinto beans boost silently. ruthless deposits haggle quickly above the slyly unusual th
5322.35	Supplier#000000587	GERMANY	3080	Manufacturer#2	58,gb EuMperMCg2lv XUQ9vi4GzhO2a	17-128-699-9949	thin pinto beans boost silently. ruthless deposits haggle quickly above the slyly unusual th
5322.35	Supplier#000000587	GERMANY	6330	Manufacturer#1	58,gb EuMperMCg2lv XUQ9vi4GzhO2a	17-128-699-9949	thin pinto beans boost silently. ruthless deposits haggle quickly above the slyly unusual th
5335.98	Supplier#000000673	SAUDI ARABIA	19865	Manufacturer#3	GCmswucbTQe2Q3OHcnsNI	30-592-284-5403	y ruthless requests. furiously regular accounts wake after
5335.98	Supplier#000000673	SAUDI ARABIA	5672	Manufacturer#4	GCmswucbTQe2Q3OHcnsNI	30-592-284-5403	y ruthless requests. furiously regular accounts wake after
5339.25	Supplier#000000943	MOZAMBIQUE	19942	Manufacturer#1	AaeNFJbUAF8MOb5VKA7wXB6	26-877-341-9002	uffily unusual packages wake bl
5343.95	Supplier#000000981	ROMANIA	14452	Manufacturer#4	uf24XV3FD7J0BY5FQ29Nbco8A	29-161-734-6046	inal packages sleep along the accounts. fluffily special pains wake fluffily. blithely bold requests
5358.5	Supplier#000000371	ROMANIA	7113	Manufacturer#4	7kc0KqnPxrJuGZdrrec7Cn,wrCPdxPemNPZQ	29-501-449-3837	among the ironic accounts-- regular accounts nod slyly
5364.99	Supplier#000000785	RUSSIA	13784	Manufacturer#4	W VkHBpQyD3qjQjWGpWicOpmILFehmEdWy67kUGY	32-297-653-2203	packages boost carefully. express ideas along
5364.99	Supplier#000000785	RUSSIA	16518	Manufacturer#2	W VkHBpQyD3qjQjWGpWicOpmILFehmEdWy67kUGY	32-297-653-2203	packages boost carefully. express ideas along
539.24	Supplier#000000481	INDONESIA	13217	Manufacturer#5	VqFS2DPW Ci2TpkfD	19-951-947-8520	refully stealthy instructions hang blithely ironic pinto beans. ironi
539.24	Supplier#000000481	INDONESIA	16214	Manufacturer#4	VqFS2DPW Ci2TpkfD	19-951-947-8520	refully stealthy instructions hang blithely ironic pinto beans. ironi
539.24	Supplier#000000481	INDONESIA	19942	Manufacturer#1	VqFS2DPW Ci2TpkfD	19-951-947-8520	refully stealthy instructions hang blithely ironic pinto beans. ironi
5408.07	Supplier#000000623	GERMANY	2622	Manufacturer#1	dSSQ3dTYwThbLppbetVUeuPfBIUF	17-593-337-7365	ial frays use. carefully special foxes wake carefully slyly pending deposits-- final requests a
5408.07	Supplier#000000623	GERMANY	6854	Manufacturer#4	dSSQ3dTYwThbLppbetVUeuPfBIUF	17-593-337-7365	ial frays use. carefully special foxes wake carefully slyly pending deposits-- final requests a
5418.37	Supplier#000000871	INDIA	3870	Manufacturer#2	gTuPG353pz9sxS6iazJuqQtji6xN,Q9qgG2	18-566-173-8686	ess, ironic platelets boost furio
5421.7	Supplier#000000380	SAUDI ARABIA	3873	Manufacturer#5	LiXmikqsO6R40FKovSUZpl	30-245-487-4913	re. grouches against the blithely regular asymptotes sleep slyly daringly p
5421.7	Supplier#000000380	SAUDI ARABIA	5379	Manufacturer#5	LiXmikqsO6R40FKovSUZpl	30-245-487-4913	re. grouches against the blithely regular asymptotes sleep slyly daringly p
5428.44	Supplier#000000919	MOZAMBIQUE	918	Manufacturer#5	xg60CQmqGaVavmevvCjOSGXC 3YuMRVb	26-379-721-3359	, regular requests: furiously even deposits wake blithely ironic packages. furiously even
5435.91	Supplier#000000185	PERU	15389	Manufacturer#3	F4C0AWRPk3	27-586-282-7422	pinto beans. quickly express packages
5435.91	Supplier#000000185	PERU	6184	Manufacturer#5	F4C0AWRPk3	27-586-282-7422	pinto beans. quickly express packages
5435.91	Supplier#000000185	PERU	7670	Manufacturer#2	F4C0AWRPk3	27-586-282-7422	pinto beans. quickly express packages
5489.08	Supplier#000000244	ARGENTINA	4243	Manufacturer#1	c6fBN9a 6EOcB1ZjbImMBAQMwI BKScDNVRP8	11-556-986-9638	d blithely. pinto beans boost quickly. blithely bold accounts affix.
5489.08	Supplier#000000244	ARGENTINA	6987	Manufacturer#2	c6fBN9a 6EOcB1ZjbImMBAQMwI BKScDNVRP8	11-556-986-9638	d blithely. pinto beans boost quickly. blithely bold accounts affix.
5489.08	Supplier#000000244	ARGENTINA	9725	Manufacturer#4	c6fBN9a 6EOcB1ZjbImMBAQMwI BKScDNVRP8	11-556-986-9638	d blithely. pinto beans boost quickly. blithely bold accounts affix.
5569.82	Supplier#000000443	IRAN	6930	Manufacturer#4	nbs9cmnC63bi	20-238-345-8589	sleep even dolphins. enticing deposits wake. furiously regular deposits acc
5571.81	Supplier#000000362	UNITED KINGDOM	16829	Manufacturer#3	XdtN0U5Qm2Z	33-445-749-9918	e furiously. slowly regular accounts sleep furiously. carefully bo
5575.4	Supplier#000000120	GERMANY	7119	Manufacturer#5	TNxoTw0SiMmQzGfZY9fTSkL2kmtPwvtR2L	17-645-761-5674	beans cajole of the sly, dogged courts.
5579.98	Supplier#000000675	MOROCCO	1172	Manufacturer#4	pbDwRMZ6nNUpcFirCvv	25-499-280-9384	bold deposits. regular, regular pinto
5579.98	Supplier#000000675	MOROCCO	2422	Manufacturer#5	pbDwRMZ6nNUpcFirCvv	25-499-280-9384	bold deposits. regular, regular pinto
558.91	Supplier#000000811	SAUDI ARABIA	11810	Manufacturer#3	pLtLc7cdmb	30-734-469-7797	bold ideas sleep against the ideas. silent deposits are furiously even foxes. blithely
558.91	Supplier#000000811	SAUDI ARABIA	8036	Manufacturer#4	pLtLc7cdmb	30-734-469-7797	bold ideas sleep against the ideas. silent deposits are furiously even foxes. blithely
5630.62	Supplier#000000048	KENYA	13784	Manufacturer#4	jg0U FNPMQDuyuKvTnLXXaLf3Wl6OtONA6mQlWJ	24-722-551-9498	xpress instructions affix. fluffily even requests boos
5630.62	Supplier#000000048	KENYA	4539	Manufacturer#4	jg0U FNPMQDuyuKvTnLXXaLf3Wl6OtONA6mQlWJ	24-722-551-9498	xpress instructions affix. fluffily even requests boos
5630.62	Supplier#000000048	KENYA	6279	Manufacturer#4	jg0U FNPMQDuyuKvTnLXXaLf3Wl6OtONA6mQlWJ	24-722-551-9498	xpress instructions affix. fluffily even requests boos
5672.23	Supplier#000000745	VIETNAM	5234	Manufacturer#5	KBaVOy ,RKCWhLiYxW	31-469-792-6546	thely unusual ideas. pending, final de
5699.09	Supplier#000000744	CANADA	10963	Manufacturer#4	5NKuw5W4mFDMQBbUjUO4k kfokG8yvAe	13-573-977-6527	ular accounts. blithely ironic th
5699.09	Supplier#000000744	CANADA	13217	Manufacturer#5	5NKuw5W4mFDMQBbUjUO4k kfokG8yvAe	13-573-977-6527	ular accounts. blithely ironic th
5699.09	Supplier#000000744	CANADA	17476	Manufacturer#1	5NKuw5W4mFDMQBbUjUO4k kfokG8yvAe	13-573-977-6527	ular accounts. blithely ironic th
5699.09	Supplier#000000744	CANADA	4981	Manufacturer#5	5NKuw5W4mFDMQBbUjUO4k kfokG8yvAe	13-573-977-6527	ular accounts. blithely ironic th
5700.83	Supplier#000000736	CANADA	10735	Manufacturer#2	l6i2nMwVuovfKnuVgaSGK2rDy65DlAFLegiL7	13-681-806-8650	the carefully pending waters wake about the requests. f
5700.83	Supplier#000000736	CANADA	14207	Manufacturer#5	l6i2nMwVuovfKnuVgaSGK2rDy65DlAFLegiL7	13-681-806-8650	the carefully pending waters wake about the requests. f
5701.21	Supplier#000000449	IRAN	10448	Manufacturer#5	kOYLYC4JQ5tBVlul15gdo6smU,VdIObtXyC	20-757-629-3940	gular deposits are carefully about the furiously ir
5701.21	Supplier#000000449	IRAN	13185	Manufacturer#4	kOYLYC4JQ5tBVlul15gdo6smU,VdIObtXyC	20-757-629-3940	gular deposits are carefully about the furiously ir
5704.81	Supplier#000000540	MOZAMBIQUE	12277	Manufacturer#1	Tmyis ,xX7XjU2E	26-891-481-8993	. blithely final instructions shall cajol
5704.81	Supplier#000000540	MOZAMBIQUE	18539	Manufacturer#1	Tmyis ,xX7XjU2E	26-891-481-8993	. blithely final instructions shall cajol
5704.81	Supplier#000000540	MOZAMBIQUE	4539	Manufacturer#4	Tmyis ,xX7XjU2E	26-891-481-8993	. blithely final instructions shall cajol
571.85	Supplier#000000705	MOROCCO	17170	Manufacturer#3	9up,Z78TUVPrp2QdumA8fRjL8PG5H6PG	25-673-680-4438	sual packages. carefully ironic reques
5714.85	Supplier#000000733	CHINA	10732	Manufacturer#1	mUdSdgmayvR	28-634-280-5540	blithely express packages. final deposits nag above the regular
5714.85	Supplier#000000733	CHINA	15202	Manufacturer#3	mUdSdgmayvR	28-634-280-5540	blithely express packages. final deposits nag above the regular
5733.61	Supplier#000000121	FRANCE	13120	Manufacturer#5	CWGri,tKI 7gDcDsI	16-275-849-2485	against the ironic, permanent pinto beans. doggedly pending deposits sleep agai
5733.61	Supplier#000000121	FRANCE	16588	Manufacturer#3	CWGri,tKI 7gDcDsI	16-275-849-2485	against the ironic, permanent pinto beans. doggedly pending deposits sleep agai
5733.61	Supplier#000000121	FRANCE	7120	Manufacturer#2	CWGri,tKI 7gDcDsI	16-275-849-2485	against the ironic, permanent pinto beans. doggedly pending deposits sleep agai
5736.09	Supplier#000000258	GERMANY	11257	Manufacturer#5	z8ImnYbuBbohh1 WT	17-820-568-1141	press packages. final dolphins sleep sly
5737.18	Supplier#000000898	EGYPT	12635	Manufacturer#5	Uud3qAUC91Cy,c	14-247-832-2299	print carefully. blithely regular deposits after the deposits cajole against the sp
5742.03	Supplier#000000063	ETHIOPIA	13799	Manufacturer#3	NlV0OQyIoPvPkw5AYuWGomX,hgqm1	15-781-401-3047	ar deposits. blithely bold accounts against the slyly final pinto beans sleep about the exp
5751.39	Supplier#000000116	JORDAN	11115	Manufacturer#5	gABGPfNYwB 9g1rMYWSAhpo 4	23-188-305-1829	xcuses wake quickly above the regular packages; s
5751.39	Supplier#000000116	JORDAN	15320	Manufacturer#1	gABGPfNYwB 9g1rMYWSAhpo 4	23-188-305-1829	xcuses wake quickly above the regular packages; s
5757.36	Supplier#000000875	JORDAN	12350	Manufacturer#1	pBjvc 55kMxfQ3gtYUiuy5TNRyd	23-165-986-6088	ep. furiously final deposits sleep. regular, regular packages affix slyly
5757.36	Supplier#000000875	JORDAN	18606	Manufacturer#4	pBjvc 55kMxfQ3gtYUiuy5TNRyd	23-165-986-6088	ep. furiously final deposits sleep. regular, regular packages affix slyly
5757.36	Supplier#000000875	JORDAN	2622	Manufacturer#1	pBjvc 55kMxfQ3gtYUiuy5TNRyd	23-165-986-6088	ep. furiously final deposits sleep. regular, regular packages affix slyly
5763.17	Supplier#000000238	INDIA	17436	Manufacturer#5	xjSZNq AIqmrV UfxyGcS04RYOzW	18-950-354-3488	s. carefully final courts impress furiously among the slyly regular deposits. ideas thrash furi
5763.17	Supplier#000000238	INDIA	6237	Manufacturer#1	xjSZNq AIqmrV UfxyGcS04RYOzW	18-950-354-3488	s. carefully final courts impress furiously among the slyly regular deposits. ideas thrash furi
5783.61	Supplier#000000676	INDONESIA	10895	Manufacturer#5	USGIdhKusoe8dcvWdBbZWUfxnVxNnsgY mG	19-833-604-9178	s use deposits. quickly even packages haggle quickl
5783.61	Supplier#000000676	INDONESIA	18139	Manufacturer#1	USGIdhKusoe8dcvWdBbZWUfxnVxNnsgY mG	19-833-604-9178	s use deposits. quickly even packages haggle quickl
5783.96	Supplier#000000368	ALGERIA	18563	Manufacturer#3	3o5w6T5HzjFmSf1	10-694-873-8364	nag fluffily alongside of the silent depo
5789.96	Supplier#000000940	BRAZIL	5174	Manufacturer#1	QqKPZBeHgcIKDeOfT6J8sRlg4	12-972-343-8810	ccounts. quickly final patterns mold
5793.63	Supplier#000000813	RUSSIA	14812	Manufacturer#5	6EfZUjqLY8G28PhtbPGfz9FjWIXLx	32-887-679-3561	silent somas. furiously unusual packages affix blithely along the s
5799.04	Supplier#000000780	FRANCE	11257	Manufacturer#5	,G6UHU26b8dkvwpYiM,	16-367-150-9939	express theodolites sleep. final, even instructions across the c
5799.04	Supplier#000000780	FRANCE	15249	Manufacturer#4	,G6UHU26b8dkvwpYiM,	16-367-150-9939	express theodolites sleep. final, even instructions across the c
5799.04	Supplier#000000780	FRANCE	19510	Manufacturer#3	,G6UHU26b8dkvwpYiM,	16-367-150-9939	express theodolites sleep. final, even instructions across the c
5808.87	Supplier#000000838	IRAQ	10837	Manufacturer#2	Zsa9XTlYna7SUIpK0RQAGYSVum	21-409-796-7661	xcuses. furiously express deposits wake among the furiously ironic instructi
5808.87	Supplier#000000838	IRAQ	1335	Manufacturer#1	Zsa9XTlYna7SUIpK0RQAGYSVum	21-409-796-7661	xcuses. furiously express deposits wake among the furiously ironic instructi
5808.87	Supplier#000000838	IRAQ	19837	Manufacturer#2	Zsa9XTlYna7SUIpK0RQAGYSVum	21-409-796-7661	xcuses. furiously express deposits wake among the furiously ironic instructi
5808.87	Supplier#000000838	IRAQ	2585	Manufacturer#4	Zsa9XTlYna7SUIpK0RQAGYSVum	21-409-796-7661	xcuses. furiously express deposits wake among the furiously ironic instructi
5808.87	Supplier#000000838	IRAQ	4837	Manufacturer#1	Zsa9XTlYna7SUIpK0RQAGYSVum	21-409-796-7661	xcuses. furiously express deposits wake among the furiously ironic instructi
5836.17	Supplier#000000385	CHINA	11384	Manufacturer#3	4RDwKCNc6 yBY	28-730-866-8837	frays. requests sleep ironic theodolites. carefully even requests doubt furious
5836.17	Supplier#000000385	CHINA	7127	Manufacturer#2	4RDwKCNc6 yBY	28-730-866-8837	frays. requests sleep ironic theodolites. carefully even requests doubt furious
5850.91	Supplier#000000586	BRAZIL	12585	Manufacturer#4	9tfHwYyFe2t2,6pAVpkURXAxtc2cQw4qfGKYJ	12-747-610-3099	ccording to the stealthily ironi
5850.91	Supplier#000000586	BRAZIL	15320	Manufacturer#1	9tfHwYyFe2t2,6pAVpkURXAxtc2cQw4qfGKYJ	12-747-610-3099	ccording to the stealthily ironi
5850.91	Supplier#000000586	BRAZIL	2585	Manufacturer#4	9tfHwYyFe2t2,6pAVpkURXAxtc2cQw4qfGKYJ	12-747-610-3099	ccording to the stealthily ironi
5850.91	Supplier#000000586	BRAZIL	2829	Manufacturer#4	9tfHwYyFe2t2,6pAVpkURXAxtc2cQw4qfGKYJ	12-747-610-3099	ccording to the stealthily ironi
5850.91	Supplier#000000586	BRAZIL	3826	Manufacturer#1	9tfHwYyFe2t2,6pAVpkURXAxtc2cQw4qfGKYJ	12-747-610-3099	ccording to the stealthily ironi
586.16	Supplier#000000059	PERU	3552	Manufacturer#1	N8lKbYjMnVlEHmTPRmBgtLiX8rrJx	27-249-395-9123	ffily along the even decoys. final instructions abov
5873.07	Supplier#000000098	VIETNAM	10837	Manufacturer#2	ogHn8dpXB5Q	31-914-775-1978	esias use slyly under the ironic foxes. re
5873.07	Supplier#000000098	VIETNAM	7583	Manufacturer#4	ogHn8dpXB5Q	31-914-775-1978	esias use slyly under the ironic foxes. re
5881.52	Supplier#000000424	RUSSIA	11162	Manufacturer#2	uOdFKME6fSAI,rvLcpTL	32-406-948-7901	es. furiously pending ideas against the fluffily si
5881.52	Supplier#000000424	RUSSIA	1172	Manufacturer#4	uOdFKME6fSAI,rvLcpTL	32-406-948-7901	es. furiously pending ideas against the fluffily si
5881.52	Supplier#000000424	RUSSIA	12423	Manufacturer#3	uOdFKME6fSAI,rvLcpTL	32-406-948-7901	es. furiously pending ideas against the fluffily si
5881.52	Supplier#000000424	RUSSIA	3423	Manufacturer#4	uOdFKME6fSAI,rvLcpTL	32-406-948-7901	es. furiously pending ideas against the fluffily si
5903.85	Supplier#000000730	ARGENTINA	10949	Manufacturer#1	GQ8t3HK2XoGWSP,Sonc	11-468-792-6804	kages. furiously ironic accounts are slyly. bold packa
5903.85	Supplier#000000730	ARGENTINA	11729	Manufacturer#4	GQ8t3HK2XoGWSP,Sonc	11-468-792-6804	kages. furiously ironic accounts are slyly. bold packa
5903.85	Supplier#000000730	ARGENTINA	13203	Manufacturer#3	GQ8t3HK2XoGWSP,Sonc	11-468-792-6804	kages. furiously ironic accounts are slyly. bold packa
5903.85	Supplier#000000730	ARGENTINA	13940	Manufacturer#5	GQ8t3HK2XoGWSP,Sonc	11-468-792-6804	kages. furiously ironic accounts are slyly. bold packa
5916.91	Supplier#000000031	MOZAMBIQUE	3030	Manufacturer#3	fRJimA7zchyApqRLHcQeocVpP	26-515-530-4159	into beans wake after the special packages. slyly fluffy requests cajole furio
5926.41	Supplier#000000023	INDONESIA	15227	Manufacturer#4	ssetugTcXc096qlD7 2TL5crEEeS3zk	19-559-422-5776	ges could have to are ironic deposits. regular, even request
5926.41	Supplier#000000023	INDONESIA	16756	Manufacturer#5	ssetugTcXc096qlD7 2TL5crEEeS3zk	19-559-422-5776	ges could have to are ironic deposits. regular, even request
5926.41	Supplier#000000023	INDONESIA	522	Manufacturer#3	ssetugTcXc096qlD7 2TL5crEEeS3zk	19-559-422-5776	ges could have to are ironic deposits. regular, even request
5926.41	Supplier#000000023	INDONESIA	9504	Manufacturer#2	ssetugTcXc096qlD7 2TL5crEEeS3zk	19-559-422-5776	ges could have to are ironic deposits. regular, even request
5968.71	Supplier#000000805	INDIA	14804	Manufacturer#2	LXWtvxudFJf56Uep17HO,NYC4A4mlr	18-407-342-1685	ructions haggle. carefully silent foxes must wa
597.64	Supplier#000000260	UNITED KINGDOM	8259	Manufacturer#4	TQGxRpJe08nPRqPYDIMTnst87mC0HZJ,rlnCQTF	33-226-804-7400	silent, stealthy instructions. furiously final tithes hinder regular requests. expres
5975	Supplier#000000628	ALGERIA	16829	Manufacturer#3	Gk75kOa26bzFvztn3rgkiOdL M0jTMU	10-599-740-9848	ccounts play along the special ideas. blithely final deposi
5975	Supplier#000000628	ALGERIA	7113	Manufacturer#4	Gk75kOa26bzFvztn3rgkiOdL M0jTMU	10-599-740-9848	ccounts play along the special ideas. blithely final deposi
5975	Supplier#000000628	ALGERIA	8111	Manufacturer#2	Gk75kOa26bzFvztn3rgkiOdL M0jTMU	10-599-740-9848	ccounts play along the special ideas. blithely final deposi
5976.6	Supplier#000000539	ARGENTINA	13275	Manufacturer#4	GG5N3GIdNmmvhKs52Y	11-844-496-3836	otes; carefully ironic deposits sleep idly along
5976.6	Supplier#000000539	ARGENTINA	5773	Manufacturer#5	GG5N3GIdNmmvhKs52Y	11-844-496-3836	otes; carefully ironic deposits sleep idly along
5979.92	Supplier#000000876	IRAQ	17608	Manufacturer#4	PYBAM85Nrb2cuXH8VDrX 3TjZbsIAlIQ,,xA	21-432-561-3770	ly special packages. carefully ironic deposits dazzle furiously acco
5980.87	Supplier#000000497	JAPAN	15496	Manufacturer#5	iLAqlCKDLUGqHrjuOcId7 uYoTmpA	22-895-454-2151	es nag about the furious
5980.87	Supplier#000000497	JAPAN	2992	Manufacturer#3	iLAqlCKDLUGqHrjuOcId7 uYoTmpA	22-895-454-2151	es nag about the furious
6026.09	Supplier#000000911	IRAQ	910	Manufacturer#4	TpZMQSDVVmgKZX9 wB,HY	21-748-770-4721	he dependencies. furiously special deposits cajole slyly. theodolites use fluffil
6030.51	Supplier#000000774	ALGERIA	5773	Manufacturer#5	XVYeiG4,BopCyYAQwld4l0scarsoe8J0cQ	10-311-896-5917	sheaves. packages about the slyly express pinto beans thrash according to the
6039.27	Supplier#000000572	ROMANIA	6059	Manufacturer#3	J,RTwd9mNOTralFovrCrH99 f9rbvsDf3	29-444-247-7800	its. carefully even requests along the quickly unusual pinto beans inte
6039.27	Supplier#000000572	ROMANIA	7800	Manufacturer#3	J,RTwd9mNOTralFovrCrH99 f9rbvsDf3	29-444-247-7800	its. carefully even requests along the quickly unusual pinto beans inte
6039.27	Supplier#000000572	ROMANIA	821	Manufacturer#4	J,RTwd9mNOTralFovrCrH99 f9rbvsDf3	29-444-247-7800	its. carefully even requests along the quickly unusual pinto beans inte
6043.19	Supplier#000000706	IRAQ	12919	Manufacturer#2	oXF4XhSiEJMIJouBmMjLZ	21-513-570-8754	uickly. special, ironic attainments cajole carefully according
6043.19	Supplier#000000706	IRAQ	16907	Manufacturer#3	oXF4XhSiEJMIJouBmMjLZ	21-513-570-8754	uickly. special, ironic attainments cajole carefully according
6043.19	Supplier#000000706	IRAQ	18169	Manufacturer#3	oXF4XhSiEJMIJouBmMjLZ	21-513-570-8754	uickly. special, ironic attainments cajole carefully according
6071.58	Supplier#000000605	FRANCE	14812	Manufacturer#5	wdwiNoNT8pVHOTHQ8jhVzaOTkU	16-835-870-9488	foxes poach blithely beneath the excuses: ironic multipliers haggle quickly furiously unu
6074.75	Supplier#000000942	UNITED STATES	11680	Manufacturer#4	VkukmyN0Dq3NkC1RMw2ZBk,I5icQfLFFG	34-943-753-9952	deposits haggle. regular packages unwind fluf
6082.22	Supplier#000000854	MOZAMBIQUE	13327	Manufacturer#2	omM4Df4DWXSTKmenaUUSr	26-346-921-7567	n requests believe fluffily. carefully special depen
6082.22	Supplier#000000854	MOZAMBIQUE	3094	Manufacturer#1	omM4Df4DWXSTKmenaUUSr	26-346-921-7567	n requests believe fluffily. carefully special depen
6089.75	Supplier#000000148	GERMANY	11886	Manufacturer#2	bkCBZzewuerw8xHv	17-648-666-9156	ckly regular grouches. carefully ironic deposits cajole acc
6089.75	Supplier#000000148	GERMANY	16147	Manufacturer#3	bkCBZzewuerw8xHv	17-648-666-9156	ckly regular grouches. carefully ironic deposits cajole acc
6089.75	Supplier#000000148	GERMANY	2391	Manufacturer#3	bkCBZzewuerw8xHv	17-648-666-9156	ckly regular grouches. carefully ironic deposits cajole acc
6096.58	Supplier#000000061	INDIA	14060	Manufacturer#3	Oz0M1qBR9I	18-396-489-9719	s the slyly regular ideas shall
6096.58	Supplier#000000061	INDIA	17060	Manufacturer#3	Oz0M1qBR9I	18-396-489-9719	s the slyly regular ideas shall
6102.62	Supplier#000000322	FRANCE	12797	Manufacturer#4	lB2qcFCrwazl7Qa	16-803-605-4129	to wake. slyly even ideas breach furiously. ironic foxes haggle carefully. ironic asy
6102.62	Supplier#000000322	FRANCE	7807	Manufacturer#5	lB2qcFCrwazl7Qa	16-803-605-4129	to wake. slyly even ideas breach furiously. ironic foxes haggle carefully. ironic asy
6102.62	Supplier#000000322	FRANCE	821	Manufacturer#4	lB2qcFCrwazl7Qa	16-803-605-4129	to wake. slyly even ideas breach furiously. ironic foxes haggle carefully. ironic asy
6113.96	Supplier#000000377	MOZAMBIQUE	11115	Manufacturer#5	L4SF6EzZ xhyZCQ59onlADR4	26-634-598-9185	ly express accounts wake enticingly special, express frays. furiously
6113.96	Supplier#000000377	MOZAMBIQUE	15581	Manufacturer#3	L4SF6EzZ xhyZCQ59onlADR4	26-634-598-9185	ly express accounts wake enticingly special, express frays. furiously
6113.96	Supplier#000000377	MOZAMBIQUE	17575	Manufacturer#3	L4SF6EzZ xhyZCQ59onlADR4	26-634-598-9185	ly express accounts wake enticingly special, express frays. furiously
6113.96	Supplier#000000377	MOZAMBIQUE	3870	Manufacturer#2	L4SF6EzZ xhyZCQ59onlADR4	26-634-598-9185	ly express accounts wake enticingly special, express frays. furiously
6113.96	Supplier#000000377	MOZAMBIQUE	4376	Manufacturer#1	L4SF6EzZ xhyZCQ59onlADR4	26-634-598-9185	ly express accounts wake enticingly special, express frays. furiously
6113.96	Supplier#000000377	MOZAMBIQUE	7119	Manufacturer#5	L4SF6EzZ xhyZCQ59onlADR4	26-634-598-9185	ly express accounts wake enticingly special, express frays. furiously
6116.81	Supplier#000000756	GERMANY	10975	Manufacturer#5	ySXGqbQpYbXLoaFMKqIdH5Pai	17-726-757-7711	out the final, express id
6116.81	Supplier#000000756	GERMANY	18755	Manufacturer#5	ySXGqbQpYbXLoaFMKqIdH5Pai	17-726-757-7711	out the final, express id
6116.81	Supplier#000000756	GERMANY	3502	Manufacturer#3	ySXGqbQpYbXLoaFMKqIdH5Pai	17-726-757-7711	out the final, express id
6116.81	Supplier#000000756	GERMANY	5	Manufacturer#3	ySXGqbQpYbXLoaFMKqIdH5Pai	17-726-757-7711	out the final, express id
6116.81	Supplier#000000756	GERMANY	6987	Manufacturer#2	ySXGqbQpYbXLoaFMKqIdH5Pai	17-726-757-7711	out the final, express id
6125.89	Supplier#000000215	JAPAN	10214	Manufacturer#1	YmZQvVCVanip2E	22-333-479-3656	fully upon the slyly bold excuses. blithely regular deposits promise across the slyl
6125.89	Supplier#000000215	JAPAN	11214	Manufacturer#3	YmZQvVCVanip2E	22-333-479-3656	fully upon the slyly bold excuses. blithely regular deposits promise across the slyl
6125.89	Supplier#000000215	JAPAN	16214	Manufacturer#4	YmZQvVCVanip2E	22-333-479-3656	fully upon the slyly bold excuses. blithely regular deposits promise across the slyl
6144.47	Supplier#000000289	MOZAMBIQUE	16756	Manufacturer#5	6Tua0IHqN0sod1Tpdax5hD0	26-396-901-4544	equests can wake: furiously final accounts lose regular, final requests. special somas affix. fi
6144.47	Supplier#000000289	MOZAMBIQUE	7288	Manufacturer#1	6Tua0IHqN0sod1Tpdax5hD0	26-396-901-4544	equests can wake: furiously final accounts lose regular, final requests. special somas affix. fi
6150.38	Supplier#000000019	UNITED STATES	17018	Manufacturer#3	edZT3es,nBFD8lBXTGeTl	34-278-310-2731	refully final foxes across the dogged theodolites sleep slyly abou
6159.4	Supplier#000000681	JAPAN	11680	Manufacturer#4	ArTNWD5g1KfANCMFDfk83TUlX	22-208-790-6946	. carefully special ideas promise slyly foxes-- pending accounts about the furiously special the
6170.98	Supplier#000000237	UNITED KINGDOM	2236	Manufacturer#2	NzEXFiPN5tnrZzs1E,uGeoEqolOlDYE7oQHnQWg	33-976-749-2413	regular ideas. carefully express ins
6170.98	Supplier#000000237	UNITED KINGDOM	3730	Manufacturer#4	NzEXFiPN5tnrZzs1E,uGeoEqolOlDYE7oQHnQWg	33-976-749-2413	regular ideas. carefully express ins
6170.98	Supplier#000000237	UNITED KINGDOM	486	Manufacturer#4	NzEXFiPN5tnrZzs1E,uGeoEqolOlDYE7oQHnQWg	33-976-749-2413	regular ideas. carefully express ins
6173.87	Supplier#000000408	RUSSIA	11885	Manufacturer#3	qcor1u,vJXAokjnL5,dilyYNmh	32-858-724-2950	blithely pending packages cajole furiously slyly pending notornis. slyly final
6173.87	Supplier#000000408	RUSSIA	18139	Manufacturer#1	qcor1u,vJXAokjnL5,dilyYNmh	32-858-724-2950	blithely pending packages cajole furiously slyly pending notornis. slyly final
6173.87	Supplier#000000408	RUSSIA	5407	Manufacturer#5	qcor1u,vJXAokjnL5,dilyYNmh	32-858-724-2950	blithely pending packages cajole furiously slyly pending notornis. slyly final
6177.35	Supplier#000000053	GERMANY	5797	Manufacturer#1	i9v3 EsYCfLKFU6PIt8iihBOHBB37yR7b3GD7Rt	17-886-101-6083	onic, special deposits wake furio
6178.48	Supplier#000000582	EGYPT	13055	Manufacturer#4	o6h0Bjjwags0FDRSAoKJPCWyt	14-341-851-2277	ly unusual packages. regular, pending foxes are blithely. fluffily
6178.48	Supplier#000000582	EGYPT	15581	Manufacturer#3	o6h0Bjjwags0FDRSAoKJPCWyt	14-341-851-2277	ly unusual packages. regular, pending foxes are blithely. fluffily
6178.48	Supplier#000000582	EGYPT	16315	Manufacturer#3	o6h0Bjjwags0FDRSAoKJPCWyt	14-341-851-2277	ly unusual packages. regular, pending foxes are blithely. fluffily
6178.48	Supplier#000000582	EGYPT	331	Manufacturer#2	o6h0Bjjwags0FDRSAoKJPCWyt	14-341-851-2277	ly unusual packages. regular, pending foxes are blithely. fluffily
6178.48	Supplier#000000582	EGYPT	3822	Manufacturer#5	o6h0Bjjwags0FDRSAoKJPCWyt	14-341-851-2277	ly unusual packages. regular, pending foxes are blithely. fluffily
6201.77	Supplier#000000090	FRANCE	2585	Manufacturer#4	bPE6Uhz1f2m3gwSGMrnRt,g,3gq37r5kxgphqss1	16-380-123-9217	hely fluffily regular theodoli
6223.17	Supplier#000000427	SAUDI ARABIA	7169	Manufacturer#4	Hnd2bzQ95, Adq bg7BQAbFVmRV9rQ,jY98	30-315-782-5162	he regular requests haggle blithely about the forges
6223.17	Supplier#000000427	SAUDI ARABIA	7655	Manufacturer#2	Hnd2bzQ95, Adq bg7BQAbFVmRV9rQ,jY98	30-315-782-5162	he regular requests haggle blithely about the forges
6234.92	Supplier#000000410	ROMANIA	17608	Manufacturer#4	6V,FO4xJPwvxGzReYzVj6dwTSIechnSSCyz9iY	29-822-375-4854	beans sleep outside the thin instructions. thinly even soma
6234.92	Supplier#000000410	ROMANIA	7409	Manufacturer#2	6V,FO4xJPwvxGzReYzVj6dwTSIechnSSCyz9iY	29-822-375-4854	beans sleep outside the thin instructions. thinly even soma
6234.92	Supplier#000000410	ROMANIA	8893	Manufacturer#5	6V,FO4xJPwvxGzReYzVj6dwTSIechnSSCyz9iY	29-822-375-4854	beans sleep outside the thin instructions. thinly even soma
6234.92	Supplier#000000410	ROMANIA	9632	Manufacturer#2	6V,FO4xJPwvxGzReYzVj6dwTSIechnSSCyz9iY	29-822-375-4854	beans sleep outside the thin instructions. thinly even soma
6238.12	Supplier#000000472	SAUDI ARABIA	14207	Manufacturer#5	NlJV2a0ovbomfosgHUBx6sgT	30-976-134-3524	to the quickly even deposits print slyly ironic requests. sp
6238.12	Supplier#000000472	SAUDI ARABIA	17204	Manufacturer#2	NlJV2a0ovbomfosgHUBx6sgT	30-976-134-3524	to the quickly even deposits print slyly ironic requests. sp
6238.12	Supplier#000000472	SAUDI ARABIA	4217	Manufacturer#1	NlJV2a0ovbomfosgHUBx6sgT	30-976-134-3524	to the quickly even deposits print slyly ironic requests. sp
6239.02	Supplier#000000868	ARGENTINA	18331	Manufacturer#1	dFPwNYsP 9xC	11-255-295-8702	ar instructions. blithely ironic foxes doubt against the quickly bo
6255.87	Supplier#000000091	CANADA	15825	Manufacturer#3	YV45D7TkfdQanOOZ7q9QxkyGUapU1oOWU6q3	13-604-986-9056	nstructions use carefully according to the special packages: quickly silent th
6255.87	Supplier#000000091	CANADA	8832	Manufacturer#3	YV45D7TkfdQanOOZ7q9QxkyGUapU1oOWU6q3	13-604-986-9056	nstructions use carefully according to the special packages: quickly silent th
6261.99	Supplier#000000268	UNITED KINGDOM	4759	Manufacturer#2	ApLM6aebtP79LIp	33-863-692-9039	nic frays use furiously among the final, ironic the
6291.34	Supplier#000000679	EGYPT	4916	Manufacturer#1	qLzdFRbVDeEH	14-771-110-7666	ole slyly against the furiously silent instructions; ironic instruc
6291.34	Supplier#000000679	EGYPT	678	Manufacturer#4	qLzdFRbVDeEH	14-771-110-7666	ole slyly against the furiously silent instructions; ironic instruc
631.86	Supplier#000000659	SAUDI ARABIA	13132	Manufacturer#1	jjVP5XCtV9jbvUnkoeFUTrgB,ke	30-917-437-7814	r, ironic requests. carefully ruthless theodolites across the bravely bold deposits cajole car
6329.9	Supplier#000000996	GERMANY	10735	Manufacturer#2	Wx4dQwOAwWjfSCGupfrM	17-447-811-3282	ironic forges cajole blithely agai
6331.84	Supplier#000000269	BRAZIL	17268	Manufacturer#4	LxOgEClzbXDEYHYG2ZMFoWHrD,C	12-988-623-6829	lar foxes wake quickly about the carefully ironic asymptotes. final, regular do
6331.84	Supplier#000000269	BRAZIL	8752	Manufacturer#4	LxOgEClzbXDEYHYG2ZMFoWHrD,C	12-988-623-6829	lar foxes wake quickly about the carefully ironic asymptotes. final, regular do
6343.15	Supplier#000000557	CANADA	1803	Manufacturer#1	jj0wUYh9K3fG5Jhdhrkuy ,4	13-704-788-7706	ckages. unusual, regular attainments
6361.2	Supplier#000000519	ROMANIA	11257	Manufacturer#5	0zgIDeAmk5976RzKiXZi,kobff8IxQn	29-133-225-9811	onic requests cajole blithely furiously pending ideas. quickly quick accounts sle
6361.2	Supplier#000000519	ROMANIA	16518	Manufacturer#2	0zgIDeAmk5976RzKiXZi,kobff8IxQn	29-133-225-9811	onic requests cajole blithely furiously pending ideas. quickly quick accounts sle
6361.2	Supplier#000000519	ROMANIA	18982	Manufacturer#5	0zgIDeAmk5976RzKiXZi,kobff8IxQn	29-133-225-9811	onic requests cajole blithely furiously pending ideas. quickly quick accounts sle
6361.2	Supplier#000000519	ROMANIA	9518	Manufacturer#2	0zgIDeAmk5976RzKiXZi,kobff8IxQn	29-133-225-9811	onic requests cajole blithely furiously pending ideas. quickly quick accounts sle
6387.89	Supplier#000000176	IRAN	11914	Manufacturer#4	OLVnGuOx8m6NfApzODj4 JP01JJIm,qI53BChmgQ	20-970-245-2712	s according to the carefully expr
6387.89	Supplier#000000176	IRAN	5175	Manufacturer#3	OLVnGuOx8m6NfApzODj4 JP01JJIm,qI53BChmgQ	20-970-245-2712	s according to the carefully expr
6399.78	Supplier#000000505	INDONESIA	5994	Manufacturer#2	aqcYZYQD5TYlLDgIxhKZyFCzL3Ch5qKOxj	19-480-691-1853	requests engage slyly regular ideas. fina
6399.78	Supplier#000000505	INDONESIA	9504	Manufacturer#2	aqcYZYQD5TYlLDgIxhKZyFCzL3Ch5qKOxj	19-480-691-1853	requests engage slyly regular ideas. fina
6404.51	Supplier#000000558	INDONESIA	10777	Manufacturer#4	T9hNjrRRRQmkbZomdaeLKDOqmmUcJpAJzXOxq	19-494-404-8664	s against the carefully pending packages cajole al
6404.51	Supplier#000000558	INDONESIA	9298	Manufacturer#4	T9hNjrRRRQmkbZomdaeLKDOqmmUcJpAJzXOxq	19-494-404-8664	s against the carefully pending packages cajole al
6408.52	Supplier#000000327	ALGERIA	12540	Manufacturer#4	MoC7Jc7oThpZ34HmJPKuUbOZwOyPOb1ksGlvT8o	10-519-344-7532	final accounts poach quickly slyly regular requests-- furiously careful requests cajole car
6420.86	Supplier#000000396	IRAN	13132	Manufacturer#1	WMtmXuQwBKESTTFH4ru1f	20-236-453-5458	ts. quickly unusual accounts are fluffily above the express requests. daring, stealthy pi
6420.86	Supplier#000000396	IRAN	15600	Manufacturer#5	WMtmXuQwBKESTTFH4ru1f	20-236-453-5458	ts. quickly unusual accounts are fluffily above the express requests. daring, stealthy pi
6432.12	Supplier#000000732	PERU	9954	Manufacturer#5	3Q117DJd7vC3cBv,L4DAiVqWZNa,nBBoA	27-230-428-3838	nto beans. carefully ironic dolphins nag reques
6452.6	Supplier#000000796	IRAQ	9795	Manufacturer#1	xre srJq9Ivai94OkW0yhsfrx	21-322-901-8359	ts nag furiously fluffily even requests-- regular accounts unwind. regular, express pinto beans in
6463.1	Supplier#000000697	JAPAN	18696	Manufacturer#1	CnQUnxL9Jk1ew4 kK,DqzwwV34c1KUiu4xFVsG	22-673-286-5547	furious frets. furiously even accounts should affix furiously blithely final theo
6463.1	Supplier#000000697	JAPAN	6184	Manufacturer#5	CnQUnxL9Jk1ew4 kK,DqzwwV34c1KUiu4xFVsG	22-673-286-5547	furious frets. furiously even accounts should affix furiously blithely final theo
6469.78	Supplier#000000256	IRAQ	10735	Manufacturer#2	ma15idU1PzO7itP67W1Rd	21-370-961-2170	sly pending deposits haggle
6469.78	Supplier#000000256	IRAQ	5	Manufacturer#3	ma15idU1PzO7itP67W1Rd	21-370-961-2170	sly pending deposits haggle
6475.66	Supplier#000000391	MOROCCO	5135	Manufacturer#4	HBkwkigT2P9bU2wXBrPnQ	25-736-211-2793	ckly furious dolphins about the furiously even d
6476.58	Supplier#000000359	UNITED STATES	14566	Manufacturer#2	J5HqPZnfLcFMtlgwCnZPUI	34-121-923-9858	ons. furiously unusual accounts above the blithe
6489.62	Supplier#000000877	EGYPT	14876	Manufacturer#3	4yN9i5CbQ8Tw1X5InsMlOjjhGg8MAciTG	14-685-851-5424	beans. quick packages at the pending dependencies poa
6497.93	Supplier#000000821	SAUDI ARABIA	16554	Manufacturer#4	O HVe5AKfowNLnep8qd2brd9fbZm WkJuc9Lli	30-472-667-2703	old, regular packages about the platelets haggle slyly pending, unusual
6538.01	Supplier#000000844	UNITED STATES	4081	Manufacturer#5	COb5r2WsvJ0zf 58tJJLgYvEZHJb74EBdp	34-454-417-4967	pinto beans. carefully stealthy theodol
6540.34	Supplier#000000388	CHINA	14859	Manufacturer#5	n27XQohXrXlJRLdsyXNoljPS	28-306-827-7902	rate around the regular accounts. furiously special pinto beans use bli
6540.34	Supplier#000000388	CHINA	1634	Manufacturer#2	n27XQohXrXlJRLdsyXNoljPS	28-306-827-7902	rate around the regular accounts. furiously special pinto beans use bli
6558.92	Supplier#000000907	JAPAN	11384	Manufacturer#3	Y79rRfd5UhgXi6Ahj9ooM0vNHts	22-595-604-3254	t the instructions. bold, unusual pinto beans above the regular, unusual foxes wake blithely regu
6558.92	Supplier#000000907	JAPAN	17906	Manufacturer#5	Y79rRfd5UhgXi6Ahj9ooM0vNHts	22-595-604-3254	t the instructions. bold, unusual pinto beans above the regular, unusual foxes wake blithely regu
6558.92	Supplier#000000907	JAPAN	19099	Manufacturer#4	Y79rRfd5UhgXi6Ahj9ooM0vNHts	22-595-604-3254	t the instructions. bold, unusual pinto beans above the regular, unusual foxes wake blithely regu
6559.35	Supplier#000000168	INDONESIA	11384	Manufacturer#3	NNvNhn6dWzr80Igr	19-985-776-2090	y final packages! express, ironic foxes snooze carefully above the furiously daring theodolites
6559.35	Supplier#000000168	INDONESIA	18363	Manufacturer#4	NNvNhn6dWzr80Igr	19-985-776-2090	y final packages! express, ironic foxes snooze carefully above the furiously daring theodolites
6571.13	Supplier#000000872	IRAQ	14607	Manufacturer#2	oJQEy8xyrptE	21-271-893-1965	the pending, even foxes? blithely ironic depe
6578.65	Supplier#000000111	EGYPT	18842	Manufacturer#5	uv56H9j8cNa4qnflVSYbLNN	14-256-573-2660	ing theodolites are about the slowly pending
6578.65	Supplier#000000111	EGYPT	6854	Manufacturer#4	uv56H9j8cNa4qnflVSYbLNN	14-256-573-2660	ing theodolites are about the slowly pending
6579.41	Supplier#000000376	MOZAMBIQUE	19837	Manufacturer#2	L8OWL3jXMCR3Gh	26-752-731-5943	usual dependencies haggle above the carefully regular platelets. never regular foxes detec
6579.41	Supplier#000000376	MOZAMBIQUE	8375	Manufacturer#4	L8OWL3jXMCR3Gh	26-752-731-5943	usual dependencies haggle above the carefully regular platelets. never regular foxes detec
6604.79	Supplier#000000833	PERU	8832	Manufacturer#3	ig2vYxu,8xwEzl0UfA4t5VJ	27-470-524-5760	. quickly bold packages sleep among the packages. theodolites bo
6604.79	Supplier#000000833	PERU	9314	Manufacturer#3	ig2vYxu,8xwEzl0UfA4t5VJ	27-470-524-5760	. quickly bold packages sleep among the packages. theodolites bo
6610.51	Supplier#000000761	CANADA	15495	Manufacturer#2	zlSLelQUj2XrvTTFnv7WAcYZGvvMTx882d4	13-725-649-4070	packages boost doggedly. fluffily pending accou
6642.22	Supplier#000000097	EGYPT	18560	Manufacturer#1	MrCQha2G6ndX1fp6CA	14-618-678-1789	s, regular accounts. furiously bold ideas u
665.89	Supplier#000000278	INDONESIA	12277	Manufacturer#1	gBQmkVmclUGbjwHVtrdmCk9Dwqd2Dez1	19-563-887-6379	deposits against the final foxes use carefully express ins
665.89	Supplier#000000278	INDONESIA	12491	Manufacturer#4	gBQmkVmclUGbjwHVtrdmCk9Dwqd2Dez1	19-563-887-6379	deposits against the final foxes use carefully express ins
665.89	Supplier#000000278	INDONESIA	15482	Manufacturer#3	gBQmkVmclUGbjwHVtrdmCk9Dwqd2Dez1	19-563-887-6379	deposits against the final foxes use carefully express ins
665.89	Supplier#000000278	INDONESIA	17476	Manufacturer#1	gBQmkVmclUGbjwHVtrdmCk9Dwqd2Dez1	19-563-887-6379	deposits against the final foxes use carefully express ins
668.12	Supplier#000000610	SAUDI ARABIA	11826	Manufacturer#1	cRikc,rgxAM3yz0IR85OD	30-402-585-4900	gainst the ideas. regular instructions are. theodolites cajole furiously final, un
668.12	Supplier#000000610	SAUDI ARABIA	4847	Manufacturer#1	cRikc,rgxAM3yz0IR85OD	30-402-585-4900	gainst the ideas. regular instructions are. theodolites cajole furiously final, un
6698.84	Supplier#000000862	BRAZIL	17060	Manufacturer#3	JAH3,OdzNzdiWYK2ODrKfLLR2IQ8YVNJcsds	12-159-806-3875	ously special pinto beans. deposits
6698.84	Supplier#000000862	BRAZIL	5351	Manufacturer#2	JAH3,OdzNzdiWYK2ODrKfLLR2IQ8YVNJcsds	12-159-806-3875	ously special pinto beans. deposits
6700.75	Supplier#000000294	CHINA	8519	Manufacturer#2	20vnacv,dtZ0mr5kukNf	28-299-788-1836	en accounts. silent, regular instructio
6705.44	Supplier#000000190	IRAN	5679	Manufacturer#3	qpXGL8oM1 wzQd	20-995-359-7606	regular deposits haggle across the final, si
6710.1	Supplier#000000346	INDIA	18809	Manufacturer#3	9vl7c3azrqt9wITrcglQhIGfwea	18-148-870-6674	ecial accounts. quickly pending packages print. slyly bold pinto beans detect slyly unus
6710.1	Supplier#000000346	INDIA	4837	Manufacturer#1	9vl7c3azrqt9wITrcglQhIGfwea	18-148-870-6674	ecial accounts. quickly pending packages print. slyly bold pinto beans detect slyly unus
6721.7	Supplier#000000954	FRANCE	14689	Manufacturer#2	P3O5p UFz1QsLmZX	16-537-341-8517	ect blithely blithely final acco
6721.7	Supplier#000000954	FRANCE	4191	Manufacturer#3	P3O5p UFz1QsLmZX	16-537-341-8517	ect blithely blithely final acco
6727.48	Supplier#000000140	MOZAMBIQUE	18139	Manufacturer#1	mdfYYe8U sSb	26-379-377-5829	sly final pinto beans affix furiously about the packages. even, bold accounts affix permanently fi
6738.72	Supplier#000000500	SAUDI ARABIA	15969	Manufacturer#1	jLfNCVrj7X5h31yfSR02Z4x7K	30-229-226-6452	ly. carefully final packages boost
6738.72	Supplier#000000500	SAUDI ARABIA	18695	Manufacturer#2	jLfNCVrj7X5h31yfSR02Z4x7K	30-229-226-6452	ly. carefully final packages boost
6738.72	Supplier#000000500	SAUDI ARABIA	1997	Manufacturer#3	jLfNCVrj7X5h31yfSR02Z4x7K	30-229-226-6452	ly. carefully final packages boost
6738.72	Supplier#000000500	SAUDI ARABIA	249	Manufacturer#4	jLfNCVrj7X5h31yfSR02Z4x7K	30-229-226-6452	ly. carefully final packages boost
6738.72	Supplier#000000500	SAUDI ARABIA	6987	Manufacturer#2	jLfNCVrj7X5h31yfSR02Z4x7K	30-229-226-6452	ly. carefully final packages boost
6741.18	Supplier#000000717	KENYA	12930	Manufacturer#3	hhUrgvyxsdTfzGY4OrQSHeZmMNB2L75xk	24-797-880-9149	ng to the furiously speci
6741.18	Supplier#000000717	KENYA	14452	Manufacturer#4	hhUrgvyxsdTfzGY4OrQSHeZmMNB2L75xk	24-797-880-9149	ng to the furiously speci
6756.59	Supplier#000000933	GERMANY	11149	Manufacturer#3	TrYn5zjv6nrT47EwbXi1S,IU	17-446-406-8093	ully pending platelets. quickly ironic realms cajole slyly across the even ex
6756.59	Supplier#000000933	GERMANY	13406	Manufacturer#1	TrYn5zjv6nrT47EwbXi1S,IU	17-446-406-8093	ully pending platelets. quickly ironic realms cajole slyly across the even ex
6756.59	Supplier#000000933	GERMANY	14404	Manufacturer#4	TrYn5zjv6nrT47EwbXi1S,IU	17-446-406-8093	ully pending platelets. quickly ironic realms cajole slyly across the even ex
6776.54	Supplier#000000435	INDIA	16434	Manufacturer#3	xKvU,V2SZj3OqEwdlgXs01K jSbJRjYYF	18-874-271-6733	nic theodolites. blithely dogged accounts haggle furiously express pinto beans
6791.04	Supplier#000000342	BRAZIL	2585	Manufacturer#4	YgcA0MYOSB1ou	12-829-736-2942	s wake above the quickly pending attainments. furiously special re
6791.04	Supplier#000000342	BRAZIL	9082	Manufacturer#3	YgcA0MYOSB1ou	12-829-736-2942	s wake above the quickly pending attainments. furiously special re
6820.35	Supplier#000000007	UNITED KINGDOM	13217	Manufacturer#5	s,4TicNGB4uO6PaSqNBUq	33-990-965-2201	s unwind silently furiously regular courts. final requests are deposits. requests wake quietly blit
6829.86	Supplier#000000126	KENYA	16327	Manufacturer#1	CaO4YuZ oSkzemn	24-728-670-3468	unts. carefully regular dolphins s
683.07	Supplier#000000651	RUSSIA	4888	Manufacturer#4	oWekiBV6s,1g	32-181-426-4490	ly regular requests cajole abou
6835.16	Supplier#000000338	MOZAMBIQUE	11554	Manufacturer#5	2b6Gj,rSxqeIiAOMquj6c03p GmAzIog BrF05	26-565-914-7207	fully silent requests cajole idly. even dugouts wake f
6835.16	Supplier#000000338	MOZAMBIQUE	13811	Manufacturer#4	2b6Gj,rSxqeIiAOMquj6c03p GmAzIog BrF05	26-565-914-7207	fully silent requests cajole idly. even dugouts wake f
6866.81	Supplier#000000284	MOROCCO	3030	Manufacturer#3	7NF0OkJazPIJ7l,LBSw3abv	25-955-684-2997	quests nag carefully according to the furi
6866.81	Supplier#000000284	MOROCCO	5773	Manufacturer#5	7NF0OkJazPIJ7l,LBSw3abv	25-955-684-2997	quests nag carefully according to the furi
687.45	Supplier#000000915	CHINA	11914	Manufacturer#4	hzB2437Op7JLYX73d3,qU2	28-191-772-5459	ffily. slyly pending pinto beans haggle furiously regular accounts. furiously regular asymp
6912.86	Supplier#000000584	CHINA	12797	Manufacturer#4	XvDYsHYpmY5AkX60fj0bZo4WW	28-223-704-2186	e requests haggle carefully even ideas. express, bold requests integrate quickly furiously
6912.86	Supplier#000000584	CHINA	7583	Manufacturer#4	XvDYsHYpmY5AkX60fj0bZo4WW	28-223-704-2186	e requests haggle carefully even ideas. express, bold requests integrate quickly furiously
6929.22	Supplier#000000355	MOZAMBIQUE	13828	Manufacturer#3	DuCQn,7qi1KL a99mTWSY4Z9eC53dslWPABGj7	26-389-592-6792	ackages cajole according to the slyly ironic theo
6929.22	Supplier#000000355	MOZAMBIQUE	7583	Manufacturer#4	DuCQn,7qi1KL a99mTWSY4Z9eC53dslWPABGj7	26-389-592-6792	ackages cajole according to the slyly ironic theo
6929.91	Supplier#000000331	RUSSIA	10070	Manufacturer#1	VkdMTxXHy22069CWmK658	32-337-220-5366	special theodolites use furious
6929.91	Supplier#000000331	RUSSIA	6330	Manufacturer#1	VkdMTxXHy22069CWmK658	32-337-220-5366	special theodolites use furious
6929.91	Supplier#000000331	RUSSIA	9071	Manufacturer#2	VkdMTxXHy22069CWmK658	32-337-220-5366	special theodolites use furious
6935.18	Supplier#000000671	INDIA	11670	Manufacturer#1	VlDv51ScrQCe1eVVnz S4Kq5wFZUKJd PyBI	18-730-953-4689	busy dependencies sleep blithely after the ironic, iron
6935.18	Supplier#000000671	INDIA	13670	Manufacturer#2	VlDv51ScrQCe1eVVnz S4Kq5wFZUKJd PyBI	18-730-953-4689	busy dependencies sleep blithely after the ironic, iron
6935.18	Supplier#000000671	INDIA	420	Manufacturer#2	VlDv51ScrQCe1eVVnz S4Kq5wFZUKJd PyBI	18-730-953-4689	busy dependencies sleep blithely after the ironic, iron
6935.18	Supplier#000000671	INDIA	4416	Manufacturer#2	VlDv51ScrQCe1eVVnz S4Kq5wFZUKJd PyBI	18-730-953-4689	busy dependencies sleep blithely after the ironic, iron
6935.18	Supplier#000000671	INDIA	7670	Manufacturer#2	VlDv51ScrQCe1eVVnz S4Kq5wFZUKJd PyBI	18-730-953-4689	busy dependencies sleep blithely after the ironic, iron
6938.43	Supplier#000000527	CHINA	16994	Manufacturer#5	udKczd6U1Bm79UVDkA8P2Xa1VY qv9mvsXo	28-894-961-1780	sublate blithely pending instructions. blithely final packages nag blithe
6938.43	Supplier#000000527	CHINA	8752	Manufacturer#4	udKczd6U1Bm79UVDkA8P2Xa1VY qv9mvsXo	28-894-961-1780	sublate blithely pending instructions. blithely final packages nag blithe
6942.67	Supplier#000000041	CHINA	11257	Manufacturer#5	G 1FKHR435 wMKFmyt	28-739-447-2525	odolites boost across the furiously regular fo
6943.28	Supplier#000000245	INDIA	13981	Manufacturer#2	8qUceq1TSsNaTol3Ul6TDNSu9yRddanHEL	18-739-793-2096	ual deposits x-ray slyly. carefully regular epitaphs about the
6943.28	Supplier#000000245	INDIA	14452	Manufacturer#4	8qUceq1TSsNaTol3Ul6TDNSu9yRddanHEL	18-739-793-2096	ual deposits x-ray slyly. carefully regular epitaphs about the
6943.28	Supplier#000000245	INDIA	2992	Manufacturer#3	8qUceq1TSsNaTol3Ul6TDNSu9yRddanHEL	18-739-793-2096	ual deposits x-ray slyly. carefully regular epitaphs about the
6943.28	Supplier#000000245	INDIA	7987	Manufacturer#1	8qUceq1TSsNaTol3Ul6TDNSu9yRddanHEL	18-739-793-2096	ual deposits x-ray slyly. carefully regular epitaphs about the
6974.74	Supplier#000000358	CANADA	10837	Manufacturer#2	V3yxhHhHSXqOoc5UPv5TwkVDGKQsG	13-831-247-2584	ans. ironicCustomer  requests cajole carefullyComplaintsy regular reque
6988.38	Supplier#000000606	ROMANIA	7834	Manufacturer#4	n,iOFy5X,4GFeXNrCCKBmHucz1	29-856-255-1441	es haggle across the carefully even accounts: unusual instructions x-ray carefully. blit
7014.5	Supplier#000000072	CHINA	10551	Manufacturer#2	mKpAJojtawk2alqV4 ZEbJ3PH3wfYqy AM8rGq1	28-113-898-6643	theodolites sublate furiously about the regularly e
7014.5	Supplier#000000072	CHINA	11810	Manufacturer#3	mKpAJojtawk2alqV4 ZEbJ3PH3wfYqy AM8rGq1	28-113-898-6643	theodolites sublate furiously about the regularly e
7014.5	Supplier#000000072	CHINA	821	Manufacturer#4	mKpAJojtawk2alqV4 ZEbJ3PH3wfYqy AM8rGq1	28-113-898-6643	theodolites sublate furiously about the regularly e
7014.5	Supplier#000000072	CHINA	9071	Manufacturer#2	mKpAJojtawk2alqV4 ZEbJ3PH3wfYqy AM8rGq1	28-113-898-6643	theodolites sublate furiously about the regularly e
7031.84	Supplier#000000192	MOROCCO	4191	Manufacturer#3	Tub1t4UlJwZ5U	25-585-189-5975	ccounts use blithely. unusual, regular ideas use qu
7031.84	Supplier#000000192	MOROCCO	8191	Manufacturer#4	Tub1t4UlJwZ5U	25-585-189-5975	ccounts use blithely. unusual, regular ideas use qu
704.83	Supplier#000000323	RUSSIA	15057	Manufacturer#4	0LEOmcTTomY1F0y	32-563-275-6438	accounts. unusual requests haggle slyly special packages. always silent instructions e
704.83	Supplier#000000323	RUSSIA	3563	Manufacturer#1	0LEOmcTTomY1F0y	32-563-275-6438	accounts. unusual requests haggle slyly special packages. always silent instructions e
7044.94	Supplier#000000793	CHINA	16994	Manufacturer#5	Z4N2V ERHL ds3jr9F	28-379-479-7140	y regular packages sleep. requests slee
7082.37	Supplier#000000344	IRAQ	18539	Manufacturer#1	F mMVT6PuRj5S	21-808-924-2361	inal courts nod fluffily for the care
7089.25	Supplier#000000214	KENYA	15418	Manufacturer#2	B3uLKyb, xkfHbTSUBe6HwwaBPdCvhiOqO4y	24-114-624-8961	omise blithely regular packages
7089.25	Supplier#000000214	KENYA	16213	Manufacturer#4	B3uLKyb, xkfHbTSUBe6HwwaBPdCvhiOqO4y	24-114-624-8961	omise blithely regular packages
7089.25	Supplier#000000214	KENYA	6213	Manufacturer#3	B3uLKyb, xkfHbTSUBe6HwwaBPdCvhiOqO4y	24-114-624-8961	omise blithely regular packages
7089.25	Supplier#000000214	KENYA	9954	Manufacturer#5	B3uLKyb, xkfHbTSUBe6HwwaBPdCvhiOqO4y	24-114-624-8961	omise blithely regular packages
709.58	Supplier#000000971	CANADA	12970	Manufacturer#5	23XaUVLYuC3tQIPHCuLLgM5UawL	13-380-957-8529	ly final pinto beans among the furiously regular theodolites caj
709.58	Supplier#000000971	CANADA	13444	Manufacturer#5	23XaUVLYuC3tQIPHCuLLgM5UawL	13-380-957-8529	ly final pinto beans among the furiously regular theodolites caj
709.58	Supplier#000000971	CANADA	17436	Manufacturer#5	23XaUVLYuC3tQIPHCuLLgM5UawL	13-380-957-8529	ly final pinto beans among the furiously regular theodolites caj
709.58	Supplier#000000971	CANADA	18970	Manufacturer#3	23XaUVLYuC3tQIPHCuLLgM5UawL	13-380-957-8529	ly final pinto beans among the furiously regular theodolites caj
7113.46	Supplier#000000729	CANADA	3969	Manufacturer#3	pqck2ppy758TQpZCUAjPvlU55K3QjfL7Bi	13-627-404-3241	haggle furiously among the express accounts. ironic, express warhorses promise. even, expr
7114.81	Supplier#000000293	INDONESIA	2292	Manufacturer#3	H2JnUWv1X3s0yI7i2tY5Vd0kd4f0	19-143-962-9484	t the instructions. daringly bol
7128.81	Supplier#000000677	JORDAN	2172	Manufacturer#1	8mhrffG7D2WJBSQbOGstQ	23-290-639-3315	nder blithely. slyly unusual theod
7128.81	Supplier#000000677	JORDAN	3423	Manufacturer#4	8mhrffG7D2WJBSQbOGstQ	23-290-639-3315	nder blithely. slyly unusual theod
7132.44	Supplier#000000571	INDONESIA	11309	Manufacturer#1	GMifmfVJba	19-223-236-6710	nto beans haggle carefully after the furiously regular reques
7144.78	Supplier#000000276	FRANCE	13275	Manufacturer#4	KdVDs6EGfWVsPdjuCh9iep	16-752-344-8255	cial, ironic theodolites against the decoys cajole slyly ironic foxes. carefull
7144.78	Supplier#000000276	FRANCE	17275	Manufacturer#1	KdVDs6EGfWVsPdjuCh9iep	16-752-344-8255	cial, ironic theodolites against the decoys cajole slyly ironic foxes. carefull
7162.15	Supplier#000000055	UNITED STATES	1803	Manufacturer#1	OqdYSiOQeG4eGi636Tj	34-876-912-6007	kages. blithely even foxes cajole special, final accounts. blithely even dependencies r
7162.15	Supplier#000000055	UNITED STATES	9795	Manufacturer#1	OqdYSiOQeG4eGi636Tj	34-876-912-6007	kages. blithely even foxes cajole special, final accounts. blithely even dependencies r
7174.74	Supplier#000000085	GERMANY	19546	Manufacturer#5	Ckls9RtlzKSF	17-167-806-8199	egular packages. bold pinto beans wake fur
7205.2	Supplier#000000477	GERMANY	10956	Manufacturer#5	VtaNKN5Mqui5yh7j2ldd5waf	17-180-144-7991	excuses wake express deposits. furiously careful asymptotes according to the carefull
7205.2	Supplier#000000477	GERMANY	17476	Manufacturer#1	VtaNKN5Mqui5yh7j2ldd5waf	17-180-144-7991	excuses wake express deposits. furiously careful asymptotes according to the carefull
7241.4	Supplier#000000051	INDONESIA	16518	Manufacturer#2	rDkBXb01POIKjOwrij62uM8O4	19-475-537-1368	ges nag at the blithely busy instructions. fluffy packages wake quickly. even, ironic ideas boost b
7241.4	Supplier#000000051	INDONESIA	1799	Manufacturer#5	rDkBXb01POIKjOwrij62uM8O4	19-475-537-1368	ges nag at the blithely busy instructions. fluffy packages wake quickly. even, ironic ideas boost b
7241.4	Supplier#000000051	INDONESIA	3291	Manufacturer#1	rDkBXb01POIKjOwrij62uM8O4	19-475-537-1368	ges nag at the blithely busy instructions. fluffy packages wake quickly. even, ironic ideas boost b
727.89	Supplier#000000470	ROMANIA	10949	Manufacturer#1	XckbzsAgBLbUkdfjgJEPjmUMTM8ebSMEvI	29-165-289-1523	gular excuses. furiously regular excuses sleep slyly caref
727.89	Supplier#000000470	ROMANIA	3963	Manufacturer#3	XckbzsAgBLbUkdfjgJEPjmUMTM8ebSMEvI	29-165-289-1523	gular excuses. furiously regular excuses sleep slyly caref
727.89	Supplier#000000470	ROMANIA	5469	Manufacturer#3	XckbzsAgBLbUkdfjgJEPjmUMTM8ebSMEvI	29-165-289-1523	gular excuses. furiously regular excuses sleep slyly caref
727.89	Supplier#000000470	ROMANIA	6213	Manufacturer#3	XckbzsAgBLbUkdfjgJEPjmUMTM8ebSMEvI	29-165-289-1523	gular excuses. furiously regular excuses sleep slyly caref
7304.3	Supplier#000000936	PERU	14935	Manufacturer#4	CuIXj6RYaHGQ5SOkmhu8ZDRt5IU	27-555-580-3995	leep. final sheaves affix across the requests. carefully express ideas ar
7304.3	Supplier#000000936	PERU	15935	Manufacturer#1	CuIXj6RYaHGQ5SOkmhu8ZDRt5IU	27-555-580-3995	leep. final sheaves affix across the requests. carefully express ideas ar
7304.3	Supplier#000000936	PERU	16137	Manufacturer#2	CuIXj6RYaHGQ5SOkmhu8ZDRt5IU	27-555-580-3995	leep. final sheaves affix across the requests. carefully express ideas ar
7304.3	Supplier#000000936	PERU	5935	Manufacturer#5	CuIXj6RYaHGQ5SOkmhu8ZDRt5IU	27-555-580-3995	leep. final sheaves affix across the requests. carefully express ideas ar
7307.62	Supplier#000001000	PERU	11738	Manufacturer#2	sep4GQHrXe	27-971-649-2792	press deposits boost thinly quickly unusual instructions. unusual forges haggle ruthlessly. packa
7307.62	Supplier#000001000	PERU	14207	Manufacturer#5	sep4GQHrXe	27-971-649-2792	press deposits boost thinly quickly unusual instructions. unusual forges haggle ruthlessly. packa
7307.62	Supplier#000001000	PERU	249	Manufacturer#4	sep4GQHrXe	27-971-649-2792	press deposits boost thinly quickly unusual instructions. unusual forges haggle ruthlessly. packa
7307.62	Supplier#000001000	PERU	5234	Manufacturer#5	sep4GQHrXe	27-971-649-2792	press deposits boost thinly quickly unusual instructions. unusual forges haggle ruthlessly. packa
7311.61	Supplier#000000404	GERMANY	16137	Manufacturer#2	RQwxP4tpScystYCqOJ,XpCWr4Kox4	17-943-161-3434	. carefully silent instructions affix. blithely even requests unwind. final dolphins de
7311.61	Supplier#000000404	GERMANY	19865	Manufacturer#3	RQwxP4tpScystYCqOJ,XpCWr4Kox4	17-943-161-3434	. carefully silent instructions affix. blithely even requests unwind. final dolphins de
7311.61	Supplier#000000404	GERMANY	7889	Manufacturer#5	RQwxP4tpScystYCqOJ,XpCWr4Kox4	17-943-161-3434	. carefully silent instructions affix. blithely even requests unwind. final dolphins de
7315	Supplier#000000315	BRAZIL	7800	Manufacturer#3	HRLhxvqBP,f,NjeUiT	12-574-691-2832	eas. blithely pending packages cajole blithely ironic packa
7315	Supplier#000000315	BRAZIL	8798	Manufacturer#4	HRLhxvqBP,f,NjeUiT	12-574-691-2832	eas. blithely pending packages cajole blithely ironic packa
7315	Supplier#000000315	BRAZIL	9314	Manufacturer#3	HRLhxvqBP,f,NjeUiT	12-574-691-2832	eas. blithely pending packages cajole blithely ironic packa
7337	Supplier#000000662	CHINA	11400	Manufacturer#2	geJEMlJvE3HdW96Rz3touARh	28-497-129-7855	the blithely ironic ideas use qui
7337	Supplier#000000662	CHINA	13872	Manufacturer#3	geJEMlJvE3HdW96Rz3touARh	28-497-129-7855	the blithely ironic ideas use qui
7337.45	Supplier#000000454	ALGERIA	11670	Manufacturer#1	K8p1uXD3L,L	10-453-843-1585	ronic requests haggle furiously furiously regular accounts. stealthy asymptotes sh
7350.4	Supplier#000000484	UNITED STATES	10963	Manufacturer#4	WwSH FFzB2lViwrWli6Z4QVV AN1KH2G8	34-506-254-3252	t the pending, even instructions. blithely
7364.29	Supplier#000000708	SAUDI ARABIA	13444	Manufacturer#5	qGdOm1xZczyifQ ,Ba2ptq2L7i2K9oWKXu dO9z	30-101-252-7593	y ironic instructions. bold packages are after
7364.29	Supplier#000000708	SAUDI ARABIA	17906	Manufacturer#5	qGdOm1xZczyifQ ,Ba2ptq2L7i2K9oWKXu dO9z	30-101-252-7593	y ironic instructions. bold packages are after
7364.29	Supplier#000000708	SAUDI ARABIA	2203	Manufacturer#3	qGdOm1xZczyifQ ,Ba2ptq2L7i2K9oWKXu dO9z	30-101-252-7593	y ironic instructions. bold packages are after
7364.29	Supplier#000000708	SAUDI ARABIA	2951	Manufacturer#2	qGdOm1xZczyifQ ,Ba2ptq2L7i2K9oWKXu dO9z	30-101-252-7593	y ironic instructions. bold packages are after
7364.29	Supplier#000000708	SAUDI ARABIA	8191	Manufacturer#4	qGdOm1xZczyifQ ,Ba2ptq2L7i2K9oWKXu dO9z	30-101-252-7593	y ironic instructions. bold packages are after
7373.28	Supplier#000000897	IRAN	15101	Manufacturer#2	9HoSSwrIPM8ge69XLD81Br993krGbn9aeUW4U	20-272-778-2639	boost. bold accounts nag furiously
7392.78	Supplier#000000170	UNITED KINGDOM	18169	Manufacturer#3	RtsXQ,SunkA XHy9	33-803-340-5398	ake carefully across the quickly
7392.78	Supplier#000000170	UNITED KINGDOM	6913	Manufacturer#1	RtsXQ,SunkA XHy9	33-803-340-5398	ake carefully across the quickly
7392.78	Supplier#000000170	UNITED KINGDOM	7169	Manufacturer#4	RtsXQ,SunkA XHy9	33-803-340-5398	ake carefully across the quickly
7392.78	Supplier#000000170	UNITED KINGDOM	7655	Manufacturer#2	RtsXQ,SunkA XHy9	33-803-340-5398	ake carefully across the quickly
7425.83	Supplier#000000754	PERU	11231	Manufacturer#1	GLSmwjGddmyMx2D BlOKJm1Ji	27-971-371-9417	leep. pinto beans haggle according to the unusual, e
7425.83	Supplier#000000754	PERU	12491	Manufacturer#4	GLSmwjGddmyMx2D BlOKJm1Ji	27-971-371-9417	leep. pinto beans haggle according to the unusual, e
7425.83	Supplier#000000754	PERU	13490	Manufacturer#4	GLSmwjGddmyMx2D BlOKJm1Ji	27-971-371-9417	leep. pinto beans haggle according to the unusual, e
7428.76	Supplier#000000578	SAUDI ARABIA	7320	Manufacturer#5	bn5J0A4426DpcW7m rQ9,qxqJ1KN	30-105-334-1726	carefully about the slyly regular warthogs. special packages above the regular pa
7428.76	Supplier#000000578	SAUDI ARABIA	8061	Manufacturer#5	bn5J0A4426DpcW7m rQ9,qxqJ1KN	30-105-334-1726	carefully about the slyly regular warthogs. special packages above the regular pa
7428.76	Supplier#000000578	SAUDI ARABIA	827	Manufacturer#1	bn5J0A4426DpcW7m rQ9,qxqJ1KN	30-105-334-1726	carefully about the slyly regular warthogs. special packages above the regular pa
7431	Supplier#000000311	RUSSIA	13784	Manufacturer#4	yjGDnCKi4Wmtim H3n9p	32-445-679-8585	uriously final requests integrate. sheaves against the furiously final accounts are evenly abo
7431	Supplier#000000311	RUSSIA	14310	Manufacturer#3	yjGDnCKi4Wmtim H3n9p	32-445-679-8585	uriously final requests integrate. sheaves against the furiously final accounts are evenly abo
7448	Supplier#000000758	PERU	15227	Manufacturer#4	Dko8jlTeGYKaDg s0o a9	27-130-847-7866	oldly among the quickly regular platelets. furiously ironic packages around the furiously regula
7448.46	Supplier#000000690	ROMANIA	14689	Manufacturer#2	nK6Lv WWUh59jE525	29-330-952-4018	nic pinto beans doubt blithely b
7448.46	Supplier#000000690	ROMANIA	9171	Manufacturer#4	nK6Lv WWUh59jE525	29-330-952-4018	nic pinto beans doubt blithely b
7448.46	Supplier#000000690	ROMANIA	9430	Manufacturer#2	nK6Lv WWUh59jE525	29-330-952-4018	nic pinto beans doubt blithely b
7448.53	Supplier#000000184	ARGENTINA	11400	Manufacturer#2	VTbbcJp9vdqn,tJA5pG5V,596mud6ZdspXgpUWX	11-802-685-1889	special deposits cajole quickly even asymptotes. quickly ironic d
7456.49	Supplier#000000314	RUSSIA	9795	Manufacturer#1	CW6uXfPdJ6lmcJ	32-389-335-6770	s dazzle regular, final dolphins. furiously unusu
747.88	Supplier#000000243	FRANCE	17242	Manufacturer#4	8aQ3HGeOXxgYeMAXZQe B5y2RKEF5jdmN3Qb	16-554-376-5494	kly silent requests among the blithely regular foxes use fu
7476.55	Supplier#000000381	FRANCE	16380	Manufacturer#5	NfyIKLJrXusWgmgkkCS6Gn3RRra	16-117-297-1825	packages haggle blithely express tithes. blithely final deposits wake bli
7476.55	Supplier#000000381	FRANCE	6124	Manufacturer#1	NfyIKLJrXusWgmgkkCS6Gn3RRra	16-117-297-1825	packages haggle blithely express tithes. blithely final deposits wake bli
7476.72	Supplier#000000867	IRAQ	17599	Manufacturer#3	WTM7RpRoZPk5MKGEtE2dsh	21-221-554-8461	y final requests. blithely final instructions will haggle fluffily. iron
7516.12	Supplier#000000620	UNITED STATES	9619	Manufacturer#5	5pd GQ2NTM3c2uR,gCg9NspSE	34-347-881-4300	posits promise. quickly express accounts according to the regularly pending accounts lose blithely
7517.31	Supplier#000000286	IRAN	17018	Manufacturer#3	o80iAPvmwqM3WOA93pqBHT4Dsgy1rwG	20-459-893-8984	iously regular pinto beans sleep carefully slyly even accounts. packages cajol
7550.4	Supplier#000000776	VIETNAM	8259	Manufacturer#4	nklfFoSkCwf,ooSuF	31-317-593-4029	es haggle instructions. bravely furious deposits haggle blithely. quickly regular water
7577.42	Supplier#000000975	CANADA	13185	Manufacturer#4	,AC e,tBpNwKb5xMUzeohxlRn, hdZJo73gFQF8y	13-892-333-9275	slyly express deposits. pending asymptotes could have to use furiously. fluff
7588.27	Supplier#000000752	CANADA	4243	Manufacturer#1	l cHMtEnodxj3FV	13-854-821-4478	ages. even, regular packages c
7588.27	Supplier#000000752	CANADA	6751	Manufacturer#1	l cHMtEnodxj3FV	13-854-821-4478	ages. even, regular packages c
7588.27	Supplier#000000752	CANADA	9233	Manufacturer#3	l cHMtEnodxj3FV	13-854-821-4478	ages. even, regular packages c
7588.31	Supplier#000000798	CHINA	12797	Manufacturer#4	Q4atQnxS0XRmpP	28-182-490-3136	regular courts alongside of the requests believe slyly slyly unusual deposits. regul
7588.31	Supplier#000000798	CHINA	18993	Manufacturer#1	Q4atQnxS0XRmpP	28-182-490-3136	regular courts alongside of the requests believe slyly slyly unusual deposits. regul
7588.31	Supplier#000000798	CHINA	3291	Manufacturer#1	Q4atQnxS0XRmpP	28-182-490-3136	regular courts alongside of the requests believe slyly slyly unusual deposits. regul
7588.31	Supplier#000000798	CHINA	5797	Manufacturer#1	Q4atQnxS0XRmpP	28-182-490-3136	regular courts alongside of the requests believe slyly slyly unusual deposits. regul
7602.04	Supplier#000000759	INDIA	13969	Manufacturer#1	1wnIv4xlR2,zrcb495qI0gcXrJyVPrQjNU	18-430-878-7018	its nod about the deposits. brave pinto beans lose quickly about the ironic foxes. even, even a
7602.04	Supplier#000000759	INDIA	7987	Manufacturer#1	1wnIv4xlR2,zrcb495qI0gcXrJyVPrQjNU	18-430-878-7018	its nod about the deposits. brave pinto beans lose quickly about the ironic foxes. even, even a
7619.85	Supplier#000000460	SAUDI ARABIA	13670	Manufacturer#2	lGEBJPLJaDwOhZpc7DQMY,PTUEv6BVBUsOGK0oF	30-851-458-4942	ar theodolites use carefully about
7627.85	Supplier#000000008	PERU	6751	Manufacturer#1	9Sq4bBH2FQEmaFOocY45sRTxo6yuoG	27-498-742-3860	al pinto beans. asymptotes haggl
7643.78	Supplier#000000503	SAUDI ARABIA	3502	Manufacturer#3	OtYqMbur3v7nfzYgFYmMrJvq5YTj1MtXgefj	30-263-152-1630	players are across the slyly silent requests: even, r
7643.78	Supplier#000000503	SAUDI ARABIA	9725	Manufacturer#4	OtYqMbur3v7nfzYgFYmMrJvq5YTj1MtXgefj	30-263-152-1630	players are across the slyly silent requests: even, r
765.69	Supplier#000000799	RUSSIA	11276	Manufacturer#2	jwFN7ZB3T9sMF	32-579-339-1495	nusual requests. furiously unusual epitaphs integrate. slyly
765.69	Supplier#000000799	RUSSIA	8798	Manufacturer#4	jwFN7ZB3T9sMF	32-579-339-1495	nusual requests. furiously unusual epitaphs integrate. slyly
7654.94	Supplier#000000458	VIETNAM	10937	Manufacturer#4	IFNkUK1H53HwUHabiONkMFAUDb	31-318-754-9316	blithely enticing deposits are. furiously final accounts about the regular requests h
7654.94	Supplier#000000458	VIETNAM	5457	Manufacturer#4	IFNkUK1H53HwUHabiONkMFAUDb	31-318-754-9316	blithely enticing deposits are. furiously final accounts about the regular requests h
769.29	Supplier#000000599	EGYPT	10078	Manufacturer#1	R u1wkvs4 B0wlbPbT8WrSzqoXZG0CjbsuAbPpUs	14-208-385-3654	affix. carefully final accounts about the care
769.29	Supplier#000000599	EGYPT	17331	Manufacturer#2	R u1wkvs4 B0wlbPbT8WrSzqoXZG0CjbsuAbPpUs	14-208-385-3654	affix. carefully final accounts about the care
769.29	Supplier#000000599	EGYPT	8340	Manufacturer#2	R u1wkvs4 B0wlbPbT8WrSzqoXZG0CjbsuAbPpUs	14-208-385-3654	affix. carefully final accounts about the care
7705.73	Supplier#000000566	UNITED STATES	7308	Manufacturer#1	hBRvnhCUVIiXQK6dyAZYN,TNZItOlBvsVYCisb,O	34-396-766-5348	rs! special packages cajole-- furiously final packages maintain slyly around the blithely spe
7727.83	Supplier#000000179	ROMANIA	16380	Manufacturer#5	d3le3XaTUC	29-560-587-5604	kages solve carefully alongside of the furiously regular patterns. blithe
7727.83	Supplier#000000179	ROMANIA	2422	Manufacturer#5	d3le3XaTUC	29-560-587-5604	kages solve carefully alongside of the furiously regular patterns. blithe
7727.83	Supplier#000000179	ROMANIA	4416	Manufacturer#2	d3le3XaTUC	29-560-587-5604	kages solve carefully alongside of the furiously regular patterns. blithe
7727.83	Supplier#000000179	ROMANIA	5413	Manufacturer#4	d3le3XaTUC	29-560-587-5604	kages solve carefully alongside of the furiously regular patterns. blithe
7727.83	Supplier#000000179	ROMANIA	678	Manufacturer#4	d3le3XaTUC	29-560-587-5604	kages solve carefully alongside of the furiously regular patterns. blithe
7741.42	Supplier#000000899	IRAQ	11115	Manufacturer#5	oLlkiVghtro IwzcwFuzwMCG94rRpux	21-980-994-3905	equests wake quickly special, express accounts. courts promi
7741.42	Supplier#000000899	IRAQ	7127	Manufacturer#2	oLlkiVghtro IwzcwFuzwMCG94rRpux	21-980-994-3905	equests wake quickly special, express accounts. courts promi
7755.5	Supplier#000000874	MOZAMBIQUE	3873	Manufacturer#5	xsGhP46dDeavM6wnREIi7Q09jfAUTzucwp	26-826-579-8300	beans. deposits haggle after the blithely express deposi
7773.41	Supplier#000000043	JAPAN	16776	Manufacturer#5	Z5mLuAoTUEeKY5v22VnnA4D87Ao6jF2LvMYnlX8h	22-421-568-4862	unts. unusual, final asymptotes
7776.86	Supplier#000000944	JORDAN	18139	Manufacturer#1	tUVVFs351nHm	23-452-536-7876	pinto beans. quickly express requests haggle
7783.86	Supplier#000000644	IRAN	2391	Manufacturer#3	70mM6 QN882bcuY	20-367-561-9783	regular accounts. quickly final theodolites sl
7783.86	Supplier#000000644	IRAN	8643	Manufacturer#1	70mM6 QN882bcuY	20-367-561-9783	regular accounts. quickly final theodolites sl
7810.78	Supplier#000000161	ALGERIA	910	Manufacturer#4	fsteD4OulIaUNa IPXVesILV	10-604-123-7428	doze among the slyly even platelets. packages believe blithely furiously final ac
7815.06	Supplier#000000939	UNITED KINGDOM	9161	Manufacturer#3	mWBKbdzDn3yJNpOT8p	33-487-125-3117	efully. final requests after the unusual requests wake fluffily after the furiously r
7830.47	Supplier#000000787	UNITED STATES	18982	Manufacturer#5	xaSs5H BquWpG7s38xn Rf5X	34-278-568-1942	ously silent accounts dazzle carefully furiou
7839.46	Supplier#000000535	IRAN	12010	Manufacturer#5	aiq9Honllr6hFt, YJ6	20-121-889-4500	foxes. carefully thin dependencies sublate furiously. regular instruction
7839.46	Supplier#000000535	IRAN	19996	Manufacturer#4	aiq9Honllr6hFt, YJ6	20-121-889-4500	foxes. carefully thin dependencies sublate furiously. regular instruction
7844.41	Supplier#000000312	JORDAN	3552	Manufacturer#1	8XYqBq S,OWbSp9Y2qGBWEV4hH l7ywxk	23-829-479-5202	furiously requests. always bold accounts solve
7848.4	Supplier#000000334	JORDAN	18065	Manufacturer#3	NHMGXoP 8cWsNXvV46AkZZJuptUm4mFo8	23-767-548-6051	efully regular requests: final requests solve quickly. pending deposits across the blithely express
7848.4	Supplier#000000334	JORDAN	2829	Manufacturer#4	NHMGXoP 8cWsNXvV46AkZZJuptUm4mFo8	23-767-548-6051	efully regular requests: final requests solve quickly. pending deposits across the blithely express
7848.4	Supplier#000000334	JORDAN	3080	Manufacturer#2	NHMGXoP 8cWsNXvV46AkZZJuptUm4mFo8	23-767-548-6051	efully regular requests: final requests solve quickly. pending deposits across the blithely express
7872.3	Supplier#000000182	GERMANY	12919	Manufacturer#2	KuSXGdsAdYdkhzVLmgo4Xs	17-825-333-7344	gular instructions. blithely regular sentiments around the slyly silent dependencies inte
7875.48	Supplier#000000309	BRAZIL	16776	Manufacturer#5	gT84r,AFSrZQpiSCnE02B3QK	12-950-744-5100	riously final deposits boost blithely about the even foxes
7875.48	Supplier#000000309	BRAZIL	4308	Manufacturer#4	gT84r,AFSrZQpiSCnE02B3QK	12-950-744-5100	riously final deposits boost blithely about the even foxes
7875.48	Supplier#000000309	BRAZIL	7308	Manufacturer#1	gT84r,AFSrZQpiSCnE02B3QK	12-950-744-5100	riously final deposits boost blithely about the even foxes
7893.58	Supplier#000000918	SAUDI ARABIA	5407	Manufacturer#5	e0sB7xAU3,cWF7pzXrpIbATUNydCUZup	30-303-831-1662	ependencies wake carefull
7896.01	Supplier#000000227	EGYPT	5226	Manufacturer#5	Qo959Dll Bd7xvfq3ELtCq	14-215-994-7949	ng accounts solve furiously at the furiously express packages. carefully bold packages sl
7896.01	Supplier#000000555	CANADA	11554	Manufacturer#5	TfB,a5bfl3Ah 3Z 74GqnNs6zKVGM	13-607-927-7514	uriously regular theodolites according to the carefully f
7896.01	Supplier#000000555	CANADA	16554	Manufacturer#4	TfB,a5bfl3Ah 3Z 74GqnNs6zKVGM	13-607-927-7514	uriously regular theodolites according to the carefully f
7896.01	Supplier#000000555	CANADA	16756	Manufacturer#5	TfB,a5bfl3Ah 3Z 74GqnNs6zKVGM	13-607-927-7514	uriously regular theodolites according to the carefully f
7906.22	Supplier#000000601	INDIA	13811	Manufacturer#4	TS2xMrQuUs9VrgWt4,gpdcEyWNw3K6,P	18-528-362-8573	atelets cajole according to the pending, ironic orbits. carefully regular packa
7906.22	Supplier#000000601	INDIA	15600	Manufacturer#5	TS2xMrQuUs9VrgWt4,gpdcEyWNw3K6,P	18-528-362-8573	atelets cajole according to the pending, ironic orbits. carefully regular packa
7906.22	Supplier#000000601	INDIA	15805	Manufacturer#2	TS2xMrQuUs9VrgWt4,gpdcEyWNw3K6,P	18-528-362-8573	atelets cajole according to the pending, ironic orbits. carefully regular packa
7906.22	Supplier#000000601	INDIA	3094	Manufacturer#1	TS2xMrQuUs9VrgWt4,gpdcEyWNw3K6,P	18-528-362-8573	atelets cajole according to the pending, ironic orbits. carefully regular packa
7906.22	Supplier#000000601	INDIA	9082	Manufacturer#3	TS2xMrQuUs9VrgWt4,gpdcEyWNw3K6,P	18-528-362-8573	atelets cajole according to the pending, ironic orbits. carefully regular packa
7916.56	Supplier#000000953	VIETNAM	6184	Manufacturer#5	wTTb0ilU6Nba1VLsHj6k0jUt4TFFM6rvtXszzA	31-642-490-3022	kages are carefully platelets. blithely enticing platelets c
7937.31	Supplier#000000547	INDIA	19546	Manufacturer#5	MaV373lvwj	18-600-279-8954	the quickly ironic asymptotes nag carefully
7956.8	Supplier#000000800	ALGERIA	13799	Manufacturer#3	Z4 hpmBjpjBXREqzixsBCIaF	10-497-654-8607	he bold foxes boost blithely about the blithely final epitaphs. slyly
7956.8	Supplier#000000800	ALGERIA	1799	Manufacturer#5	Z4 hpmBjpjBXREqzixsBCIaF	10-497-654-8607	he bold foxes boost blithely about the blithely final epitaphs. slyly
7956.8	Supplier#000000800	ALGERIA	4799	Manufacturer#4	Z4 hpmBjpjBXREqzixsBCIaF	10-497-654-8607	he bold foxes boost blithely about the blithely final epitaphs. slyly
797.9	Supplier#000000822	FRANCE	821	Manufacturer#4	0NJZiE1bKnpzqT j,0	16-795-236-9887	ly even packages shall cajole up the carefull
7978.18	Supplier#000000482	KENYA	11220	Manufacturer#2	LkVra4orMCs	24-516-940-6953	ages. final ideas need to wake quickly fina
7978.18	Supplier#000000482	KENYA	14689	Manufacturer#2	LkVra4orMCs	24-516-940-6953	ages. final ideas need to wake quickly fina
7978.18	Supplier#000000482	KENYA	5226	Manufacturer#5	LkVra4orMCs	24-516-940-6953	ages. final ideas need to wake quickly fina
7985.78	Supplier#000000990	BRAZIL	1989	Manufacturer#3	DeOjGX,4Ns1	12-647-684-5389	y ironic packages sleep fluffily despite the grouches-- bold, special accounts nag along the carefu
7999.27	Supplier#000000163	JAPAN	11162	Manufacturer#2	1MhydNirC ,cuLIZezbkUxJhAC53ii,B	22-980-516-1217	es sleep about the fluffily express platelets. even multipliers must have to sublate. bli
8000.05	Supplier#000000718	SAUDI ARABIA	10937	Manufacturer#4	W9byXRtqvNdPivnxG76r6	30-551-841-7946	around the pending, special excuses are against the final instructions. regular deposits
8042.43	Supplier#000000324	CHINA	323	Manufacturer#4	QDsgOSozg jniYR2HzxofLZyk0qGdJe	28-637-452-5085	ithely slyly special waters.
8042.43	Supplier#000000324	CHINA	9323	Manufacturer#4	QDsgOSozg jniYR2HzxofLZyk0qGdJe	28-637-452-5085	ithely slyly special waters.
8068.26	Supplier#000000956	CHINA	17421	Manufacturer#4	dmmnYeCuIZB7b2pWTOQ9zrAdi6zxwIrj4aT446L	28-741-846-4826	, regular accounts use against the furiously express ideas. furiously
8069.74	Supplier#000000656	ROMANIA	4655	Manufacturer#1	mQXqRMgstvOI	29-633-362-8481	ronic packages integrate. even excuses integrate carefully ruthlessly bold packages. regular ideas a
8069.74	Supplier#000000656	ROMANIA	7655	Manufacturer#2	mQXqRMgstvOI	29-633-362-8481	ronic packages integrate. even excuses integrate carefully ruthlessly bold packages. regular ideas a
8075.3	Supplier#000000513	EGYPT	10732	Manufacturer#1	YMhcTaVkhw0nO9B,	14-481-495-8505	final requests. slyly final reque
8075.3	Supplier#000000513	EGYPT	11729	Manufacturer#4	YMhcTaVkhw0nO9B,	14-481-495-8505	final requests. slyly final reque
8080.14	Supplier#000000030	MOZAMBIQUE	10769	Manufacturer#2	84NmC1rmQfO0fj3zkobLT	26-940-594-4852	ias. carefully silent accounts cajole blithely. pending, special accounts cajole quickly above the f
8080.14	Supplier#000000030	MOZAMBIQUE	1527	Manufacturer#5	84NmC1rmQfO0fj3zkobLT	26-940-594-4852	ias. carefully silent accounts cajole blithely. pending, special accounts cajole quickly above the f
8080.14	Supplier#000000030	MOZAMBIQUE	18225	Manufacturer#5	84NmC1rmQfO0fj3zkobLT	26-940-594-4852	ias. carefully silent accounts cajole blithely. pending, special accounts cajole quickly above the f
8080.14	Supplier#000000030	MOZAMBIQUE	3270	Manufacturer#4	84NmC1rmQfO0fj3zkobLT	26-940-594-4852	ias. carefully silent accounts cajole blithely. pending, special accounts cajole quickly above the f
8096.98	Supplier#000000574	RUSSIA	10573	Manufacturer#1	2O8 sy9g2mlBOuEjzj0pA2pevk,	32-866-246-8752	ully after the regular requests. slyly final dependencies wake slyly along the busy deposit
8096.98	Supplier#000000574	RUSSIA	13784	Manufacturer#4	2O8 sy9g2mlBOuEjzj0pA2pevk,	32-866-246-8752	ully after the regular requests. slyly final dependencies wake slyly along the busy deposit
8096.98	Supplier#000000574	RUSSIA	323	Manufacturer#4	2O8 sy9g2mlBOuEjzj0pA2pevk,	32-866-246-8752	ully after the regular requests. slyly final dependencies wake slyly along the busy deposit
8096.98	Supplier#000000574	RUSSIA	9314	Manufacturer#3	2O8 sy9g2mlBOuEjzj0pA2pevk,	32-866-246-8752	ully after the regular requests. slyly final dependencies wake slyly along the busy deposit
8142.81	Supplier#000000542	ETHIOPIA	10021	Manufacturer#5	3yWRklEDbAvfVuidQPgOOe,x7f,4 J5lSp4v	15-378-700-5884	g requests believe carefully dolphins. quickly pending
8142.81	Supplier#000000542	ETHIOPIA	2037	Manufacturer#1	3yWRklEDbAvfVuidQPgOOe,x7f,4 J5lSp4v	15-378-700-5884	g requests believe carefully dolphins. quickly pending
8142.81	Supplier#000000542	ETHIOPIA	2785	Manufacturer#4	3yWRklEDbAvfVuidQPgOOe,x7f,4 J5lSp4v	15-378-700-5884	g requests believe carefully dolphins. quickly pending
817.26	Supplier#000000576	JAPAN	17575	Manufacturer#3	Plc2DypORn4qNOTpZ	22-316-723-5789	e of the final deposits. regular, unusual requests wake slyly. furio
8179.68	Supplier#000000071	ARGENTINA	10070	Manufacturer#1	YFo8an7P6wi Q	11-743-919-7272	final accounts. bold, final escapades must have to cajole about the special platelets. fu
8179.68	Supplier#000000071	ARGENTINA	11287	Manufacturer#5	YFo8an7P6wi Q	11-743-919-7272	final accounts. bold, final escapades must have to cajole about the special platelets. fu
8179.68	Supplier#000000071	ARGENTINA	15805	Manufacturer#2	YFo8an7P6wi Q	11-743-919-7272	final accounts. bold, final escapades must have to cajole about the special platelets. fu
8179.68	Supplier#000000071	ARGENTINA	4308	Manufacturer#4	YFo8an7P6wi Q	11-743-919-7272	final accounts. bold, final escapades must have to cajole about the special platelets. fu
8179.68	Supplier#000000071	ARGENTINA	7070	Manufacturer#1	YFo8an7P6wi Q	11-743-919-7272	final accounts. bold, final escapades must have to cajole about the special platelets. fu
8199.71	Supplier#000000450	UNITED KINGDOM	8191	Manufacturer#4	t3hxOMnv5AFdpM4	33-257-936-2585	oss the gifts. final accounts cajole. sometimes special asymptotes are carefully along the package
8199.71	Supplier#000000450	UNITED KINGDOM	9931	Manufacturer#5	t3hxOMnv5AFdpM4	33-257-936-2585	oss the gifts. final accounts cajole. sometimes special asymptotes are carefully along the package
8209.16	Supplier#000000757	INDIA	12970	Manufacturer#5	PE9,2xp10mYiiKvHbHIVG1KIPLDtomT	18-152-957-5174	s accounts. unusual instr
8209.16	Supplier#000000757	INDIA	16756	Manufacturer#5	PE9,2xp10mYiiKvHbHIVG1KIPLDtomT	18-152-957-5174	s accounts. unusual instr
8209.16	Supplier#000000757	INDIA	5501	Manufacturer#5	PE9,2xp10mYiiKvHbHIVG1KIPLDtomT	18-152-957-5174	s accounts. unusual instr
8210.13	Supplier#000000860	PERU	14859	Manufacturer#5	C9FacsR,23JNHd8ioSI5qC7FfnR	27-547-426-7236	ilent, regular ideas. bold, unus
8210.13	Supplier#000000860	PERU	16327	Manufacturer#1	C9FacsR,23JNHd8ioSI5qC7FfnR	27-547-426-7236	ilent, regular ideas. bold, unus
8210.13	Supplier#000000860	PERU	9082	Manufacturer#3	C9FacsR,23JNHd8ioSI5qC7FfnR	27-547-426-7236	ilent, regular ideas. bold, unus
824.94	Supplier#000000741	GERMANY	2236	Manufacturer#2	BLP6zAc29lDLOvSE3 h2	17-292-821-2297	even, unusual instructions b
8271.39	Supplier#000000146	RUSSIA	3892	Manufacturer#4	rBDNgCr04x0sfdzD5,gFOutCiG2	32-792-619-3155	s cajole quickly special requests. quickly enticing theodolites h
8271.39	Supplier#000000146	RUSSIA	4637	Manufacturer#5	rBDNgCr04x0sfdzD5,gFOutCiG2	32-792-619-3155	s cajole quickly special requests. quickly enticing theodolites h
8287.95	Supplier#000000609	JAPAN	10348	Manufacturer#2	n9 nkdqilT	22-852-519-5068	ronic, regular ideas nag furiously across the final ideas. bold, express do
8287.95	Supplier#000000609	JAPAN	17608	Manufacturer#4	n9 nkdqilT	22-852-519-5068	ronic, regular ideas nag furiously across the final ideas. bold, express do
830.15	Supplier#000000770	INDONESIA	10769	Manufacturer#2	KNKouHfOJPphqjJXncoGYvv	19-372-844-8190	dolites nag blithely blithely final accounts. fluffily regular
830.15	Supplier#000000770	INDONESIA	14241	Manufacturer#3	KNKouHfOJPphqjJXncoGYvv	19-372-844-8190	dolites nag blithely blithely final accounts. fluffily regular
830.15	Supplier#000000770	INDONESIA	18501	Manufacturer#4	KNKouHfOJPphqjJXncoGYvv	19-372-844-8190	dolites nag blithely blithely final accounts. fluffily regular
8327.34	Supplier#000000264	ROMANIA	6751	Manufacturer#1	Oeq2ei9wRqt6yOuAAb0KoMRyoH4v	29-870-178-3535	e busily ironic theodolites. quick deposits after the unusual dependencies print sly
8366.89	Supplier#000000483	BRAZIL	15482	Manufacturer#3	ncWfnroE1n639qMrW8	12-443-228-5035	refully regular ideas. furiously express theodolites across the sl
8368.06	Supplier#000000492	KENYA	12491	Manufacturer#4	8wEulEYM zGvMXfDNNEw4B	24-875-296-5180	y. slyly express deposits alongside of the accounts nag fluffily after the evenl
8368.06	Supplier#000000492	KENYA	1989	Manufacturer#3	8wEulEYM zGvMXfDNNEw4B	24-875-296-5180	y. slyly express deposits alongside of the accounts nag fluffily after the evenl
837.27	Supplier#000000137	CHINA	12350	Manufacturer#1	j81M1VQCvKcIVnpMnIUnBNVUOm0XYJuJY	28-108-440-4890	he blithely bold theodolites cajole blithely among the
837.27	Supplier#000000137	CHINA	14872	Manufacturer#1	j81M1VQCvKcIVnpMnIUnBNVUOm0XYJuJY	28-108-440-4890	he blithely bold theodolites cajole blithely among the
837.27	Supplier#000000137	CHINA	1634	Manufacturer#2	j81M1VQCvKcIVnpMnIUnBNVUOm0XYJuJY	28-108-440-4890	he blithely bold theodolites cajole blithely among the
8387.76	Supplier#000000147	UNITED KINGDOM	11885	Manufacturer#3	oLdl SQpf,ZXebBw5F3g9	33-828-583-6731	its. carefully pending packages after the ironically special frays wake above the special deposits.
8387.76	Supplier#000000147	UNITED KINGDOM	7889	Manufacturer#5	oLdl SQpf,ZXebBw5F3g9	33-828-583-6731	its. carefully pending packages after the ironically special frays wake above the special deposits.
8411.78	Supplier#000000964	GERMANY	10963	Manufacturer#4	JpH9YUQjGXD1GChWcPj9LEGMN8xwZkCzpdG8HlNb	17-693-102-9498	instructions; fluffily ironic pinto beans across the unus
8411.78	Supplier#000000964	GERMANY	18695	Manufacturer#2	JpH9YUQjGXD1GChWcPj9LEGMN8xwZkCzpdG8HlNb	17-693-102-9498	instructions; fluffily ironic pinto beans across the unus
8411.78	Supplier#000000964	GERMANY	3963	Manufacturer#3	JpH9YUQjGXD1GChWcPj9LEGMN8xwZkCzpdG8HlNb	17-693-102-9498	instructions; fluffily ironic pinto beans across the unus
8430.52	Supplier#000000646	FRANCE	11384	Manufacturer#3	IUzsmT,2oBgjhWP2TlXTL6IkJH,4h,1SJRt	16-601-220-5489	ites among the always final ideas kindle according to the theodolites. notornis in
8430.52	Supplier#000000646	FRANCE	13382	Manufacturer#1	IUzsmT,2oBgjhWP2TlXTL6IkJH,4h,1SJRt	16-601-220-5489	ites among the always final ideas kindle according to the theodolites. notornis in
8430.52	Supplier#000000646	FRANCE	5135	Manufacturer#4	IUzsmT,2oBgjhWP2TlXTL6IkJH,4h,1SJRt	16-601-220-5489	ites among the always final ideas kindle according to the theodolites. notornis in
8436.37	Supplier#000000621	FRANCE	15825	Manufacturer#3	fjFomMNvcBWHb	16-492-530-5790	ns. even, even platelets up the carefully pending platelets u
8436.92	Supplier#000000689	BRAZIL	17421	Manufacturer#4	v8MJCOfDDFgJbxjwgtdKLtlZRKlSRGl	12-934-814-6084	y final deposits. blithely unusual accounts along
8465.14	Supplier#000000764	ALGERIA	9504	Manufacturer#2	2qcwW0V7q3Ipei1tPW3	10-917-495-8225	counts nag slyly along the deposits. quickly regular accounts brea
8466.5	Supplier#000000069	EGYPT	14804	Manufacturer#2	T2Dl9,f97e333eRuMi2z	14-491-707-8310	! carefully ironic instructions nag quickly pending requests. fluffily even deposits sleep a
8466.5	Supplier#000000069	EGYPT	7811	Manufacturer#5	T2Dl9,f97e333eRuMi2z	14-491-707-8310	! carefully ironic instructions nag quickly pending requests. fluffily even deposits sleep a
8477.48	Supplier#000000275	VIETNAM	4020	Manufacturer#1	Mh9eZVjmBPZc5I2KHcMcfZOYbpFqrlVOLR	31-446-410-5215	packages. ironic packages are. pending deposits are according to th
8488.53	Supplier#000000367	RUSSIA	15101	Manufacturer#2	E Sv9brQVf43Mzz	32-458-198-9557	ages. carefully final excuses nag finally. carefully ironic deposits abov
8488.53	Supplier#000000367	RUSSIA	6854	Manufacturer#4	E Sv9brQVf43Mzz	32-458-198-9557	ages. carefully final excuses nag finally. carefully ironic deposits abov
8512.48	Supplier#000000928	CHINA	5672	Manufacturer#4	VL,J8Fq0GI0BnVTaTU9Dcp9Z	28-382-849-1505	equests are. slyly specia
8512.48	Supplier#000000928	CHINA	6159	Manufacturer#3	VL,J8Fq0GI0BnVTaTU9Dcp9Z	28-382-849-1505	equests are. slyly specia
8512.48	Supplier#000000928	CHINA	7670	Manufacturer#2	VL,J8Fq0GI0BnVTaTU9Dcp9Z	28-382-849-1505	equests are. slyly specia
8515.99	Supplier#000000370	ALGERIA	8111	Manufacturer#2	yyNSJAG9UXcWit4SeMkEIrNcdVq5	10-602-768-3758	ound the unusual foxes sleep finally within the furiously unusual requests. sl
8517.04	Supplier#000000187	CHINA	11664	Manufacturer#1	oMtyTl6hTyLQhiBwrUaa42zKOjfNobEq	28-127-320-9230	riously along the carefully silent instructions.
8517.04	Supplier#000000187	CHINA	186	Manufacturer#2	oMtyTl6hTyLQhiBwrUaa42zKOjfNobEq	28-127-320-9230	riously along the carefully silent instructions.
8517.04	Supplier#000000187	CHINA	686	Manufacturer#5	oMtyTl6hTyLQhiBwrUaa42zKOjfNobEq	28-127-320-9230	riously along the carefully silent instructions.
8517.04	Supplier#000000187	CHINA	6930	Manufacturer#4	oMtyTl6hTyLQhiBwrUaa42zKOjfNobEq	28-127-320-9230	riously along the carefully silent instructions.
8561.72	Supplier#000000151	RUSSIA	9632	Manufacturer#2	2hd,3OAKPb39IY7 XuptY	32-960-568-5148	hely final packages. ironic pinto beans haggle qu
8562.82	Supplier#000000924	KENYA	3923	Manufacturer#2	13INVXLNjpU9eTsoc4dLeid	24-768-719-6154	shall have to integrate blithely alongside of the fluffily even epitaphs. quickly unusual
8562.82	Supplier#000000924	KENYA	5413	Manufacturer#4	13INVXLNjpU9eTsoc4dLeid	24-768-719-6154	shall have to integrate blithely alongside of the fluffily even epitaphs. quickly unusual
8562.82	Supplier#000000924	KENYA	7409	Manufacturer#2	13INVXLNjpU9eTsoc4dLeid	24-768-719-6154	shall have to integrate blithely alongside of the fluffily even epitaphs. quickly unusual
8563.1	Supplier#000000455	INDONESIA	12930	Manufacturer#3	de1QmawQjYipd	19-822-816-5632	le. slyly even requests thrash blithely across the flu
8570.93	Supplier#000000889	SAUDI ARABIA	4888	Manufacturer#4	saKBdGnsGS9ccCMGJ5NFoKwZ7HkS7	30-566-872-3482	the furiously final requests
8575.44	Supplier#000000415	SAUDI ARABIA	5414	Manufacturer#2	ibzrtLp NIBzzQVh2mc6M7GJj3V2Z5uKlIDw,z	30-297-706-6489	inal deposits against the ironic Tiresias wake according to th
8576.95	Supplier#000000271	MOROCCO	3270	Manufacturer#4	U0BSsnILvbk7mL1cim,ZX70QIiTz	25-270-292-6296	its nag above the silently final escapades. final, even inst
8577.07	Supplier#000000669	SAUDI ARABIA	11885	Manufacturer#3	,Csubly4KD59igxGYacW2q7jUvQ4ZaOKQC	30-256-757-7811	pinto beans nag after the slyly final packages. final requests among the furiousl
8577.07	Supplier#000000669	SAUDI ARABIA	14404	Manufacturer#4	,Csubly4KD59igxGYacW2q7jUvQ4ZaOKQC	30-256-757-7811	pinto beans nag after the slyly final packages. final requests among the furiousl
8577.07	Supplier#000000669	SAUDI ARABIA	14876	Manufacturer#3	,Csubly4KD59igxGYacW2q7jUvQ4ZaOKQC	30-256-757-7811	pinto beans nag after the slyly final packages. final requests among the furiousl
8577.07	Supplier#000000669	SAUDI ARABIA	5413	Manufacturer#4	,Csubly4KD59igxGYacW2q7jUvQ4ZaOKQC	30-256-757-7811	pinto beans nag after the slyly final packages. final requests among the furiousl
8577.07	Supplier#000000669	SAUDI ARABIA	918	Manufacturer#5	,Csubly4KD59igxGYacW2q7jUvQ4ZaOKQC	30-256-757-7811	pinto beans nag after the slyly final packages. final requests among the furiousl
8615.5	Supplier#000000812	FRANCE	10551	Manufacturer#2	8qh4tezyScl5bidLAysvutB,,ZI2dn6xP	16-585-724-6633	y quickly regular deposits? quickly pending packages after the caref
8615.5	Supplier#000000812	FRANCE	13811	Manufacturer#4	8qh4tezyScl5bidLAysvutB,,ZI2dn6xP	16-585-724-6633	y quickly regular deposits? quickly pending packages after the caref
8615.5	Supplier#000000812	FRANCE	7811	Manufacturer#5	8qh4tezyScl5bidLAysvutB,,ZI2dn6xP	16-585-724-6633	y quickly regular deposits? quickly pending packages after the caref
8617.63	Supplier#000000726	MOZAMBIQUE	4217	Manufacturer#1	jASHnVdyT7e7Lxf6a	26-825-782-3808	sual foxes. silent instructions are always across the quickly dogged pinto beans. de
8617.63	Supplier#000000726	MOZAMBIQUE	6213	Manufacturer#3	jASHnVdyT7e7Lxf6a	26-825-782-3808	sual foxes. silent instructions are always across the quickly dogged pinto beans. de
8617.63	Supplier#000000726	MOZAMBIQUE	9725	Manufacturer#4	jASHnVdyT7e7Lxf6a	26-825-782-3808	sual foxes. silent instructions are always across the quickly dogged pinto beans. de
8621.42	Supplier#000000426	UNITED KINGDOM	6913	Manufacturer#1	zjIHPRMAI8vF	33-576-289-4702	requests nag. slyly regular ideas
8621.52	Supplier#000000952	RUSSIA	16419	Manufacturer#1	n8W6MbJdih Ckh6wDvYJz84ZmabvK4yQDz	32-276-558-4960	cajole permanently? carefully slow deposits cajole quickly. regular
8621.52	Supplier#000000952	RUSSIA	2951	Manufacturer#2	n8W6MbJdih Ckh6wDvYJz84ZmabvK4yQDz	32-276-558-4960	cajole permanently? carefully slow deposits cajole quickly. regular
8638.35	Supplier#000000709	SAUDI ARABIA	10448	Manufacturer#5	D8Mg5T7enR4HOYbpwPgkdDycdI5FpoTnXWUHB	30-921-692-7914	nal requests. furiously even requests are
8638.35	Supplier#000000709	SAUDI ARABIA	9931	Manufacturer#5	D8Mg5T7enR4HOYbpwPgkdDycdI5FpoTnXWUHB	30-921-692-7914	nal requests. furiously even requests are
868.36	Supplier#000000390	GERMANY	15389	Manufacturer#3	8Qv7RjLQSFfyt5JpH8fsTf0	17-821-610-9726	to doze along the foxes. final requests are furiously. furiously express accounts use bl
868.36	Supplier#000000390	GERMANY	3389	Manufacturer#2	8Qv7RjLQSFfyt5JpH8fsTf0	17-821-610-9726	to doze along the foxes. final requests are furiously. furiously express accounts use bl
8681.24	Supplier#000000765	UNITED STATES	15969	Manufacturer#1	RLsvd,9rVYPSoMUCDBVoB9	34-103-698-2282	accounts grow. ideas cajole slyly. ironic requests haggle slyly e
8684.6	Supplier#000000351	JAPAN	12350	Manufacturer#1	ZLWTvVCSmwsKfElT7K 2O1Ui	22-508-407-2628	ithely ironic theodolites play. decoys sleep slyly against the deposits. s
8702.02	Supplier#000000333	RUSSIA	11810	Manufacturer#3	MaVf XgwPdkiX4nfJGOis8Uu2zKiIZH	32-508-202-6136	oss the deposits cajole carefully even pinto beans. regular foxes detect alo
8702.02	Supplier#000000333	RUSSIA	14804	Manufacturer#2	MaVf XgwPdkiX4nfJGOis8Uu2zKiIZH	32-508-202-6136	oss the deposits cajole carefully even pinto beans. regular foxes detect alo
8702.02	Supplier#000000333	RUSSIA	3826	Manufacturer#1	MaVf XgwPdkiX4nfJGOis8Uu2zKiIZH	32-508-202-6136	oss the deposits cajole carefully even pinto beans. regular foxes detect alo
8724.42	Supplier#000000686	INDONESIA	12423	Manufacturer#3	LxjyC4i3RxAqWnUF	19-818-456-6713	requests haggle carefully. silent, ironic accounts along
8724.42	Supplier#000000686	INDONESIA	16419	Manufacturer#1	LxjyC4i3RxAqWnUF	19-818-456-6713	requests haggle carefully. silent, ironic accounts along
8724.42	Supplier#000000686	INDONESIA	5175	Manufacturer#3	LxjyC4i3RxAqWnUF	19-818-456-6713	requests haggle carefully. silent, ironic accounts along
8732.97	Supplier#000000842	EGYPT	4841	Manufacturer#4	3D3tmBm8zD3A BxuTWfoKXD	14-977-614-8564	dolites impress quickly about
8732.97	Supplier#000000842	EGYPT	7070	Manufacturer#1	3D3tmBm8zD3A BxuTWfoKXD	14-977-614-8564	dolites impress quickly about
8732.97	Supplier#000000842	EGYPT	9323	Manufacturer#4	3D3tmBm8zD3A BxuTWfoKXD	14-977-614-8564	dolites impress quickly about
8751.47	Supplier#000000229	KENYA	10448	Manufacturer#5	ycjgLrk,w8DcakfwTS1SO5kVch	24-392-655-8913	ly according to the carefully regular
8751.47	Supplier#000000229	KENYA	17427	Manufacturer#5	ycjgLrk,w8DcakfwTS1SO5kVch	24-392-655-8913	ly according to the carefully regular
8797.4	Supplier#000000536	PERU	17268	Manufacturer#4	dzf PbgzKpWBDim5S1BSPLBNzxFpxZNUE	27-749-678-1361	cajole blithely slyly even dependencies. carefu
8797.4	Supplier#000000536	PERU	6279	Manufacturer#4	dzf PbgzKpWBDim5S1BSPLBNzxFpxZNUE	27-749-678-1361	cajole blithely slyly even dependencies. carefu
8842.14	Supplier#000000141	IRAN	14876	Manufacturer#3	5IN1dvjqFhyfKxoslkY3UL7CrNVPCZmq	20-557-547-7976	quests detect blithely even ideas. unusual, regular accounts sleep blithely carefully regu
8843.88	Supplier#000000218	IRAN	13217	Manufacturer#5	c7CBVglgEM0XU,8bOU76GjEr5L5EXu9Uxa7U	20-180-767-8426	fluffily. furiously regular instructions sleep slyly furiously regular packa
8843.88	Supplier#000000218	IRAN	14689	Manufacturer#2	c7CBVglgEM0XU,8bOU76GjEr5L5EXu9Uxa7U	20-180-767-8426	fluffily. furiously regular instructions sleep slyly furiously regular packa
8843.88	Supplier#000000218	IRAN	16419	Manufacturer#1	c7CBVglgEM0XU,8bOU76GjEr5L5EXu9Uxa7U	20-180-767-8426	fluffily. furiously regular instructions sleep slyly furiously regular packa
8843.88	Supplier#000000218	IRAN	4217	Manufacturer#1	c7CBVglgEM0XU,8bOU76GjEr5L5EXu9Uxa7U	20-180-767-8426	fluffily. furiously regular instructions sleep slyly furiously regular packa
8855.24	Supplier#000000994	EGYPT	18993	Manufacturer#1	0qF9I2cfv48Cu	14-183-331-6019	sits boost blithely final instructions. ironic m
8855.24	Supplier#000000994	EGYPT	19455	Manufacturer#1	0qF9I2cfv48Cu	14-183-331-6019	sits boost blithely final instructions. ironic m
8855.24	Supplier#000000994	EGYPT	7479	Manufacturer#4	0qF9I2cfv48Cu	14-183-331-6019	sits boost blithely final instructions. ironic m
8877.42	Supplier#000000917	RUSSIA	4916	Manufacturer#1	tMr5motk0IFyIXJDwCr98Q  O5	32-754-782-6474	r dugouts? final, ironic packages breach furiously f
8877.42	Supplier#000000917	RUSSIA	8916	Manufacturer#3	tMr5motk0IFyIXJDwCr98Q  O5	32-754-782-6474	r dugouts? final, ironic packages breach furiously f
8887.18	Supplier#000000670	SAUDI ARABIA	11886	Manufacturer#2	z2NRPuuVeu1jmuuyzoMOlpoCI6P	30-364-864-1141	arefully fluffily even pinto beans. pinto bean
8887.18	Supplier#000000670	SAUDI ARABIA	13406	Manufacturer#1	z2NRPuuVeu1jmuuyzoMOlpoCI6P	30-364-864-1141	arefully fluffily even pinto beans. pinto bean
8887.18	Supplier#000000670	SAUDI ARABIA	16137	Manufacturer#2	z2NRPuuVeu1jmuuyzoMOlpoCI6P	30-364-864-1141	arefully fluffily even pinto beans. pinto bean
8887.18	Supplier#000000670	SAUDI ARABIA	5414	Manufacturer#2	z2NRPuuVeu1jmuuyzoMOlpoCI6P	30-364-864-1141	arefully fluffily even pinto beans. pinto bean
8908.16	Supplier#000000797	KENYA	12010	Manufacturer#5	3kcPU9j dU i	24-356-955-8704	press instructions. ironic, even foxes use carefully
8908.16	Supplier#000000797	KENYA	2292	Manufacturer#3	3kcPU9j dU i	24-356-955-8704	press instructions. ironic, even foxes use carefully
8924.02	Supplier#000000602	SAUDI ARABIA	18065	Manufacturer#3	xEtByOs0Pydp9y75MSgoy6T R6PT8e	30-106-955-5651	tes. furiously careful pains are. quickly even platelets boost sly,
8948.84	Supplier#000000549	ALGERIA	11287	Manufacturer#5	oy89mLRUwTVCoU	10-377-880-8280	iously final ideas. carefully unusual ideas wake fluffily special platelets. furiously unusual pin
8965.72	Supplier#000000354	CANADA	10573	Manufacturer#1	w8fOo5W,aS	13-796-527-4255	blithely regular accounts around the special foxes kindle blithely across the even dependencies?
8965.72	Supplier#000000354	CANADA	19546	Manufacturer#5	w8fOo5W,aS	13-796-527-4255	blithely regular accounts around the special foxes kindle blithely across the even dependencies?
8997.88	Supplier#000000927	INDONESIA	2422	Manufacturer#5	Ype0QDb17eJbg7l35PFzJso	19-185-526-3201	ily final courts sleep alongside of the ruthlessly regular escapa
8997.88	Supplier#000000927	INDONESIA	9926	Manufacturer#5	Ype0QDb17eJbg7l35PFzJso	19-185-526-3201	ily final courts sleep alongside of the ruthlessly regular escapa
9001.17	Supplier#000000129	MOROCCO	10348	Manufacturer#2	9kWUk5K 7TAR40dW5nVeg i60Fy	25-314-164-7014	even excuses wake even accounts. slyly bold excuses
9009.3	Supplier#000000667	UNITED KINGDOM	12404	Manufacturer#5	La6cVlSLCZZDhhX9FtKsRlylP,,lI3IYjHT8yJJX	33-382-268-5150	ular accounts after the fluffily pending accounts are according to the
9009.3	Supplier#000000667	UNITED KINGDOM	7409	Manufacturer#2	La6cVlSLCZZDhhX9FtKsRlylP,,lI3IYjHT8yJJX	33-382-268-5150	ular accounts after the fluffily pending accounts are according to the
901.98	Supplier#000000365	UNITED KINGDOM	18560	Manufacturer#1	SZaykm40Np0vOKp	33-253-791-9564	s. deposits use slyly except the slyly final instr
901.98	Supplier#000000365	UNITED KINGDOM	6596	Manufacturer#2	SZaykm40Np0vOKp	33-253-791-9564	s. deposits use slyly except the slyly final instr
9025.9	Supplier#000000995	CHINA	10214	Manufacturer#1	CgVUX8DtNbtug2M,N	28-180-818-2912	s nag. furiously even theodolites cajole.
9025.9	Supplier#000000995	CHINA	16994	Manufacturer#5	CgVUX8DtNbtug2M,N	28-180-818-2912	s nag. furiously even theodolites cajole.
9025.9	Supplier#000000995	CHINA	2490	Manufacturer#3	CgVUX8DtNbtug2M,N	28-180-818-2912	s nag. furiously even theodolites cajole.
9025.9	Supplier#000000995	CHINA	5994	Manufacturer#2	CgVUX8DtNbtug2M,N	28-180-818-2912	s nag. furiously even theodolites cajole.
9032.15	Supplier#000000959	GERMANY	4958	Manufacturer#4	8grA EHBnwOZhO	17-108-642-3106	nding dependencies nag furiou
9036.47	Supplier#000000546	RUSSIA	7288	Manufacturer#1	YznQGwWvZbNA0O9ZV	32-679-789-3863	es haggle. blithely final theodolites wake blithely. carefully regular packages
9036.79	Supplier#000000224	ETHIOPIA	10963	Manufacturer#4	iD7eF,uwQxxPCAFTmdXYV7N	15-446-447-2944	atelets. regular, ironic gifts eat furiously across the permanently silent instructions. reg
9036.79	Supplier#000000224	ETHIOPIA	2223	Manufacturer#1	iD7eF,uwQxxPCAFTmdXYV7N	15-446-447-2944	atelets. regular, ironic gifts eat furiously across the permanently silent instructions. reg
9046.17	Supplier#000000755	MOROCCO	18950	Manufacturer#3	IRW3Y6qorkh4GBy4gHSpVTF5L	25-750-724-4757	ding accounts was. carefully express ac
906.07	Supplier#000000138	ROMANIA	16137	Manufacturer#2	utbplAm g7RmxVfYoNdhcrQGWuzRqPe0qHSwbKw	29-533-434-6776	ickly unusual requests cajole. accounts above the furiously special excuses
906.07	Supplier#000000138	ROMANIA	8363	Manufacturer#4	utbplAm g7RmxVfYoNdhcrQGWuzRqPe0qHSwbKw	29-533-434-6776	ickly unusual requests cajole. accounts above the furiously special excuses
906.07	Supplier#000000138	ROMANIA	9619	Manufacturer#5	utbplAm g7RmxVfYoNdhcrQGWuzRqPe0qHSwbKw	29-533-434-6776	ickly unusual requests cajole. accounts above the furiously special excuses
9077.74	Supplier#000000725	ARGENTINA	14196	Manufacturer#2	fFk BGhsIcG6	11-382-323-5460	pinto beans are carefully. blithely regular depos
9077.74	Supplier#000000725	ARGENTINA	19455	Manufacturer#1	fFk BGhsIcG6	11-382-323-5460	pinto beans are carefully. blithely regular depos
9077.74	Supplier#000000725	ARGENTINA	5469	Manufacturer#3	fFk BGhsIcG6	11-382-323-5460	pinto beans are carefully. blithely regular depos
9093.75	Supplier#000000946	MOROCCO	11162	Manufacturer#2	RpFjkZmA ScvLe	25-522-937-5559	shall have to use slyly. carefully ironic ideas alon
9093.75	Supplier#000000946	MOROCCO	1192	Manufacturer#4	RpFjkZmA ScvLe	25-522-937-5559	shall have to use slyly. carefully ironic ideas alon
9093.75	Supplier#000000946	MOROCCO	16147	Manufacturer#3	RpFjkZmA ScvLe	25-522-937-5559	shall have to use slyly. carefully ironic ideas alon
9093.94	Supplier#000000804	VIETNAM	1803	Manufacturer#1	N3B GhiD6nanhYdssmqlpy2XVz5jZH	31-830-383-7329	osits. regular theodolites are regularly slyly unusu
9093.94	Supplier#000000804	VIETNAM	19996	Manufacturer#4	N3B GhiD6nanhYdssmqlpy2XVz5jZH	31-830-383-7329	osits. regular theodolites are regularly slyly unusu
9095.64	Supplier#000000193	ETHIOPIA	11670	Manufacturer#1	0HvoBt,qEF EaKzYNCl	15-872-804-8448	packages. regular ideas sleep about the fluffily even deposits! special dolphins nag sly
9095.64	Supplier#000000193	ETHIOPIA	1192	Manufacturer#4	0HvoBt,qEF EaKzYNCl	15-872-804-8448	packages. regular ideas sleep about the fluffily even deposits! special dolphins nag sly
9095.64	Supplier#000000193	ETHIOPIA	12930	Manufacturer#3	0HvoBt,qEF EaKzYNCl	15-872-804-8448	packages. regular ideas sleep about the fluffily even deposits! special dolphins nag sly
9097.65	Supplier#000000495	JAPAN	12970	Manufacturer#5	p086j79twIlC25BD6A	22-881-968-9019	y regular theodolites shall cajole. requests cajole slyly
9098.64	Supplier#000000989	ARGENTINA	14196	Manufacturer#2	e5uX8AJF,,zRIIDgJc YMB59ITz4v	11-895-219-9405	t the silent, final dependencies use busily above the reg
91.39	Supplier#000000949	UNITED KINGDOM	15418	Manufacturer#2	a,UE,6nRVl2fCphkOoetR1ajIzAEJ1Aa1G1HV	33-332-697-2768	pinto beans. carefully express requests hagg
91.39	Supplier#000000949	UNITED KINGDOM	9171	Manufacturer#4	a,UE,6nRVl2fCphkOoetR1ajIzAEJ1Aa1G1HV	33-332-697-2768	pinto beans. carefully express requests hagg
91.39	Supplier#000000949	UNITED KINGDOM	9430	Manufacturer#2	a,UE,6nRVl2fCphkOoetR1ajIzAEJ1Aa1G1HV	33-332-697-2768	pinto beans. carefully express requests hagg
9107.22	Supplier#000000013	CANADA	15482	Manufacturer#3	HK71HQyWoqRWOX8GI FpgAifW,2PoH	13-727-620-7813	requests engage regularly instructions. furiously special requests ar
9107.22	Supplier#000000013	CANADA	16214	Manufacturer#4	HK71HQyWoqRWOX8GI FpgAifW,2PoH	13-727-620-7813	requests engage regularly instructions. furiously special requests ar
9114.26	Supplier#000000696	ALGERIA	18695	Manufacturer#2	hWvK 9N1EQX0kjEI	10-745-572-7198	regular packages wake slyly after the carefully silent dependencies. packages dou
9127.14	Supplier#000000682	INDONESIA	6913	Manufacturer#1	4bD4f4zKh88YutGs	19-577-707-8772	eep carefully above the slyly final requests. carefully express foxes nag
9127.14	Supplier#000000682	INDONESIA	9904	Manufacturer#4	4bD4f4zKh88YutGs	19-577-707-8772	eep carefully above the slyly final requests. carefully express foxes nag
9132.12	Supplier#000000291	ALGERIA	13027	Manufacturer#5	0qDDQst1b1bznHQh5jsmOq8nxf8Pz1Kn	10-404-519-2270	wake silent, pending accounts. blithely final as
9132.12	Supplier#000000291	ALGERIA	15495	Manufacturer#2	0qDDQst1b1bznHQh5jsmOq8nxf8Pz1Kn	10-404-519-2270	wake silent, pending accounts. blithely final as
9166.95	Supplier#000000569	MOROCCO	6800	Manufacturer#1	jjFjVCjK91yy2B dj	25-803-734-8127	al frays until the slyly ironic requests cajole furiously about the quietly final foxes. furiously p
9170.71	Supplier#000000024	ALGERIA	18755	Manufacturer#5	C4nPvLrVmKPPabFCj	10-620-939-2254	usly pending deposits. slyly final accounts run
9189.82	Supplier#000000014	MOROCCO	1260	Manufacturer#4	EXsnO5pTNj4iZRm	25-656-247-5058	l accounts boost. fluffily bold warhorses wake
9189.82	Supplier#000000014	MOROCCO	4759	Manufacturer#2	EXsnO5pTNj4iZRm	25-656-247-5058	l accounts boost. fluffily bold warhorses wake
9192.1	Supplier#000000115	UNITED KINGDOM	13325	Manufacturer#1	nJ 2t0f7Ve,wL1,6WzGBJLNBUCKlsV	33-597-248-1220	es across the carefully express accounts boost caref
9192.1	Supplier#000000115	UNITED KINGDOM	8340	Manufacturer#2	nJ 2t0f7Ve,wL1,6WzGBJLNBUCKlsV	33-597-248-1220	es across the carefully express accounts boost caref
9198.31	Supplier#000000025	RUSSIA	12238	Manufacturer#1	RCQKONXMFnrodzz6w7fObFVV6CUm2q	32-431-945-3541	ely regular deposits. carefully regular sauternes engage furiously above the regular accounts. idly
9199.28	Supplier#000000622	VIETNAM	8363	Manufacturer#4	gCQimU1jYHoQiglDmW1FkQM9wzi YC1P15pMy1	31-421-544-2948	ent instructions. furiously silent packages detect regularly quickly even somas. even pearls ha
92.44	Supplier#000000058	MOZAMBIQUE	15057	Manufacturer#4	01dEADIZoCULZXg	26-659-969-5586	refully final foxes are. even, express courts according to the b
92.44	Supplier#000000058	MOZAMBIQUE	7800	Manufacturer#3	01dEADIZoCULZXg	26-659-969-5586	refully final foxes are. even, express courts according to the b
9202.57	Supplier#000000062	ROMANIA	8061	Manufacturer#5	bSmlFYUKBeRsqJxwC9 zS6xpFdEf5jNTb	29-603-653-2494	ts. furiously ironic pinto beans are permanently after the bold ideas. regular, express f
9202.82	Supplier#000000109	VIETNAM	6596	Manufacturer#2	4 63llZBLxtWRa A	31-405-311-8656	al courts. unusual escapades cajol
9206.66	Supplier#000000763	PERU	12238	Manufacturer#1	rpZRD,h5XXPIOe6bX1KqgwvBPoN	27-579-968-4858	bold ideas. blithely express theodolites haggle blithe
9206.66	Supplier#000000763	PERU	1260	Manufacturer#4	rpZRD,h5XXPIOe6bX1KqgwvBPoN	27-579-968-4858	bold ideas. blithely express theodolites haggle blithe
9219.26	Supplier#000000948	VIETNAM	12423	Manufacturer#3	LvcPHBbzYZKySxlda,0McYfaV2bb poGXMF	31-562-389-2753	grate slyly after the quickly even accounts. bold accounts haggle carefully. quick, b
9238.79	Supplier#000000550	JAPAN	10769	Manufacturer#2	QQavssDXnYHbvOrg	22-648-743-9295	en, bold ideas. ironic, unusual deposits boost carefully quick accounts. slyly e
9238.79	Supplier#000000550	JAPAN	15549	Manufacturer#4	QQavssDXnYHbvOrg	22-648-743-9295	en, bold ideas. ironic, unusual deposits boost carefully quick accounts. slyly e
9238.79	Supplier#000000550	JAPAN	19742	Manufacturer#5	QQavssDXnYHbvOrg	22-648-743-9295	en, bold ideas. ironic, unusual deposits boost carefully quick accounts. slyly e
9271.66	Supplier#000000794	EGYPT	2037	Manufacturer#1	ZUzPptVa1Vq9Xo9Pq8rPENR,0KGFd1Q214Hq3dJ	14-851-370-3696	s against the unusual packages use about the
9271.66	Supplier#000000794	EGYPT	4539	Manufacturer#4	ZUzPptVa1Vq9Xo9Pq8rPENR,0KGFd1Q214Hq3dJ	14-851-370-3696	s against the unusual packages use about the
9290.23	Supplier#000000440	MOROCCO	16907	Manufacturer#3	s4UNoE4WDs9vXLZFJjsCVxZ0W8XU YCgqGBxVX	25-475-341-4841	uses. requests cajole among the quickly regular fo
9291.35	Supplier#000000438	UNITED STATES	17170	Manufacturer#3	cePboEvTZ6IfUAG 8asHxVbEmZnLSph9z01	34-502-705-5611	hin deposits. blithely pending deposits sleep slyly. slyl
9291.35	Supplier#000000438	UNITED STATES	18169	Manufacturer#3	cePboEvTZ6IfUAG 8asHxVbEmZnLSph9z01	34-502-705-5611	hin deposits. blithely pending deposits sleep slyly. slyl
9291.35	Supplier#000000438	UNITED STATES	5672	Manufacturer#4	cePboEvTZ6IfUAG 8asHxVbEmZnLSph9z01	34-502-705-5611	hin deposits. blithely pending deposits sleep slyly. slyl
9296.31	Supplier#000000859	MOZAMBIQUE	10078	Manufacturer#1	OJ7rr38hbK1BlZSRXKojpIho8QazivUtIh0	26-731-166-4296	ggle slyly among the express accounts. slyly unusual accounts above the thi
9296.31	Supplier#000000859	MOZAMBIQUE	1858	Manufacturer#2	OJ7rr38hbK1BlZSRXKojpIho8QazivUtIh0	26-731-166-4296	ggle slyly among the express accounts. slyly unusual accounts above the thi
9312.63	Supplier#000000310	ALGERIA	11309	Manufacturer#1	I5Mw,rGgWQOFVotMHUmVjH	10-119-372-1062	ccording to the carefully express dolphins! furiously pending dependencies integrate s
9312.63	Supplier#000000310	ALGERIA	13309	Manufacturer#3	I5Mw,rGgWQOFVotMHUmVjH	10-119-372-1062	ccording to the carefully express dolphins! furiously pending dependencies integrate s
9318.43	Supplier#000000627	IRAQ	11104	Manufacturer#2	k6W51QENyVPe4 6z0ajEMTkEA	21-632-574-8701	l instructions serve slyly regular deposits. carefully busy excuses cajole quickly pending d
9318.43	Supplier#000000627	IRAQ	4372	Manufacturer#1	k6W51QENyVPe4 6z0ajEMTkEA	21-632-574-8701	l instructions serve slyly regular deposits. carefully busy excuses cajole quickly pending d
9356.72	Supplier#000000698	IRAQ	11914	Manufacturer#4	ciim3Adyrh1gqQlOsw0YYeF9gIfUM	21-373-751-4459	y ruthless pinto beans. slyly final pinto bea
9365.8	Supplier#000000021	BRAZIL	2020	Manufacturer#1	81CavellcrJ0PQ3CPBID0Z0JwyJm0ka5igEs	12-253-590-5816	d. instructions integrate sometimes slyly pending instructions. accounts nag among the
9365.8	Supplier#000000021	BRAZIL	4020	Manufacturer#1	81CavellcrJ0PQ3CPBID0Z0JwyJm0ka5igEs	12-253-590-5816	d. instructions integrate sometimes slyly pending instructions. accounts nag among the
939.22	Supplier#000000430	ARGENTINA	3923	Manufacturer#2	SMdrDaNv,2XyFOL6oVEfvH	11-541-204-3496	? silent pinto beans are abo
939.22	Supplier#000000430	ARGENTINA	5174	Manufacturer#1	SMdrDaNv,2XyFOL6oVEfvH	11-541-204-3496	? silent pinto beans are abo
939.86	Supplier#000000762	SAUDI ARABIA	10241	Manufacturer#5	GRVedLFC19uN9o8bNyNZWwzcbDUo2eT	30-393-711-8623	bove the bold packages. blithely final dolphins wake against the
939.86	Supplier#000000762	SAUDI ARABIA	15496	Manufacturer#5	GRVedLFC19uN9o8bNyNZWwzcbDUo2eT	30-393-711-8623	bove the bold packages. blithely final dolphins wake against the
939.86	Supplier#000000762	SAUDI ARABIA	18225	Manufacturer#5	GRVedLFC19uN9o8bNyNZWwzcbDUo2eT	30-393-711-8623	bove the bold packages. blithely final dolphins wake against the
9401.23	Supplier#000000826	MOROCCO	15825	Manufacturer#3	n,hapmxkVq19Yy9UQ8BVF00sQD	25-731-100-2823	sleep furiously. regular deposits wake furio
9438.28	Supplier#000000808	MOROCCO	18539	Manufacturer#1	B3zlGM54ECUk5MgRzKI9f7F bB8	25-297-954-4894	y even packages. requests sleep quickly fo
9438.28	Supplier#000000808	MOROCCO	7807	Manufacturer#5	B3zlGM54ECUk5MgRzKI9f7F bB8	25-297-954-4894	y even packages. requests sleep quickly fo
9453.01	Supplier#000000802	ROMANIA	10021	Manufacturer#5	,6HYXb4uaHITmtMBj4Ak57Pd	29-342-882-6463	gular frets. permanently special multipliers believe blithely alongs
9453.01	Supplier#000000802	ROMANIA	12277	Manufacturer#1	,6HYXb4uaHITmtMBj4Ak57Pd	29-342-882-6463	gular frets. permanently special multipliers believe blithely alongs
9453.01	Supplier#000000802	ROMANIA	13275	Manufacturer#4	,6HYXb4uaHITmtMBj4Ak57Pd	29-342-882-6463	gular frets. permanently special multipliers believe blithely alongs
9459.29	Supplier#000000645	GERMANY	19837	Manufacturer#2	blbALMoy2OihlkvD7FtkLXPvTShY9JVtsWT	17-742-832-9508	accounts. blithely unusual pinto beans at the blithely
9464.26	Supplier#000000507	INDONESIA	18970	Manufacturer#3	aF2w4JF8qV aaqApYqzTFtIXtKV57Na	19-981-569-8699	p carefully besides the furiou
9477.34	Supplier#000000431	CANADA	5175	Manufacturer#3	WoeV,NINojE6hJjauAdrl5fGcdxX5JUPLnrim	13-269-548-1399	according to the bravely quick dolphins. deposit
9477.34	Supplier#000000431	CANADA	9171	Manufacturer#4	WoeV,NINojE6hJjauAdrl5fGcdxX5JUPLnrim	13-269-548-1399	according to the bravely quick dolphins. deposit
9477.34	Supplier#000000431	CANADA	9430	Manufacturer#2	WoeV,NINojE6hJjauAdrl5fGcdxX5JUPLnrim	13-269-548-1399	according to the bravely quick dolphins. deposit
9490.22	Supplier#000000894	INDONESIA	13630	Manufacturer#5	T,9KqHZzFlFVvesdyzvzs9FHOQZjLk	19-875-711-4227	ss the furiously special packa
9490.22	Supplier#000000894	INDONESIA	4131	Manufacturer#4	T,9KqHZzFlFVvesdyzvzs9FHOQZjLk	19-875-711-4227	ss the furiously special packa
9490.22	Supplier#000000894	INDONESIA	8893	Manufacturer#5	T,9KqHZzFlFVvesdyzvzs9FHOQZjLk	19-875-711-4227	ss the furiously special packa
9497.65	Supplier#000000624	ARGENTINA	14623	Manufacturer#5	JlCK4aBP3PCO	11-487-571-9291	the silent, final pinto be
9508.37	Supplier#000000070	FRANCE	17268	Manufacturer#4	INWNH2w,OOWgNDq0BRCcBwOMQc6PdFDc4	16-821-608-1166	ests sleep quickly express ideas. ironic ideas haggle about the final T
9508.37	Supplier#000000070	FRANCE	3563	Manufacturer#1	INWNH2w,OOWgNDq0BRCcBwOMQc6PdFDc4	16-821-608-1166	ests sleep quickly express ideas. ironic ideas haggle about the final T
9537.73	Supplier#000000201	CHINA	15935	Manufacturer#1	e3lZO QY9QpCVdc0HXrqXB5uxXnOi r	28-782-585-7326	kly above the special ideas. even requests nag carefully. quickly pending t
9542.56	Supplier#000000829	BRAZIL	13828	Manufacturer#3	w247SZbFQvw1Fp4f0JFIfVXmIBfulBxfgUg	12-123-147-1171	nding packages use fluffily above the blith
9542.56	Supplier#000000829	BRAZIL	18560	Manufacturer#1	w247SZbFQvw1Fp4f0JFIfVXmIBfulBxfgUg	12-123-147-1171	nding packages use fluffily above the blith
9542.56	Supplier#000000829	BRAZIL	7828	Manufacturer#3	w247SZbFQvw1Fp4f0JFIfVXmIBfulBxfgUg	12-123-147-1171	nding packages use fluffily above the blith
9547	Supplier#000000414	VIETNAM	16147	Manufacturer#3	FkmlHgU9pqCboQ32Lcx	31-118-322-1371	. blithely unusual packages might cajole blithely regular requests.
9547	Supplier#000000414	VIETNAM	5413	Manufacturer#4	FkmlHgU9pqCboQ32Lcx	31-118-322-1371	. blithely unusual packages might cajole blithely regular requests.
9550.77	Supplier#000000779	PERU	15248	Manufacturer#2	iAtd5nxCjii	27-104-960-9666	ut the permanently silent sauternes. slyly pending dolphins integr
9550.77	Supplier#000000779	PERU	1527	Manufacturer#5	iAtd5nxCjii	27-104-960-9666	ut the permanently silent sauternes. slyly pending dolphins integr
956.88	Supplier#000000663	CHINA	5407	Manufacturer#5	tPtpVTsSAQNw,4GgXR2Hxx5FyCxxgqmW,jE sRT	28-798-122-1574	osits. quickly quiet requests cajole against the slyly regular accounts. ironi
9569.85	Supplier#000000459	CHINA	14458	Manufacturer#2	w12ixcTkh6AtG1LvWxX8El8Nf4vEGQiZrrpy	28-295-883-6516	arefully even deposits. furiously final requests sleep. packages sleep. q
958.07	Supplier#000000783	CANADA	4020	Manufacturer#1	dMpZwZ95xznZWg4acMQW dK8AQMhB	13-785-672-8751	e the blithely ironic accounts. final, final warhorses along the ironic, expre
9583.11	Supplier#000000173	JAPAN	1172	Manufacturer#4	OqQzF6rfxDvkjpMXVCwGfQzj4oTHBHyW5kC5Gjxd	22-640-545-4690	ly regular escapades use among the express deposits. unusual, silent deposits wake. ins
9583.11	Supplier#000000173	JAPAN	2172	Manufacturer#1	OqQzF6rfxDvkjpMXVCwGfQzj4oTHBHyW5kC5Gjxd	22-640-545-4690	ly regular escapades use among the express deposits. unusual, silent deposits wake. ins
9583.11	Supplier#000000173	JAPAN	5407	Manufacturer#5	OqQzF6rfxDvkjpMXVCwGfQzj4oTHBHyW5kC5Gjxd	22-640-545-4690	ly regular escapades use among the express deposits. unusual, silent deposits wake. ins
9594.49	Supplier#000000241	INDIA	18972	Manufacturer#2	K3sXvTEnHT9yQSbzZmbPNY0,iPQsmySI	18-213-514-9357	arefully final foxes. regular, pending requests haggle busily special asymptote
9594.49	Supplier#000000241	INDIA	1989	Manufacturer#3	K3sXvTEnHT9yQSbzZmbPNY0,iPQsmySI	18-213-514-9357	arefully final foxes. regular, pending requests haggle busily special asymptote
9598.62	Supplier#000000292	VIETNAM	15496	Manufacturer#5	POEdp8d ug5bKQa,w4SAMaM2xna1ZtVk4z9loa	31-933-112-8506	ular excuses. furiously even requests sleep carefully around the fur
9598.62	Supplier#000000292	VIETNAM	18755	Manufacturer#5	POEdp8d ug5bKQa,w4SAMaM2xna1ZtVk4z9loa	31-933-112-8506	ular excuses. furiously even requests sleep carefully around the fur
9598.62	Supplier#000000292	VIETNAM	3291	Manufacturer#1	POEdp8d ug5bKQa,w4SAMaM2xna1ZtVk4z9loa	31-933-112-8506	ular excuses. furiously even requests sleep carefully around the fur
963.33	Supplier#000000502	EGYPT	10241	Manufacturer#5	AutSetu5u6moXK6Y3rpoWREh	14-678-262-5636	al excuses haggle furiously iro
963.33	Supplier#000000502	EGYPT	18501	Manufacturer#4	AutSetu5u6moXK6Y3rpoWREh	14-678-262-5636	al excuses haggle furiously iro
963.33	Supplier#000000502	EGYPT	5501	Manufacturer#5	AutSetu5u6moXK6Y3rpoWREh	14-678-262-5636	al excuses haggle furiously iro
963.33	Supplier#000000502	EGYPT	7987	Manufacturer#1	AutSetu5u6moXK6Y3rpoWREh	14-678-262-5636	al excuses haggle furiously iro
9657.79	Supplier#000000966	EGYPT	8191	Manufacturer#4	FRlJWy32I6TsERrGDq,GS7	14-681-361-1636	beans-- fluffily unusual deposits x-r
9657.88	Supplier#000000210	BRAZIL	10949	Manufacturer#1	eC5 e7DXYBWi8XlnFtBxF,tSWPyQAzqb8gAZ	12-385-448-5157	ccounts haggle after the carefully pending acc
9657.88	Supplier#000000210	BRAZIL	12423	Manufacturer#3	eC5 e7DXYBWi8XlnFtBxF,tSWPyQAzqb8gAZ	12-385-448-5157	ccounts haggle after the carefully pending acc
9658.99	Supplier#000000143	JAPAN	17608	Manufacturer#4	a3v,6RZMN9p FzRTdV,fm7ehoVgEhifejGnrNY4H	22-916-300-5765	s lose slyly about the blithely unusual asymptotes. blithely silent instructions cou
9658.99	Supplier#000000143	JAPAN	18606	Manufacturer#4	a3v,6RZMN9p FzRTdV,fm7ehoVgEhifejGnrNY4H	22-916-300-5765	s lose slyly about the blithely unusual asymptotes. blithely silent instructions cou
9658.99	Supplier#000000143	JAPAN	4888	Manufacturer#4	a3v,6RZMN9p FzRTdV,fm7ehoVgEhifejGnrNY4H	22-916-300-5765	s lose slyly about the blithely unusual asymptotes. blithely silent instructions cou
9669.24	Supplier#000000538	PERU	11276	Manufacturer#2	KBZ0RSDGTVJQPbWaU6x	27-799-369-5739	e fluffily regular theodolites. special packages are into the careful
9681.99	Supplier#000000250	INDONESIA	15249	Manufacturer#4	JkzOvHRi1rEdkZ	19-347-403-1571	packages cajole blithely pending theodolites. ironic, silent requests
9681.99	Supplier#000000250	INDONESIA	249	Manufacturer#4	JkzOvHRi1rEdkZ	19-347-403-1571	packages cajole blithely pending theodolites. ironic, silent requests
9681.99	Supplier#000000250	INDONESIA	5994	Manufacturer#2	JkzOvHRi1rEdkZ	19-347-403-1571	packages cajole blithely pending theodolites. ironic, silent requests
9681.99	Supplier#000000250	INDONESIA	9990	Manufacturer#1	JkzOvHRi1rEdkZ	19-347-403-1571	packages cajole blithely pending theodolites. ironic, silent requests
9713.42	Supplier#000000810	INDONESIA	11287	Manufacturer#5	RMJoA1yw 1fM	19-328-138-9772	ithely furiously final dolphins-- furiously ironic warhorses beyond th
9713.42	Supplier#000000810	INDONESIA	17275	Manufacturer#1	RMJoA1yw 1fM	19-328-138-9772	ithely furiously final dolphins-- furiously ironic warhorses beyond th
9713.42	Supplier#000000810	INDONESIA	18809	Manufacturer#3	RMJoA1yw 1fM	19-328-138-9772	ithely furiously final dolphins-- furiously ironic warhorses beyond th
9740.48	Supplier#000000930	IRAN	3423	Manufacturer#4	jYRHnCNnk55 CODbFLqby,ewwOQa1M	20-435-373-1909	ly unusual asymptotes at the fluffily ironic requests hinder slyly regular
9740.48	Supplier#000000930	IRAN	8671	Manufacturer#2	jYRHnCNnk55 CODbFLqby,ewwOQa1M	20-435-373-1909	ly unusual asymptotes at the fluffily ironic requests hinder slyly regular
9745.28	Supplier#000000655	EGYPT	15389	Manufacturer#3	j8ga9M1KhzXKSk6g,bXi0zbLWjckDEpwBeqs	14-708-916-3581	stealthily slyly special deposits. final packages behind the regular requests na
9747.16	Supplier#000000832	MOROCCO	11309	Manufacturer#1	SwUNp9Yyt5pe 6i5EYiV3hHU9RWJnd3VzBjsbtvO	25-658-573-4042	old ideas wake carefully above the slowly regular pack
9747.16	Supplier#000000832	MOROCCO	18563	Manufacturer#3	SwUNp9Yyt5pe 6i5EYiV3hHU9RWJnd3VzBjsbtvO	25-658-573-4042	old ideas wake carefully above the slowly regular pack
9747.16	Supplier#000000832	MOROCCO	331	Manufacturer#2	SwUNp9Yyt5pe 6i5EYiV3hHU9RWJnd3VzBjsbtvO	25-658-573-4042	old ideas wake carefully above the slowly regular pack
9751.14	Supplier#000000775	BRAZIL	18970	Manufacturer#3	tmhWTbbv9lv	12-946-153-9942	final foxes around the blithely reg
9754.6	Supplier#000000133	EGYPT	13132	Manufacturer#1	QT,semYwdx	14-731-952-5158	he quickly express instructions
9754.6	Supplier#000000133	EGYPT	17331	Manufacturer#2	QT,semYwdx	14-731-952-5158	he quickly express instructions
9759.38	Supplier#000000044	GERMANY	15248	Manufacturer#2	kERxlLDnlIZJdN66zAPHklyL	17-713-930-5667	x. carefully quiet account
9759.38	Supplier#000000044	GERMANY	17242	Manufacturer#4	kERxlLDnlIZJdN66zAPHklyL	17-713-930-5667	x. carefully quiet account
9759.38	Supplier#000000044	GERMANY	4043	Manufacturer#2	kERxlLDnlIZJdN66zAPHklyL	17-713-930-5667	x. carefully quiet account
976.53	Supplier#000000801	ARGENTINA	6800	Manufacturer#1	zohVF4 4GHOJpWy9kdytvYwm27mJEBhk	11-673-791-6926	ckly final accounts wake since the even instructions. regular, permanent accounts are against t
976.53	Supplier#000000801	ARGENTINA	7800	Manufacturer#3	zohVF4 4GHOJpWy9kdytvYwm27mJEBhk	11-673-791-6926	ckly final accounts wake since the even instructions. regular, permanent accounts are against t
9760.06	Supplier#000000588	KENYA	12587	Manufacturer#1	e3yF5zmSj y81I	24-180-601-5741	gular, permanent accounts.
9760.06	Supplier#000000588	KENYA	15057	Manufacturer#4	e3yF5zmSj y81I	24-180-601-5741	gular, permanent accounts.
9761.92	Supplier#000000857	BRAZIL	11073	Manufacturer#1	srpKWldPZrVWm0dKjc7p 8fMKm1fYF	12-715-212-6604	y final ideas poach across the special dugouts. furiously pending accounts cajole furiously. fin
9761.92	Supplier#000000857	BRAZIL	15856	Manufacturer#1	srpKWldPZrVWm0dKjc7p 8fMKm1fYF	12-715-212-6604	y final ideas poach across the special dugouts. furiously pending accounts cajole furiously. fin
9761.92	Supplier#000000857	BRAZIL	7085	Manufacturer#3	srpKWldPZrVWm0dKjc7p 8fMKm1fYF	12-715-212-6604	y final ideas poach across the special dugouts. furiously pending accounts cajole furiously. fin
9761.92	Supplier#000000857	BRAZIL	8340	Manufacturer#2	srpKWldPZrVWm0dKjc7p 8fMKm1fYF	12-715-212-6604	y final ideas poach across the special dugouts. furiously pending accounts cajole furiously. fin
9763.28	Supplier#000000982	IRAN	13981	Manufacturer#2	2GJow4mz8ZkIPUSibA0NZ3OyR5TkfHx0	20-884-330-2979	deas cajole carefully furiously regula
9763.28	Supplier#000000982	IRAN	4981	Manufacturer#5	2GJow4mz8ZkIPUSibA0NZ3OyR5TkfHx0	20-884-330-2979	deas cajole carefully furiously regula
9763.28	Supplier#000000982	IRAN	6213	Manufacturer#3	2GJow4mz8ZkIPUSibA0NZ3OyR5TkfHx0	20-884-330-2979	deas cajole carefully furiously regula
9767.75	Supplier#000000914	KENYA	6913	Manufacturer#1	li7dM9CrPF213,Jkh3MJRSRhjSB,wRMuOvidQg8u	24-682-308-9029	ajole. bold theodolites above the quickly ironic frets are quickly along the fur
9767.99	Supplier#000000135	GERMANY	19865	Manufacturer#3	F4Uy ZQNU6ESTmO3mrL,mI	17-290-812-8855	courts wake slyly instructions. furiously silent requests cajol
9767.99	Supplier#000000135	GERMANY	4372	Manufacturer#1	F4Uy ZQNU6ESTmO3mrL,mI	17-290-812-8855	courts wake slyly instructions. furiously silent requests cajol
9780.74	Supplier#000000156	ETHIOPIA	10895	Manufacturer#5	,KXbCcjqZNjmyHzeqaL4	15-106-692-4998	sits cajole carefully instead of the final, ironic requests. furiously ironic deposits abo
9797.52	Supplier#000000853	INDIA	14060	Manufacturer#3	hQuhL6zQSZmVifUzpnKvRLNEfJhShDomdbGC	18-286-624-2526	iously. bold accounts cajo
9797.52	Supplier#000000853	INDIA	15057	Manufacturer#4	hQuhL6zQSZmVifUzpnKvRLNEfJhShDomdbGC	18-286-624-2526	iously. bold accounts cajo
9797.52	Supplier#000000853	INDIA	6596	Manufacturer#2	hQuhL6zQSZmVifUzpnKvRLNEfJhShDomdbGC	18-286-624-2526	iously. bold accounts cajo
980.32	Supplier#000000476	ALGERIA	11214	Manufacturer#3	ZvT qI2gMbh	10-219-531-3554	o the silent hockey players hang quickly around the furiously special theodolites. carefully bold d
980.32	Supplier#000000476	ALGERIA	2223	Manufacturer#1	ZvT qI2gMbh	10-219-531-3554	o the silent hockey players hang quickly around the furiously special theodolites. carefully bold d
980.32	Supplier#000000476	ALGERIA	3969	Manufacturer#3	ZvT qI2gMbh	10-219-531-3554	o the silent hockey players hang quickly around the furiously special theodolites. carefully bold d
9804.1	Supplier#000000110	MOROCCO	12585	Manufacturer#4	ehv9ObpyN0	25-824-874-9077	eposits nag thinly furiously even accounts; permanent ideas nag fluf
9804.1	Supplier#000000110	MOROCCO	12847	Manufacturer#5	ehv9ObpyN0	25-824-874-9077	eposits nag thinly furiously even accounts; permanent ideas nag fluf
9804.1	Supplier#000000110	MOROCCO	17575	Manufacturer#3	ehv9ObpyN0	25-824-874-9077	eposits nag thinly furiously even accounts; permanent ideas nag fluf
9804.1	Supplier#000000110	MOROCCO	1858	Manufacturer#2	ehv9ObpyN0	25-824-874-9077	eposits nag thinly furiously even accounts; permanent ideas nag fluf
9806.29	Supplier#000000144	SAUDI ARABIA	15348	Manufacturer#4	f8tddEKps816HHqNwsKdn3	30-726-423-7363	carefully even pinto beans n
9806.29	Supplier#000000144	SAUDI ARABIA	15613	Manufacturer#4	f8tddEKps816HHqNwsKdn3	30-726-423-7363	carefully even pinto beans n
9807.53	Supplier#000000437	GERMANY	11914	Manufacturer#4	HuqIk0sK4yC6x5be,cTlPrFqqBCHYf	17-652-134-3031	usly bold deposits about the pending
9807.53	Supplier#000000437	GERMANY	17436	Manufacturer#5	HuqIk0sK4yC6x5be,cTlPrFqqBCHYf	17-652-134-3031	usly bold deposits about the pending
9807.53	Supplier#000000437	GERMANY	186	Manufacturer#2	HuqIk0sK4yC6x5be,cTlPrFqqBCHYf	17-652-134-3031	usly bold deposits about the pending
9807.53	Supplier#000000437	GERMANY	686	Manufacturer#5	HuqIk0sK4yC6x5be,cTlPrFqqBCHYf	17-652-134-3031	usly bold deposits about the pending
9807.53	Supplier#000000437	GERMANY	7665	Manufacturer#3	HuqIk0sK4yC6x5be,cTlPrFqqBCHYf	17-652-134-3031	usly bold deposits about the pending
9828.21	Supplier#000000647	UNITED KINGDOM	13120	Manufacturer#5	x5U7MBZmwfG9	33-258-202-4782	s the slyly even ideas poach fluffily
9828.21	Supplier#000000647	UNITED KINGDOM	16380	Manufacturer#5	x5U7MBZmwfG9	33-258-202-4782	s the slyly even ideas poach fluffily
9828.21	Supplier#000000647	UNITED KINGDOM	18842	Manufacturer#5	x5U7MBZmwfG9	33-258-202-4782	s the slyly even ideas poach fluffily
9836.43	Supplier#000000489	IRAN	2236	Manufacturer#2	y9NMoYGxDUPfrB1GwjYhLtCeV7pOt	20-375-500-2226	quickly carefully pending accounts. fina
9844	Supplier#000000236	MOROCCO	10975	Manufacturer#5	dZExtd1dlMyrPdSqDC3	25-250-525-2436	lar platelets. blithely ironic packages cajole blithely special ins
9844	Supplier#000000236	MOROCCO	4981	Manufacturer#5	dZExtd1dlMyrPdSqDC3	25-250-525-2436	lar platelets. blithely ironic packages cajole blithely special ins
9845.98	Supplier#000000175	JAPAN	5174	Manufacturer#1	Lgv gYbBdu S9	22-392-226-3266	leep. quickly blithe theodolites wake slyly. furiously pending ideas haggle after the slyly
9845.98	Supplier#000000175	JAPAN	8916	Manufacturer#3	Lgv gYbBdu S9	22-392-226-3266	leep. quickly blithe theodolites wake slyly. furiously pending ideas haggle after the slyly
9880.72	Supplier#000000896	GERMANY	10895	Manufacturer#5	yvNZycuQYm9d9A8v1m	17-790-100-9143	regular deposits. carefully unusual accounts haggle ironic,
9880.72	Supplier#000000896	GERMANY	16363	Manufacturer#2	yvNZycuQYm9d9A8v1m	17-790-100-9143	regular deposits. carefully unusual accounts haggle ironic,
9880.72	Supplier#000000896	GERMANY	2391	Manufacturer#3	yvNZycuQYm9d9A8v1m	17-790-100-9143	regular deposits. carefully unusual accounts haggle ironic,
9880.72	Supplier#000000896	GERMANY	3389	Manufacturer#2	yvNZycuQYm9d9A8v1m	17-790-100-9143	regular deposits. carefully unusual accounts haggle ironic,
9880.72	Supplier#000000896	GERMANY	6127	Manufacturer#3	yvNZycuQYm9d9A8v1m	17-790-100-9143	regular deposits. carefully unusual accounts haggle ironic,
9895.02	Supplier#000000735	PERU	10214	Manufacturer#1	7FqUrdaC732vBX3J7ruv0W4 Jfpx84	27-984-128-6691	kages. furiously ironic depths unwind permanently slyly regular requests. carefully bold
9915.24	Supplier#000000049	UNITED STATES	19510	Manufacturer#3	Nvq 6macF4GtJvz	34-211-567-6800	the finally bold dependencies. dependencies after the fluffily final foxes boost fluffi
9915.24	Supplier#000000049	UNITED STATES	2292	Manufacturer#3	Nvq 6macF4GtJvz	34-211-567-6800	the finally bold dependencies. dependencies after the fluffily final foxes boost fluffi
9957	Supplier#000000234	UNITED STATES	13444	Manufacturer#5	iMrk7HUD87at3IIh4rBi	34-187-193-2209	nag furiously pending dependencies. unusual deposits integrate fur
9957	Supplier#000000234	UNITED STATES	7233	Manufacturer#1	iMrk7HUD87at3IIh4rBi	34-187-193-2209	nag furiously pending dependencies. unusual deposits integrate fur
9957	Supplier#000000234	UNITED STATES	9233	Manufacturer#3	iMrk7HUD87at3IIh4rBi	34-187-193-2209	nag furiously pending dependencies. unusual deposits integrate fur
9964.88	Supplier#000000855	INDONESIA	16588	Manufacturer#3	ekQwhb9fh5VGIvMBJ m,yT571ICZpI,LEb1e	19-105-166-2849	ess patterns sublate blithely-- slyly pending requests use carefully about
9964.88	Supplier#000000855	INDONESIA	6854	Manufacturer#4	ekQwhb9fh5VGIvMBJ m,yT571ICZpI,LEb1e	19-105-166-2849	ess patterns sublate blithely-- slyly pending requests use carefully about
9993.46	Supplier#000000892	INDIA	16093	Manufacturer#4	j6prA4M3sX9a9xHem3HOZpYy	18-893-665-3629	mong the regular instructions. regular, regular dependen
9993.46	Supplier#000000892	INDIA	4637	Manufacturer#5	j6prA4M3sX9a9xHem3HOZpYy	18-893-665-3629	mong the regular instructions. regular, regular dependen
9993.46	Supplier#000000892	INDIA	7120	Manufacturer#2	j6prA4M3sX9a9xHem3HOZpYy	18-893-665-3629	mong the regular instructions. regular, regular dependen
9993.46	Supplier#000000892	INDIA	8375	Manufacturer#4	j6prA4M3sX9a9xHem3HOZpYy	18-893-665-3629	mong the regular instructions. regular, regular dependen
9993.46	Supplier#000000892	INDIA	9632	Manufacturer#2	j6prA4M3sX9a9xHem3HOZpYy	18-893-665-3629	mong the regular instructions. regular, regular dependen
