ALGERIA	FRANCE	1000
ALGERIA	FRANCE	1001
ALGERIA	FRANCE	1010
ALGERIA	FRANCE	1021
ALGERIA	FRANCE	1025
ALGERIA	FRANCE	1028
ALGERIA	FRANCE	1030
ALGERIA	FRANCE	1031
ALGERIA	FRANCE	1041
ALGERIA	FRANCE	1046
ALGERIA	FRANCE	1051
ALGERIA	FRANCE	1059
ALGERIA	FRANCE	1060
ALGERIA	FRANCE	1061
ALGERIA	FRANCE	1064
ALGERIA	FRANCE	1065
ALGERIA	FRANCE	1067
ALGERIA	FRANCE	1074
ALGERIA	FRANCE	1077
ALGERIA	FRANCE	1078
ALGERIA	FRANCE	1079
ALGERIA	FRANCE	1080
ALGERIA	FRANCE	1083
ALGERIA	FRANCE	1084
ALGERIA	FRANCE	1088
ALGERIA	FRANCE	1095
ALGERIA	FRANCE	1097
ALGERIA	FRANCE	1099
ALGERIA	FRANCE	1100
ALGERIA	FRANCE	1105
ALGERIA	FRANCE	1115
ALGERIA	FRANCE	1117
ALGERIA	FRANCE	1120
ALGERIA	FRANCE	1125
ALGERIA	FRANCE	1128
ALGERIA	FRANCE	1136
ALGERIA	FRANCE	1140
ALGERIA	FRANCE	1142
ALGERIA	FRANCE	1146
ALGERIA	FRANCE	1148
ALGERIA	FRANCE	1155
ALGERIA	FRANCE	1156
ALGERIA	FRANCE	1166
ALGERIA	FRANCE	1170
ALGERIA	FRANCE	1172
ALGERIA	FRANCE	1174
ALGERIA	FRANCE	1175
ALGERIA	FRANCE	1176
ALGERIA	FRANCE	1178
ALGERIA	FRANCE	1183
ALGERIA	FRANCE	1190
ALGERIA	FRANCE	1193
ALGERIA	FRANCE	1196
ALGERIA	FRANCE	1201
ALGERIA	FRANCE	1202
ALGERIA	FRANCE	1208
ALGERIA	FRANCE	1215
ALGERIA	FRANCE	1216
ALGERIA	FRANCE	1220
ALGERIA	FRANCE	1221
ALGERIA	FRANCE	1224
ALGERIA	FRANCE	1226
ALGERIA	FRANCE	1229
ALGERIA	FRANCE	1234
ALGERIA	FRANCE	1238
ALGERIA	FRANCE	1239
ALGERIA	FRANCE	1249
ALGERIA	FRANCE	1250
ALGERIA	FRANCE	1251
ALGERIA	FRANCE	1253
ALGERIA	FRANCE	1267
ALGERIA	FRANCE	1277
ALGERIA	FRANCE	1280
ALGERIA	FRANCE	1283
ALGERIA	FRANCE	1287
ALGERIA	FRANCE	1289
ALGERIA	FRANCE	1290
ALGERIA	FRANCE	1292
ALGERIA	FRANCE	1296
ALGERIA	FRANCE	1299
ALGERIA	FRANCE	1304
ALGERIA	FRANCE	1305
ALGERIA	FRANCE	1310
ALGERIA	FRANCE	1311
ALGERIA	FRANCE	1312
ALGERIA	FRANCE	1313
ALGERIA	FRANCE	1318
ALGERIA	FRANCE	1326
ALGERIA	FRANCE	1331
ALGERIA	FRANCE	1332
ALGERIA	FRANCE	1340
ALGERIA	FRANCE	1342
ALGERIA	FRANCE	1350
ALGERIA	FRANCE	1352
ALGERIA	FRANCE	1355
ALGERIA	FRANCE	1358
ALGERIA	FRANCE	1363
ALGERIA	FRANCE	1379
ALGERIA	FRANCE	1386
ALGERIA	FRANCE	1390
ALGERIA	FRANCE	1392
ALGERIA	FRANCE	1393
ALGERIA	FRANCE	1395
ALGERIA	FRANCE	1396
ALGERIA	FRANCE	1397
ALGERIA	FRANCE	1398
ALGERIA	FRANCE	1399
ALGERIA	FRANCE	1401
ALGERIA	FRANCE	1405
ALGERIA	FRANCE	1408
ALGERIA	FRANCE	1412
ALGERIA	FRANCE	1415
ALGERIA	FRANCE	1416
ALGERIA	FRANCE	1422
ALGERIA	FRANCE	1429
ALGERIA	FRANCE	1431
ALGERIA	FRANCE	1433
ALGERIA	FRANCE	1435
ALGERIA	FRANCE	1438
ALGERIA	FRANCE	1439
ALGERIA	FRANCE	1444
ALGERIA	FRANCE	1445
ALGERIA	FRANCE	1450
ALGERIA	FRANCE	1451
ALGERIA	FRANCE	1454
ALGERIA	FRANCE	1457
ALGERIA	FRANCE	1459
ALGERIA	FRANCE	1462
ALGERIA	FRANCE	1467
ALGERIA	FRANCE	1475
ALGERIA	FRANCE	1477
ALGERIA	FRANCE	1483
ALGERIA	FRANCE	1484
ALGERIA	FRANCE	1493
ALGERIA	FRANCE	1494
ALGERIA	FRANCE	1495
ALGERIA	FRANCE	1497
ALGERIA	FRANCE	1500
ALGERIA	FRANCE	1508
ALGERIA	FRANCE	1509
ALGERIA	FRANCE	1510
ALGERIA	FRANCE	1513
ALGERIA	FRANCE	1517
ALGERIA	FRANCE	1518
ALGERIA	FRANCE	1520
ALGERIA	FRANCE	1521
ALGERIA	FRANCE	1522
ALGERIA	FRANCE	1526
ALGERIA	FRANCE	1528
ALGERIA	FRANCE	1532
ALGERIA	FRANCE	1533
ALGERIA	FRANCE	1535
ALGERIA	FRANCE	1540
ALGERIA	FRANCE	1546
ALGERIA	FRANCE	1547
ALGERIA	FRANCE	1551
ALGERIA	FRANCE	1554
ALGERIA	FRANCE	1556
ALGERIA	FRANCE	1561
ALGERIA	FRANCE	1563
ALGERIA	FRANCE	1565
ALGERIA	FRANCE	1569
ALGERIA	FRANCE	1571
ALGERIA	FRANCE	1574
ALGERIA	FRANCE	1576
ALGERIA	FRANCE	1578
ALGERIA	FRANCE	1580
ALGERIA	FRANCE	1594
ALGERIA	FRANCE	1596
ALGERIA	FRANCE	1597
ALGERIA	FRANCE	1598
ALGERIA	FRANCE	1599
ALGERIA	FRANCE	1600
ALGERIA	FRANCE	1602
ALGERIA	FRANCE	1603
ALGERIA	FRANCE	1612
ALGERIA	FRANCE	1616
ALGERIA	FRANCE	1618
ALGERIA	FRANCE	1620
ALGERIA	FRANCE	1625
ALGERIA	FRANCE	1628
ALGERIA	FRANCE	1629
ALGERIA	FRANCE	1633
ALGERIA	FRANCE	1635
ALGERIA	FRANCE	1638
ALGERIA	FRANCE	1639
ALGERIA	FRANCE	1646
ALGERIA	FRANCE	1652
ALGERIA	FRANCE	1655
ALGERIA	FRANCE	1656
ALGERIA	FRANCE	1661
ALGERIA	FRANCE	1678
ALGERIA	FRANCE	1682
ALGERIA	FRANCE	1683
ALGERIA	FRANCE	1686
ALGERIA	FRANCE	1693
ALGERIA	FRANCE	1694
ALGERIA	FRANCE	1696
ALGERIA	FRANCE	1703
ALGERIA	FRANCE	1704
ALGERIA	FRANCE	1715
ALGERIA	FRANCE	1716
ALGERIA	FRANCE	1718
ALGERIA	FRANCE	1719
ALGERIA	FRANCE	1720
ALGERIA	FRANCE	1721
ALGERIA	FRANCE	1722
ALGERIA	FRANCE	1723
ALGERIA	FRANCE	1726
ALGERIA	FRANCE	1733
ALGERIA	FRANCE	1735
ALGERIA	FRANCE	1736
ALGERIA	FRANCE	1737
ALGERIA	FRANCE	1740
ALGERIA	FRANCE	1741
ALGERIA	FRANCE	1742
ALGERIA	FRANCE	1747
ALGERIA	FRANCE	1753
ALGERIA	FRANCE	1758
ALGERIA	FRANCE	1762
ALGERIA	FRANCE	1768
ALGERIA	FRANCE	1772
ALGERIA	FRANCE	1774
ALGERIA	FRANCE	1776
ALGERIA	FRANCE	1777
ALGERIA	FRANCE	1780
ALGERIA	FRANCE	1787
ALGERIA	FRANCE	1788
ALGERIA	FRANCE	1792
ALGERIA	FRANCE	1793
ALGERIA	FRANCE	1798
ALGERIA	FRANCE	1800
ALGERIA	FRANCE	1801
ALGERIA	FRANCE	1802
ALGERIA	FRANCE	1807
ALGERIA	FRANCE	1814
ALGERIA	FRANCE	1816
ALGERIA	FRANCE	1817
ALGERIA	FRANCE	1818
ALGERIA	FRANCE	1820
ALGERIA	FRANCE	1821
ALGERIA	FRANCE	1832
ALGERIA	FRANCE	1834
ALGERIA	FRANCE	1847
ALGERIA	FRANCE	1853
ALGERIA	FRANCE	1858
ALGERIA	FRANCE	1866
ALGERIA	FRANCE	1870
ALGERIA	FRANCE	1872
ALGERIA	FRANCE	1878
ALGERIA	FRANCE	1879
ALGERIA	FRANCE	1883
ALGERIA	FRANCE	1890
ALGERIA	FRANCE	1894
ALGERIA	FRANCE	1896
ALGERIA	FRANCE	1898
ALGERIA	FRANCE	1906
ALGERIA	FRANCE	1913
ALGERIA	FRANCE	1915
ALGERIA	FRANCE	1917
ALGERIA	FRANCE	1927
ALGERIA	FRANCE	1928
ALGERIA	FRANCE	1934
ALGERIA	FRANCE	1941
ALGERIA	FRANCE	1942
ALGERIA	FRANCE	1957
ALGERIA	FRANCE	1958
ALGERIA	FRANCE	1959
ALGERIA	FRANCE	1960
ALGERIA	FRANCE	1963
ALGERIA	FRANCE	1965
ALGERIA	FRANCE	1970
ALGERIA	FRANCE	1972
ALGERIA	FRANCE	1973
ALGERIA	FRANCE	1975
ALGERIA	FRANCE	1977
ALGERIA	FRANCE	1979
ALGERIA	FRANCE	1984
ALGERIA	FRANCE	1988
ALGERIA	FRANCE	1994
ALGERIA	FRANCE	2004
ALGERIA	FRANCE	2006
ALGERIA	FRANCE	2008
ALGERIA	FRANCE	2009
ALGERIA	FRANCE	2010
ALGERIA	FRANCE	2013
ALGERIA	FRANCE	2015
ALGERIA	FRANCE	2019
ALGERIA	FRANCE	2020
ALGERIA	FRANCE	2021
ALGERIA	FRANCE	2027
ALGERIA	FRANCE	2028
ALGERIA	FRANCE	2033
ALGERIA	FRANCE	2038
ALGERIA	FRANCE	2040
ALGERIA	FRANCE	2042
ALGERIA	FRANCE	2044
ALGERIA	FRANCE	2045
ALGERIA	FRANCE	2046
ALGERIA	FRANCE	2048
ALGERIA	FRANCE	2049
ALGERIA	FRANCE	2050
ALGERIA	FRANCE	2051
ALGERIA	FRANCE	2053
ALGERIA	FRANCE	2054
ALGERIA	FRANCE	2057
ALGERIA	FRANCE	2061
ALGERIA	FRANCE	2065
ALGERIA	FRANCE	2066
ALGERIA	FRANCE	2069
ALGERIA	FRANCE	2070
ALGERIA	FRANCE	2071
ALGERIA	FRANCE	2072
ALGERIA	FRANCE	2074
ALGERIA	FRANCE	2079
ALGERIA	FRANCE	2087
ALGERIA	FRANCE	2089
ALGERIA	FRANCE	2097
ALGERIA	FRANCE	2099
ALGERIA	FRANCE	2103
ALGERIA	FRANCE	2112
ALGERIA	FRANCE	2114
ALGERIA	FRANCE	2115
ALGERIA	FRANCE	2116
ALGERIA	FRANCE	2119
ALGERIA	FRANCE	2125
ALGERIA	FRANCE	2126
ALGERIA	FRANCE	2136
ALGERIA	FRANCE	2139
ALGERIA	FRANCE	2142
ALGERIA	FRANCE	2143
ALGERIA	FRANCE	2145
ALGERIA	FRANCE	2146
ALGERIA	FRANCE	2147
ALGERIA	FRANCE	2148
ALGERIA	FRANCE	2149
ALGERIA	FRANCE	2150
ALGERIA	FRANCE	2152
ALGERIA	FRANCE	2153
ALGERIA	FRANCE	2155
ALGERIA	FRANCE	2158
ALGERIA	FRANCE	2159
ALGERIA	FRANCE	2163
ALGERIA	FRANCE	2168
ALGERIA	FRANCE	2170
ALGERIA	FRANCE	2171
ALGERIA	FRANCE	2172
ALGERIA	FRANCE	2181
ALGERIA	FRANCE	2183
ALGERIA	FRANCE	2189
ALGERIA	FRANCE	2194
ALGERIA	FRANCE	2196
ALGERIA	FRANCE	2199
ALGERIA	FRANCE	2201
ALGERIA	FRANCE	2207
ALGERIA	FRANCE	2210
ALGERIA	FRANCE	2211
ALGERIA	FRANCE	2212
ALGERIA	FRANCE	2215
ALGERIA	FRANCE	2218
ALGERIA	FRANCE	2219
ALGERIA	FRANCE	2222
ALGERIA	FRANCE	2226
ALGERIA	FRANCE	2229
ALGERIA	FRANCE	2230
ALGERIA	FRANCE	2231
ALGERIA	FRANCE	2234
ALGERIA	FRANCE	2237
ALGERIA	FRANCE	2258
ALGERIA	FRANCE	2262
ALGERIA	FRANCE	2265
ALGERIA	FRANCE	2270
ALGERIA	FRANCE	2271
ALGERIA	FRANCE	2273
ALGERIA	FRANCE	2276
ALGERIA	FRANCE	2283
ALGERIA	FRANCE	2292
ALGERIA	FRANCE	2293
ALGERIA	FRANCE	2305
ALGERIA	FRANCE	2308
ALGERIA	FRANCE	2309
ALGERIA	FRANCE	2311
ALGERIA	FRANCE	2312
ALGERIA	FRANCE	2317
ALGERIA	FRANCE	2318
ALGERIA	FRANCE	2324
ALGERIA	FRANCE	2325
ALGERIA	FRANCE	2326
ALGERIA	FRANCE	2335
ALGERIA	FRANCE	2338
ALGERIA	FRANCE	2341
ALGERIA	FRANCE	2342
ALGERIA	FRANCE	2343
ALGERIA	FRANCE	2345
ALGERIA	FRANCE	2351
ALGERIA	FRANCE	2356
ALGERIA	FRANCE	2363
ALGERIA	FRANCE	2365
ALGERIA	FRANCE	2371
ALGERIA	FRANCE	2375
ALGERIA	FRANCE	2377
ALGERIA	FRANCE	2378
ALGERIA	FRANCE	2381
ALGERIA	FRANCE	2382
ALGERIA	FRANCE	2392
ALGERIA	FRANCE	2393
ALGERIA	FRANCE	2394
ALGERIA	FRANCE	2398
ALGERIA	FRANCE	2400
ALGERIA	FRANCE	2405
ALGERIA	FRANCE	2413
ALGERIA	FRANCE	2415
ALGERIA	FRANCE	2420
ALGERIA	FRANCE	2422
ALGERIA	FRANCE	2424
ALGERIA	FRANCE	2427
ALGERIA	FRANCE	2429
ALGERIA	FRANCE	2430
ALGERIA	FRANCE	2433
ALGERIA	FRANCE	2441
ALGERIA	FRANCE	2454
ALGERIA	FRANCE	2455
ALGERIA	FRANCE	2465
ALGERIA	FRANCE	2468
ALGERIA	FRANCE	2470
ALGERIA	FRANCE	2473
ALGERIA	FRANCE	2476
ALGERIA	FRANCE	2478
ALGERIA	FRANCE	2482
ALGERIA	FRANCE	2487
ALGERIA	FRANCE	2488
ALGERIA	FRANCE	2493
ALGERIA	FRANCE	2496
ALGERIA	FRANCE	2505
ALGERIA	FRANCE	2506
ALGERIA	FRANCE	2508
ALGERIA	FRANCE	2513
ALGERIA	FRANCE	2520
ALGERIA	FRANCE	2533
ALGERIA	FRANCE	2537
ALGERIA	FRANCE	2539
ALGERIA	FRANCE	2544
ALGERIA	FRANCE	2545
ALGERIA	FRANCE	2546
ALGERIA	FRANCE	2547
ALGERIA	FRANCE	2549
ALGERIA	FRANCE	2551
ALGERIA	FRANCE	2555
ALGERIA	FRANCE	2557
ALGERIA	FRANCE	2567
ALGERIA	FRANCE	2579
ALGERIA	FRANCE	2581
ALGERIA	FRANCE	2583
ALGERIA	FRANCE	2584
ALGERIA	FRANCE	2589
ALGERIA	FRANCE	2593
ALGERIA	FRANCE	2604
ALGERIA	FRANCE	2618
ALGERIA	FRANCE	2624
ALGERIA	FRANCE	2646
ALGERIA	FRANCE	2648
ALGERIA	FRANCE	2656
ALGERIA	FRANCE	2659
ALGERIA	FRANCE	2660
ALGERIA	FRANCE	2665
ALGERIA	FRANCE	2668
ALGERIA	FRANCE	2669
ALGERIA	FRANCE	2672
ALGERIA	FRANCE	2677
ALGERIA	FRANCE	2679
ALGERIA	FRANCE	2680
ALGERIA	FRANCE	2685
ALGERIA	FRANCE	2694
ALGERIA	FRANCE	2699
ALGERIA	FRANCE	2719
ALGERIA	FRANCE	2721
ALGERIA	FRANCE	2724
ALGERIA	FRANCE	2726
ALGERIA	FRANCE	2727
ALGERIA	FRANCE	2737
ALGERIA	FRANCE	2752
ALGERIA	FRANCE	2758
ALGERIA	FRANCE	2761
ALGERIA	FRANCE	2763
ALGERIA	FRANCE	2769
ALGERIA	FRANCE	2774
ALGERIA	FRANCE	2784
ALGERIA	FRANCE	2786
ALGERIA	FRANCE	2798
ALGERIA	FRANCE	2806
ALGERIA	FRANCE	2809
ALGERIA	FRANCE	2814
ALGERIA	FRANCE	2824
ALGERIA	FRANCE	2840
ALGERIA	FRANCE	2843
ALGERIA	FRANCE	2848
ALGERIA	FRANCE	2856
ALGERIA	FRANCE	2860
ALGERIA	FRANCE	2862
ALGERIA	FRANCE	2863
ALGERIA	FRANCE	2879
ALGERIA	FRANCE	2880
ALGERIA	FRANCE	2881
ALGERIA	FRANCE	2895
ALGERIA	FRANCE	2899
ALGERIA	FRANCE	2902
ALGERIA	FRANCE	2910
ALGERIA	FRANCE	2922
ALGERIA	FRANCE	2926
ALGERIA	FRANCE	2930
ALGERIA	FRANCE	2935
ALGERIA	FRANCE	2948
ALGERIA	FRANCE	2952
ALGERIA	FRANCE	2953
ALGERIA	FRANCE	2958
ALGERIA	FRANCE	2963
ALGERIA	FRANCE	2967
ALGERIA	FRANCE	2979
ALGERIA	FRANCE	3013
ALGERIA	FRANCE	3016
ALGERIA	FRANCE	3028
ALGERIA	FRANCE	3036
ALGERIA	FRANCE	3038
ALGERIA	FRANCE	3047
ALGERIA	FRANCE	3057
ALGERIA	FRANCE	3076
ALGERIA	FRANCE	3081
ALGERIA	FRANCE	3082
ALGERIA	FRANCE	3086
ALGERIA	FRANCE	3091
ALGERIA	FRANCE	3095
ALGERIA	FRANCE	3103
ALGERIA	FRANCE	3112
ALGERIA	FRANCE	3119
ALGERIA	FRANCE	3130
ALGERIA	FRANCE	3140
ALGERIA	FRANCE	3147
ALGERIA	FRANCE	3174
ALGERIA	FRANCE	3179
ALGERIA	FRANCE	3186
ALGERIA	FRANCE	3190
ALGERIA	FRANCE	3195
ALGERIA	FRANCE	3207
ALGERIA	FRANCE	3211
ALGERIA	FRANCE	3223
ALGERIA	FRANCE	3232
ALGERIA	FRANCE	3263
ALGERIA	FRANCE	3269
ALGERIA	FRANCE	3270
ALGERIA	FRANCE	3284
ALGERIA	FRANCE	3345
ALGERIA	FRANCE	3376
ALGERIA	FRANCE	3385
ALGERIA	FRANCE	3405
ALGERIA	FRANCE	3423
ALGERIA	FRANCE	3449
ALGERIA	FRANCE	3451
ALGERIA	FRANCE	3461
ALGERIA	FRANCE	3495
ALGERIA	FRANCE	3514
ALGERIA	FRANCE	3549
ALGERIA	FRANCE	3551
ALGERIA	FRANCE	3568
ALGERIA	FRANCE	3583
ALGERIA	FRANCE	3587
ALGERIA	FRANCE	3611
ALGERIA	FRANCE	3697
ALGERIA	FRANCE	3698
ALGERIA	FRANCE	3730
ALGERIA	FRANCE	3743
ALGERIA	FRANCE	3763
ALGERIA	FRANCE	3786
ALGERIA	FRANCE	4024
ALGERIA	FRANCE	4037
ALGERIA	FRANCE	4073
ALGERIA	FRANCE	4218
ALGERIA	FRANCE	4264
ALGERIA	FRANCE	4290
ALGERIA	FRANCE	4315
ALGERIA	FRANCE	4325
ALGERIA	FRANCE	4376
ALGERIA	FRANCE	4388
ALGERIA	FRANCE	4421
ALGERIA	FRANCE	4453
ALGERIA	FRANCE	4460
ALGERIA	FRANCE	4654
ALGERIA	FRANCE	4678
ALGERIA	FRANCE	4699
ALGERIA	FRANCE	4725
ALGERIA	FRANCE	5358
ALGERIA	FRANCE	5437
ALGERIA	FRANCE	5660
ALGERIA	FRANCE	5713
ALGERIA	FRANCE	5723
ALGERIA	FRANCE	5768
ALGERIA	FRANCE	5792
ALGERIA	FRANCE	5808
ALGERIA	FRANCE	5928
ALGERIA	FRANCE	6009
ALGERIA	FRANCE	6030
ALGERIA	FRANCE	6031
ALGERIA	FRANCE	6081
ALGERIA	FRANCE	6131
ALGERIA	FRANCE	6405
ALGERIA	FRANCE	6426
ALGERIA	FRANCE	6439
ALGERIA	FRANCE	6454
ALGERIA	FRANCE	6500
ALGERIA	FRANCE	6514
ALGERIA	FRANCE	6544
ALGERIA	FRANCE	6576
ALGERIA	FRANCE	6618
ALGERIA	FRANCE	6646
ALGERIA	FRANCE	6672
ALGERIA	FRANCE	6784
ALGERIA	FRANCE	6804
ALGERIA	FRANCE	6868
ALGERIA	FRANCE	6913
ALGERIA	FRANCE	6931
ALGERIA	FRANCE	7003
ALGERIA	FRANCE	7020
ALGERIA	FRANCE	7125
ALGERIA	FRANCE	7183
ALGERIA	FRANCE	7319
ALGERIA	FRANCE	7391
ALGERIA	FRANCE	7393
ALGERIA	FRANCE	7394
ALGERIA	FRANCE	7413
ALGERIA	FRANCE	7417
ALGERIA	FRANCE	7533
ALGERIA	FRANCE	7559
ALGERIA	FRANCE	7628
ALGERIA	FRANCE	7858
ALGERIA	FRANCE	7861
ALGERIA	FRANCE	7894
ALGERIA	FRANCE	7913
ALGERIA	FRANCE	8094
ALGERIA	FRANCE	8202
ALGERIA	FRANCE	8204
ALGERIA	FRANCE	8329
ALGERIA	FRANCE	8333
ALGERIA	FRANCE	8408
ALGERIA	FRANCE	8446
ALGERIA	FRANCE	8475
ALGERIA	FRANCE	8526
ALGERIA	FRANCE	8638
ALGERIA	FRANCE	8690
ALGERIA	FRANCE	8864
ALGERIA	FRANCE	8877
ALGERIA	FRANCE	8887
ALGERIA	FRANCE	8923
ALGERIA	FRANCE	8936
ALGERIA	FRANCE	8944
ALGERIA	FRANCE	9044
ALGERIA	FRANCE	9046
ALGERIA	FRANCE	9086
ALGERIA	FRANCE	9142
ALGERIA	FRANCE	9162
ALGERIA	FRANCE	9199
ALGERIA	FRANCE	9220
ALGERIA	FRANCE	9233
ALGERIA	FRANCE	9249
ALGERIA	FRANCE	9319
ALGERIA	FRANCE	9340
ALGERIA	FRANCE	9382
ALGERIA	FRANCE	9383
ALGERIA	FRANCE	9493
ALGERIA	FRANCE	9501
ALGERIA	FRANCE	9515
ALGERIA	FRANCE	9567
ALGERIA	FRANCE	9589
ALGERIA	FRANCE	9612
ALGERIA	FRANCE	9694
ALGERIA	FRANCE	9698
ALGERIA	FRANCE	9751
ALGERIA	FRANCE	9891
ALGERIA	FRANCE	9920
ALGERIA	FRANCE	9924
ALGERIA	FRANCE	9993
ALGERIA	FRANCE	9995
ARGENTINA	FRANCE	1000
ARGENTINA	FRANCE	1002
ARGENTINA	FRANCE	1006
ARGENTINA	FRANCE	1007
ARGENTINA	FRANCE	1010
ARGENTINA	FRANCE	1011
ARGENTINA	FRANCE	1014
ARGENTINA	FRANCE	1016
ARGENTINA	FRANCE	1021
ARGENTINA	FRANCE	1023
ARGENTINA	FRANCE	1025
ARGENTINA	FRANCE	1031
ARGENTINA	FRANCE	1032
ARGENTINA	FRANCE	1033
ARGENTINA	FRANCE	1036
ARGENTINA	FRANCE	1037
ARGENTINA	FRANCE	1055
ARGENTINA	FRANCE	1057
ARGENTINA	FRANCE	1059
ARGENTINA	FRANCE	1061
ARGENTINA	FRANCE	1064
ARGENTINA	FRANCE	1065
ARGENTINA	FRANCE	1069
ARGENTINA	FRANCE	1074
ARGENTINA	FRANCE	1077
ARGENTINA	FRANCE	1078
ARGENTINA	FRANCE	1094
ARGENTINA	FRANCE	1095
ARGENTINA	FRANCE	1097
ARGENTINA	FRANCE	1100
ARGENTINA	FRANCE	1102
ARGENTINA	FRANCE	1105
ARGENTINA	FRANCE	1107
ARGENTINA	FRANCE	1109
ARGENTINA	FRANCE	1111
ARGENTINA	FRANCE	1117
ARGENTINA	FRANCE	1122
ARGENTINA	FRANCE	1125
ARGENTINA	FRANCE	1127
ARGENTINA	FRANCE	1131
ARGENTINA	FRANCE	1132
ARGENTINA	FRANCE	1151
ARGENTINA	FRANCE	1157
ARGENTINA	FRANCE	1163
ARGENTINA	FRANCE	1164
ARGENTINA	FRANCE	1166
ARGENTINA	FRANCE	1174
ARGENTINA	FRANCE	1178
ARGENTINA	FRANCE	1179
ARGENTINA	FRANCE	1183
ARGENTINA	FRANCE	1190
ARGENTINA	FRANCE	1192
ARGENTINA	FRANCE	1193
ARGENTINA	FRANCE	1194
ARGENTINA	FRANCE	1198
ARGENTINA	FRANCE	1200
ARGENTINA	FRANCE	1201
ARGENTINA	FRANCE	1202
ARGENTINA	FRANCE	1205
ARGENTINA	FRANCE	1212
ARGENTINA	FRANCE	1216
ARGENTINA	FRANCE	1217
ARGENTINA	FRANCE	1218
ARGENTINA	FRANCE	1223
ARGENTINA	FRANCE	1225
ARGENTINA	FRANCE	1227
ARGENTINA	FRANCE	1233
ARGENTINA	FRANCE	1237
ARGENTINA	FRANCE	1238
ARGENTINA	FRANCE	1241
ARGENTINA	FRANCE	1245
ARGENTINA	FRANCE	1246
ARGENTINA	FRANCE	1247
ARGENTINA	FRANCE	1253
ARGENTINA	FRANCE	1256
ARGENTINA	FRANCE	1258
ARGENTINA	FRANCE	1263
ARGENTINA	FRANCE	1265
ARGENTINA	FRANCE	1267
ARGENTINA	FRANCE	1268
ARGENTINA	FRANCE	1270
ARGENTINA	FRANCE	1272
ARGENTINA	FRANCE	1273
ARGENTINA	FRANCE	1277
ARGENTINA	FRANCE	1279
ARGENTINA	FRANCE	1280
ARGENTINA	FRANCE	1281
ARGENTINA	FRANCE	1285
ARGENTINA	FRANCE	1286
ARGENTINA	FRANCE	1289
ARGENTINA	FRANCE	1292
ARGENTINA	FRANCE	1293
ARGENTINA	FRANCE	1297
ARGENTINA	FRANCE	1303
ARGENTINA	FRANCE	1304
ARGENTINA	FRANCE	1305
ARGENTINA	FRANCE	1310
ARGENTINA	FRANCE	1312
ARGENTINA	FRANCE	1316
ARGENTINA	FRANCE	1319
ARGENTINA	FRANCE	1322
ARGENTINA	FRANCE	1323
ARGENTINA	FRANCE	1331
ARGENTINA	FRANCE	1332
ARGENTINA	FRANCE	1333
ARGENTINA	FRANCE	1342
ARGENTINA	FRANCE	1347
ARGENTINA	FRANCE	1349
ARGENTINA	FRANCE	1356
ARGENTINA	FRANCE	1357
ARGENTINA	FRANCE	1361
ARGENTINA	FRANCE	1362
ARGENTINA	FRANCE	1363
ARGENTINA	FRANCE	1365
ARGENTINA	FRANCE	1366
ARGENTINA	FRANCE	1373
ARGENTINA	FRANCE	1374
ARGENTINA	FRANCE	1375
ARGENTINA	FRANCE	1377
ARGENTINA	FRANCE	1379
ARGENTINA	FRANCE	1380
ARGENTINA	FRANCE	1383
ARGENTINA	FRANCE	1384
ARGENTINA	FRANCE	1386
ARGENTINA	FRANCE	1389
ARGENTINA	FRANCE	1391
ARGENTINA	FRANCE	1395
ARGENTINA	FRANCE	1399
ARGENTINA	FRANCE	1400
ARGENTINA	FRANCE	1401
ARGENTINA	FRANCE	1402
ARGENTINA	FRANCE	1405
ARGENTINA	FRANCE	1409
ARGENTINA	FRANCE	1415
ARGENTINA	FRANCE	1419
ARGENTINA	FRANCE	1421
ARGENTINA	FRANCE	1422
ARGENTINA	FRANCE	1423
ARGENTINA	FRANCE	1426
ARGENTINA	FRANCE	1429
ARGENTINA	FRANCE	1431
ARGENTINA	FRANCE	1433
ARGENTINA	FRANCE	1434
ARGENTINA	FRANCE	1438
ARGENTINA	FRANCE	1442
ARGENTINA	FRANCE	1443
ARGENTINA	FRANCE	1444
ARGENTINA	FRANCE	1445
ARGENTINA	FRANCE	1457
ARGENTINA	FRANCE	1458
ARGENTINA	FRANCE	1459
ARGENTINA	FRANCE	1461
ARGENTINA	FRANCE	1464
ARGENTINA	FRANCE	1465
ARGENTINA	FRANCE	1469
ARGENTINA	FRANCE	1474
ARGENTINA	FRANCE	1475
ARGENTINA	FRANCE	1476
ARGENTINA	FRANCE	1477
ARGENTINA	FRANCE	1478
ARGENTINA	FRANCE	1480
ARGENTINA	FRANCE	1484
ARGENTINA	FRANCE	1486
ARGENTINA	FRANCE	1488
ARGENTINA	FRANCE	1493
ARGENTINA	FRANCE	1500
ARGENTINA	FRANCE	1505
ARGENTINA	FRANCE	1508
ARGENTINA	FRANCE	1511
ARGENTINA	FRANCE	1514
ARGENTINA	FRANCE	1518
ARGENTINA	FRANCE	1519
ARGENTINA	FRANCE	1521
ARGENTINA	FRANCE	1522
ARGENTINA	FRANCE	1524
ARGENTINA	FRANCE	1526
ARGENTINA	FRANCE	1527
ARGENTINA	FRANCE	1528
ARGENTINA	FRANCE	1529
ARGENTINA	FRANCE	1536
ARGENTINA	FRANCE	1546
ARGENTINA	FRANCE	1561
ARGENTINA	FRANCE	1566
ARGENTINA	FRANCE	1568
ARGENTINA	FRANCE	1578
ARGENTINA	FRANCE	1579
ARGENTINA	FRANCE	1583
ARGENTINA	FRANCE	1589
ARGENTINA	FRANCE	1596
ARGENTINA	FRANCE	1599
ARGENTINA	FRANCE	1601
ARGENTINA	FRANCE	1603
ARGENTINA	FRANCE	1606
ARGENTINA	FRANCE	1613
ARGENTINA	FRANCE	1614
ARGENTINA	FRANCE	1616
ARGENTINA	FRANCE	1620
ARGENTINA	FRANCE	1625
ARGENTINA	FRANCE	1626
ARGENTINA	FRANCE	1634
ARGENTINA	FRANCE	1638
ARGENTINA	FRANCE	1640
ARGENTINA	FRANCE	1641
ARGENTINA	FRANCE	1642
ARGENTINA	FRANCE	1643
ARGENTINA	FRANCE	1647
ARGENTINA	FRANCE	1653
ARGENTINA	FRANCE	1664
ARGENTINA	FRANCE	1668
ARGENTINA	FRANCE	1670
ARGENTINA	FRANCE	1671
ARGENTINA	FRANCE	1672
ARGENTINA	FRANCE	1674
ARGENTINA	FRANCE	1677
ARGENTINA	FRANCE	1678
ARGENTINA	FRANCE	1679
ARGENTINA	FRANCE	1683
ARGENTINA	FRANCE	1685
ARGENTINA	FRANCE	1686
ARGENTINA	FRANCE	1688
ARGENTINA	FRANCE	1689
ARGENTINA	FRANCE	1690
ARGENTINA	FRANCE	1694
ARGENTINA	FRANCE	1695
ARGENTINA	FRANCE	1701
ARGENTINA	FRANCE	1704
ARGENTINA	FRANCE	1706
ARGENTINA	FRANCE	1714
ARGENTINA	FRANCE	1717
ARGENTINA	FRANCE	1719
ARGENTINA	FRANCE	1720
ARGENTINA	FRANCE	1723
ARGENTINA	FRANCE	1726
ARGENTINA	FRANCE	1727
ARGENTINA	FRANCE	1729
ARGENTINA	FRANCE	1733
ARGENTINA	FRANCE	1734
ARGENTINA	FRANCE	1736
ARGENTINA	FRANCE	1738
ARGENTINA	FRANCE	1740
ARGENTINA	FRANCE	1744
ARGENTINA	FRANCE	1745
ARGENTINA	FRANCE	1746
ARGENTINA	FRANCE	1747
ARGENTINA	FRANCE	1748
ARGENTINA	FRANCE	1750
ARGENTINA	FRANCE	1754
ARGENTINA	FRANCE	1758
ARGENTINA	FRANCE	1759
ARGENTINA	FRANCE	1761
ARGENTINA	FRANCE	1762
ARGENTINA	FRANCE	1763
ARGENTINA	FRANCE	1768
ARGENTINA	FRANCE	1773
ARGENTINA	FRANCE	1774
ARGENTINA	FRANCE	1779
ARGENTINA	FRANCE	1782
ARGENTINA	FRANCE	1785
ARGENTINA	FRANCE	1790
ARGENTINA	FRANCE	1792
ARGENTINA	FRANCE	1796
ARGENTINA	FRANCE	1797
ARGENTINA	FRANCE	1800
ARGENTINA	FRANCE	1801
ARGENTINA	FRANCE	1806
ARGENTINA	FRANCE	1809
ARGENTINA	FRANCE	1813
ARGENTINA	FRANCE	1816
ARGENTINA	FRANCE	1820
ARGENTINA	FRANCE	1823
ARGENTINA	FRANCE	1825
ARGENTINA	FRANCE	1831
ARGENTINA	FRANCE	1835
ARGENTINA	FRANCE	1836
ARGENTINA	FRANCE	1837
ARGENTINA	FRANCE	1839
ARGENTINA	FRANCE	1844
ARGENTINA	FRANCE	1850
ARGENTINA	FRANCE	1851
ARGENTINA	FRANCE	1853
ARGENTINA	FRANCE	1860
ARGENTINA	FRANCE	1864
ARGENTINA	FRANCE	1867
ARGENTINA	FRANCE	1868
ARGENTINA	FRANCE	1874
ARGENTINA	FRANCE	1886
ARGENTINA	FRANCE	1887
ARGENTINA	FRANCE	1889
ARGENTINA	FRANCE	1891
ARGENTINA	FRANCE	1893
ARGENTINA	FRANCE	1895
ARGENTINA	FRANCE	1898
ARGENTINA	FRANCE	1903
ARGENTINA	FRANCE	1904
ARGENTINA	FRANCE	1905
ARGENTINA	FRANCE	1906
ARGENTINA	FRANCE	1907
ARGENTINA	FRANCE	1908
ARGENTINA	FRANCE	1911
ARGENTINA	FRANCE	1913
ARGENTINA	FRANCE	1917
ARGENTINA	FRANCE	1923
ARGENTINA	FRANCE	1927
ARGENTINA	FRANCE	1929
ARGENTINA	FRANCE	1930
ARGENTINA	FRANCE	1931
ARGENTINA	FRANCE	1937
ARGENTINA	FRANCE	1938
ARGENTINA	FRANCE	1942
ARGENTINA	FRANCE	1953
ARGENTINA	FRANCE	1955
ARGENTINA	FRANCE	1957
ARGENTINA	FRANCE	1958
ARGENTINA	FRANCE	1959
ARGENTINA	FRANCE	1961
ARGENTINA	FRANCE	1963
ARGENTINA	FRANCE	1964
ARGENTINA	FRANCE	1967
ARGENTINA	FRANCE	1970
ARGENTINA	FRANCE	1974
ARGENTINA	FRANCE	1975
ARGENTINA	FRANCE	1977
ARGENTINA	FRANCE	1981
ARGENTINA	FRANCE	1983
ARGENTINA	FRANCE	1987
ARGENTINA	FRANCE	1988
ARGENTINA	FRANCE	1989
ARGENTINA	FRANCE	1992
ARGENTINA	FRANCE	1999
ARGENTINA	FRANCE	2003
ARGENTINA	FRANCE	2004
ARGENTINA	FRANCE	2007
ARGENTINA	FRANCE	2009
ARGENTINA	FRANCE	2013
ARGENTINA	FRANCE	2014
ARGENTINA	FRANCE	2021
ARGENTINA	FRANCE	2027
ARGENTINA	FRANCE	2031
ARGENTINA	FRANCE	2032
ARGENTINA	FRANCE	2033
ARGENTINA	FRANCE	2039
ARGENTINA	FRANCE	2040
ARGENTINA	FRANCE	2041
ARGENTINA	FRANCE	2044
ARGENTINA	FRANCE	2046
ARGENTINA	FRANCE	2053
ARGENTINA	FRANCE	2056
ARGENTINA	FRANCE	2061
ARGENTINA	FRANCE	2064
ARGENTINA	FRANCE	2065
ARGENTINA	FRANCE	2066
ARGENTINA	FRANCE	2073
ARGENTINA	FRANCE	2074
ARGENTINA	FRANCE	2076
ARGENTINA	FRANCE	2077
ARGENTINA	FRANCE	2079
ARGENTINA	FRANCE	2082
ARGENTINA	FRANCE	2083
ARGENTINA	FRANCE	2087
ARGENTINA	FRANCE	2091
ARGENTINA	FRANCE	2093
ARGENTINA	FRANCE	2095
ARGENTINA	FRANCE	2098
ARGENTINA	FRANCE	2102
ARGENTINA	FRANCE	2105
ARGENTINA	FRANCE	2109
ARGENTINA	FRANCE	2112
ARGENTINA	FRANCE	2115
ARGENTINA	FRANCE	2116
ARGENTINA	FRANCE	2119
ARGENTINA	FRANCE	2122
ARGENTINA	FRANCE	2125
ARGENTINA	FRANCE	2134
ARGENTINA	FRANCE	2135
ARGENTINA	FRANCE	2143
ARGENTINA	FRANCE	2145
ARGENTINA	FRANCE	2147
ARGENTINA	FRANCE	2148
ARGENTINA	FRANCE	2155
ARGENTINA	FRANCE	2167
ARGENTINA	FRANCE	2168
ARGENTINA	FRANCE	2169
ARGENTINA	FRANCE	2174
ARGENTINA	FRANCE	2176
ARGENTINA	FRANCE	2180
ARGENTINA	FRANCE	2181
ARGENTINA	FRANCE	2183
ARGENTINA	FRANCE	2185
ARGENTINA	FRANCE	2195
ARGENTINA	FRANCE	2206
ARGENTINA	FRANCE	2215
ARGENTINA	FRANCE	2216
ARGENTINA	FRANCE	2217
ARGENTINA	FRANCE	2220
ARGENTINA	FRANCE	2223
ARGENTINA	FRANCE	2224
ARGENTINA	FRANCE	2226
ARGENTINA	FRANCE	2228
ARGENTINA	FRANCE	2229
ARGENTINA	FRANCE	2232
ARGENTINA	FRANCE	2234
ARGENTINA	FRANCE	2237
ARGENTINA	FRANCE	2250
ARGENTINA	FRANCE	2253
ARGENTINA	FRANCE	2255
ARGENTINA	FRANCE	2256
ARGENTINA	FRANCE	2258
ARGENTINA	FRANCE	2263
ARGENTINA	FRANCE	2276
ARGENTINA	FRANCE	2282
ARGENTINA	FRANCE	2287
ARGENTINA	FRANCE	2296
ARGENTINA	FRANCE	2298
ARGENTINA	FRANCE	2304
ARGENTINA	FRANCE	2305
ARGENTINA	FRANCE	2310
ARGENTINA	FRANCE	2313
ARGENTINA	FRANCE	2317
ARGENTINA	FRANCE	2319
ARGENTINA	FRANCE	2325
ARGENTINA	FRANCE	2335
ARGENTINA	FRANCE	2336
ARGENTINA	FRANCE	2338
ARGENTINA	FRANCE	2340
ARGENTINA	FRANCE	2342
ARGENTINA	FRANCE	2346
ARGENTINA	FRANCE	2348
ARGENTINA	FRANCE	2351
ARGENTINA	FRANCE	2356
ARGENTINA	FRANCE	2359
ARGENTINA	FRANCE	2362
ARGENTINA	FRANCE	2375
ARGENTINA	FRANCE	2379
ARGENTINA	FRANCE	2381
ARGENTINA	FRANCE	2382
ARGENTINA	FRANCE	2385
ARGENTINA	FRANCE	2386
ARGENTINA	FRANCE	2392
ARGENTINA	FRANCE	2394
ARGENTINA	FRANCE	2395
ARGENTINA	FRANCE	2400
ARGENTINA	FRANCE	2408
ARGENTINA	FRANCE	2411
ARGENTINA	FRANCE	2412
ARGENTINA	FRANCE	2419
ARGENTINA	FRANCE	2424
ARGENTINA	FRANCE	2429
ARGENTINA	FRANCE	2431
ARGENTINA	FRANCE	2434
ARGENTINA	FRANCE	2441
ARGENTINA	FRANCE	2443
ARGENTINA	FRANCE	2451
ARGENTINA	FRANCE	2454
ARGENTINA	FRANCE	2457
ARGENTINA	FRANCE	2463
ARGENTINA	FRANCE	2467
ARGENTINA	FRANCE	2468
ARGENTINA	FRANCE	2478
ARGENTINA	FRANCE	2480
ARGENTINA	FRANCE	2487
ARGENTINA	FRANCE	2489
ARGENTINA	FRANCE	2490
ARGENTINA	FRANCE	2494
ARGENTINA	FRANCE	2502
ARGENTINA	FRANCE	2503
ARGENTINA	FRANCE	2524
ARGENTINA	FRANCE	2525
ARGENTINA	FRANCE	2526
ARGENTINA	FRANCE	2527
ARGENTINA	FRANCE	2537
ARGENTINA	FRANCE	2539
ARGENTINA	FRANCE	2541
ARGENTINA	FRANCE	2546
ARGENTINA	FRANCE	2549
ARGENTINA	FRANCE	2555
ARGENTINA	FRANCE	2557
ARGENTINA	FRANCE	2558
ARGENTINA	FRANCE	2559
ARGENTINA	FRANCE	2564
ARGENTINA	FRANCE	2565
ARGENTINA	FRANCE	2582
ARGENTINA	FRANCE	2584
ARGENTINA	FRANCE	2585
ARGENTINA	FRANCE	2589
ARGENTINA	FRANCE	2593
ARGENTINA	FRANCE	2594
ARGENTINA	FRANCE	2601
ARGENTINA	FRANCE	2604
ARGENTINA	FRANCE	2611
ARGENTINA	FRANCE	2622
ARGENTINA	FRANCE	2634
ARGENTINA	FRANCE	2645
ARGENTINA	FRANCE	2660
ARGENTINA	FRANCE	2661
ARGENTINA	FRANCE	2664
ARGENTINA	FRANCE	2668
ARGENTINA	FRANCE	2669
ARGENTINA	FRANCE	2672
ARGENTINA	FRANCE	2677
ARGENTINA	FRANCE	2680
ARGENTINA	FRANCE	2683
ARGENTINA	FRANCE	2685
ARGENTINA	FRANCE	2699
ARGENTINA	FRANCE	2700
ARGENTINA	FRANCE	2703
ARGENTINA	FRANCE	2704
ARGENTINA	FRANCE	2705
ARGENTINA	FRANCE	2707
ARGENTINA	FRANCE	2718
ARGENTINA	FRANCE	2721
ARGENTINA	FRANCE	2724
ARGENTINA	FRANCE	2727
ARGENTINA	FRANCE	2729
ARGENTINA	FRANCE	2743
ARGENTINA	FRANCE	2745
ARGENTINA	FRANCE	2748
ARGENTINA	FRANCE	2752
ARGENTINA	FRANCE	2758
ARGENTINA	FRANCE	2774
ARGENTINA	FRANCE	2778
ARGENTINA	FRANCE	2782
ARGENTINA	FRANCE	2783
ARGENTINA	FRANCE	2784
ARGENTINA	FRANCE	2799
ARGENTINA	FRANCE	2800
ARGENTINA	FRANCE	2806
ARGENTINA	FRANCE	2816
ARGENTINA	FRANCE	2824
ARGENTINA	FRANCE	2830
ARGENTINA	FRANCE	2832
ARGENTINA	FRANCE	2835
ARGENTINA	FRANCE	2840
ARGENTINA	FRANCE	2842
ARGENTINA	FRANCE	2844
ARGENTINA	FRANCE	2853
ARGENTINA	FRANCE	2860
ARGENTINA	FRANCE	2862
ARGENTINA	FRANCE	2874
ARGENTINA	FRANCE	2876
ARGENTINA	FRANCE	2879
ARGENTINA	FRANCE	2881
ARGENTINA	FRANCE	2887
ARGENTINA	FRANCE	2888
ARGENTINA	FRANCE	2898
ARGENTINA	FRANCE	2901
ARGENTINA	FRANCE	2902
ARGENTINA	FRANCE	2915
ARGENTINA	FRANCE	2918
ARGENTINA	FRANCE	2919
ARGENTINA	FRANCE	2922
ARGENTINA	FRANCE	2932
ARGENTINA	FRANCE	2936
ARGENTINA	FRANCE	2938
ARGENTINA	FRANCE	2944
ARGENTINA	FRANCE	2948
ARGENTINA	FRANCE	2952
ARGENTINA	FRANCE	2974
ARGENTINA	FRANCE	2979
ARGENTINA	FRANCE	2991
ARGENTINA	FRANCE	3000
ARGENTINA	FRANCE	3009
ARGENTINA	FRANCE	3013
ARGENTINA	FRANCE	3014
ARGENTINA	FRANCE	3016
ARGENTINA	FRANCE	3026
ARGENTINA	FRANCE	3033
ARGENTINA	FRANCE	3038
ARGENTINA	FRANCE	3046
ARGENTINA	FRANCE	3048
ARGENTINA	FRANCE	3061
ARGENTINA	FRANCE	3081
ARGENTINA	FRANCE	3099
ARGENTINA	FRANCE	3103
ARGENTINA	FRANCE	3107
ARGENTINA	FRANCE	3112
ARGENTINA	FRANCE	3116
ARGENTINA	FRANCE	3120
ARGENTINA	FRANCE	3159
ARGENTINA	FRANCE	3179
ARGENTINA	FRANCE	3198
ARGENTINA	FRANCE	3207
ARGENTINA	FRANCE	3208
ARGENTINA	FRANCE	3224
ARGENTINA	FRANCE	3300
ARGENTINA	FRANCE	3302
ARGENTINA	FRANCE	3309
ARGENTINA	FRANCE	3336
ARGENTINA	FRANCE	3372
ARGENTINA	FRANCE	3385
ARGENTINA	FRANCE	3402
ARGENTINA	FRANCE	3411
ARGENTINA	FRANCE	3416
ARGENTINA	FRANCE	3435
ARGENTINA	FRANCE	3468
ARGENTINA	FRANCE	3483
ARGENTINA	FRANCE	3495
ARGENTINA	FRANCE	3512
ARGENTINA	FRANCE	3514
ARGENTINA	FRANCE	3524
ARGENTINA	FRANCE	3531
ARGENTINA	FRANCE	3551
ARGENTINA	FRANCE	3622
ARGENTINA	FRANCE	3664
ARGENTINA	FRANCE	3682
ARGENTINA	FRANCE	3689
ARGENTINA	FRANCE	3712
ARGENTINA	FRANCE	3726
ARGENTINA	FRANCE	3750
ARGENTINA	FRANCE	3787
ARGENTINA	FRANCE	3835
ARGENTINA	FRANCE	3844
ARGENTINA	FRANCE	3864
ARGENTINA	FRANCE	3919
ARGENTINA	FRANCE	4041
ARGENTINA	FRANCE	4050
ARGENTINA	FRANCE	4147
ARGENTINA	FRANCE	4218
ARGENTINA	FRANCE	4277
ARGENTINA	FRANCE	4278
ARGENTINA	FRANCE	4439
ARGENTINA	FRANCE	4460
ARGENTINA	FRANCE	4523
ARGENTINA	FRANCE	4572
ARGENTINA	FRANCE	4654
ARGENTINA	FRANCE	4716
ARGENTINA	FRANCE	4786
ARGENTINA	FRANCE	4824
ARGENTINA	FRANCE	4850
ARGENTINA	FRANCE	4885
ARGENTINA	FRANCE	5145
ARGENTINA	FRANCE	5231
ARGENTINA	FRANCE	5245
ARGENTINA	FRANCE	5297
ARGENTINA	FRANCE	5368
ARGENTINA	FRANCE	5379
ARGENTINA	FRANCE	5410
ARGENTINA	FRANCE	5460
ARGENTINA	FRANCE	5533
ARGENTINA	FRANCE	5581
ARGENTINA	FRANCE	5610
ARGENTINA	FRANCE	5694
ARGENTINA	FRANCE	5716
ARGENTINA	FRANCE	5738
ARGENTINA	FRANCE	5762
ARGENTINA	FRANCE	5841
ARGENTINA	FRANCE	5864
ARGENTINA	FRANCE	5925
ARGENTINA	FRANCE	6003
ARGENTINA	FRANCE	6006
ARGENTINA	FRANCE	6047
ARGENTINA	FRANCE	6071
ARGENTINA	FRANCE	6111
ARGENTINA	FRANCE	6119
ARGENTINA	FRANCE	6133
ARGENTINA	FRANCE	6189
ARGENTINA	FRANCE	6218
ARGENTINA	FRANCE	6304
ARGENTINA	FRANCE	6367
ARGENTINA	FRANCE	6426
ARGENTINA	FRANCE	6460
ARGENTINA	FRANCE	6494
ARGENTINA	FRANCE	6544
ARGENTINA	FRANCE	6603
ARGENTINA	FRANCE	6624
ARGENTINA	FRANCE	6641
ARGENTINA	FRANCE	6682
ARGENTINA	FRANCE	6688
ARGENTINA	FRANCE	6802
ARGENTINA	FRANCE	6834
ARGENTINA	FRANCE	6873
ARGENTINA	FRANCE	6995
ARGENTINA	FRANCE	7101
ARGENTINA	FRANCE	7125
ARGENTINA	FRANCE	7266
ARGENTINA	FRANCE	7277
ARGENTINA	FRANCE	7308
ARGENTINA	FRANCE	7322
ARGENTINA	FRANCE	7369
ARGENTINA	FRANCE	7423
ARGENTINA	FRANCE	7473
ARGENTINA	FRANCE	7480
ARGENTINA	FRANCE	7511
ARGENTINA	FRANCE	7572
ARGENTINA	FRANCE	7605
ARGENTINA	FRANCE	7650
ARGENTINA	FRANCE	7660
ARGENTINA	FRANCE	7689
ARGENTINA	FRANCE	7698
ARGENTINA	FRANCE	7769
ARGENTINA	FRANCE	7775
ARGENTINA	FRANCE	7818
ARGENTINA	FRANCE	7830
ARGENTINA	FRANCE	7843
ARGENTINA	FRANCE	7868
ARGENTINA	FRANCE	7895
ARGENTINA	FRANCE	7913
ARGENTINA	FRANCE	8036
ARGENTINA	FRANCE	8079
ARGENTINA	FRANCE	8125
ARGENTINA	FRANCE	8144
ARGENTINA	FRANCE	8170
ARGENTINA	FRANCE	8202
ARGENTINA	FRANCE	8287
ARGENTINA	FRANCE	8408
ARGENTINA	FRANCE	8494
ARGENTINA	FRANCE	8512
ARGENTINA	FRANCE	8564
ARGENTINA	FRANCE	8612
ARGENTINA	FRANCE	8713
ARGENTINA	FRANCE	8846
ARGENTINA	FRANCE	8874
ARGENTINA	FRANCE	8879
ARGENTINA	FRANCE	8909
ARGENTINA	FRANCE	8927
ARGENTINA	FRANCE	8937
ARGENTINA	FRANCE	8959
ARGENTINA	FRANCE	8971
ARGENTINA	FRANCE	8985
ARGENTINA	FRANCE	9045
ARGENTINA	FRANCE	9083
ARGENTINA	FRANCE	9106
ARGENTINA	FRANCE	9248
ARGENTINA	FRANCE	9263
ARGENTINA	FRANCE	9307
ARGENTINA	FRANCE	9468
ARGENTINA	FRANCE	9498
ARGENTINA	FRANCE	9546
ARGENTINA	FRANCE	9552
ARGENTINA	FRANCE	9600
ARGENTINA	FRANCE	9656
ARGENTINA	FRANCE	9657
ARGENTINA	FRANCE	9719
ARGENTINA	FRANCE	9720
ARGENTINA	FRANCE	9751
ARGENTINA	FRANCE	9810
ARGENTINA	FRANCE	9814
ARGENTINA	FRANCE	9820
ARGENTINA	FRANCE	9824
ARGENTINA	FRANCE	9831
ARGENTINA	FRANCE	9974
BRAZIL	FRANCE	1000
BRAZIL	FRANCE	1002
BRAZIL	FRANCE	1004
BRAZIL	FRANCE	1005
BRAZIL	FRANCE	1016
BRAZIL	FRANCE	1017
BRAZIL	FRANCE	1019
BRAZIL	FRANCE	1023
BRAZIL	FRANCE	1032
BRAZIL	FRANCE	1034
BRAZIL	FRANCE	1038
BRAZIL	FRANCE	1040
BRAZIL	FRANCE	1042
BRAZIL	FRANCE	1046
BRAZIL	FRANCE	1057
BRAZIL	FRANCE	1058
BRAZIL	FRANCE	1059
BRAZIL	FRANCE	1060
BRAZIL	FRANCE	1061
BRAZIL	FRANCE	1066
BRAZIL	FRANCE	1067
BRAZIL	FRANCE	1070
BRAZIL	FRANCE	1072
BRAZIL	FRANCE	1078
BRAZIL	FRANCE	1080
BRAZIL	FRANCE	1082
BRAZIL	FRANCE	1084
BRAZIL	FRANCE	1089
BRAZIL	FRANCE	1092
BRAZIL	FRANCE	1099
BRAZIL	FRANCE	1100
BRAZIL	FRANCE	1107
BRAZIL	FRANCE	1110
BRAZIL	FRANCE	1113
BRAZIL	FRANCE	1117
BRAZIL	FRANCE	1120
BRAZIL	FRANCE	1122
BRAZIL	FRANCE	1124
BRAZIL	FRANCE	1126
BRAZIL	FRANCE	1128
BRAZIL	FRANCE	1131
BRAZIL	FRANCE	1132
BRAZIL	FRANCE	1134
BRAZIL	FRANCE	1137
BRAZIL	FRANCE	1138
BRAZIL	FRANCE	1139
BRAZIL	FRANCE	1142
BRAZIL	FRANCE	1144
BRAZIL	FRANCE	1149
BRAZIL	FRANCE	1154
BRAZIL	FRANCE	1155
BRAZIL	FRANCE	1156
BRAZIL	FRANCE	1160
BRAZIL	FRANCE	1161
BRAZIL	FRANCE	1168
BRAZIL	FRANCE	1169
BRAZIL	FRANCE	1178
BRAZIL	FRANCE	1180
BRAZIL	FRANCE	1181
BRAZIL	FRANCE	1184
BRAZIL	FRANCE	1185
BRAZIL	FRANCE	1200
BRAZIL	FRANCE	1202
BRAZIL	FRANCE	1210
BRAZIL	FRANCE	1220
BRAZIL	FRANCE	1221
BRAZIL	FRANCE	1227
BRAZIL	FRANCE	1228
BRAZIL	FRANCE	1231
BRAZIL	FRANCE	1232
BRAZIL	FRANCE	1233
BRAZIL	FRANCE	1234
BRAZIL	FRANCE	1237
BRAZIL	FRANCE	1241
BRAZIL	FRANCE	1247
BRAZIL	FRANCE	1250
BRAZIL	FRANCE	1258
BRAZIL	FRANCE	1261
BRAZIL	FRANCE	1267
BRAZIL	FRANCE	1268
BRAZIL	FRANCE	1272
BRAZIL	FRANCE	1277
BRAZIL	FRANCE	1280
BRAZIL	FRANCE	1283
BRAZIL	FRANCE	1292
BRAZIL	FRANCE	1295
BRAZIL	FRANCE	1297
BRAZIL	FRANCE	1305
BRAZIL	FRANCE	1306
BRAZIL	FRANCE	1307
BRAZIL	FRANCE	1308
BRAZIL	FRANCE	1311
BRAZIL	FRANCE	1313
BRAZIL	FRANCE	1317
BRAZIL	FRANCE	1318
BRAZIL	FRANCE	1321
BRAZIL	FRANCE	1326
BRAZIL	FRANCE	1331
BRAZIL	FRANCE	1342
BRAZIL	FRANCE	1344
BRAZIL	FRANCE	1352
BRAZIL	FRANCE	1356
BRAZIL	FRANCE	1357
BRAZIL	FRANCE	1359
BRAZIL	FRANCE	1362
BRAZIL	FRANCE	1363
BRAZIL	FRANCE	1368
BRAZIL	FRANCE	1371
BRAZIL	FRANCE	1372
BRAZIL	FRANCE	1374
BRAZIL	FRANCE	1375
BRAZIL	FRANCE	1376
BRAZIL	FRANCE	1377
BRAZIL	FRANCE	1381
BRAZIL	FRANCE	1383
BRAZIL	FRANCE	1392
BRAZIL	FRANCE	1398
BRAZIL	FRANCE	1400
BRAZIL	FRANCE	1406
BRAZIL	FRANCE	1407
BRAZIL	FRANCE	1410
BRAZIL	FRANCE	1412
BRAZIL	FRANCE	1416
BRAZIL	FRANCE	1422
BRAZIL	FRANCE	1425
BRAZIL	FRANCE	1429
BRAZIL	FRANCE	1431
BRAZIL	FRANCE	1433
BRAZIL	FRANCE	1434
BRAZIL	FRANCE	1435
BRAZIL	FRANCE	1437
BRAZIL	FRANCE	1443
BRAZIL	FRANCE	1444
BRAZIL	FRANCE	1446
BRAZIL	FRANCE	1448
BRAZIL	FRANCE	1449
BRAZIL	FRANCE	1450
BRAZIL	FRANCE	1454
BRAZIL	FRANCE	1456
BRAZIL	FRANCE	1458
BRAZIL	FRANCE	1462
BRAZIL	FRANCE	1471
BRAZIL	FRANCE	1474
BRAZIL	FRANCE	1476
BRAZIL	FRANCE	1486
BRAZIL	FRANCE	1487
BRAZIL	FRANCE	1494
BRAZIL	FRANCE	1495
BRAZIL	FRANCE	1497
BRAZIL	FRANCE	1498
BRAZIL	FRANCE	1501
BRAZIL	FRANCE	1504
BRAZIL	FRANCE	1515
BRAZIL	FRANCE	1517
BRAZIL	FRANCE	1519
BRAZIL	FRANCE	1522
BRAZIL	FRANCE	1523
BRAZIL	FRANCE	1524
BRAZIL	FRANCE	1525
BRAZIL	FRANCE	1526
BRAZIL	FRANCE	1530
BRAZIL	FRANCE	1533
BRAZIL	FRANCE	1542
BRAZIL	FRANCE	1548
BRAZIL	FRANCE	1550
BRAZIL	FRANCE	1551
BRAZIL	FRANCE	1554
BRAZIL	FRANCE	1555
BRAZIL	FRANCE	1558
BRAZIL	FRANCE	1559
BRAZIL	FRANCE	1560
BRAZIL	FRANCE	1563
BRAZIL	FRANCE	1564
BRAZIL	FRANCE	1569
BRAZIL	FRANCE	1571
BRAZIL	FRANCE	1576
BRAZIL	FRANCE	1579
BRAZIL	FRANCE	1580
BRAZIL	FRANCE	1589
BRAZIL	FRANCE	1593
BRAZIL	FRANCE	1597
BRAZIL	FRANCE	1600
BRAZIL	FRANCE	1601
BRAZIL	FRANCE	1608
BRAZIL	FRANCE	1611
BRAZIL	FRANCE	1612
BRAZIL	FRANCE	1613
BRAZIL	FRANCE	1616
BRAZIL	FRANCE	1619
BRAZIL	FRANCE	1620
BRAZIL	FRANCE	1623
BRAZIL	FRANCE	1624
BRAZIL	FRANCE	1625
BRAZIL	FRANCE	1626
BRAZIL	FRANCE	1628
BRAZIL	FRANCE	1635
BRAZIL	FRANCE	1641
BRAZIL	FRANCE	1643
BRAZIL	FRANCE	1646
BRAZIL	FRANCE	1649
BRAZIL	FRANCE	1650
BRAZIL	FRANCE	1656
BRAZIL	FRANCE	1658
BRAZIL	FRANCE	1660
BRAZIL	FRANCE	1661
BRAZIL	FRANCE	1663
BRAZIL	FRANCE	1664
BRAZIL	FRANCE	1666
BRAZIL	FRANCE	1667
BRAZIL	FRANCE	1668
BRAZIL	FRANCE	1670
BRAZIL	FRANCE	1671
BRAZIL	FRANCE	1676
BRAZIL	FRANCE	1677
BRAZIL	FRANCE	1679
BRAZIL	FRANCE	1682
BRAZIL	FRANCE	1685
BRAZIL	FRANCE	1686
BRAZIL	FRANCE	1687
BRAZIL	FRANCE	1689
BRAZIL	FRANCE	1690
BRAZIL	FRANCE	1691
BRAZIL	FRANCE	1693
BRAZIL	FRANCE	1694
BRAZIL	FRANCE	1696
BRAZIL	FRANCE	1698
BRAZIL	FRANCE	1700
BRAZIL	FRANCE	1704
BRAZIL	FRANCE	1706
BRAZIL	FRANCE	1707
BRAZIL	FRANCE	1710
BRAZIL	FRANCE	1711
BRAZIL	FRANCE	1712
BRAZIL	FRANCE	1714
BRAZIL	FRANCE	1716
BRAZIL	FRANCE	1718
BRAZIL	FRANCE	1720
BRAZIL	FRANCE	1721
BRAZIL	FRANCE	1723
BRAZIL	FRANCE	1725
BRAZIL	FRANCE	1726
BRAZIL	FRANCE	1728
BRAZIL	FRANCE	1734
BRAZIL	FRANCE	1740
BRAZIL	FRANCE	1741
BRAZIL	FRANCE	1746
BRAZIL	FRANCE	1747
BRAZIL	FRANCE	1748
BRAZIL	FRANCE	1750
BRAZIL	FRANCE	1753
BRAZIL	FRANCE	1758
BRAZIL	FRANCE	1762
BRAZIL	FRANCE	1763
BRAZIL	FRANCE	1764
BRAZIL	FRANCE	1768
BRAZIL	FRANCE	1769
BRAZIL	FRANCE	1771
BRAZIL	FRANCE	1772
BRAZIL	FRANCE	1779
BRAZIL	FRANCE	1780
BRAZIL	FRANCE	1787
BRAZIL	FRANCE	1790
BRAZIL	FRANCE	1791
BRAZIL	FRANCE	1792
BRAZIL	FRANCE	1793
BRAZIL	FRANCE	1796
BRAZIL	FRANCE	1797
BRAZIL	FRANCE	1801
BRAZIL	FRANCE	1802
BRAZIL	FRANCE	1804
BRAZIL	FRANCE	1806
BRAZIL	FRANCE	1809
BRAZIL	FRANCE	1814
BRAZIL	FRANCE	1816
BRAZIL	FRANCE	1819
BRAZIL	FRANCE	1820
BRAZIL	FRANCE	1821
BRAZIL	FRANCE	1824
BRAZIL	FRANCE	1826
BRAZIL	FRANCE	1831
BRAZIL	FRANCE	1832
BRAZIL	FRANCE	1833
BRAZIL	FRANCE	1834
BRAZIL	FRANCE	1837
BRAZIL	FRANCE	1839
BRAZIL	FRANCE	1843
BRAZIL	FRANCE	1846
BRAZIL	FRANCE	1847
BRAZIL	FRANCE	1853
BRAZIL	FRANCE	1857
BRAZIL	FRANCE	1858
BRAZIL	FRANCE	1860
BRAZIL	FRANCE	1863
BRAZIL	FRANCE	1866
BRAZIL	FRANCE	1868
BRAZIL	FRANCE	1872
BRAZIL	FRANCE	1877
BRAZIL	FRANCE	1878
BRAZIL	FRANCE	1882
BRAZIL	FRANCE	1886
BRAZIL	FRANCE	1890
BRAZIL	FRANCE	1894
BRAZIL	FRANCE	1900
BRAZIL	FRANCE	1901
BRAZIL	FRANCE	1903
BRAZIL	FRANCE	1904
BRAZIL	FRANCE	1905
BRAZIL	FRANCE	1906
BRAZIL	FRANCE	1907
BRAZIL	FRANCE	1908
BRAZIL	FRANCE	1909
BRAZIL	FRANCE	1911
BRAZIL	FRANCE	1913
BRAZIL	FRANCE	1919
BRAZIL	FRANCE	1920
BRAZIL	FRANCE	1923
BRAZIL	FRANCE	1927
BRAZIL	FRANCE	1932
BRAZIL	FRANCE	1934
BRAZIL	FRANCE	1939
BRAZIL	FRANCE	1942
BRAZIL	FRANCE	1946
BRAZIL	FRANCE	1947
BRAZIL	FRANCE	1948
BRAZIL	FRANCE	1951
BRAZIL	FRANCE	1955
BRAZIL	FRANCE	1958
BRAZIL	FRANCE	1960
BRAZIL	FRANCE	1961
BRAZIL	FRANCE	1963
BRAZIL	FRANCE	1973
BRAZIL	FRANCE	1974
BRAZIL	FRANCE	1977
BRAZIL	FRANCE	1980
BRAZIL	FRANCE	1981
BRAZIL	FRANCE	1988
BRAZIL	FRANCE	1989
BRAZIL	FRANCE	1994
BRAZIL	FRANCE	1999
BRAZIL	FRANCE	2000
BRAZIL	FRANCE	2001
BRAZIL	FRANCE	2003
BRAZIL	FRANCE	2004
BRAZIL	FRANCE	2010
BRAZIL	FRANCE	2013
BRAZIL	FRANCE	2017
BRAZIL	FRANCE	2021
BRAZIL	FRANCE	2023
BRAZIL	FRANCE	2028
BRAZIL	FRANCE	2031
BRAZIL	FRANCE	2032
BRAZIL	FRANCE	2033
BRAZIL	FRANCE	2035
BRAZIL	FRANCE	2037
BRAZIL	FRANCE	2040
BRAZIL	FRANCE	2042
BRAZIL	FRANCE	2046
BRAZIL	FRANCE	2047
BRAZIL	FRANCE	2048
BRAZIL	FRANCE	2053
BRAZIL	FRANCE	2056
BRAZIL	FRANCE	2057
BRAZIL	FRANCE	2061
BRAZIL	FRANCE	2064
BRAZIL	FRANCE	2066
BRAZIL	FRANCE	2067
BRAZIL	FRANCE	2068
BRAZIL	FRANCE	2069
BRAZIL	FRANCE	2074
BRAZIL	FRANCE	2087
BRAZIL	FRANCE	2091
BRAZIL	FRANCE	2093
BRAZIL	FRANCE	2095
BRAZIL	FRANCE	2097
BRAZIL	FRANCE	2100
BRAZIL	FRANCE	2105
BRAZIL	FRANCE	2114
BRAZIL	FRANCE	2119
BRAZIL	FRANCE	2120
BRAZIL	FRANCE	2122
BRAZIL	FRANCE	2123
BRAZIL	FRANCE	2125
BRAZIL	FRANCE	2126
BRAZIL	FRANCE	2134
BRAZIL	FRANCE	2141
BRAZIL	FRANCE	2143
BRAZIL	FRANCE	2144
BRAZIL	FRANCE	2145
BRAZIL	FRANCE	2146
BRAZIL	FRANCE	2147
BRAZIL	FRANCE	2148
BRAZIL	FRANCE	2155
BRAZIL	FRANCE	2157
BRAZIL	FRANCE	2158
BRAZIL	FRANCE	2159
BRAZIL	FRANCE	2160
BRAZIL	FRANCE	2161
BRAZIL	FRANCE	2163
BRAZIL	FRANCE	2168
BRAZIL	FRANCE	2171
BRAZIL	FRANCE	2174
BRAZIL	FRANCE	2178
BRAZIL	FRANCE	2181
BRAZIL	FRANCE	2187
BRAZIL	FRANCE	2188
BRAZIL	FRANCE	2189
BRAZIL	FRANCE	2190
BRAZIL	FRANCE	2195
BRAZIL	FRANCE	2196
BRAZIL	FRANCE	2204
BRAZIL	FRANCE	2207
BRAZIL	FRANCE	2211
BRAZIL	FRANCE	2212
BRAZIL	FRANCE	2220
BRAZIL	FRANCE	2224
BRAZIL	FRANCE	2226
BRAZIL	FRANCE	2237
BRAZIL	FRANCE	2245
BRAZIL	FRANCE	2256
BRAZIL	FRANCE	2258
BRAZIL	FRANCE	2264
BRAZIL	FRANCE	2265
BRAZIL	FRANCE	2267
BRAZIL	FRANCE	2268
BRAZIL	FRANCE	2273
BRAZIL	FRANCE	2276
BRAZIL	FRANCE	2277
BRAZIL	FRANCE	2281
BRAZIL	FRANCE	2283
BRAZIL	FRANCE	2285
BRAZIL	FRANCE	2289
BRAZIL	FRANCE	2292
BRAZIL	FRANCE	2294
BRAZIL	FRANCE	2297
BRAZIL	FRANCE	2298
BRAZIL	FRANCE	2302
BRAZIL	FRANCE	2306
BRAZIL	FRANCE	2307
BRAZIL	FRANCE	2309
BRAZIL	FRANCE	2312
BRAZIL	FRANCE	2313
BRAZIL	FRANCE	2315
BRAZIL	FRANCE	2316
BRAZIL	FRANCE	2321
BRAZIL	FRANCE	2323
BRAZIL	FRANCE	2324
BRAZIL	FRANCE	2327
BRAZIL	FRANCE	2335
BRAZIL	FRANCE	2340
BRAZIL	FRANCE	2341
BRAZIL	FRANCE	2342
BRAZIL	FRANCE	2344
BRAZIL	FRANCE	2349
BRAZIL	FRANCE	2350
BRAZIL	FRANCE	2354
BRAZIL	FRANCE	2355
BRAZIL	FRANCE	2360
BRAZIL	FRANCE	2365
BRAZIL	FRANCE	2369
BRAZIL	FRANCE	2374
BRAZIL	FRANCE	2375
BRAZIL	FRANCE	2377
BRAZIL	FRANCE	2379
BRAZIL	FRANCE	2384
BRAZIL	FRANCE	2386
BRAZIL	FRANCE	2387
BRAZIL	FRANCE	2389
BRAZIL	FRANCE	2400
BRAZIL	FRANCE	2401
BRAZIL	FRANCE	2402
BRAZIL	FRANCE	2403
BRAZIL	FRANCE	2409
BRAZIL	FRANCE	2413
BRAZIL	FRANCE	2417
BRAZIL	FRANCE	2419
BRAZIL	FRANCE	2422
BRAZIL	FRANCE	2424
BRAZIL	FRANCE	2425
BRAZIL	FRANCE	2429
BRAZIL	FRANCE	2433
BRAZIL	FRANCE	2435
BRAZIL	FRANCE	2436
BRAZIL	FRANCE	2454
BRAZIL	FRANCE	2463
BRAZIL	FRANCE	2465
BRAZIL	FRANCE	2467
BRAZIL	FRANCE	2476
BRAZIL	FRANCE	2478
BRAZIL	FRANCE	2480
BRAZIL	FRANCE	2481
BRAZIL	FRANCE	2487
BRAZIL	FRANCE	2488
BRAZIL	FRANCE	2493
BRAZIL	FRANCE	2494
BRAZIL	FRANCE	2495
BRAZIL	FRANCE	2497
BRAZIL	FRANCE	2499
BRAZIL	FRANCE	2500
BRAZIL	FRANCE	2507
BRAZIL	FRANCE	2509
BRAZIL	FRANCE	2512
BRAZIL	FRANCE	2513
BRAZIL	FRANCE	2526
BRAZIL	FRANCE	2529
BRAZIL	FRANCE	2531
BRAZIL	FRANCE	2533
BRAZIL	FRANCE	2537
BRAZIL	FRANCE	2538
BRAZIL	FRANCE	2539
BRAZIL	FRANCE	2544
BRAZIL	FRANCE	2546
BRAZIL	FRANCE	2551
BRAZIL	FRANCE	2559
BRAZIL	FRANCE	2562
BRAZIL	FRANCE	2565
BRAZIL	FRANCE	2571
BRAZIL	FRANCE	2576
BRAZIL	FRANCE	2581
BRAZIL	FRANCE	2583
BRAZIL	FRANCE	2585
BRAZIL	FRANCE	2589
BRAZIL	FRANCE	2594
BRAZIL	FRANCE	2605
BRAZIL	FRANCE	2616
BRAZIL	FRANCE	2619
BRAZIL	FRANCE	2631
BRAZIL	FRANCE	2632
BRAZIL	FRANCE	2634
BRAZIL	FRANCE	2635
BRAZIL	FRANCE	2642
BRAZIL	FRANCE	2644
BRAZIL	FRANCE	2660
BRAZIL	FRANCE	2668
BRAZIL	FRANCE	2673
BRAZIL	FRANCE	2677
BRAZIL	FRANCE	2678
BRAZIL	FRANCE	2679
BRAZIL	FRANCE	2680
BRAZIL	FRANCE	2681
BRAZIL	FRANCE	2684
BRAZIL	FRANCE	2685
BRAZIL	FRANCE	2690
BRAZIL	FRANCE	2692
BRAZIL	FRANCE	2693
BRAZIL	FRANCE	2694
BRAZIL	FRANCE	2705
BRAZIL	FRANCE	2712
BRAZIL	FRANCE	2719
BRAZIL	FRANCE	2724
BRAZIL	FRANCE	2726
BRAZIL	FRANCE	2729
BRAZIL	FRANCE	2730
BRAZIL	FRANCE	2732
BRAZIL	FRANCE	2734
BRAZIL	FRANCE	2747
BRAZIL	FRANCE	2748
BRAZIL	FRANCE	2749
BRAZIL	FRANCE	2758
BRAZIL	FRANCE	2761
BRAZIL	FRANCE	2772
BRAZIL	FRANCE	2779
BRAZIL	FRANCE	2784
BRAZIL	FRANCE	2787
BRAZIL	FRANCE	2789
BRAZIL	FRANCE	2790
BRAZIL	FRANCE	2798
BRAZIL	FRANCE	2800
BRAZIL	FRANCE	2805
BRAZIL	FRANCE	2809
BRAZIL	FRANCE	2810
BRAZIL	FRANCE	2828
BRAZIL	FRANCE	2830
BRAZIL	FRANCE	2835
BRAZIL	FRANCE	2836
BRAZIL	FRANCE	2839
BRAZIL	FRANCE	2842
BRAZIL	FRANCE	2843
BRAZIL	FRANCE	2844
BRAZIL	FRANCE	2854
BRAZIL	FRANCE	2859
BRAZIL	FRANCE	2860
BRAZIL	FRANCE	2864
BRAZIL	FRANCE	2867
BRAZIL	FRANCE	2869
BRAZIL	FRANCE	2870
BRAZIL	FRANCE	2879
BRAZIL	FRANCE	2881
BRAZIL	FRANCE	2882
BRAZIL	FRANCE	2883
BRAZIL	FRANCE	2885
BRAZIL	FRANCE	2887
BRAZIL	FRANCE	2894
BRAZIL	FRANCE	2904
BRAZIL	FRANCE	2908
BRAZIL	FRANCE	2910
BRAZIL	FRANCE	2915
BRAZIL	FRANCE	2918
BRAZIL	FRANCE	2932
BRAZIL	FRANCE	2936
BRAZIL	FRANCE	2938
BRAZIL	FRANCE	2945
BRAZIL	FRANCE	2946
BRAZIL	FRANCE	2948
BRAZIL	FRANCE	2952
BRAZIL	FRANCE	2954
BRAZIL	FRANCE	2958
BRAZIL	FRANCE	2967
BRAZIL	FRANCE	2979
BRAZIL	FRANCE	2980
BRAZIL	FRANCE	2995
BRAZIL	FRANCE	3013
BRAZIL	FRANCE	3023
BRAZIL	FRANCE	3026
BRAZIL	FRANCE	3042
BRAZIL	FRANCE	3046
BRAZIL	FRANCE	3053
BRAZIL	FRANCE	3064
BRAZIL	FRANCE	3074
BRAZIL	FRANCE	3076
BRAZIL	FRANCE	3080
BRAZIL	FRANCE	3090
BRAZIL	FRANCE	3107
BRAZIL	FRANCE	3145
BRAZIL	FRANCE	3148
BRAZIL	FRANCE	3156
BRAZIL	FRANCE	3164
BRAZIL	FRANCE	3174
BRAZIL	FRANCE	3177
BRAZIL	FRANCE	3179
BRAZIL	FRANCE	3186
BRAZIL	FRANCE	3195
BRAZIL	FRANCE	3201
BRAZIL	FRANCE	3206
BRAZIL	FRANCE	3211
BRAZIL	FRANCE	3214
BRAZIL	FRANCE	3219
BRAZIL	FRANCE	3261
BRAZIL	FRANCE	3277
BRAZIL	FRANCE	3326
BRAZIL	FRANCE	3336
BRAZIL	FRANCE	3341
BRAZIL	FRANCE	3375
BRAZIL	FRANCE	3393
BRAZIL	FRANCE	3411
BRAZIL	FRANCE	3416
BRAZIL	FRANCE	3434
BRAZIL	FRANCE	3437
BRAZIL	FRANCE	3442
BRAZIL	FRANCE	3452
BRAZIL	FRANCE	3477
BRAZIL	FRANCE	3490
BRAZIL	FRANCE	3495
BRAZIL	FRANCE	3496
BRAZIL	FRANCE	3502
BRAZIL	FRANCE	3511
BRAZIL	FRANCE	3522
BRAZIL	FRANCE	3539
BRAZIL	FRANCE	3556
BRAZIL	FRANCE	3570
BRAZIL	FRANCE	3587
BRAZIL	FRANCE	3591
BRAZIL	FRANCE	3617
BRAZIL	FRANCE	3664
BRAZIL	FRANCE	3669
BRAZIL	FRANCE	3720
BRAZIL	FRANCE	3743
BRAZIL	FRANCE	3768
BRAZIL	FRANCE	3787
BRAZIL	FRANCE	3791
BRAZIL	FRANCE	3844
BRAZIL	FRANCE	3853
BRAZIL	FRANCE	3865
BRAZIL	FRANCE	3892
BRAZIL	FRANCE	3901
BRAZIL	FRANCE	3909
BRAZIL	FRANCE	3983
BRAZIL	FRANCE	4058
BRAZIL	FRANCE	4172
BRAZIL	FRANCE	4199
BRAZIL	FRANCE	4235
BRAZIL	FRANCE	4278
BRAZIL	FRANCE	4292
BRAZIL	FRANCE	4319
BRAZIL	FRANCE	4453
BRAZIL	FRANCE	4476
BRAZIL	FRANCE	4587
BRAZIL	FRANCE	4762
BRAZIL	FRANCE	4763
BRAZIL	FRANCE	4769
BRAZIL	FRANCE	4810
BRAZIL	FRANCE	4902
BRAZIL	FRANCE	4969
BRAZIL	FRANCE	5088
BRAZIL	FRANCE	5112
BRAZIL	FRANCE	5130
BRAZIL	FRANCE	5219
BRAZIL	FRANCE	5272
BRAZIL	FRANCE	5320
BRAZIL	FRANCE	5373
BRAZIL	FRANCE	5422
BRAZIL	FRANCE	5470
BRAZIL	FRANCE	5486
BRAZIL	FRANCE	5619
BRAZIL	FRANCE	5671
BRAZIL	FRANCE	5728
BRAZIL	FRANCE	5756
BRAZIL	FRANCE	5762
BRAZIL	FRANCE	5846
BRAZIL	FRANCE	5866
BRAZIL	FRANCE	5875
BRAZIL	FRANCE	5880
BRAZIL	FRANCE	5889
BRAZIL	FRANCE	5951
BRAZIL	FRANCE	5969
BRAZIL	FRANCE	6048
BRAZIL	FRANCE	6084
BRAZIL	FRANCE	6139
BRAZIL	FRANCE	6147
BRAZIL	FRANCE	6164
BRAZIL	FRANCE	6188
BRAZIL	FRANCE	6247
BRAZIL	FRANCE	6326
BRAZIL	FRANCE	6350
BRAZIL	FRANCE	6374
BRAZIL	FRANCE	6382
BRAZIL	FRANCE	6436
BRAZIL	FRANCE	6477
BRAZIL	FRANCE	6532
BRAZIL	FRANCE	6537
BRAZIL	FRANCE	6550
BRAZIL	FRANCE	6579
BRAZIL	FRANCE	6589
BRAZIL	FRANCE	6603
BRAZIL	FRANCE	6675
BRAZIL	FRANCE	6692
BRAZIL	FRANCE	6704
BRAZIL	FRANCE	6782
BRAZIL	FRANCE	6804
BRAZIL	FRANCE	6947
BRAZIL	FRANCE	6952
BRAZIL	FRANCE	6967
BRAZIL	FRANCE	6970
BRAZIL	FRANCE	7028
BRAZIL	FRANCE	7170
BRAZIL	FRANCE	7171
BRAZIL	FRANCE	7204
BRAZIL	FRANCE	7247
BRAZIL	FRANCE	7296
BRAZIL	FRANCE	7421
BRAZIL	FRANCE	7464
BRAZIL	FRANCE	7521
BRAZIL	FRANCE	7533
BRAZIL	FRANCE	7594
BRAZIL	FRANCE	7601
BRAZIL	FRANCE	7606
BRAZIL	FRANCE	7653
BRAZIL	FRANCE	7692
BRAZIL	FRANCE	7697
BRAZIL	FRANCE	7729
BRAZIL	FRANCE	7769
BRAZIL	FRANCE	7864
BRAZIL	FRANCE	7882
BRAZIL	FRANCE	7912
BRAZIL	FRANCE	7951
BRAZIL	FRANCE	7992
BRAZIL	FRANCE	8106
BRAZIL	FRANCE	8120
BRAZIL	FRANCE	8165
BRAZIL	FRANCE	8175
BRAZIL	FRANCE	8204
BRAZIL	FRANCE	8232
BRAZIL	FRANCE	8281
BRAZIL	FRANCE	8300
BRAZIL	FRANCE	8311
BRAZIL	FRANCE	8326
BRAZIL	FRANCE	8333
BRAZIL	FRANCE	8357
BRAZIL	FRANCE	8542
BRAZIL	FRANCE	8561
BRAZIL	FRANCE	8572
BRAZIL	FRANCE	8582
BRAZIL	FRANCE	8608
BRAZIL	FRANCE	8662
BRAZIL	FRANCE	8664
BRAZIL	FRANCE	8711
BRAZIL	FRANCE	8772
BRAZIL	FRANCE	8779
BRAZIL	FRANCE	8820
BRAZIL	FRANCE	8848
BRAZIL	FRANCE	8867
BRAZIL	FRANCE	8874
BRAZIL	FRANCE	8880
BRAZIL	FRANCE	8898
BRAZIL	FRANCE	8927
BRAZIL	FRANCE	9015
BRAZIL	FRANCE	9090
BRAZIL	FRANCE	9103
BRAZIL	FRANCE	9134
BRAZIL	FRANCE	9160
BRAZIL	FRANCE	9199
BRAZIL	FRANCE	9216
BRAZIL	FRANCE	9246
BRAZIL	FRANCE	9263
BRAZIL	FRANCE	9296
BRAZIL	FRANCE	9307
BRAZIL	FRANCE	9382
BRAZIL	FRANCE	9493
BRAZIL	FRANCE	9540
BRAZIL	FRANCE	9587
BRAZIL	FRANCE	9670
BRAZIL	FRANCE	9674
BRAZIL	FRANCE	9697
BRAZIL	FRANCE	9895
BRAZIL	FRANCE	9936
BRAZIL	FRANCE	9974
CANADA	FRANCE	1007
CANADA	FRANCE	1009
CANADA	FRANCE	1014
CANADA	FRANCE	1016
CANADA	FRANCE	1022
CANADA	FRANCE	1023
CANADA	FRANCE	1025
CANADA	FRANCE	1031
CANADA	FRANCE	1033
CANADA	FRANCE	1035
CANADA	FRANCE	1042
CANADA	FRANCE	1053
CANADA	FRANCE	1060
CANADA	FRANCE	1061
CANADA	FRANCE	1066
CANADA	FRANCE	1067
CANADA	FRANCE	1070
CANADA	FRANCE	1071
CANADA	FRANCE	1072
CANADA	FRANCE	1075
CANADA	FRANCE	1077
CANADA	FRANCE	1078
CANADA	FRANCE	1079
CANADA	FRANCE	1080
CANADA	FRANCE	1083
CANADA	FRANCE	1085
CANADA	FRANCE	1088
CANADA	FRANCE	1091
CANADA	FRANCE	1093
CANADA	FRANCE	1095
CANADA	FRANCE	1099
CANADA	FRANCE	1100
CANADA	FRANCE	1103
CANADA	FRANCE	1104
CANADA	FRANCE	1108
CANADA	FRANCE	1110
CANADA	FRANCE	1111
CANADA	FRANCE	1113
CANADA	FRANCE	1117
CANADA	FRANCE	1122
CANADA	FRANCE	1127
CANADA	FRANCE	1131
CANADA	FRANCE	1134
CANADA	FRANCE	1139
CANADA	FRANCE	1142
CANADA	FRANCE	1144
CANADA	FRANCE	1146
CANADA	FRANCE	1148
CANADA	FRANCE	1156
CANADA	FRANCE	1157
CANADA	FRANCE	1160
CANADA	FRANCE	1161
CANADA	FRANCE	1166
CANADA	FRANCE	1168
CANADA	FRANCE	1178
CANADA	FRANCE	1183
CANADA	FRANCE	1185
CANADA	FRANCE	1187
CANADA	FRANCE	1193
CANADA	FRANCE	1197
CANADA	FRANCE	1200
CANADA	FRANCE	1205
CANADA	FRANCE	1211
CANADA	FRANCE	1212
CANADA	FRANCE	1214
CANADA	FRANCE	1215
CANADA	FRANCE	1216
CANADA	FRANCE	1223
CANADA	FRANCE	1225
CANADA	FRANCE	1228
CANADA	FRANCE	1232
CANADA	FRANCE	1234
CANADA	FRANCE	1235
CANADA	FRANCE	1238
CANADA	FRANCE	1239
CANADA	FRANCE	1244
CANADA	FRANCE	1245
CANADA	FRANCE	1253
CANADA	FRANCE	1254
CANADA	FRANCE	1257
CANADA	FRANCE	1258
CANADA	FRANCE	1262
CANADA	FRANCE	1263
CANADA	FRANCE	1268
CANADA	FRANCE	1272
CANADA	FRANCE	1275
CANADA	FRANCE	1277
CANADA	FRANCE	1280
CANADA	FRANCE	1283
CANADA	FRANCE	1285
CANADA	FRANCE	1289
CANADA	FRANCE	1290
CANADA	FRANCE	1293
CANADA	FRANCE	1296
CANADA	FRANCE	1297
CANADA	FRANCE	1303
CANADA	FRANCE	1307
CANADA	FRANCE	1311
CANADA	FRANCE	1316
CANADA	FRANCE	1318
CANADA	FRANCE	1320
CANADA	FRANCE	1325
CANADA	FRANCE	1331
CANADA	FRANCE	1334
CANADA	FRANCE	1344
CANADA	FRANCE	1350
CANADA	FRANCE	1354
CANADA	FRANCE	1358
CANADA	FRANCE	1365
CANADA	FRANCE	1366
CANADA	FRANCE	1372
CANADA	FRANCE	1378
CANADA	FRANCE	1379
CANADA	FRANCE	1382
CANADA	FRANCE	1386
CANADA	FRANCE	1405
CANADA	FRANCE	1409
CANADA	FRANCE	1423
CANADA	FRANCE	1425
CANADA	FRANCE	1429
CANADA	FRANCE	1431
CANADA	FRANCE	1437
CANADA	FRANCE	1443
CANADA	FRANCE	1449
CANADA	FRANCE	1456
CANADA	FRANCE	1457
CANADA	FRANCE	1458
CANADA	FRANCE	1459
CANADA	FRANCE	1460
CANADA	FRANCE	1463
CANADA	FRANCE	1464
CANADA	FRANCE	1478
CANADA	FRANCE	1483
CANADA	FRANCE	1488
CANADA	FRANCE	1494
CANADA	FRANCE	1498
CANADA	FRANCE	1502
CANADA	FRANCE	1504
CANADA	FRANCE	1505
CANADA	FRANCE	1509
CANADA	FRANCE	1511
CANADA	FRANCE	1514
CANADA	FRANCE	1517
CANADA	FRANCE	1518
CANADA	FRANCE	1521
CANADA	FRANCE	1524
CANADA	FRANCE	1527
CANADA	FRANCE	1528
CANADA	FRANCE	1532
CANADA	FRANCE	1539
CANADA	FRANCE	1547
CANADA	FRANCE	1550
CANADA	FRANCE	1552
CANADA	FRANCE	1558
CANADA	FRANCE	1560
CANADA	FRANCE	1563
CANADA	FRANCE	1568
CANADA	FRANCE	1573
CANADA	FRANCE	1574
CANADA	FRANCE	1577
CANADA	FRANCE	1586
CANADA	FRANCE	1590
CANADA	FRANCE	1592
CANADA	FRANCE	1600
CANADA	FRANCE	1601
CANADA	FRANCE	1602
CANADA	FRANCE	1606
CANADA	FRANCE	1608
CANADA	FRANCE	1612
CANADA	FRANCE	1614
CANADA	FRANCE	1619
CANADA	FRANCE	1623
CANADA	FRANCE	1624
CANADA	FRANCE	1625
CANADA	FRANCE	1628
CANADA	FRANCE	1633
CANADA	FRANCE	1638
CANADA	FRANCE	1639
CANADA	FRANCE	1640
CANADA	FRANCE	1643
CANADA	FRANCE	1645
CANADA	FRANCE	1646
CANADA	FRANCE	1651
CANADA	FRANCE	1654
CANADA	FRANCE	1655
CANADA	FRANCE	1659
CANADA	FRANCE	1660
CANADA	FRANCE	1661
CANADA	FRANCE	1666
CANADA	FRANCE	1668
CANADA	FRANCE	1672
CANADA	FRANCE	1675
CANADA	FRANCE	1676
CANADA	FRANCE	1677
CANADA	FRANCE	1678
CANADA	FRANCE	1679
CANADA	FRANCE	1684
CANADA	FRANCE	1692
CANADA	FRANCE	1693
CANADA	FRANCE	1708
CANADA	FRANCE	1710
CANADA	FRANCE	1711
CANADA	FRANCE	1712
CANADA	FRANCE	1713
CANADA	FRANCE	1726
CANADA	FRANCE	1729
CANADA	FRANCE	1733
CANADA	FRANCE	1734
CANADA	FRANCE	1741
CANADA	FRANCE	1742
CANADA	FRANCE	1747
CANADA	FRANCE	1754
CANADA	FRANCE	1756
CANADA	FRANCE	1757
CANADA	FRANCE	1758
CANADA	FRANCE	1761
CANADA	FRANCE	1762
CANADA	FRANCE	1764
CANADA	FRANCE	1766
CANADA	FRANCE	1767
CANADA	FRANCE	1768
CANADA	FRANCE	1772
CANADA	FRANCE	1773
CANADA	FRANCE	1774
CANADA	FRANCE	1779
CANADA	FRANCE	1782
CANADA	FRANCE	1791
CANADA	FRANCE	1792
CANADA	FRANCE	1793
CANADA	FRANCE	1795
CANADA	FRANCE	1796
CANADA	FRANCE	1800
CANADA	FRANCE	1801
CANADA	FRANCE	1802
CANADA	FRANCE	1804
CANADA	FRANCE	1806
CANADA	FRANCE	1807
CANADA	FRANCE	1810
CANADA	FRANCE	1812
CANADA	FRANCE	1817
CANADA	FRANCE	1820
CANADA	FRANCE	1821
CANADA	FRANCE	1825
CANADA	FRANCE	1830
CANADA	FRANCE	1834
CANADA	FRANCE	1836
CANADA	FRANCE	1839
CANADA	FRANCE	1840
CANADA	FRANCE	1841
CANADA	FRANCE	1843
CANADA	FRANCE	1847
CANADA	FRANCE	1851
CANADA	FRANCE	1855
CANADA	FRANCE	1859
CANADA	FRANCE	1861
CANADA	FRANCE	1862
CANADA	FRANCE	1866
CANADA	FRANCE	1868
CANADA	FRANCE	1872
CANADA	FRANCE	1882
CANADA	FRANCE	1883
CANADA	FRANCE	1885
CANADA	FRANCE	1886
CANADA	FRANCE	1887
CANADA	FRANCE	1889
CANADA	FRANCE	1893
CANADA	FRANCE	1898
CANADA	FRANCE	1900
CANADA	FRANCE	1901
CANADA	FRANCE	1905
CANADA	FRANCE	1906
CANADA	FRANCE	1908
CANADA	FRANCE	1910
CANADA	FRANCE	1923
CANADA	FRANCE	1926
CANADA	FRANCE	1927
CANADA	FRANCE	1929
CANADA	FRANCE	1931
CANADA	FRANCE	1934
CANADA	FRANCE	1935
CANADA	FRANCE	1936
CANADA	FRANCE	1939
CANADA	FRANCE	1943
CANADA	FRANCE	1945
CANADA	FRANCE	1956
CANADA	FRANCE	1957
CANADA	FRANCE	1958
CANADA	FRANCE	1959
CANADA	FRANCE	1960
CANADA	FRANCE	1961
CANADA	FRANCE	1963
CANADA	FRANCE	1964
CANADA	FRANCE	1965
CANADA	FRANCE	1969
CANADA	FRANCE	1971
CANADA	FRANCE	1975
CANADA	FRANCE	1977
CANADA	FRANCE	1979
CANADA	FRANCE	1980
CANADA	FRANCE	1981
CANADA	FRANCE	1990
CANADA	FRANCE	1995
CANADA	FRANCE	1998
CANADA	FRANCE	2001
CANADA	FRANCE	2003
CANADA	FRANCE	2006
CANADA	FRANCE	2009
CANADA	FRANCE	2010
CANADA	FRANCE	2017
CANADA	FRANCE	2019
CANADA	FRANCE	2020
CANADA	FRANCE	2032
CANADA	FRANCE	2035
CANADA	FRANCE	2038
CANADA	FRANCE	2039
CANADA	FRANCE	2040
CANADA	FRANCE	2044
CANADA	FRANCE	2046
CANADA	FRANCE	2051
CANADA	FRANCE	2053
CANADA	FRANCE	2054
CANADA	FRANCE	2060
CANADA	FRANCE	2069
CANADA	FRANCE	2072
CANADA	FRANCE	2074
CANADA	FRANCE	2077
CANADA	FRANCE	2079
CANADA	FRANCE	2087
CANADA	FRANCE	2091
CANADA	FRANCE	2093
CANADA	FRANCE	2097
CANADA	FRANCE	2105
CANADA	FRANCE	2107
CANADA	FRANCE	2112
CANADA	FRANCE	2115
CANADA	FRANCE	2121
CANADA	FRANCE	2122
CANADA	FRANCE	2123
CANADA	FRANCE	2124
CANADA	FRANCE	2130
CANADA	FRANCE	2131
CANADA	FRANCE	2137
CANADA	FRANCE	2141
CANADA	FRANCE	2142
CANADA	FRANCE	2143
CANADA	FRANCE	2145
CANADA	FRANCE	2147
CANADA	FRANCE	2149
CANADA	FRANCE	2151
CANADA	FRANCE	2154
CANADA	FRANCE	2157
CANADA	FRANCE	2167
CANADA	FRANCE	2169
CANADA	FRANCE	2172
CANADA	FRANCE	2178
CANADA	FRANCE	2180
CANADA	FRANCE	2181
CANADA	FRANCE	2191
CANADA	FRANCE	2192
CANADA	FRANCE	2195
CANADA	FRANCE	2201
CANADA	FRANCE	2204
CANADA	FRANCE	2206
CANADA	FRANCE	2211
CANADA	FRANCE	2219
CANADA	FRANCE	2221
CANADA	FRANCE	2222
CANADA	FRANCE	2226
CANADA	FRANCE	2228
CANADA	FRANCE	2229
CANADA	FRANCE	2230
CANADA	FRANCE	2231
CANADA	FRANCE	2232
CANADA	FRANCE	2233
CANADA	FRANCE	2240
CANADA	FRANCE	2251
CANADA	FRANCE	2257
CANADA	FRANCE	2258
CANADA	FRANCE	2262
CANADA	FRANCE	2266
CANADA	FRANCE	2271
CANADA	FRANCE	2276
CANADA	FRANCE	2284
CANADA	FRANCE	2286
CANADA	FRANCE	2287
CANADA	FRANCE	2294
CANADA	FRANCE	2303
CANADA	FRANCE	2304
CANADA	FRANCE	2306
CANADA	FRANCE	2309
CANADA	FRANCE	2311
CANADA	FRANCE	2313
CANADA	FRANCE	2323
CANADA	FRANCE	2324
CANADA	FRANCE	2326
CANADA	FRANCE	2327
CANADA	FRANCE	2334
CANADA	FRANCE	2341
CANADA	FRANCE	2344
CANADA	FRANCE	2348
CANADA	FRANCE	2349
CANADA	FRANCE	2351
CANADA	FRANCE	2365
CANADA	FRANCE	2374
CANADA	FRANCE	2385
CANADA	FRANCE	2387
CANADA	FRANCE	2389
CANADA	FRANCE	2395
CANADA	FRANCE	2397
CANADA	FRANCE	2403
CANADA	FRANCE	2411
CANADA	FRANCE	2415
CANADA	FRANCE	2418
CANADA	FRANCE	2428
CANADA	FRANCE	2436
CANADA	FRANCE	2463
CANADA	FRANCE	2465
CANADA	FRANCE	2468
CANADA	FRANCE	2470
CANADA	FRANCE	2473
CANADA	FRANCE	2493
CANADA	FRANCE	2497
CANADA	FRANCE	2502
CANADA	FRANCE	2511
CANADA	FRANCE	2513
CANADA	FRANCE	2516
CANADA	FRANCE	2524
CANADA	FRANCE	2529
CANADA	FRANCE	2533
CANADA	FRANCE	2539
CANADA	FRANCE	2540
CANADA	FRANCE	2546
CANADA	FRANCE	2549
CANADA	FRANCE	2552
CANADA	FRANCE	2555
CANADA	FRANCE	2567
CANADA	FRANCE	2569
CANADA	FRANCE	2572
CANADA	FRANCE	2575
CANADA	FRANCE	2576
CANADA	FRANCE	2577
CANADA	FRANCE	2579
CANADA	FRANCE	2580
CANADA	FRANCE	2581
CANADA	FRANCE	2584
CANADA	FRANCE	2601
CANADA	FRANCE	2616
CANADA	FRANCE	2618
CANADA	FRANCE	2622
CANADA	FRANCE	2627
CANADA	FRANCE	2631
CANADA	FRANCE	2632
CANADA	FRANCE	2634
CANADA	FRANCE	2644
CANADA	FRANCE	2645
CANADA	FRANCE	2647
CANADA	FRANCE	2668
CANADA	FRANCE	2672
CANADA	FRANCE	2673
CANADA	FRANCE	2683
CANADA	FRANCE	2688
CANADA	FRANCE	2690
CANADA	FRANCE	2692
CANADA	FRANCE	2693
CANADA	FRANCE	2699
CANADA	FRANCE	2718
CANADA	FRANCE	2719
CANADA	FRANCE	2721
CANADA	FRANCE	2728
CANADA	FRANCE	2729
CANADA	FRANCE	2745
CANADA	FRANCE	2747
CANADA	FRANCE	2758
CANADA	FRANCE	2761
CANADA	FRANCE	2764
CANADA	FRANCE	2769
CANADA	FRANCE	2772
CANADA	FRANCE	2780
CANADA	FRANCE	2784
CANADA	FRANCE	2789
CANADA	FRANCE	2791
CANADA	FRANCE	2806
CANADA	FRANCE	2807
CANADA	FRANCE	2810
CANADA	FRANCE	2814
CANADA	FRANCE	2815
CANADA	FRANCE	2840
CANADA	FRANCE	2844
CANADA	FRANCE	2848
CANADA	FRANCE	2855
CANADA	FRANCE	2864
CANADA	FRANCE	2867
CANADA	FRANCE	2876
CANADA	FRANCE	2882
CANADA	FRANCE	2884
CANADA	FRANCE	2885
CANADA	FRANCE	2894
CANADA	FRANCE	2895
CANADA	FRANCE	2904
CANADA	FRANCE	2908
CANADA	FRANCE	2910
CANADA	FRANCE	2911
CANADA	FRANCE	2915
CANADA	FRANCE	2926
CANADA	FRANCE	2943
CANADA	FRANCE	2968
CANADA	FRANCE	2970
CANADA	FRANCE	2978
CANADA	FRANCE	2982
CANADA	FRANCE	2991
CANADA	FRANCE	3007
CANADA	FRANCE	3008
CANADA	FRANCE	3014
CANADA	FRANCE	3033
CANADA	FRANCE	3036
CANADA	FRANCE	3040
CANADA	FRANCE	3057
CANADA	FRANCE	3075
CANADA	FRANCE	3078
CANADA	FRANCE	3090
CANADA	FRANCE	3091
CANADA	FRANCE	3103
CANADA	FRANCE	3120
CANADA	FRANCE	3130
CANADA	FRANCE	3140
CANADA	FRANCE	3141
CANADA	FRANCE	3145
CANADA	FRANCE	3148
CANADA	FRANCE	3174
CANADA	FRANCE	3185
CANADA	FRANCE	3186
CANADA	FRANCE	3190
CANADA	FRANCE	3198
CANADA	FRANCE	3207
CANADA	FRANCE	3248
CANADA	FRANCE	3270
CANADA	FRANCE	3277
CANADA	FRANCE	3284
CANADA	FRANCE	3296
CANADA	FRANCE	3334
CANADA	FRANCE	3345
CANADA	FRANCE	3375
CANADA	FRANCE	3439
CANADA	FRANCE	3459
CANADA	FRANCE	3490
CANADA	FRANCE	3496
CANADA	FRANCE	3583
CANADA	FRANCE	3653
CANADA	FRANCE	3660
CANADA	FRANCE	3697
CANADA	FRANCE	3720
CANADA	FRANCE	3743
CANADA	FRANCE	3746
CANADA	FRANCE	3865
CANADA	FRANCE	3965
CANADA	FRANCE	3998
CANADA	FRANCE	4044
CANADA	FRANCE	4050
CANADA	FRANCE	4419
CANADA	FRANCE	4492
CANADA	FRANCE	4700
CANADA	FRANCE	4943
CANADA	FRANCE	4946
CANADA	FRANCE	4999
CANADA	FRANCE	5012
CANADA	FRANCE	5116
CANADA	FRANCE	5228
CANADA	FRANCE	5263
CANADA	FRANCE	5271
CANADA	FRANCE	5331
CANADA	FRANCE	5364
CANADA	FRANCE	5392
CANADA	FRANCE	5397
CANADA	FRANCE	5430
CANADA	FRANCE	5506
CANADA	FRANCE	5517
CANADA	FRANCE	5557
CANADA	FRANCE	5573
CANADA	FRANCE	5677
CANADA	FRANCE	5827
CANADA	FRANCE	5949
CANADA	FRANCE	5969
CANADA	FRANCE	6011
CANADA	FRANCE	6139
CANADA	FRANCE	6264
CANADA	FRANCE	6311
CANADA	FRANCE	6374
CANADA	FRANCE	6398
CANADA	FRANCE	6475
CANADA	FRANCE	6481
CANADA	FRANCE	6526
CANADA	FRANCE	6537
CANADA	FRANCE	6568
CANADA	FRANCE	6618
CANADA	FRANCE	6682
CANADA	FRANCE	6692
CANADA	FRANCE	6864
CANADA	FRANCE	6913
CANADA	FRANCE	6915
CANADA	FRANCE	6944
CANADA	FRANCE	7019
CANADA	FRANCE	7034
CANADA	FRANCE	7050
CANADA	FRANCE	7158
CANADA	FRANCE	7180
CANADA	FRANCE	7193
CANADA	FRANCE	7205
CANADA	FRANCE	7268
CANADA	FRANCE	7381
CANADA	FRANCE	7391
CANADA	FRANCE	7409
CANADA	FRANCE	7417
CANADA	FRANCE	7490
CANADA	FRANCE	7495
CANADA	FRANCE	7521
CANADA	FRANCE	7539
CANADA	FRANCE	7601
CANADA	FRANCE	7650
CANADA	FRANCE	7653
CANADA	FRANCE	7704
CANADA	FRANCE	7741
CANADA	FRANCE	7769
CANADA	FRANCE	7775
CANADA	FRANCE	7806
CANADA	FRANCE	7818
CANADA	FRANCE	7830
CANADA	FRANCE	7871
CANADA	FRANCE	7875
CANADA	FRANCE	7882
CANADA	FRANCE	7894
CANADA	FRANCE	7902
CANADA	FRANCE	7939
CANADA	FRANCE	7972
CANADA	FRANCE	8000
CANADA	FRANCE	8003
CANADA	FRANCE	8069
CANADA	FRANCE	8194
CANADA	FRANCE	8213
CANADA	FRANCE	8246
CANADA	FRANCE	8285
CANADA	FRANCE	8306
CANADA	FRANCE	8368
CANADA	FRANCE	8391
CANADA	FRANCE	8424
CANADA	FRANCE	8451
CANADA	FRANCE	8483
CANADA	FRANCE	8625
CANADA	FRANCE	8671
CANADA	FRANCE	8690
CANADA	FRANCE	8734
CANADA	FRANCE	8771
CANADA	FRANCE	8779
CANADA	FRANCE	8832
CANADA	FRANCE	8857
CANADA	FRANCE	8864
CANADA	FRANCE	9057
CANADA	FRANCE	9068
CANADA	FRANCE	9075
CANADA	FRANCE	9084
CANADA	FRANCE	9160
CANADA	FRANCE	9181
CANADA	FRANCE	9186
CANADA	FRANCE	9233
CANADA	FRANCE	9258
CANADA	FRANCE	9263
CANADA	FRANCE	9315
CANADA	FRANCE	9381
CANADA	FRANCE	9391
CANADA	FRANCE	9508
CANADA	FRANCE	9575
CANADA	FRANCE	9580
CANADA	FRANCE	9601
CANADA	FRANCE	9612
CANADA	FRANCE	9626
CANADA	FRANCE	9632
CANADA	FRANCE	9674
CANADA	FRANCE	9694
CANADA	FRANCE	9751
CANADA	FRANCE	9762
CANADA	FRANCE	9773
CANADA	FRANCE	9788
CANADA	FRANCE	9836
CANADA	FRANCE	9848
CANADA	FRANCE	9866
CANADA	FRANCE	9891
CANADA	FRANCE	9975
CHINA	FRANCE	1000
CHINA	FRANCE	1001
CHINA	FRANCE	1003
CHINA	FRANCE	1004
CHINA	FRANCE	1005
CHINA	FRANCE	1011
CHINA	FRANCE	1014
CHINA	FRANCE	1016
CHINA	FRANCE	1017
CHINA	FRANCE	1019
CHINA	FRANCE	1021
CHINA	FRANCE	1037
CHINA	FRANCE	1042
CHINA	FRANCE	1048
CHINA	FRANCE	1049
CHINA	FRANCE	1054
CHINA	FRANCE	1059
CHINA	FRANCE	1062
CHINA	FRANCE	1072
CHINA	FRANCE	1078
CHINA	FRANCE	1084
CHINA	FRANCE	1089
CHINA	FRANCE	1090
CHINA	FRANCE	1092
CHINA	FRANCE	1106
CHINA	FRANCE	1108
CHINA	FRANCE	1111
CHINA	FRANCE	1112
CHINA	FRANCE	1117
CHINA	FRANCE	1120
CHINA	FRANCE	1122
CHINA	FRANCE	1126
CHINA	FRANCE	1127
CHINA	FRANCE	1131
CHINA	FRANCE	1133
CHINA	FRANCE	1134
CHINA	FRANCE	1135
CHINA	FRANCE	1136
CHINA	FRANCE	1138
CHINA	FRANCE	1139
CHINA	FRANCE	1141
CHINA	FRANCE	1144
CHINA	FRANCE	1145
CHINA	FRANCE	1146
CHINA	FRANCE	1149
CHINA	FRANCE	1150
CHINA	FRANCE	1153
CHINA	FRANCE	1155
CHINA	FRANCE	1156
CHINA	FRANCE	1159
CHINA	FRANCE	1160
CHINA	FRANCE	1166
CHINA	FRANCE	1169
CHINA	FRANCE	1174
CHINA	FRANCE	1183
CHINA	FRANCE	1185
CHINA	FRANCE	1187
CHINA	FRANCE	1191
CHINA	FRANCE	1192
CHINA	FRANCE	1194
CHINA	FRANCE	1197
CHINA	FRANCE	1198
CHINA	FRANCE	1199
CHINA	FRANCE	1200
CHINA	FRANCE	1201
CHINA	FRANCE	1205
CHINA	FRANCE	1209
CHINA	FRANCE	1210
CHINA	FRANCE	1212
CHINA	FRANCE	1214
CHINA	FRANCE	1215
CHINA	FRANCE	1216
CHINA	FRANCE	1223
CHINA	FRANCE	1224
CHINA	FRANCE	1227
CHINA	FRANCE	1229
CHINA	FRANCE	1232
CHINA	FRANCE	1233
CHINA	FRANCE	1238
CHINA	FRANCE	1245
CHINA	FRANCE	1246
CHINA	FRANCE	1247
CHINA	FRANCE	1250
CHINA	FRANCE	1253
CHINA	FRANCE	1258
CHINA	FRANCE	1261
CHINA	FRANCE	1265
CHINA	FRANCE	1266
CHINA	FRANCE	1277
CHINA	FRANCE	1279
CHINA	FRANCE	1281
CHINA	FRANCE	1283
CHINA	FRANCE	1288
CHINA	FRANCE	1290
CHINA	FRANCE	1292
CHINA	FRANCE	1294
CHINA	FRANCE	1295
CHINA	FRANCE	1296
CHINA	FRANCE	1301
CHINA	FRANCE	1304
CHINA	FRANCE	1309
CHINA	FRANCE	1312
CHINA	FRANCE	1318
CHINA	FRANCE	1320
CHINA	FRANCE	1330
CHINA	FRANCE	1333
CHINA	FRANCE	1336
CHINA	FRANCE	1337
CHINA	FRANCE	1341
CHINA	FRANCE	1342
CHINA	FRANCE	1347
CHINA	FRANCE	1349
CHINA	FRANCE	1350
CHINA	FRANCE	1352
CHINA	FRANCE	1356
CHINA	FRANCE	1363
CHINA	FRANCE	1365
CHINA	FRANCE	1366
CHINA	FRANCE	1367
CHINA	FRANCE	1368
CHINA	FRANCE	1371
CHINA	FRANCE	1374
CHINA	FRANCE	1380
CHINA	FRANCE	1381
CHINA	FRANCE	1385
CHINA	FRANCE	1390
CHINA	FRANCE	1395
CHINA	FRANCE	1400
CHINA	FRANCE	1408
CHINA	FRANCE	1412
CHINA	FRANCE	1415
CHINA	FRANCE	1416
CHINA	FRANCE	1417
CHINA	FRANCE	1418
CHINA	FRANCE	1420
CHINA	FRANCE	1422
CHINA	FRANCE	1424
CHINA	FRANCE	1425
CHINA	FRANCE	1429
CHINA	FRANCE	1431
CHINA	FRANCE	1435
CHINA	FRANCE	1440
CHINA	FRANCE	1443
CHINA	FRANCE	1447
CHINA	FRANCE	1450
CHINA	FRANCE	1460
CHINA	FRANCE	1461
CHINA	FRANCE	1462
CHINA	FRANCE	1464
CHINA	FRANCE	1468
CHINA	FRANCE	1472
CHINA	FRANCE	1473
CHINA	FRANCE	1478
CHINA	FRANCE	1482
CHINA	FRANCE	1483
CHINA	FRANCE	1486
CHINA	FRANCE	1489
CHINA	FRANCE	1491
CHINA	FRANCE	1492
CHINA	FRANCE	1493
CHINA	FRANCE	1494
CHINA	FRANCE	1495
CHINA	FRANCE	1498
CHINA	FRANCE	1500
CHINA	FRANCE	1504
CHINA	FRANCE	1505
CHINA	FRANCE	1508
CHINA	FRANCE	1517
CHINA	FRANCE	1518
CHINA	FRANCE	1523
CHINA	FRANCE	1525
CHINA	FRANCE	1528
CHINA	FRANCE	1530
CHINA	FRANCE	1535
CHINA	FRANCE	1537
CHINA	FRANCE	1539
CHINA	FRANCE	1540
CHINA	FRANCE	1543
CHINA	FRANCE	1545
CHINA	FRANCE	1549
CHINA	FRANCE	1550
CHINA	FRANCE	1551
CHINA	FRANCE	1553
CHINA	FRANCE	1558
CHINA	FRANCE	1560
CHINA	FRANCE	1563
CHINA	FRANCE	1567
CHINA	FRANCE	1569
CHINA	FRANCE	1570
CHINA	FRANCE	1571
CHINA	FRANCE	1573
CHINA	FRANCE	1574
CHINA	FRANCE	1577
CHINA	FRANCE	1578
CHINA	FRANCE	1586
CHINA	FRANCE	1589
CHINA	FRANCE	1592
CHINA	FRANCE	1594
CHINA	FRANCE	1597
CHINA	FRANCE	1598
CHINA	FRANCE	1602
CHINA	FRANCE	1604
CHINA	FRANCE	1605
CHINA	FRANCE	1607
CHINA	FRANCE	1614
CHINA	FRANCE	1616
CHINA	FRANCE	1618
CHINA	FRANCE	1622
CHINA	FRANCE	1623
CHINA	FRANCE	1625
CHINA	FRANCE	1633
CHINA	FRANCE	1635
CHINA	FRANCE	1636
CHINA	FRANCE	1638
CHINA	FRANCE	1640
CHINA	FRANCE	1641
CHINA	FRANCE	1642
CHINA	FRANCE	1644
CHINA	FRANCE	1645
CHINA	FRANCE	1646
CHINA	FRANCE	1647
CHINA	FRANCE	1648
CHINA	FRANCE	1650
CHINA	FRANCE	1651
CHINA	FRANCE	1653
CHINA	FRANCE	1655
CHINA	FRANCE	1659
CHINA	FRANCE	1660
CHINA	FRANCE	1661
CHINA	FRANCE	1663
CHINA	FRANCE	1664
CHINA	FRANCE	1667
CHINA	FRANCE	1668
CHINA	FRANCE	1673
CHINA	FRANCE	1674
CHINA	FRANCE	1675
CHINA	FRANCE	1679
CHINA	FRANCE	1681
CHINA	FRANCE	1683
CHINA	FRANCE	1684
CHINA	FRANCE	1685
CHINA	FRANCE	1687
CHINA	FRANCE	1690
CHINA	FRANCE	1692
CHINA	FRANCE	1693
CHINA	FRANCE	1699
CHINA	FRANCE	1708
CHINA	FRANCE	1710
CHINA	FRANCE	1712
CHINA	FRANCE	1713
CHINA	FRANCE	1714
CHINA	FRANCE	1721
CHINA	FRANCE	1723
CHINA	FRANCE	1725
CHINA	FRANCE	1733
CHINA	FRANCE	1737
CHINA	FRANCE	1742
CHINA	FRANCE	1744
CHINA	FRANCE	1747
CHINA	FRANCE	1748
CHINA	FRANCE	1752
CHINA	FRANCE	1753
CHINA	FRANCE	1754
CHINA	FRANCE	1756
CHINA	FRANCE	1757
CHINA	FRANCE	1758
CHINA	FRANCE	1759
CHINA	FRANCE	1762
CHINA	FRANCE	1763
CHINA	FRANCE	1764
CHINA	FRANCE	1766
CHINA	FRANCE	1767
CHINA	FRANCE	1768
CHINA	FRANCE	1771
CHINA	FRANCE	1772
CHINA	FRANCE	1773
CHINA	FRANCE	1774
CHINA	FRANCE	1775
CHINA	FRANCE	1776
CHINA	FRANCE	1777
CHINA	FRANCE	1779
CHINA	FRANCE	1782
CHINA	FRANCE	1790
CHINA	FRANCE	1791
CHINA	FRANCE	1792
CHINA	FRANCE	1796
CHINA	FRANCE	1797
CHINA	FRANCE	1798
CHINA	FRANCE	1800
CHINA	FRANCE	1801
CHINA	FRANCE	1802
CHINA	FRANCE	1806
CHINA	FRANCE	1807
CHINA	FRANCE	1808
CHINA	FRANCE	1809
CHINA	FRANCE	1810
CHINA	FRANCE	1813
CHINA	FRANCE	1816
CHINA	FRANCE	1817
CHINA	FRANCE	1818
CHINA	FRANCE	1819
CHINA	FRANCE	1820
CHINA	FRANCE	1824
CHINA	FRANCE	1827
CHINA	FRANCE	1828
CHINA	FRANCE	1831
CHINA	FRANCE	1833
CHINA	FRANCE	1837
CHINA	FRANCE	1843
CHINA	FRANCE	1844
CHINA	FRANCE	1847
CHINA	FRANCE	1851
CHINA	FRANCE	1853
CHINA	FRANCE	1855
CHINA	FRANCE	1857
CHINA	FRANCE	1864
CHINA	FRANCE	1865
CHINA	FRANCE	1866
CHINA	FRANCE	1868
CHINA	FRANCE	1872
CHINA	FRANCE	1874
CHINA	FRANCE	1875
CHINA	FRANCE	1881
CHINA	FRANCE	1882
CHINA	FRANCE	1883
CHINA	FRANCE	1885
CHINA	FRANCE	1886
CHINA	FRANCE	1890
CHINA	FRANCE	1892
CHINA	FRANCE	1893
CHINA	FRANCE	1894
CHINA	FRANCE	1896
CHINA	FRANCE	1898
CHINA	FRANCE	1900
CHINA	FRANCE	1904
CHINA	FRANCE	1905
CHINA	FRANCE	1906
CHINA	FRANCE	1907
CHINA	FRANCE	1908
CHINA	FRANCE	1909
CHINA	FRANCE	1911
CHINA	FRANCE	1912
CHINA	FRANCE	1913
CHINA	FRANCE	1918
CHINA	FRANCE	1920
CHINA	FRANCE	1923
CHINA	FRANCE	1926
CHINA	FRANCE	1927
CHINA	FRANCE	1931
CHINA	FRANCE	1932
CHINA	FRANCE	1933
CHINA	FRANCE	1934
CHINA	FRANCE	1937
CHINA	FRANCE	1938
CHINA	FRANCE	1939
CHINA	FRANCE	1947
CHINA	FRANCE	1948
CHINA	FRANCE	1950
CHINA	FRANCE	1954
CHINA	FRANCE	1955
CHINA	FRANCE	1958
CHINA	FRANCE	1960
CHINA	FRANCE	1961
CHINA	FRANCE	1963
CHINA	FRANCE	1965
CHINA	FRANCE	1968
CHINA	FRANCE	1970
CHINA	FRANCE	1971
CHINA	FRANCE	1972
CHINA	FRANCE	1973
CHINA	FRANCE	1974
CHINA	FRANCE	1975
CHINA	FRANCE	1977
CHINA	FRANCE	1979
CHINA	FRANCE	1980
CHINA	FRANCE	1981
CHINA	FRANCE	1984
CHINA	FRANCE	1989
CHINA	FRANCE	1990
CHINA	FRANCE	1991
CHINA	FRANCE	1994
CHINA	FRANCE	1998
CHINA	FRANCE	2004
CHINA	FRANCE	2006
CHINA	FRANCE	2010
CHINA	FRANCE	2013
CHINA	FRANCE	2014
CHINA	FRANCE	2019
CHINA	FRANCE	2020
CHINA	FRANCE	2024
CHINA	FRANCE	2031
CHINA	FRANCE	2032
CHINA	FRANCE	2033
CHINA	FRANCE	2035
CHINA	FRANCE	2037
CHINA	FRANCE	2038
CHINA	FRANCE	2039
CHINA	FRANCE	2040
CHINA	FRANCE	2041
CHINA	FRANCE	2046
CHINA	FRANCE	2047
CHINA	FRANCE	2056
CHINA	FRANCE	2057
CHINA	FRANCE	2058
CHINA	FRANCE	2061
CHINA	FRANCE	2063
CHINA	FRANCE	2068
CHINA	FRANCE	2069
CHINA	FRANCE	2070
CHINA	FRANCE	2077
CHINA	FRANCE	2079
CHINA	FRANCE	2081
CHINA	FRANCE	2089
CHINA	FRANCE	2091
CHINA	FRANCE	2095
CHINA	FRANCE	2097
CHINA	FRANCE	2098
CHINA	FRANCE	2101
CHINA	FRANCE	2103
CHINA	FRANCE	2105
CHINA	FRANCE	2112
CHINA	FRANCE	2114
CHINA	FRANCE	2116
CHINA	FRANCE	2119
CHINA	FRANCE	2122
CHINA	FRANCE	2124
CHINA	FRANCE	2125
CHINA	FRANCE	2132
CHINA	FRANCE	2133
CHINA	FRANCE	2138
CHINA	FRANCE	2139
CHINA	FRANCE	2143
CHINA	FRANCE	2147
CHINA	FRANCE	2148
CHINA	FRANCE	2149
CHINA	FRANCE	2150
CHINA	FRANCE	2152
CHINA	FRANCE	2157
CHINA	FRANCE	2159
CHINA	FRANCE	2161
CHINA	FRANCE	2166
CHINA	FRANCE	2167
CHINA	FRANCE	2168
CHINA	FRANCE	2169
CHINA	FRANCE	2170
CHINA	FRANCE	2171
CHINA	FRANCE	2172
CHINA	FRANCE	2173
CHINA	FRANCE	2174
CHINA	FRANCE	2178
CHINA	FRANCE	2187
CHINA	FRANCE	2188
CHINA	FRANCE	2189
CHINA	FRANCE	2190
CHINA	FRANCE	2196
CHINA	FRANCE	2204
CHINA	FRANCE	2205
CHINA	FRANCE	2206
CHINA	FRANCE	2207
CHINA	FRANCE	2211
CHINA	FRANCE	2212
CHINA	FRANCE	2221
CHINA	FRANCE	2226
CHINA	FRANCE	2227
CHINA	FRANCE	2228
CHINA	FRANCE	2229
CHINA	FRANCE	2232
CHINA	FRANCE	2234
CHINA	FRANCE	2249
CHINA	FRANCE	2256
CHINA	FRANCE	2257
CHINA	FRANCE	2258
CHINA	FRANCE	2267
CHINA	FRANCE	2274
CHINA	FRANCE	2276
CHINA	FRANCE	2278
CHINA	FRANCE	2279
CHINA	FRANCE	2283
CHINA	FRANCE	2284
CHINA	FRANCE	2287
CHINA	FRANCE	2290
CHINA	FRANCE	2292
CHINA	FRANCE	2293
CHINA	FRANCE	2302
CHINA	FRANCE	2304
CHINA	FRANCE	2307
CHINA	FRANCE	2308
CHINA	FRANCE	2310
CHINA	FRANCE	2313
CHINA	FRANCE	2316
CHINA	FRANCE	2317
CHINA	FRANCE	2319
CHINA	FRANCE	2320
CHINA	FRANCE	2321
CHINA	FRANCE	2323
CHINA	FRANCE	2325
CHINA	FRANCE	2327
CHINA	FRANCE	2335
CHINA	FRANCE	2338
CHINA	FRANCE	2339
CHINA	FRANCE	2342
CHINA	FRANCE	2343
CHINA	FRANCE	2345
CHINA	FRANCE	2346
CHINA	FRANCE	2348
CHINA	FRANCE	2350
CHINA	FRANCE	2351
CHINA	FRANCE	2355
CHINA	FRANCE	2359
CHINA	FRANCE	2360
CHINA	FRANCE	2362
CHINA	FRANCE	2363
CHINA	FRANCE	2365
CHINA	FRANCE	2371
CHINA	FRANCE	2373
CHINA	FRANCE	2375
CHINA	FRANCE	2381
CHINA	FRANCE	2384
CHINA	FRANCE	2385
CHINA	FRANCE	2387
CHINA	FRANCE	2391
CHINA	FRANCE	2392
CHINA	FRANCE	2393
CHINA	FRANCE	2395
CHINA	FRANCE	2397
CHINA	FRANCE	2398
CHINA	FRANCE	2400
CHINA	FRANCE	2405
CHINA	FRANCE	2407
CHINA	FRANCE	2409
CHINA	FRANCE	2411
CHINA	FRANCE	2415
CHINA	FRANCE	2422
CHINA	FRANCE	2423
CHINA	FRANCE	2425
CHINA	FRANCE	2428
CHINA	FRANCE	2429
CHINA	FRANCE	2431
CHINA	FRANCE	2433
CHINA	FRANCE	2442
CHINA	FRANCE	2454
CHINA	FRANCE	2455
CHINA	FRANCE	2456
CHINA	FRANCE	2457
CHINA	FRANCE	2460
CHINA	FRANCE	2463
CHINA	FRANCE	2465
CHINA	FRANCE	2470
CHINA	FRANCE	2472
CHINA	FRANCE	2475
CHINA	FRANCE	2476
CHINA	FRANCE	2478
CHINA	FRANCE	2481
CHINA	FRANCE	2486
CHINA	FRANCE	2487
CHINA	FRANCE	2490
CHINA	FRANCE	2493
CHINA	FRANCE	2495
CHINA	FRANCE	2497
CHINA	FRANCE	2502
CHINA	FRANCE	2503
CHINA	FRANCE	2504
CHINA	FRANCE	2505
CHINA	FRANCE	2507
CHINA	FRANCE	2513
CHINA	FRANCE	2518
CHINA	FRANCE	2527
CHINA	FRANCE	2529
CHINA	FRANCE	2538
CHINA	FRANCE	2539
CHINA	FRANCE	2540
CHINA	FRANCE	2544
CHINA	FRANCE	2548
CHINA	FRANCE	2554
CHINA	FRANCE	2564
CHINA	FRANCE	2578
CHINA	FRANCE	2579
CHINA	FRANCE	2581
CHINA	FRANCE	2590
CHINA	FRANCE	2592
CHINA	FRANCE	2593
CHINA	FRANCE	2601
CHINA	FRANCE	2610
CHINA	FRANCE	2614
CHINA	FRANCE	2616
CHINA	FRANCE	2618
CHINA	FRANCE	2622
CHINA	FRANCE	2624
CHINA	FRANCE	2625
CHINA	FRANCE	2626
CHINA	FRANCE	2632
CHINA	FRANCE	2634
CHINA	FRANCE	2642
CHINA	FRANCE	2644
CHINA	FRANCE	2645
CHINA	FRANCE	2656
CHINA	FRANCE	2660
CHINA	FRANCE	2661
CHINA	FRANCE	2662
CHINA	FRANCE	2663
CHINA	FRANCE	2673
CHINA	FRANCE	2676
CHINA	FRANCE	2678
CHINA	FRANCE	2685
CHINA	FRANCE	2687
CHINA	FRANCE	2688
CHINA	FRANCE	2689
CHINA	FRANCE	2692
CHINA	FRANCE	2693
CHINA	FRANCE	2694
CHINA	FRANCE	2695
CHINA	FRANCE	2700
CHINA	FRANCE	2702
CHINA	FRANCE	2703
CHINA	FRANCE	2707
CHINA	FRANCE	2710
CHINA	FRANCE	2712
CHINA	FRANCE	2714
CHINA	FRANCE	2718
CHINA	FRANCE	2721
CHINA	FRANCE	2723
CHINA	FRANCE	2724
CHINA	FRANCE	2729
CHINA	FRANCE	2730
CHINA	FRANCE	2734
CHINA	FRANCE	2735
CHINA	FRANCE	2737
CHINA	FRANCE	2746
CHINA	FRANCE	2748
CHINA	FRANCE	2756
CHINA	FRANCE	2758
CHINA	FRANCE	2762
CHINA	FRANCE	2763
CHINA	FRANCE	2772
CHINA	FRANCE	2774
CHINA	FRANCE	2780
CHINA	FRANCE	2782
CHINA	FRANCE	2784
CHINA	FRANCE	2791
CHINA	FRANCE	2798
CHINA	FRANCE	2800
CHINA	FRANCE	2814
CHINA	FRANCE	2824
CHINA	FRANCE	2828
CHINA	FRANCE	2835
CHINA	FRANCE	2839
CHINA	FRANCE	2842
CHINA	FRANCE	2843
CHINA	FRANCE	2845
CHINA	FRANCE	2853
CHINA	FRANCE	2855
CHINA	FRANCE	2860
CHINA	FRANCE	2864
CHINA	FRANCE	2865
CHINA	FRANCE	2867
CHINA	FRANCE	2880
CHINA	FRANCE	2882
CHINA	FRANCE	2883
CHINA	FRANCE	2884
CHINA	FRANCE	2885
CHINA	FRANCE	2898
CHINA	FRANCE	2901
CHINA	FRANCE	2904
CHINA	FRANCE	2908
CHINA	FRANCE	2911
CHINA	FRANCE	2915
CHINA	FRANCE	2918
CHINA	FRANCE	2919
CHINA	FRANCE	2922
CHINA	FRANCE	2925
CHINA	FRANCE	2932
CHINA	FRANCE	2935
CHINA	FRANCE	2936
CHINA	FRANCE	2938
CHINA	FRANCE	2942
CHINA	FRANCE	2943
CHINA	FRANCE	2947
CHINA	FRANCE	2950
CHINA	FRANCE	2954
CHINA	FRANCE	2958
CHINA	FRANCE	2963
CHINA	FRANCE	2967
CHINA	FRANCE	2968
CHINA	FRANCE	2970
CHINA	FRANCE	2979
CHINA	FRANCE	2987
CHINA	FRANCE	3000
CHINA	FRANCE	3007
CHINA	FRANCE	3009
CHINA	FRANCE	3013
CHINA	FRANCE	3016
CHINA	FRANCE	3021
CHINA	FRANCE	3022
CHINA	FRANCE	3023
CHINA	FRANCE	3042
CHINA	FRANCE	3046
CHINA	FRANCE	3060
CHINA	FRANCE	3061
CHINA	FRANCE	3075
CHINA	FRANCE	3076
CHINA	FRANCE	3077
CHINA	FRANCE	3080
CHINA	FRANCE	3081
CHINA	FRANCE	3089
CHINA	FRANCE	3090
CHINA	FRANCE	3095
CHINA	FRANCE	3103
CHINA	FRANCE	3105
CHINA	FRANCE	3107
CHINA	FRANCE	3116
CHINA	FRANCE	3120
CHINA	FRANCE	3131
CHINA	FRANCE	3140
CHINA	FRANCE	3145
CHINA	FRANCE	3147
CHINA	FRANCE	3148
CHINA	FRANCE	3149
CHINA	FRANCE	3174
CHINA	FRANCE	3179
CHINA	FRANCE	3195
CHINA	FRANCE	3201
CHINA	FRANCE	3208
CHINA	FRANCE	3214
CHINA	FRANCE	3220
CHINA	FRANCE	3248
CHINA	FRANCE	3251
CHINA	FRANCE	3270
CHINA	FRANCE	3277
CHINA	FRANCE	3281
CHINA	FRANCE	3284
CHINA	FRANCE	3300
CHINA	FRANCE	3310
CHINA	FRANCE	3312
CHINA	FRANCE	3315
CHINA	FRANCE	3322
CHINA	FRANCE	3372
CHINA	FRANCE	3373
CHINA	FRANCE	3385
CHINA	FRANCE	3394
CHINA	FRANCE	3399
CHINA	FRANCE	3402
CHINA	FRANCE	3416
CHINA	FRANCE	3421
CHINA	FRANCE	3436
CHINA	FRANCE	3442
CHINA	FRANCE	3443
CHINA	FRANCE	3477
CHINA	FRANCE	3495
CHINA	FRANCE	3556
CHINA	FRANCE	3564
CHINA	FRANCE	3599
CHINA	FRANCE	3617
CHINA	FRANCE	3643
CHINA	FRANCE	3669
CHINA	FRANCE	3673
CHINA	FRANCE	3682
CHINA	FRANCE	3697
CHINA	FRANCE	3743
CHINA	FRANCE	3853
CHINA	FRANCE	3963
CHINA	FRANCE	4000
CHINA	FRANCE	4018
CHINA	FRANCE	4065
CHINA	FRANCE	4161
CHINA	FRANCE	4172
CHINA	FRANCE	4193
CHINA	FRANCE	4218
CHINA	FRANCE	4242
CHINA	FRANCE	4267
CHINA	FRANCE	4319
CHINA	FRANCE	4366
CHINA	FRANCE	4409
CHINA	FRANCE	4419
CHINA	FRANCE	4420
CHINA	FRANCE	4436
CHINA	FRANCE	4448
CHINA	FRANCE	4453
CHINA	FRANCE	4479
CHINA	FRANCE	4523
CHINA	FRANCE	4537
CHINA	FRANCE	4583
CHINA	FRANCE	4726
CHINA	FRANCE	4728
CHINA	FRANCE	4762
CHINA	FRANCE	4769
CHINA	FRANCE	4831
CHINA	FRANCE	4842
CHINA	FRANCE	4850
CHINA	FRANCE	4908
CHINA	FRANCE	4914
CHINA	FRANCE	4943
CHINA	FRANCE	5001
CHINA	FRANCE	5032
CHINA	FRANCE	5119
CHINA	FRANCE	5132
CHINA	FRANCE	5134
CHINA	FRANCE	5146
CHINA	FRANCE	5153
CHINA	FRANCE	5165
CHINA	FRANCE	5217
CHINA	FRANCE	5261
CHINA	FRANCE	5280
CHINA	FRANCE	5290
CHINA	FRANCE	5373
CHINA	FRANCE	5422
CHINA	FRANCE	5492
CHINA	FRANCE	5494
CHINA	FRANCE	5572
CHINA	FRANCE	5581
CHINA	FRANCE	5603
CHINA	FRANCE	5610
CHINA	FRANCE	5633
CHINA	FRANCE	5694
CHINA	FRANCE	5713
CHINA	FRANCE	5730
CHINA	FRANCE	5800
CHINA	FRANCE	5823
CHINA	FRANCE	5850
CHINA	FRANCE	5881
CHINA	FRANCE	5945
CHINA	FRANCE	5951
CHINA	FRANCE	5969
CHINA	FRANCE	5986
CHINA	FRANCE	6010
CHINA	FRANCE	6018
CHINA	FRANCE	6044
CHINA	FRANCE	6050
CHINA	FRANCE	6075
CHINA	FRANCE	6101
CHINA	FRANCE	6178
CHINA	FRANCE	6186
CHINA	FRANCE	6403
CHINA	FRANCE	6454
CHINA	FRANCE	6465
CHINA	FRANCE	6533
CHINA	FRANCE	6545
CHINA	FRANCE	6550
CHINA	FRANCE	6568
CHINA	FRANCE	6576
CHINA	FRANCE	6667
CHINA	FRANCE	6675
CHINA	FRANCE	6684
CHINA	FRANCE	6755
CHINA	FRANCE	6787
CHINA	FRANCE	6804
CHINA	FRANCE	6834
CHINA	FRANCE	6896
CHINA	FRANCE	6921
CHINA	FRANCE	6990
CHINA	FRANCE	6992
CHINA	FRANCE	7005
CHINA	FRANCE	7016
CHINA	FRANCE	7050
CHINA	FRANCE	7089
CHINA	FRANCE	7104
CHINA	FRANCE	7115
CHINA	FRANCE	7122
CHINA	FRANCE	7151
CHINA	FRANCE	7193
CHINA	FRANCE	7229
CHINA	FRANCE	7236
CHINA	FRANCE	7259
CHINA	FRANCE	7363
CHINA	FRANCE	7409
CHINA	FRANCE	7496
CHINA	FRANCE	7511
CHINA	FRANCE	7546
CHINA	FRANCE	7580
CHINA	FRANCE	7779
CHINA	FRANCE	7790
CHINA	FRANCE	7816
CHINA	FRANCE	7818
CHINA	FRANCE	7831
CHINA	FRANCE	7895
CHINA	FRANCE	7900
CHINA	FRANCE	7905
CHINA	FRANCE	7912
CHINA	FRANCE	7930
CHINA	FRANCE	8007
CHINA	FRANCE	8079
CHINA	FRANCE	8084
CHINA	FRANCE	8090
CHINA	FRANCE	8106
CHINA	FRANCE	8114
CHINA	FRANCE	8170
CHINA	FRANCE	8174
CHINA	FRANCE	8197
CHINA	FRANCE	8251
CHINA	FRANCE	8281
CHINA	FRANCE	8284
CHINA	FRANCE	8287
CHINA	FRANCE	8294
CHINA	FRANCE	8330
CHINA	FRANCE	8333
CHINA	FRANCE	8343
CHINA	FRANCE	8362
CHINA	FRANCE	8456
CHINA	FRANCE	8463
CHINA	FRANCE	8473
CHINA	FRANCE	8477
CHINA	FRANCE	8498
CHINA	FRANCE	8548
CHINA	FRANCE	8626
CHINA	FRANCE	8648
CHINA	FRANCE	8664
CHINA	FRANCE	8717
CHINA	FRANCE	8723
CHINA	FRANCE	8776
CHINA	FRANCE	8835
CHINA	FRANCE	8879
CHINA	FRANCE	8887
CHINA	FRANCE	8923
CHINA	FRANCE	8971
CHINA	FRANCE	9011
CHINA	FRANCE	9038
CHINA	FRANCE	9129
CHINA	FRANCE	9160
CHINA	FRANCE	9165
CHINA	FRANCE	9184
CHINA	FRANCE	9199
CHINA	FRANCE	9208
CHINA	FRANCE	9225
CHINA	FRANCE	9249
CHINA	FRANCE	9261
CHINA	FRANCE	9345
CHINA	FRANCE	9398
CHINA	FRANCE	9463
CHINA	FRANCE	9474
CHINA	FRANCE	9503
CHINA	FRANCE	9540
CHINA	FRANCE	9546
CHINA	FRANCE	9552
CHINA	FRANCE	9587
CHINA	FRANCE	9612
CHINA	FRANCE	9678
CHINA	FRANCE	9698
CHINA	FRANCE	9720
CHINA	FRANCE	9799
CHINA	FRANCE	9820
CHINA	FRANCE	9824
CHINA	FRANCE	9833
CHINA	FRANCE	9843
CHINA	FRANCE	9847
CHINA	FRANCE	9861
CHINA	FRANCE	9866
CHINA	FRANCE	9887
CHINA	FRANCE	9934
CHINA	FRANCE	9940
CHINA	FRANCE	9965
CHINA	FRANCE	9968
CHINA	FRANCE	9995
EGYPT	FRANCE	1002
EGYPT	FRANCE	1003
EGYPT	FRANCE	1005
EGYPT	FRANCE	1008
EGYPT	FRANCE	1010
EGYPT	FRANCE	1011
EGYPT	FRANCE	1013
EGYPT	FRANCE	1016
EGYPT	FRANCE	1025
EGYPT	FRANCE	1028
EGYPT	FRANCE	1030
EGYPT	FRANCE	1035
EGYPT	FRANCE	1038
EGYPT	FRANCE	1040
EGYPT	FRANCE	1041
EGYPT	FRANCE	1042
EGYPT	FRANCE	1046
EGYPT	FRANCE	1053
EGYPT	FRANCE	1056
EGYPT	FRANCE	1059
EGYPT	FRANCE	1063
EGYPT	FRANCE	1065
EGYPT	FRANCE	1067
EGYPT	FRANCE	1068
EGYPT	FRANCE	1072
EGYPT	FRANCE	1075
EGYPT	FRANCE	1078
EGYPT	FRANCE	1079
EGYPT	FRANCE	1083
EGYPT	FRANCE	1087
EGYPT	FRANCE	1088
EGYPT	FRANCE	1090
EGYPT	FRANCE	1105
EGYPT	FRANCE	1107
EGYPT	FRANCE	1109
EGYPT	FRANCE	1110
EGYPT	FRANCE	1111
EGYPT	FRANCE	1116
EGYPT	FRANCE	1124
EGYPT	FRANCE	1125
EGYPT	FRANCE	1127
EGYPT	FRANCE	1131
EGYPT	FRANCE	1133
EGYPT	FRANCE	1145
EGYPT	FRANCE	1146
EGYPT	FRANCE	1148
EGYPT	FRANCE	1150
EGYPT	FRANCE	1169
EGYPT	FRANCE	1175
EGYPT	FRANCE	1180
EGYPT	FRANCE	1183
EGYPT	FRANCE	1185
EGYPT	FRANCE	1190
EGYPT	FRANCE	1193
EGYPT	FRANCE	1201
EGYPT	FRANCE	1207
EGYPT	FRANCE	1214
EGYPT	FRANCE	1216
EGYPT	FRANCE	1231
EGYPT	FRANCE	1243
EGYPT	FRANCE	1244
EGYPT	FRANCE	1248
EGYPT	FRANCE	1253
EGYPT	FRANCE	1254
EGYPT	FRANCE	1256
EGYPT	FRANCE	1263
EGYPT	FRANCE	1268
EGYPT	FRANCE	1286
EGYPT	FRANCE	1289
EGYPT	FRANCE	1292
EGYPT	FRANCE	1293
EGYPT	FRANCE	1295
EGYPT	FRANCE	1298
EGYPT	FRANCE	1299
EGYPT	FRANCE	1302
EGYPT	FRANCE	1305
EGYPT	FRANCE	1309
EGYPT	FRANCE	1312
EGYPT	FRANCE	1314
EGYPT	FRANCE	1316
EGYPT	FRANCE	1319
EGYPT	FRANCE	1322
EGYPT	FRANCE	1323
EGYPT	FRANCE	1326
EGYPT	FRANCE	1331
EGYPT	FRANCE	1335
EGYPT	FRANCE	1337
EGYPT	FRANCE	1338
EGYPT	FRANCE	1350
EGYPT	FRANCE	1351
EGYPT	FRANCE	1356
EGYPT	FRANCE	1363
EGYPT	FRANCE	1364
EGYPT	FRANCE	1365
EGYPT	FRANCE	1369
EGYPT	FRANCE	1372
EGYPT	FRANCE	1379
EGYPT	FRANCE	1380
EGYPT	FRANCE	1384
EGYPT	FRANCE	1386
EGYPT	FRANCE	1392
EGYPT	FRANCE	1396
EGYPT	FRANCE	1398
EGYPT	FRANCE	1402
EGYPT	FRANCE	1403
EGYPT	FRANCE	1405
EGYPT	FRANCE	1412
EGYPT	FRANCE	1417
EGYPT	FRANCE	1419
EGYPT	FRANCE	1420
EGYPT	FRANCE	1421
EGYPT	FRANCE	1422
EGYPT	FRANCE	1423
EGYPT	FRANCE	1425
EGYPT	FRANCE	1433
EGYPT	FRANCE	1434
EGYPT	FRANCE	1443
EGYPT	FRANCE	1444
EGYPT	FRANCE	1445
EGYPT	FRANCE	1450
EGYPT	FRANCE	1458
EGYPT	FRANCE	1459
EGYPT	FRANCE	1460
EGYPT	FRANCE	1461
EGYPT	FRANCE	1469
EGYPT	FRANCE	1471
EGYPT	FRANCE	1472
EGYPT	FRANCE	1474
EGYPT	FRANCE	1475
EGYPT	FRANCE	1478
EGYPT	FRANCE	1481
EGYPT	FRANCE	1483
EGYPT	FRANCE	1484
EGYPT	FRANCE	1488
EGYPT	FRANCE	1490
EGYPT	FRANCE	1494
EGYPT	FRANCE	1502
EGYPT	FRANCE	1505
EGYPT	FRANCE	1510
EGYPT	FRANCE	1511
EGYPT	FRANCE	1512
EGYPT	FRANCE	1518
EGYPT	FRANCE	1519
EGYPT	FRANCE	1520
EGYPT	FRANCE	1521
EGYPT	FRANCE	1524
EGYPT	FRANCE	1532
EGYPT	FRANCE	1535
EGYPT	FRANCE	1540
EGYPT	FRANCE	1541
EGYPT	FRANCE	1549
EGYPT	FRANCE	1550
EGYPT	FRANCE	1551
EGYPT	FRANCE	1555
EGYPT	FRANCE	1557
EGYPT	FRANCE	1558
EGYPT	FRANCE	1559
EGYPT	FRANCE	1560
EGYPT	FRANCE	1562
EGYPT	FRANCE	1571
EGYPT	FRANCE	1574
EGYPT	FRANCE	1578
EGYPT	FRANCE	1583
EGYPT	FRANCE	1586
EGYPT	FRANCE	1589
EGYPT	FRANCE	1593
EGYPT	FRANCE	1598
EGYPT	FRANCE	1599
EGYPT	FRANCE	1600
EGYPT	FRANCE	1603
EGYPT	FRANCE	1605
EGYPT	FRANCE	1616
EGYPT	FRANCE	1618
EGYPT	FRANCE	1620
EGYPT	FRANCE	1622
EGYPT	FRANCE	1626
EGYPT	FRANCE	1627
EGYPT	FRANCE	1628
EGYPT	FRANCE	1634
EGYPT	FRANCE	1635
EGYPT	FRANCE	1638
EGYPT	FRANCE	1641
EGYPT	FRANCE	1643
EGYPT	FRANCE	1644
EGYPT	FRANCE	1645
EGYPT	FRANCE	1646
EGYPT	FRANCE	1650
EGYPT	FRANCE	1652
EGYPT	FRANCE	1654
EGYPT	FRANCE	1656
EGYPT	FRANCE	1659
EGYPT	FRANCE	1662
EGYPT	FRANCE	1663
EGYPT	FRANCE	1664
EGYPT	FRANCE	1665
EGYPT	FRANCE	1666
EGYPT	FRANCE	1676
EGYPT	FRANCE	1677
EGYPT	FRANCE	1681
EGYPT	FRANCE	1682
EGYPT	FRANCE	1683
EGYPT	FRANCE	1685
EGYPT	FRANCE	1686
EGYPT	FRANCE	1687
EGYPT	FRANCE	1688
EGYPT	FRANCE	1690
EGYPT	FRANCE	1694
EGYPT	FRANCE	1698
EGYPT	FRANCE	1700
EGYPT	FRANCE	1702
EGYPT	FRANCE	1706
EGYPT	FRANCE	1711
EGYPT	FRANCE	1712
EGYPT	FRANCE	1714
EGYPT	FRANCE	1717
EGYPT	FRANCE	1719
EGYPT	FRANCE	1722
EGYPT	FRANCE	1726
EGYPT	FRANCE	1728
EGYPT	FRANCE	1731
EGYPT	FRANCE	1733
EGYPT	FRANCE	1741
EGYPT	FRANCE	1742
EGYPT	FRANCE	1744
EGYPT	FRANCE	1753
EGYPT	FRANCE	1754
EGYPT	FRANCE	1757
EGYPT	FRANCE	1758
EGYPT	FRANCE	1762
EGYPT	FRANCE	1763
EGYPT	FRANCE	1764
EGYPT	FRANCE	1766
EGYPT	FRANCE	1768
EGYPT	FRANCE	1773
EGYPT	FRANCE	1779
EGYPT	FRANCE	1780
EGYPT	FRANCE	1782
EGYPT	FRANCE	1792
EGYPT	FRANCE	1796
EGYPT	FRANCE	1806
EGYPT	FRANCE	1807
EGYPT	FRANCE	1808
EGYPT	FRANCE	1816
EGYPT	FRANCE	1818
EGYPT	FRANCE	1821
EGYPT	FRANCE	1831
EGYPT	FRANCE	1834
EGYPT	FRANCE	1835
EGYPT	FRANCE	1836
EGYPT	FRANCE	1838
EGYPT	FRANCE	1840
EGYPT	FRANCE	1844
EGYPT	FRANCE	1855
EGYPT	FRANCE	1857
EGYPT	FRANCE	1858
EGYPT	FRANCE	1859
EGYPT	FRANCE	1863
EGYPT	FRANCE	1866
EGYPT	FRANCE	1868
EGYPT	FRANCE	1872
EGYPT	FRANCE	1873
EGYPT	FRANCE	1877
EGYPT	FRANCE	1878
EGYPT	FRANCE	1879
EGYPT	FRANCE	1883
EGYPT	FRANCE	1884
EGYPT	FRANCE	1885
EGYPT	FRANCE	1890
EGYPT	FRANCE	1892
EGYPT	FRANCE	1896
EGYPT	FRANCE	1898
EGYPT	FRANCE	1901
EGYPT	FRANCE	1904
EGYPT	FRANCE	1906
EGYPT	FRANCE	1908
EGYPT	FRANCE	1912
EGYPT	FRANCE	1913
EGYPT	FRANCE	1915
EGYPT	FRANCE	1917
EGYPT	FRANCE	1918
EGYPT	FRANCE	1922
EGYPT	FRANCE	1923
EGYPT	FRANCE	1927
EGYPT	FRANCE	1928
EGYPT	FRANCE	1934
EGYPT	FRANCE	1937
EGYPT	FRANCE	1943
EGYPT	FRANCE	1945
EGYPT	FRANCE	1946
EGYPT	FRANCE	1958
EGYPT	FRANCE	1961
EGYPT	FRANCE	1970
EGYPT	FRANCE	1971
EGYPT	FRANCE	1972
EGYPT	FRANCE	1980
EGYPT	FRANCE	1983
EGYPT	FRANCE	1990
EGYPT	FRANCE	1994
EGYPT	FRANCE	1997
EGYPT	FRANCE	1999
EGYPT	FRANCE	2003
EGYPT	FRANCE	2006
EGYPT	FRANCE	2008
EGYPT	FRANCE	2010
EGYPT	FRANCE	2014
EGYPT	FRANCE	2019
EGYPT	FRANCE	2032
EGYPT	FRANCE	2033
EGYPT	FRANCE	2034
EGYPT	FRANCE	2037
EGYPT	FRANCE	2044
EGYPT	FRANCE	2053
EGYPT	FRANCE	2056
EGYPT	FRANCE	2060
EGYPT	FRANCE	2061
EGYPT	FRANCE	2063
EGYPT	FRANCE	2064
EGYPT	FRANCE	2066
EGYPT	FRANCE	2068
EGYPT	FRANCE	2069
EGYPT	FRANCE	2074
EGYPT	FRANCE	2076
EGYPT	FRANCE	2077
EGYPT	FRANCE	2079
EGYPT	FRANCE	2081
EGYPT	FRANCE	2087
EGYPT	FRANCE	2091
EGYPT	FRANCE	2103
EGYPT	FRANCE	2114
EGYPT	FRANCE	2115
EGYPT	FRANCE	2116
EGYPT	FRANCE	2122
EGYPT	FRANCE	2123
EGYPT	FRANCE	2125
EGYPT	FRANCE	2131
EGYPT	FRANCE	2138
EGYPT	FRANCE	2139
EGYPT	FRANCE	2142
EGYPT	FRANCE	2143
EGYPT	FRANCE	2145
EGYPT	FRANCE	2146
EGYPT	FRANCE	2149
EGYPT	FRANCE	2150
EGYPT	FRANCE	2152
EGYPT	FRANCE	2153
EGYPT	FRANCE	2155
EGYPT	FRANCE	2157
EGYPT	FRANCE	2158
EGYPT	FRANCE	2159
EGYPT	FRANCE	2163
EGYPT	FRANCE	2166
EGYPT	FRANCE	2168
EGYPT	FRANCE	2173
EGYPT	FRANCE	2174
EGYPT	FRANCE	2183
EGYPT	FRANCE	2185
EGYPT	FRANCE	2189
EGYPT	FRANCE	2190
EGYPT	FRANCE	2192
EGYPT	FRANCE	2195
EGYPT	FRANCE	2196
EGYPT	FRANCE	2207
EGYPT	FRANCE	2211
EGYPT	FRANCE	2214
EGYPT	FRANCE	2215
EGYPT	FRANCE	2218
EGYPT	FRANCE	2219
EGYPT	FRANCE	2222
EGYPT	FRANCE	2225
EGYPT	FRANCE	2226
EGYPT	FRANCE	2230
EGYPT	FRANCE	2231
EGYPT	FRANCE	2232
EGYPT	FRANCE	2234
EGYPT	FRANCE	2236
EGYPT	FRANCE	2240
EGYPT	FRANCE	2253
EGYPT	FRANCE	2256
EGYPT	FRANCE	2257
EGYPT	FRANCE	2258
EGYPT	FRANCE	2268
EGYPT	FRANCE	2276
EGYPT	FRANCE	2281
EGYPT	FRANCE	2289
EGYPT	FRANCE	2292
EGYPT	FRANCE	2299
EGYPT	FRANCE	2305
EGYPT	FRANCE	2312
EGYPT	FRANCE	2313
EGYPT	FRANCE	2315
EGYPT	FRANCE	2319
EGYPT	FRANCE	2334
EGYPT	FRANCE	2335
EGYPT	FRANCE	2338
EGYPT	FRANCE	2342
EGYPT	FRANCE	2349
EGYPT	FRANCE	2354
EGYPT	FRANCE	2355
EGYPT	FRANCE	2358
EGYPT	FRANCE	2374
EGYPT	FRANCE	2375
EGYPT	FRANCE	2377
EGYPT	FRANCE	2381
EGYPT	FRANCE	2385
EGYPT	FRANCE	2387
EGYPT	FRANCE	2391
EGYPT	FRANCE	2392
EGYPT	FRANCE	2394
EGYPT	FRANCE	2398
EGYPT	FRANCE	2408
EGYPT	FRANCE	2409
EGYPT	FRANCE	2412
EGYPT	FRANCE	2413
EGYPT	FRANCE	2417
EGYPT	FRANCE	2419
EGYPT	FRANCE	2423
EGYPT	FRANCE	2424
EGYPT	FRANCE	2429
EGYPT	FRANCE	2433
EGYPT	FRANCE	2436
EGYPT	FRANCE	2449
EGYPT	FRANCE	2455
EGYPT	FRANCE	2463
EGYPT	FRANCE	2464
EGYPT	FRANCE	2465
EGYPT	FRANCE	2468
EGYPT	FRANCE	2470
EGYPT	FRANCE	2477
EGYPT	FRANCE	2486
EGYPT	FRANCE	2487
EGYPT	FRANCE	2494
EGYPT	FRANCE	2502
EGYPT	FRANCE	2506
EGYPT	FRANCE	2508
EGYPT	FRANCE	2509
EGYPT	FRANCE	2523
EGYPT	FRANCE	2524
EGYPT	FRANCE	2525
EGYPT	FRANCE	2536
EGYPT	FRANCE	2537
EGYPT	FRANCE	2540
EGYPT	FRANCE	2544
EGYPT	FRANCE	2545
EGYPT	FRANCE	2546
EGYPT	FRANCE	2547
EGYPT	FRANCE	2549
EGYPT	FRANCE	2551
EGYPT	FRANCE	2555
EGYPT	FRANCE	2557
EGYPT	FRANCE	2565
EGYPT	FRANCE	2568
EGYPT	FRANCE	2569
EGYPT	FRANCE	2575
EGYPT	FRANCE	2579
EGYPT	FRANCE	2583
EGYPT	FRANCE	2593
EGYPT	FRANCE	2598
EGYPT	FRANCE	2601
EGYPT	FRANCE	2610
EGYPT	FRANCE	2617
EGYPT	FRANCE	2632
EGYPT	FRANCE	2634
EGYPT	FRANCE	2635
EGYPT	FRANCE	2648
EGYPT	FRANCE	2651
EGYPT	FRANCE	2659
EGYPT	FRANCE	2662
EGYPT	FRANCE	2671
EGYPT	FRANCE	2672
EGYPT	FRANCE	2673
EGYPT	FRANCE	2675
EGYPT	FRANCE	2676
EGYPT	FRANCE	2687
EGYPT	FRANCE	2688
EGYPT	FRANCE	2689
EGYPT	FRANCE	2690
EGYPT	FRANCE	2695
EGYPT	FRANCE	2705
EGYPT	FRANCE	2708
EGYPT	FRANCE	2724
EGYPT	FRANCE	2728
EGYPT	FRANCE	2729
EGYPT	FRANCE	2737
EGYPT	FRANCE	2741
EGYPT	FRANCE	2747
EGYPT	FRANCE	2761
EGYPT	FRANCE	2762
EGYPT	FRANCE	2764
EGYPT	FRANCE	2773
EGYPT	FRANCE	2778
EGYPT	FRANCE	2783
EGYPT	FRANCE	2784
EGYPT	FRANCE	2787
EGYPT	FRANCE	2791
EGYPT	FRANCE	2793
EGYPT	FRANCE	2794
EGYPT	FRANCE	2799
EGYPT	FRANCE	2805
EGYPT	FRANCE	2815
EGYPT	FRANCE	2830
EGYPT	FRANCE	2859
EGYPT	FRANCE	2876
EGYPT	FRANCE	2878
EGYPT	FRANCE	2880
EGYPT	FRANCE	2882
EGYPT	FRANCE	2885
EGYPT	FRANCE	2891
EGYPT	FRANCE	2901
EGYPT	FRANCE	2904
EGYPT	FRANCE	2910
EGYPT	FRANCE	2925
EGYPT	FRANCE	2941
EGYPT	FRANCE	2944
EGYPT	FRANCE	2945
EGYPT	FRANCE	2958
EGYPT	FRANCE	2978
EGYPT	FRANCE	2987
EGYPT	FRANCE	2995
EGYPT	FRANCE	2998
EGYPT	FRANCE	3007
EGYPT	FRANCE	3023
EGYPT	FRANCE	3040
EGYPT	FRANCE	3057
EGYPT	FRANCE	3077
EGYPT	FRANCE	3078
EGYPT	FRANCE	3080
EGYPT	FRANCE	3103
EGYPT	FRANCE	3107
EGYPT	FRANCE	3113
EGYPT	FRANCE	3119
EGYPT	FRANCE	3120
EGYPT	FRANCE	3130
EGYPT	FRANCE	3152
EGYPT	FRANCE	3172
EGYPT	FRANCE	3177
EGYPT	FRANCE	3185
EGYPT	FRANCE	3194
EGYPT	FRANCE	3195
EGYPT	FRANCE	3201
EGYPT	FRANCE	3206
EGYPT	FRANCE	3216
EGYPT	FRANCE	3221
EGYPT	FRANCE	3224
EGYPT	FRANCE	3261
EGYPT	FRANCE	3310
EGYPT	FRANCE	3315
EGYPT	FRANCE	3326
EGYPT	FRANCE	3333
EGYPT	FRANCE	3344
EGYPT	FRANCE	3372
EGYPT	FRANCE	3403
EGYPT	FRANCE	3411
EGYPT	FRANCE	3435
EGYPT	FRANCE	3439
EGYPT	FRANCE	3454
EGYPT	FRANCE	3471
EGYPT	FRANCE	3477
EGYPT	FRANCE	3502
EGYPT	FRANCE	3514
EGYPT	FRANCE	3539
EGYPT	FRANCE	3541
EGYPT	FRANCE	3545
EGYPT	FRANCE	3564
EGYPT	FRANCE	3622
EGYPT	FRANCE	3669
EGYPT	FRANCE	3727
EGYPT	FRANCE	3777
EGYPT	FRANCE	3861
EGYPT	FRANCE	3901
EGYPT	FRANCE	3920
EGYPT	FRANCE	4003
EGYPT	FRANCE	4018
EGYPT	FRANCE	4048
EGYPT	FRANCE	4052
EGYPT	FRANCE	4068
EGYPT	FRANCE	4235
EGYPT	FRANCE	4267
EGYPT	FRANCE	4416
EGYPT	FRANCE	4728
EGYPT	FRANCE	4850
EGYPT	FRANCE	4862
EGYPT	FRANCE	4901
EGYPT	FRANCE	5005
EGYPT	FRANCE	5095
EGYPT	FRANCE	5119
EGYPT	FRANCE	5178
EGYPT	FRANCE	5198
EGYPT	FRANCE	5232
EGYPT	FRANCE	5254
EGYPT	FRANCE	5290
EGYPT	FRANCE	5397
EGYPT	FRANCE	5404
EGYPT	FRANCE	5453
EGYPT	FRANCE	5470
EGYPT	FRANCE	5492
EGYPT	FRANCE	5565
EGYPT	FRANCE	5638
EGYPT	FRANCE	5671
EGYPT	FRANCE	5771
EGYPT	FRANCE	5841
EGYPT	FRANCE	5949
EGYPT	FRANCE	6003
EGYPT	FRANCE	6029
EGYPT	FRANCE	6097
EGYPT	FRANCE	6107
EGYPT	FRANCE	6172
EGYPT	FRANCE	6186
EGYPT	FRANCE	6290
EGYPT	FRANCE	6426
EGYPT	FRANCE	6440
EGYPT	FRANCE	6482
EGYPT	FRANCE	6496
EGYPT	FRANCE	6516
EGYPT	FRANCE	6691
EGYPT	FRANCE	6728
EGYPT	FRANCE	6755
EGYPT	FRANCE	6787
EGYPT	FRANCE	6868
EGYPT	FRANCE	6871
EGYPT	FRANCE	6928
EGYPT	FRANCE	6974
EGYPT	FRANCE	7016
EGYPT	FRANCE	7080
EGYPT	FRANCE	7133
EGYPT	FRANCE	7165
EGYPT	FRANCE	7190
EGYPT	FRANCE	7202
EGYPT	FRANCE	7229
EGYPT	FRANCE	7243
EGYPT	FRANCE	7257
EGYPT	FRANCE	7266
EGYPT	FRANCE	7299
EGYPT	FRANCE	7322
EGYPT	FRANCE	7395
EGYPT	FRANCE	7404
EGYPT	FRANCE	7425
EGYPT	FRANCE	7533
EGYPT	FRANCE	7550
EGYPT	FRANCE	7612
EGYPT	FRANCE	7769
EGYPT	FRANCE	7900
EGYPT	FRANCE	7902
EGYPT	FRANCE	7993
EGYPT	FRANCE	8000
EGYPT	FRANCE	8144
EGYPT	FRANCE	8213
EGYPT	FRANCE	8228
EGYPT	FRANCE	8232
EGYPT	FRANCE	8306
EGYPT	FRANCE	8333
EGYPT	FRANCE	8350
EGYPT	FRANCE	8372
EGYPT	FRANCE	8409
EGYPT	FRANCE	8446
EGYPT	FRANCE	8455
EGYPT	FRANCE	8463
EGYPT	FRANCE	8512
EGYPT	FRANCE	8625
EGYPT	FRANCE	8662
EGYPT	FRANCE	8690
EGYPT	FRANCE	8713
EGYPT	FRANCE	8723
EGYPT	FRANCE	8734
EGYPT	FRANCE	8745
EGYPT	FRANCE	8774
EGYPT	FRANCE	8827
EGYPT	FRANCE	8828
EGYPT	FRANCE	8829
EGYPT	FRANCE	8854
EGYPT	FRANCE	8954
EGYPT	FRANCE	8971
EGYPT	FRANCE	9087
EGYPT	FRANCE	9098
EGYPT	FRANCE	9107
EGYPT	FRANCE	9219
EGYPT	FRANCE	9225
EGYPT	FRANCE	9233
EGYPT	FRANCE	9258
EGYPT	FRANCE	9328
EGYPT	FRANCE	9367
EGYPT	FRANCE	9463
EGYPT	FRANCE	9626
EGYPT	FRANCE	9627
EGYPT	FRANCE	9632
EGYPT	FRANCE	9661
EGYPT	FRANCE	9720
EGYPT	FRANCE	9788
EGYPT	FRANCE	9813
EGYPT	FRANCE	9843
EGYPT	FRANCE	9891
EGYPT	FRANCE	9912
ETHIOPIA	FRANCE	1008
ETHIOPIA	FRANCE	1017
ETHIOPIA	FRANCE	1020
ETHIOPIA	FRANCE	1021
ETHIOPIA	FRANCE	1028
ETHIOPIA	FRANCE	1030
ETHIOPIA	FRANCE	1033
ETHIOPIA	FRANCE	1037
ETHIOPIA	FRANCE	1038
ETHIOPIA	FRANCE	1042
ETHIOPIA	FRANCE	1049
ETHIOPIA	FRANCE	1053
ETHIOPIA	FRANCE	1054
ETHIOPIA	FRANCE	1060
ETHIOPIA	FRANCE	1063
ETHIOPIA	FRANCE	1069
ETHIOPIA	FRANCE	1071
ETHIOPIA	FRANCE	1072
ETHIOPIA	FRANCE	1073
ETHIOPIA	FRANCE	1074
ETHIOPIA	FRANCE	1078
ETHIOPIA	FRANCE	1082
ETHIOPIA	FRANCE	1084
ETHIOPIA	FRANCE	1086
ETHIOPIA	FRANCE	1095
ETHIOPIA	FRANCE	1102
ETHIOPIA	FRANCE	1105
ETHIOPIA	FRANCE	1108
ETHIOPIA	FRANCE	1110
ETHIOPIA	FRANCE	1111
ETHIOPIA	FRANCE	1113
ETHIOPIA	FRANCE	1116
ETHIOPIA	FRANCE	1118
ETHIOPIA	FRANCE	1119
ETHIOPIA	FRANCE	1122
ETHIOPIA	FRANCE	1125
ETHIOPIA	FRANCE	1127
ETHIOPIA	FRANCE	1132
ETHIOPIA	FRANCE	1133
ETHIOPIA	FRANCE	1140
ETHIOPIA	FRANCE	1146
ETHIOPIA	FRANCE	1150
ETHIOPIA	FRANCE	1153
ETHIOPIA	FRANCE	1157
ETHIOPIA	FRANCE	1158
ETHIOPIA	FRANCE	1160
ETHIOPIA	FRANCE	1162
ETHIOPIA	FRANCE	1172
ETHIOPIA	FRANCE	1173
ETHIOPIA	FRANCE	1175
ETHIOPIA	FRANCE	1184
ETHIOPIA	FRANCE	1190
ETHIOPIA	FRANCE	1194
ETHIOPIA	FRANCE	1202
ETHIOPIA	FRANCE	1208
ETHIOPIA	FRANCE	1210
ETHIOPIA	FRANCE	1212
ETHIOPIA	FRANCE	1215
ETHIOPIA	FRANCE	1216
ETHIOPIA	FRANCE	1221
ETHIOPIA	FRANCE	1224
ETHIOPIA	FRANCE	1226
ETHIOPIA	FRANCE	1233
ETHIOPIA	FRANCE	1238
ETHIOPIA	FRANCE	1242
ETHIOPIA	FRANCE	1253
ETHIOPIA	FRANCE	1254
ETHIOPIA	FRANCE	1256
ETHIOPIA	FRANCE	1260
ETHIOPIA	FRANCE	1263
ETHIOPIA	FRANCE	1272
ETHIOPIA	FRANCE	1277
ETHIOPIA	FRANCE	1280
ETHIOPIA	FRANCE	1281
ETHIOPIA	FRANCE	1287
ETHIOPIA	FRANCE	1289
ETHIOPIA	FRANCE	1292
ETHIOPIA	FRANCE	1293
ETHIOPIA	FRANCE	1295
ETHIOPIA	FRANCE	1296
ETHIOPIA	FRANCE	1301
ETHIOPIA	FRANCE	1304
ETHIOPIA	FRANCE	1305
ETHIOPIA	FRANCE	1307
ETHIOPIA	FRANCE	1316
ETHIOPIA	FRANCE	1323
ETHIOPIA	FRANCE	1326
ETHIOPIA	FRANCE	1327
ETHIOPIA	FRANCE	1330
ETHIOPIA	FRANCE	1334
ETHIOPIA	FRANCE	1342
ETHIOPIA	FRANCE	1347
ETHIOPIA	FRANCE	1349
ETHIOPIA	FRANCE	1351
ETHIOPIA	FRANCE	1353
ETHIOPIA	FRANCE	1354
ETHIOPIA	FRANCE	1356
ETHIOPIA	FRANCE	1361
ETHIOPIA	FRANCE	1371
ETHIOPIA	FRANCE	1374
ETHIOPIA	FRANCE	1376
ETHIOPIA	FRANCE	1384
ETHIOPIA	FRANCE	1386
ETHIOPIA	FRANCE	1395
ETHIOPIA	FRANCE	1397
ETHIOPIA	FRANCE	1399
ETHIOPIA	FRANCE	1405
ETHIOPIA	FRANCE	1407
ETHIOPIA	FRANCE	1419
ETHIOPIA	FRANCE	1421
ETHIOPIA	FRANCE	1422
ETHIOPIA	FRANCE	1423
ETHIOPIA	FRANCE	1425
ETHIOPIA	FRANCE	1426
ETHIOPIA	FRANCE	1438
ETHIOPIA	FRANCE	1440
ETHIOPIA	FRANCE	1443
ETHIOPIA	FRANCE	1444
ETHIOPIA	FRANCE	1448
ETHIOPIA	FRANCE	1454
ETHIOPIA	FRANCE	1460
ETHIOPIA	FRANCE	1465
ETHIOPIA	FRANCE	1468
ETHIOPIA	FRANCE	1471
ETHIOPIA	FRANCE	1474
ETHIOPIA	FRANCE	1475
ETHIOPIA	FRANCE	1481
ETHIOPIA	FRANCE	1484
ETHIOPIA	FRANCE	1486
ETHIOPIA	FRANCE	1488
ETHIOPIA	FRANCE	1490
ETHIOPIA	FRANCE	1491
ETHIOPIA	FRANCE	1493
ETHIOPIA	FRANCE	1494
ETHIOPIA	FRANCE	1500
ETHIOPIA	FRANCE	1502
ETHIOPIA	FRANCE	1508
ETHIOPIA	FRANCE	1511
ETHIOPIA	FRANCE	1512
ETHIOPIA	FRANCE	1513
ETHIOPIA	FRANCE	1515
ETHIOPIA	FRANCE	1517
ETHIOPIA	FRANCE	1521
ETHIOPIA	FRANCE	1524
ETHIOPIA	FRANCE	1525
ETHIOPIA	FRANCE	1526
ETHIOPIA	FRANCE	1527
ETHIOPIA	FRANCE	1528
ETHIOPIA	FRANCE	1529
ETHIOPIA	FRANCE	1530
ETHIOPIA	FRANCE	1532
ETHIOPIA	FRANCE	1542
ETHIOPIA	FRANCE	1546
ETHIOPIA	FRANCE	1547
ETHIOPIA	FRANCE	1551
ETHIOPIA	FRANCE	1555
ETHIOPIA	FRANCE	1559
ETHIOPIA	FRANCE	1561
ETHIOPIA	FRANCE	1562
ETHIOPIA	FRANCE	1568
ETHIOPIA	FRANCE	1569
ETHIOPIA	FRANCE	1582
ETHIOPIA	FRANCE	1584
ETHIOPIA	FRANCE	1586
ETHIOPIA	FRANCE	1589
ETHIOPIA	FRANCE	1591
ETHIOPIA	FRANCE	1594
ETHIOPIA	FRANCE	1601
ETHIOPIA	FRANCE	1602
ETHIOPIA	FRANCE	1608
ETHIOPIA	FRANCE	1612
ETHIOPIA	FRANCE	1614
ETHIOPIA	FRANCE	1616
ETHIOPIA	FRANCE	1618
ETHIOPIA	FRANCE	1619
ETHIOPIA	FRANCE	1623
ETHIOPIA	FRANCE	1627
ETHIOPIA	FRANCE	1629
ETHIOPIA	FRANCE	1634
ETHIOPIA	FRANCE	1635
ETHIOPIA	FRANCE	1636
ETHIOPIA	FRANCE	1638
ETHIOPIA	FRANCE	1639
ETHIOPIA	FRANCE	1642
ETHIOPIA	FRANCE	1644
ETHIOPIA	FRANCE	1647
ETHIOPIA	FRANCE	1648
ETHIOPIA	FRANCE	1650
ETHIOPIA	FRANCE	1652
ETHIOPIA	FRANCE	1653
ETHIOPIA	FRANCE	1659
ETHIOPIA	FRANCE	1660
ETHIOPIA	FRANCE	1663
ETHIOPIA	FRANCE	1665
ETHIOPIA	FRANCE	1667
ETHIOPIA	FRANCE	1668
ETHIOPIA	FRANCE	1674
ETHIOPIA	FRANCE	1677
ETHIOPIA	FRANCE	1678
ETHIOPIA	FRANCE	1685
ETHIOPIA	FRANCE	1688
ETHIOPIA	FRANCE	1694
ETHIOPIA	FRANCE	1695
ETHIOPIA	FRANCE	1696
ETHIOPIA	FRANCE	1712
ETHIOPIA	FRANCE	1714
ETHIOPIA	FRANCE	1721
ETHIOPIA	FRANCE	1726
ETHIOPIA	FRANCE	1727
ETHIOPIA	FRANCE	1740
ETHIOPIA	FRANCE	1741
ETHIOPIA	FRANCE	1746
ETHIOPIA	FRANCE	1747
ETHIOPIA	FRANCE	1750
ETHIOPIA	FRANCE	1757
ETHIOPIA	FRANCE	1764
ETHIOPIA	FRANCE	1766
ETHIOPIA	FRANCE	1770
ETHIOPIA	FRANCE	1771
ETHIOPIA	FRANCE	1772
ETHIOPIA	FRANCE	1773
ETHIOPIA	FRANCE	1774
ETHIOPIA	FRANCE	1776
ETHIOPIA	FRANCE	1782
ETHIOPIA	FRANCE	1786
ETHIOPIA	FRANCE	1787
ETHIOPIA	FRANCE	1792
ETHIOPIA	FRANCE	1796
ETHIOPIA	FRANCE	1801
ETHIOPIA	FRANCE	1802
ETHIOPIA	FRANCE	1804
ETHIOPIA	FRANCE	1808
ETHIOPIA	FRANCE	1812
ETHIOPIA	FRANCE	1816
ETHIOPIA	FRANCE	1817
ETHIOPIA	FRANCE	1821
ETHIOPIA	FRANCE	1825
ETHIOPIA	FRANCE	1831
ETHIOPIA	FRANCE	1833
ETHIOPIA	FRANCE	1834
ETHIOPIA	FRANCE	1836
ETHIOPIA	FRANCE	1840
ETHIOPIA	FRANCE	1849
ETHIOPIA	FRANCE	1853
ETHIOPIA	FRANCE	1860
ETHIOPIA	FRANCE	1865
ETHIOPIA	FRANCE	1867
ETHIOPIA	FRANCE	1868
ETHIOPIA	FRANCE	1872
ETHIOPIA	FRANCE	1874
ETHIOPIA	FRANCE	1879
ETHIOPIA	FRANCE	1882
ETHIOPIA	FRANCE	1883
ETHIOPIA	FRANCE	1884
ETHIOPIA	FRANCE	1887
ETHIOPIA	FRANCE	1894
ETHIOPIA	FRANCE	1899
ETHIOPIA	FRANCE	1900
ETHIOPIA	FRANCE	1901
ETHIOPIA	FRANCE	1903
ETHIOPIA	FRANCE	1905
ETHIOPIA	FRANCE	1908
ETHIOPIA	FRANCE	1920
ETHIOPIA	FRANCE	1922
ETHIOPIA	FRANCE	1926
ETHIOPIA	FRANCE	1927
ETHIOPIA	FRANCE	1928
ETHIOPIA	FRANCE	1931
ETHIOPIA	FRANCE	1937
ETHIOPIA	FRANCE	1938
ETHIOPIA	FRANCE	1939
ETHIOPIA	FRANCE	1942
ETHIOPIA	FRANCE	1945
ETHIOPIA	FRANCE	1946
ETHIOPIA	FRANCE	1948
ETHIOPIA	FRANCE	1951
ETHIOPIA	FRANCE	1953
ETHIOPIA	FRANCE	1956
ETHIOPIA	FRANCE	1957
ETHIOPIA	FRANCE	1958
ETHIOPIA	FRANCE	1964
ETHIOPIA	FRANCE	1971
ETHIOPIA	FRANCE	1972
ETHIOPIA	FRANCE	1980
ETHIOPIA	FRANCE	1981
ETHIOPIA	FRANCE	1982
ETHIOPIA	FRANCE	1983
ETHIOPIA	FRANCE	1986
ETHIOPIA	FRANCE	1994
ETHIOPIA	FRANCE	2004
ETHIOPIA	FRANCE	2010
ETHIOPIA	FRANCE	2020
ETHIOPIA	FRANCE	2027
ETHIOPIA	FRANCE	2028
ETHIOPIA	FRANCE	2032
ETHIOPIA	FRANCE	2033
ETHIOPIA	FRANCE	2040
ETHIOPIA	FRANCE	2048
ETHIOPIA	FRANCE	2050
ETHIOPIA	FRANCE	2053
ETHIOPIA	FRANCE	2058
ETHIOPIA	FRANCE	2065
ETHIOPIA	FRANCE	2069
ETHIOPIA	FRANCE	2071
ETHIOPIA	FRANCE	2074
ETHIOPIA	FRANCE	2079
ETHIOPIA	FRANCE	2087
ETHIOPIA	FRANCE	2089
ETHIOPIA	FRANCE	2091
ETHIOPIA	FRANCE	2097
ETHIOPIA	FRANCE	2098
ETHIOPIA	FRANCE	2103
ETHIOPIA	FRANCE	2105
ETHIOPIA	FRANCE	2111
ETHIOPIA	FRANCE	2112
ETHIOPIA	FRANCE	2120
ETHIOPIA	FRANCE	2122
ETHIOPIA	FRANCE	2124
ETHIOPIA	FRANCE	2130
ETHIOPIA	FRANCE	2132
ETHIOPIA	FRANCE	2134
ETHIOPIA	FRANCE	2136
ETHIOPIA	FRANCE	2138
ETHIOPIA	FRANCE	2141
ETHIOPIA	FRANCE	2144
ETHIOPIA	FRANCE	2146
ETHIOPIA	FRANCE	2147
ETHIOPIA	FRANCE	2155
ETHIOPIA	FRANCE	2161
ETHIOPIA	FRANCE	2169
ETHIOPIA	FRANCE	2171
ETHIOPIA	FRANCE	2176
ETHIOPIA	FRANCE	2178
ETHIOPIA	FRANCE	2194
ETHIOPIA	FRANCE	2197
ETHIOPIA	FRANCE	2198
ETHIOPIA	FRANCE	2206
ETHIOPIA	FRANCE	2211
ETHIOPIA	FRANCE	2216
ETHIOPIA	FRANCE	2217
ETHIOPIA	FRANCE	2218
ETHIOPIA	FRANCE	2224
ETHIOPIA	FRANCE	2225
ETHIOPIA	FRANCE	2226
ETHIOPIA	FRANCE	2237
ETHIOPIA	FRANCE	2247
ETHIOPIA	FRANCE	2249
ETHIOPIA	FRANCE	2255
ETHIOPIA	FRANCE	2256
ETHIOPIA	FRANCE	2257
ETHIOPIA	FRANCE	2258
ETHIOPIA	FRANCE	2259
ETHIOPIA	FRANCE	2262
ETHIOPIA	FRANCE	2269
ETHIOPIA	FRANCE	2271
ETHIOPIA	FRANCE	2274
ETHIOPIA	FRANCE	2276
ETHIOPIA	FRANCE	2279
ETHIOPIA	FRANCE	2282
ETHIOPIA	FRANCE	2283
ETHIOPIA	FRANCE	2285
ETHIOPIA	FRANCE	2289
ETHIOPIA	FRANCE	2290
ETHIOPIA	FRANCE	2292
ETHIOPIA	FRANCE	2294
ETHIOPIA	FRANCE	2298
ETHIOPIA	FRANCE	2305
ETHIOPIA	FRANCE	2309
ETHIOPIA	FRANCE	2312
ETHIOPIA	FRANCE	2313
ETHIOPIA	FRANCE	2320
ETHIOPIA	FRANCE	2325
ETHIOPIA	FRANCE	2327
ETHIOPIA	FRANCE	2335
ETHIOPIA	FRANCE	2336
ETHIOPIA	FRANCE	2338
ETHIOPIA	FRANCE	2343
ETHIOPIA	FRANCE	2344
ETHIOPIA	FRANCE	2345
ETHIOPIA	FRANCE	2348
ETHIOPIA	FRANCE	2350
ETHIOPIA	FRANCE	2352
ETHIOPIA	FRANCE	2354
ETHIOPIA	FRANCE	2357
ETHIOPIA	FRANCE	2361
ETHIOPIA	FRANCE	2363
ETHIOPIA	FRANCE	2365
ETHIOPIA	FRANCE	2375
ETHIOPIA	FRANCE	2381
ETHIOPIA	FRANCE	2396
ETHIOPIA	FRANCE	2402
ETHIOPIA	FRANCE	2408
ETHIOPIA	FRANCE	2412
ETHIOPIA	FRANCE	2418
ETHIOPIA	FRANCE	2419
ETHIOPIA	FRANCE	2422
ETHIOPIA	FRANCE	2433
ETHIOPIA	FRANCE	2435
ETHIOPIA	FRANCE	2454
ETHIOPIA	FRANCE	2459
ETHIOPIA	FRANCE	2461
ETHIOPIA	FRANCE	2465
ETHIOPIA	FRANCE	2481
ETHIOPIA	FRANCE	2487
ETHIOPIA	FRANCE	2493
ETHIOPIA	FRANCE	2503
ETHIOPIA	FRANCE	2504
ETHIOPIA	FRANCE	2508
ETHIOPIA	FRANCE	2509
ETHIOPIA	FRANCE	2523
ETHIOPIA	FRANCE	2526
ETHIOPIA	FRANCE	2536
ETHIOPIA	FRANCE	2539
ETHIOPIA	FRANCE	2545
ETHIOPIA	FRANCE	2549
ETHIOPIA	FRANCE	2551
ETHIOPIA	FRANCE	2555
ETHIOPIA	FRANCE	2560
ETHIOPIA	FRANCE	2565
ETHIOPIA	FRANCE	2566
ETHIOPIA	FRANCE	2569
ETHIOPIA	FRANCE	2571
ETHIOPIA	FRANCE	2580
ETHIOPIA	FRANCE	2581
ETHIOPIA	FRANCE	2585
ETHIOPIA	FRANCE	2601
ETHIOPIA	FRANCE	2614
ETHIOPIA	FRANCE	2616
ETHIOPIA	FRANCE	2618
ETHIOPIA	FRANCE	2622
ETHIOPIA	FRANCE	2624
ETHIOPIA	FRANCE	2630
ETHIOPIA	FRANCE	2634
ETHIOPIA	FRANCE	2635
ETHIOPIA	FRANCE	2645
ETHIOPIA	FRANCE	2648
ETHIOPIA	FRANCE	2659
ETHIOPIA	FRANCE	2665
ETHIOPIA	FRANCE	2673
ETHIOPIA	FRANCE	2679
ETHIOPIA	FRANCE	2680
ETHIOPIA	FRANCE	2700
ETHIOPIA	FRANCE	2702
ETHIOPIA	FRANCE	2703
ETHIOPIA	FRANCE	2705
ETHIOPIA	FRANCE	2714
ETHIOPIA	FRANCE	2718
ETHIOPIA	FRANCE	2724
ETHIOPIA	FRANCE	2727
ETHIOPIA	FRANCE	2730
ETHIOPIA	FRANCE	2732
ETHIOPIA	FRANCE	2740
ETHIOPIA	FRANCE	2741
ETHIOPIA	FRANCE	2752
ETHIOPIA	FRANCE	2758
ETHIOPIA	FRANCE	2760
ETHIOPIA	FRANCE	2762
ETHIOPIA	FRANCE	2765
ETHIOPIA	FRANCE	2769
ETHIOPIA	FRANCE	2787
ETHIOPIA	FRANCE	2788
ETHIOPIA	FRANCE	2791
ETHIOPIA	FRANCE	2794
ETHIOPIA	FRANCE	2802
ETHIOPIA	FRANCE	2814
ETHIOPIA	FRANCE	2815
ETHIOPIA	FRANCE	2817
ETHIOPIA	FRANCE	2823
ETHIOPIA	FRANCE	2824
ETHIOPIA	FRANCE	2828
ETHIOPIA	FRANCE	2830
ETHIOPIA	FRANCE	2845
ETHIOPIA	FRANCE	2863
ETHIOPIA	FRANCE	2867
ETHIOPIA	FRANCE	2876
ETHIOPIA	FRANCE	2878
ETHIOPIA	FRANCE	2881
ETHIOPIA	FRANCE	2882
ETHIOPIA	FRANCE	2885
ETHIOPIA	FRANCE	2887
ETHIOPIA	FRANCE	2898
ETHIOPIA	FRANCE	2901
ETHIOPIA	FRANCE	2902
ETHIOPIA	FRANCE	2904
ETHIOPIA	FRANCE	2915
ETHIOPIA	FRANCE	2925
ETHIOPIA	FRANCE	2930
ETHIOPIA	FRANCE	2944
ETHIOPIA	FRANCE	2954
ETHIOPIA	FRANCE	2967
ETHIOPIA	FRANCE	2978
ETHIOPIA	FRANCE	2979
ETHIOPIA	FRANCE	2998
ETHIOPIA	FRANCE	3000
ETHIOPIA	FRANCE	3002
ETHIOPIA	FRANCE	3008
ETHIOPIA	FRANCE	3013
ETHIOPIA	FRANCE	3014
ETHIOPIA	FRANCE	3023
ETHIOPIA	FRANCE	3033
ETHIOPIA	FRANCE	3038
ETHIOPIA	FRANCE	3057
ETHIOPIA	FRANCE	3064
ETHIOPIA	FRANCE	3074
ETHIOPIA	FRANCE	3112
ETHIOPIA	FRANCE	3116
ETHIOPIA	FRANCE	3119
ETHIOPIA	FRANCE	3152
ETHIOPIA	FRANCE	3156
ETHIOPIA	FRANCE	3159
ETHIOPIA	FRANCE	3164
ETHIOPIA	FRANCE	3166
ETHIOPIA	FRANCE	3174
ETHIOPIA	FRANCE	3175
ETHIOPIA	FRANCE	3179
ETHIOPIA	FRANCE	3201
ETHIOPIA	FRANCE	3216
ETHIOPIA	FRANCE	3269
ETHIOPIA	FRANCE	3274
ETHIOPIA	FRANCE	3304
ETHIOPIA	FRANCE	3307
ETHIOPIA	FRANCE	3326
ETHIOPIA	FRANCE	3327
ETHIOPIA	FRANCE	3336
ETHIOPIA	FRANCE	3341
ETHIOPIA	FRANCE	3367
ETHIOPIA	FRANCE	3375
ETHIOPIA	FRANCE	3378
ETHIOPIA	FRANCE	3399
ETHIOPIA	FRANCE	3502
ETHIOPIA	FRANCE	3514
ETHIOPIA	FRANCE	3522
ETHIOPIA	FRANCE	3524
ETHIOPIA	FRANCE	3539
ETHIOPIA	FRANCE	3583
ETHIOPIA	FRANCE	3587
ETHIOPIA	FRANCE	3630
ETHIOPIA	FRANCE	3682
ETHIOPIA	FRANCE	3697
ETHIOPIA	FRANCE	3826
ETHIOPIA	FRANCE	3845
ETHIOPIA	FRANCE	3853
ETHIOPIA	FRANCE	3865
ETHIOPIA	FRANCE	3895
ETHIOPIA	FRANCE	3908
ETHIOPIA	FRANCE	3909
ETHIOPIA	FRANCE	3963
ETHIOPIA	FRANCE	3993
ETHIOPIA	FRANCE	4050
ETHIOPIA	FRANCE	4068
ETHIOPIA	FRANCE	4099
ETHIOPIA	FRANCE	4234
ETHIOPIA	FRANCE	4267
ETHIOPIA	FRANCE	4276
ETHIOPIA	FRANCE	4431
ETHIOPIA	FRANCE	4433
ETHIOPIA	FRANCE	4678
ETHIOPIA	FRANCE	4862
ETHIOPIA	FRANCE	4919
ETHIOPIA	FRANCE	5019
ETHIOPIA	FRANCE	5026
ETHIOPIA	FRANCE	5032
ETHIOPIA	FRANCE	5035
ETHIOPIA	FRANCE	5079
ETHIOPIA	FRANCE	5119
ETHIOPIA	FRANCE	5297
ETHIOPIA	FRANCE	5334
ETHIOPIA	FRANCE	5358
ETHIOPIA	FRANCE	5384
ETHIOPIA	FRANCE	5404
ETHIOPIA	FRANCE	5428
ETHIOPIA	FRANCE	5430
ETHIOPIA	FRANCE	5606
ETHIOPIA	FRANCE	5772
ETHIOPIA	FRANCE	5804
ETHIOPIA	FRANCE	5828
ETHIOPIA	FRANCE	5839
ETHIOPIA	FRANCE	5880
ETHIOPIA	FRANCE	6038
ETHIOPIA	FRANCE	6042
ETHIOPIA	FRANCE	6181
ETHIOPIA	FRANCE	6218
ETHIOPIA	FRANCE	6261
ETHIOPIA	FRANCE	6319
ETHIOPIA	FRANCE	6367
ETHIOPIA	FRANCE	6515
ETHIOPIA	FRANCE	6568
ETHIOPIA	FRANCE	6604
ETHIOPIA	FRANCE	6646
ETHIOPIA	FRANCE	6724
ETHIOPIA	FRANCE	6751
ETHIOPIA	FRANCE	6753
ETHIOPIA	FRANCE	6837
ETHIOPIA	FRANCE	6863
ETHIOPIA	FRANCE	6882
ETHIOPIA	FRANCE	6931
ETHIOPIA	FRANCE	6947
ETHIOPIA	FRANCE	7026
ETHIOPIA	FRANCE	7126
ETHIOPIA	FRANCE	7194
ETHIOPIA	FRANCE	7268
ETHIOPIA	FRANCE	7277
ETHIOPIA	FRANCE	7346
ETHIOPIA	FRANCE	7395
ETHIOPIA	FRANCE	7484
ETHIOPIA	FRANCE	7630
ETHIOPIA	FRANCE	7812
ETHIOPIA	FRANCE	7895
ETHIOPIA	FRANCE	7992
ETHIOPIA	FRANCE	8036
ETHIOPIA	FRANCE	8048
ETHIOPIA	FRANCE	8091
ETHIOPIA	FRANCE	8120
ETHIOPIA	FRANCE	8141
ETHIOPIA	FRANCE	8144
ETHIOPIA	FRANCE	8173
ETHIOPIA	FRANCE	8174
ETHIOPIA	FRANCE	8194
ETHIOPIA	FRANCE	8202
ETHIOPIA	FRANCE	8329
ETHIOPIA	FRANCE	8333
ETHIOPIA	FRANCE	8397
ETHIOPIA	FRANCE	8409
ETHIOPIA	FRANCE	8451
ETHIOPIA	FRANCE	8492
ETHIOPIA	FRANCE	8612
ETHIOPIA	FRANCE	8827
ETHIOPIA	FRANCE	8906
ETHIOPIA	FRANCE	8923
ETHIOPIA	FRANCE	9038
ETHIOPIA	FRANCE	9056
ETHIOPIA	FRANCE	9103
ETHIOPIA	FRANCE	9114
ETHIOPIA	FRANCE	9199
ETHIOPIA	FRANCE	9233
ETHIOPIA	FRANCE	9243
ETHIOPIA	FRANCE	9256
ETHIOPIA	FRANCE	9367
ETHIOPIA	FRANCE	9391
ETHIOPIA	FRANCE	9396
ETHIOPIA	FRANCE	9399
ETHIOPIA	FRANCE	9455
ETHIOPIA	FRANCE	9491
ETHIOPIA	FRANCE	9493
ETHIOPIA	FRANCE	9572
ETHIOPIA	FRANCE	9607
ETHIOPIA	FRANCE	9626
ETHIOPIA	FRANCE	9662
ETHIOPIA	FRANCE	9678
ETHIOPIA	FRANCE	9788
ETHIOPIA	FRANCE	9825
ETHIOPIA	FRANCE	9836
ETHIOPIA	FRANCE	9965
FRANCE	FRANCE	1000
FRANCE	FRANCE	1010
FRANCE	FRANCE	1016
FRANCE	FRANCE	1017
FRANCE	FRANCE	1019
FRANCE	FRANCE	1021
FRANCE	FRANCE	1023
FRANCE	FRANCE	1028
FRANCE	FRANCE	1043
FRANCE	FRANCE	1055
FRANCE	FRANCE	1057
FRANCE	FRANCE	1064
FRANCE	FRANCE	1067
FRANCE	FRANCE	1069
FRANCE	FRANCE	1081
FRANCE	FRANCE	1083
FRANCE	FRANCE	1087
FRANCE	FRANCE	1091
FRANCE	FRANCE	1105
FRANCE	FRANCE	1110
FRANCE	FRANCE	1111
FRANCE	FRANCE	1113
FRANCE	FRANCE	1114
FRANCE	FRANCE	1115
FRANCE	FRANCE	1120
FRANCE	FRANCE	1122
FRANCE	FRANCE	1124
FRANCE	FRANCE	1127
FRANCE	FRANCE	1131
FRANCE	FRANCE	1133
FRANCE	FRANCE	1134
FRANCE	FRANCE	1144
FRANCE	FRANCE	1145
FRANCE	FRANCE	1154
FRANCE	FRANCE	1155
FRANCE	FRANCE	1156
FRANCE	FRANCE	1158
FRANCE	FRANCE	1160
FRANCE	FRANCE	1165
FRANCE	FRANCE	1166
FRANCE	FRANCE	1180
FRANCE	FRANCE	1193
FRANCE	FRANCE	1194
FRANCE	FRANCE	1199
FRANCE	FRANCE	1201
FRANCE	FRANCE	1203
FRANCE	FRANCE	1211
FRANCE	FRANCE	1215
FRANCE	FRANCE	1216
FRANCE	FRANCE	1221
FRANCE	FRANCE	1225
FRANCE	FRANCE	1233
FRANCE	FRANCE	1234
FRANCE	FRANCE	1238
FRANCE	FRANCE	1253
FRANCE	FRANCE	1260
FRANCE	FRANCE	1262
FRANCE	FRANCE	1263
FRANCE	FRANCE	1272
FRANCE	FRANCE	1273
FRANCE	FRANCE	1274
FRANCE	FRANCE	1275
FRANCE	FRANCE	1278
FRANCE	FRANCE	1279
FRANCE	FRANCE	1280
FRANCE	FRANCE	1284
FRANCE	FRANCE	1290
FRANCE	FRANCE	1293
FRANCE	FRANCE	1305
FRANCE	FRANCE	1307
FRANCE	FRANCE	1312
FRANCE	FRANCE	1330
FRANCE	FRANCE	1331
FRANCE	FRANCE	1333
FRANCE	FRANCE	1340
FRANCE	FRANCE	1342
FRANCE	FRANCE	1350
FRANCE	FRANCE	1351
FRANCE	FRANCE	1352
FRANCE	FRANCE	1354
FRANCE	FRANCE	1357
FRANCE	FRANCE	1361
FRANCE	FRANCE	1364
FRANCE	FRANCE	1372
FRANCE	FRANCE	1373
FRANCE	FRANCE	1374
FRANCE	FRANCE	1378
FRANCE	FRANCE	1379
FRANCE	FRANCE	1386
FRANCE	FRANCE	1388
FRANCE	FRANCE	1389
FRANCE	FRANCE	1397
FRANCE	FRANCE	1408
FRANCE	FRANCE	1409
FRANCE	FRANCE	1410
FRANCE	FRANCE	1415
FRANCE	FRANCE	1421
FRANCE	FRANCE	1422
FRANCE	FRANCE	1424
FRANCE	FRANCE	1425
FRANCE	FRANCE	1434
FRANCE	FRANCE	1435
FRANCE	FRANCE	1444
FRANCE	FRANCE	1448
FRANCE	FRANCE	1457
FRANCE	FRANCE	1460
FRANCE	FRANCE	1461
FRANCE	FRANCE	1462
FRANCE	FRANCE	1463
FRANCE	FRANCE	1464
FRANCE	FRANCE	1468
FRANCE	FRANCE	1470
FRANCE	FRANCE	1474
FRANCE	FRANCE	1476
FRANCE	FRANCE	1484
FRANCE	FRANCE	1485
FRANCE	FRANCE	1493
FRANCE	FRANCE	1494
FRANCE	FRANCE	1497
FRANCE	FRANCE	1498
FRANCE	FRANCE	1500
FRANCE	FRANCE	1502
FRANCE	FRANCE	1504
FRANCE	FRANCE	1508
FRANCE	FRANCE	1510
FRANCE	FRANCE	1515
FRANCE	FRANCE	1518
FRANCE	FRANCE	1519
FRANCE	FRANCE	1521
FRANCE	FRANCE	1523
FRANCE	FRANCE	1524
FRANCE	FRANCE	1526
FRANCE	FRANCE	1527
FRANCE	FRANCE	1530
FRANCE	FRANCE	1533
FRANCE	FRANCE	1536
FRANCE	FRANCE	1543
FRANCE	FRANCE	1546
FRANCE	FRANCE	1548
FRANCE	FRANCE	1551
FRANCE	FRANCE	1554
FRANCE	FRANCE	1556
FRANCE	FRANCE	1563
FRANCE	FRANCE	1564
FRANCE	FRANCE	1570
FRANCE	FRANCE	1573
FRANCE	FRANCE	1578
FRANCE	FRANCE	1580
FRANCE	FRANCE	1589
FRANCE	FRANCE	1592
FRANCE	FRANCE	1597
FRANCE	FRANCE	1600
FRANCE	FRANCE	1608
FRANCE	FRANCE	1617
FRANCE	FRANCE	1618
FRANCE	FRANCE	1619
FRANCE	FRANCE	1620
FRANCE	FRANCE	1623
FRANCE	FRANCE	1626
FRANCE	FRANCE	1628
FRANCE	FRANCE	1631
FRANCE	FRANCE	1633
FRANCE	FRANCE	1636
FRANCE	FRANCE	1638
FRANCE	FRANCE	1640
FRANCE	FRANCE	1642
FRANCE	FRANCE	1643
FRANCE	FRANCE	1646
FRANCE	FRANCE	1648
FRANCE	FRANCE	1649
FRANCE	FRANCE	1650
FRANCE	FRANCE	1652
FRANCE	FRANCE	1653
FRANCE	FRANCE	1655
FRANCE	FRANCE	1663
FRANCE	FRANCE	1675
FRANCE	FRANCE	1685
FRANCE	FRANCE	1688
FRANCE	FRANCE	1690
FRANCE	FRANCE	1696
FRANCE	FRANCE	1700
FRANCE	FRANCE	1701
FRANCE	FRANCE	1703
FRANCE	FRANCE	1710
FRANCE	FRANCE	1711
FRANCE	FRANCE	1714
FRANCE	FRANCE	1716
FRANCE	FRANCE	1718
FRANCE	FRANCE	1722
FRANCE	FRANCE	1723
FRANCE	FRANCE	1727
FRANCE	FRANCE	1728
FRANCE	FRANCE	1737
FRANCE	FRANCE	1741
FRANCE	FRANCE	1746
FRANCE	FRANCE	1747
FRANCE	FRANCE	1753
FRANCE	FRANCE	1762
FRANCE	FRANCE	1764
FRANCE	FRANCE	1768
FRANCE	FRANCE	1770
FRANCE	FRANCE	1772
FRANCE	FRANCE	1773
FRANCE	FRANCE	1774
FRANCE	FRANCE	1776
FRANCE	FRANCE	1782
FRANCE	FRANCE	1790
FRANCE	FRANCE	1794
FRANCE	FRANCE	1796
FRANCE	FRANCE	1797
FRANCE	FRANCE	1802
FRANCE	FRANCE	1806
FRANCE	FRANCE	1812
FRANCE	FRANCE	1816
FRANCE	FRANCE	1821
FRANCE	FRANCE	1822
FRANCE	FRANCE	1828
FRANCE	FRANCE	1830
FRANCE	FRANCE	1831
FRANCE	FRANCE	1833
FRANCE	FRANCE	1834
FRANCE	FRANCE	1839
FRANCE	FRANCE	1841
FRANCE	FRANCE	1843
FRANCE	FRANCE	1846
FRANCE	FRANCE	1850
FRANCE	FRANCE	1853
FRANCE	FRANCE	1857
FRANCE	FRANCE	1859
FRANCE	FRANCE	1864
FRANCE	FRANCE	1868
FRANCE	FRANCE	1872
FRANCE	FRANCE	1879
FRANCE	FRANCE	1882
FRANCE	FRANCE	1883
FRANCE	FRANCE	1885
FRANCE	FRANCE	1892
FRANCE	FRANCE	1899
FRANCE	FRANCE	1900
FRANCE	FRANCE	1906
FRANCE	FRANCE	1910
FRANCE	FRANCE	1918
FRANCE	FRANCE	1920
FRANCE	FRANCE	1923
FRANCE	FRANCE	1929
FRANCE	FRANCE	1931
FRANCE	FRANCE	1934
FRANCE	FRANCE	1935
FRANCE	FRANCE	1936
FRANCE	FRANCE	1943
FRANCE	FRANCE	1946
FRANCE	FRANCE	1950
FRANCE	FRANCE	1957
FRANCE	FRANCE	1960
FRANCE	FRANCE	1961
FRANCE	FRANCE	1963
FRANCE	FRANCE	1964
FRANCE	FRANCE	1973
FRANCE	FRANCE	1975
FRANCE	FRANCE	1977
FRANCE	FRANCE	1980
FRANCE	FRANCE	1982
FRANCE	FRANCE	1983
FRANCE	FRANCE	1984
FRANCE	FRANCE	1986
FRANCE	FRANCE	1989
FRANCE	FRANCE	1990
FRANCE	FRANCE	1992
FRANCE	FRANCE	1994
FRANCE	FRANCE	1995
FRANCE	FRANCE	2002
FRANCE	FRANCE	2004
FRANCE	FRANCE	2006
FRANCE	FRANCE	2013
FRANCE	FRANCE	2015
FRANCE	FRANCE	2016
FRANCE	FRANCE	2019
FRANCE	FRANCE	2020
FRANCE	FRANCE	2028
FRANCE	FRANCE	2032
FRANCE	FRANCE	2034
FRANCE	FRANCE	2045
FRANCE	FRANCE	2047
FRANCE	FRANCE	2048
FRANCE	FRANCE	2050
FRANCE	FRANCE	2057
FRANCE	FRANCE	2060
FRANCE	FRANCE	2061
FRANCE	FRANCE	2064
FRANCE	FRANCE	2066
FRANCE	FRANCE	2072
FRANCE	FRANCE	2084
FRANCE	FRANCE	2101
FRANCE	FRANCE	2102
FRANCE	FRANCE	2111
FRANCE	FRANCE	2112
FRANCE	FRANCE	2113
FRANCE	FRANCE	2114
FRANCE	FRANCE	2115
FRANCE	FRANCE	2119
FRANCE	FRANCE	2124
FRANCE	FRANCE	2134
FRANCE	FRANCE	2135
FRANCE	FRANCE	2138
FRANCE	FRANCE	2146
FRANCE	FRANCE	2147
FRANCE	FRANCE	2153
FRANCE	FRANCE	2155
FRANCE	FRANCE	2158
FRANCE	FRANCE	2159
FRANCE	FRANCE	2161
FRANCE	FRANCE	2163
FRANCE	FRANCE	2169
FRANCE	FRANCE	2174
FRANCE	FRANCE	2178
FRANCE	FRANCE	2181
FRANCE	FRANCE	2185
FRANCE	FRANCE	2190
FRANCE	FRANCE	2194
FRANCE	FRANCE	2195
FRANCE	FRANCE	2196
FRANCE	FRANCE	2199
FRANCE	FRANCE	2213
FRANCE	FRANCE	2214
FRANCE	FRANCE	2215
FRANCE	FRANCE	2219
FRANCE	FRANCE	2222
FRANCE	FRANCE	2224
FRANCE	FRANCE	2226
FRANCE	FRANCE	2227
FRANCE	FRANCE	2228
FRANCE	FRANCE	2230
FRANCE	FRANCE	2231
FRANCE	FRANCE	2232
FRANCE	FRANCE	2237
FRANCE	FRANCE	2238
FRANCE	FRANCE	2240
FRANCE	FRANCE	2251
FRANCE	FRANCE	2253
FRANCE	FRANCE	2256
FRANCE	FRANCE	2263
FRANCE	FRANCE	2265
FRANCE	FRANCE	2270
FRANCE	FRANCE	2273
FRANCE	FRANCE	2276
FRANCE	FRANCE	2279
FRANCE	FRANCE	2282
FRANCE	FRANCE	2286
FRANCE	FRANCE	2287
FRANCE	FRANCE	2288
FRANCE	FRANCE	2290
FRANCE	FRANCE	2298
FRANCE	FRANCE	2302
FRANCE	FRANCE	2306
FRANCE	FRANCE	2309
FRANCE	FRANCE	2315
FRANCE	FRANCE	2319
FRANCE	FRANCE	2326
FRANCE	FRANCE	2327
FRANCE	FRANCE	2335
FRANCE	FRANCE	2341
FRANCE	FRANCE	2345
FRANCE	FRANCE	2355
FRANCE	FRANCE	2356
FRANCE	FRANCE	2360
FRANCE	FRANCE	2361
FRANCE	FRANCE	2362
FRANCE	FRANCE	2365
FRANCE	FRANCE	2370
FRANCE	FRANCE	2375
FRANCE	FRANCE	2381
FRANCE	FRANCE	2383
FRANCE	FRANCE	2385
FRANCE	FRANCE	2387
FRANCE	FRANCE	2390
FRANCE	FRANCE	2392
FRANCE	FRANCE	2400
FRANCE	FRANCE	2401
FRANCE	FRANCE	2402
FRANCE	FRANCE	2423
FRANCE	FRANCE	2425
FRANCE	FRANCE	2426
FRANCE	FRANCE	2435
FRANCE	FRANCE	2439
FRANCE	FRANCE	2451
FRANCE	FRANCE	2464
FRANCE	FRANCE	2465
FRANCE	FRANCE	2468
FRANCE	FRANCE	2470
FRANCE	FRANCE	2472
FRANCE	FRANCE	2478
FRANCE	FRANCE	2481
FRANCE	FRANCE	2486
FRANCE	FRANCE	2488
FRANCE	FRANCE	2489
FRANCE	FRANCE	2499
FRANCE	FRANCE	2502
FRANCE	FRANCE	2503
FRANCE	FRANCE	2505
FRANCE	FRANCE	2508
FRANCE	FRANCE	2531
FRANCE	FRANCE	2537
FRANCE	FRANCE	2540
FRANCE	FRANCE	2541
FRANCE	FRANCE	2548
FRANCE	FRANCE	2549
FRANCE	FRANCE	2564
FRANCE	FRANCE	2581
FRANCE	FRANCE	2583
FRANCE	FRANCE	2585
FRANCE	FRANCE	2589
FRANCE	FRANCE	2592
FRANCE	FRANCE	2593
FRANCE	FRANCE	2600
FRANCE	FRANCE	2602
FRANCE	FRANCE	2604
FRANCE	FRANCE	2610
FRANCE	FRANCE	2620
FRANCE	FRANCE	2622
FRANCE	FRANCE	2630
FRANCE	FRANCE	2635
FRANCE	FRANCE	2644
FRANCE	FRANCE	2646
FRANCE	FRANCE	2655
FRANCE	FRANCE	2660
FRANCE	FRANCE	2665
FRANCE	FRANCE	2668
FRANCE	FRANCE	2674
FRANCE	FRANCE	2677
FRANCE	FRANCE	2683
FRANCE	FRANCE	2685
FRANCE	FRANCE	2687
FRANCE	FRANCE	2694
FRANCE	FRANCE	2699
FRANCE	FRANCE	2700
FRANCE	FRANCE	2718
FRANCE	FRANCE	2719
FRANCE	FRANCE	2724
FRANCE	FRANCE	2730
FRANCE	FRANCE	2732
FRANCE	FRANCE	2734
FRANCE	FRANCE	2746
FRANCE	FRANCE	2747
FRANCE	FRANCE	2748
FRANCE	FRANCE	2760
FRANCE	FRANCE	2761
FRANCE	FRANCE	2778
FRANCE	FRANCE	2787
FRANCE	FRANCE	2788
FRANCE	FRANCE	2793
FRANCE	FRANCE	2794
FRANCE	FRANCE	2795
FRANCE	FRANCE	2805
FRANCE	FRANCE	2814
FRANCE	FRANCE	2821
FRANCE	FRANCE	2828
FRANCE	FRANCE	2832
FRANCE	FRANCE	2836
FRANCE	FRANCE	2840
FRANCE	FRANCE	2862
FRANCE	FRANCE	2863
FRANCE	FRANCE	2864
FRANCE	FRANCE	2867
FRANCE	FRANCE	2874
FRANCE	FRANCE	2878
FRANCE	FRANCE	2879
FRANCE	FRANCE	2880
FRANCE	FRANCE	2883
FRANCE	FRANCE	2894
FRANCE	FRANCE	2898
FRANCE	FRANCE	2909
FRANCE	FRANCE	2910
FRANCE	FRANCE	2922
FRANCE	FRANCE	2942
FRANCE	FRANCE	2946
FRANCE	FRANCE	2950
FRANCE	FRANCE	2970
FRANCE	FRANCE	2974
FRANCE	FRANCE	2982
FRANCE	FRANCE	2987
FRANCE	FRANCE	2991
FRANCE	FRANCE	2998
FRANCE	FRANCE	3007
FRANCE	FRANCE	3009
FRANCE	FRANCE	3013
FRANCE	FRANCE	3021
FRANCE	FRANCE	3028
FRANCE	FRANCE	3074
FRANCE	FRANCE	3076
FRANCE	FRANCE	3086
FRANCE	FRANCE	3091
FRANCE	FRANCE	3098
FRANCE	FRANCE	3103
FRANCE	FRANCE	3117
FRANCE	FRANCE	3145
FRANCE	FRANCE	3149
FRANCE	FRANCE	3166
FRANCE	FRANCE	3172
FRANCE	FRANCE	3174
FRANCE	FRANCE	3177
FRANCE	FRANCE	3180
FRANCE	FRANCE	3185
FRANCE	FRANCE	3198
FRANCE	FRANCE	3208
FRANCE	FRANCE	3216
FRANCE	FRANCE	3226
FRANCE	FRANCE	3261
FRANCE	FRANCE	3279
FRANCE	FRANCE	3307
FRANCE	FRANCE	3309
FRANCE	FRANCE	3310
FRANCE	FRANCE	3312
FRANCE	FRANCE	3372
FRANCE	FRANCE	3376
FRANCE	FRANCE	3377
FRANCE	FRANCE	3411
FRANCE	FRANCE	3418
FRANCE	FRANCE	3427
FRANCE	FRANCE	3442
FRANCE	FRANCE	3450
FRANCE	FRANCE	3493
FRANCE	FRANCE	3496
FRANCE	FRANCE	3526
FRANCE	FRANCE	3539
FRANCE	FRANCE	3551
FRANCE	FRANCE	3601
FRANCE	FRANCE	3617
FRANCE	FRANCE	3669
FRANCE	FRANCE	3691
FRANCE	FRANCE	3700
FRANCE	FRANCE	3786
FRANCE	FRANCE	3853
FRANCE	FRANCE	4018
FRANCE	FRANCE	4036
FRANCE	FRANCE	4057
FRANCE	FRANCE	4218
FRANCE	FRANCE	4229
FRANCE	FRANCE	4250
FRANCE	FRANCE	4287
FRANCE	FRANCE	4376
FRANCE	FRANCE	4426
FRANCE	FRANCE	4460
FRANCE	FRANCE	4506
FRANCE	FRANCE	4533
FRANCE	FRANCE	4572
FRANCE	FRANCE	4581
FRANCE	FRANCE	4631
FRANCE	FRANCE	4654
FRANCE	FRANCE	4670
FRANCE	FRANCE	4678
FRANCE	FRANCE	4731
FRANCE	FRANCE	4766
FRANCE	FRANCE	5032
FRANCE	FRANCE	5056
FRANCE	FRANCE	5116
FRANCE	FRANCE	5151
FRANCE	FRANCE	5181
FRANCE	FRANCE	5186
FRANCE	FRANCE	5198
FRANCE	FRANCE	5214
FRANCE	FRANCE	5271
FRANCE	FRANCE	5285
FRANCE	FRANCE	5343
FRANCE	FRANCE	5607
FRANCE	FRANCE	5614
FRANCE	FRANCE	5660
FRANCE	FRANCE	5763
FRANCE	FRANCE	5828
FRANCE	FRANCE	5855
FRANCE	FRANCE	5866
FRANCE	FRANCE	5880
FRANCE	FRANCE	5881
FRANCE	FRANCE	6010
FRANCE	FRANCE	6026
FRANCE	FRANCE	6044
FRANCE	FRANCE	6048
FRANCE	FRANCE	6070
FRANCE	FRANCE	6085
FRANCE	FRANCE	6097
FRANCE	FRANCE	6133
FRANCE	FRANCE	6159
FRANCE	FRANCE	6181
FRANCE	FRANCE	6263
FRANCE	FRANCE	6275
FRANCE	FRANCE	6290
FRANCE	FRANCE	6303
FRANCE	FRANCE	6516
FRANCE	FRANCE	6517
FRANCE	FRANCE	6519
FRANCE	FRANCE	6545
FRANCE	FRANCE	6604
FRANCE	FRANCE	6623
FRANCE	FRANCE	6682
FRANCE	FRANCE	6899
FRANCE	FRANCE	6923
FRANCE	FRANCE	6952
FRANCE	FRANCE	6986
FRANCE	FRANCE	7005
FRANCE	FRANCE	7104
FRANCE	FRANCE	7249
FRANCE	FRANCE	7268
FRANCE	FRANCE	7461
FRANCE	FRANCE	7511
FRANCE	FRANCE	7546
FRANCE	FRANCE	7563
FRANCE	FRANCE	7569
FRANCE	FRANCE	7660
FRANCE	FRANCE	7891
FRANCE	FRANCE	8007
FRANCE	FRANCE	8013
FRANCE	FRANCE	8048
FRANCE	FRANCE	8144
FRANCE	FRANCE	8326
FRANCE	FRANCE	8329
FRANCE	FRANCE	8355
FRANCE	FRANCE	8372
FRANCE	FRANCE	8408
FRANCE	FRANCE	8456
FRANCE	FRANCE	8473
FRANCE	FRANCE	8501
FRANCE	FRANCE	8512
FRANCE	FRANCE	8583
FRANCE	FRANCE	8630
FRANCE	FRANCE	8720
FRANCE	FRANCE	8723
FRANCE	FRANCE	8820
FRANCE	FRANCE	8867
FRANCE	FRANCE	9015
FRANCE	FRANCE	9049
FRANCE	FRANCE	9056
FRANCE	FRANCE	9083
FRANCE	FRANCE	9152
FRANCE	FRANCE	9248
FRANCE	FRANCE	9444
FRANCE	FRANCE	9455
FRANCE	FRANCE	9463
FRANCE	FRANCE	9474
FRANCE	FRANCE	9505
FRANCE	FRANCE	9508
FRANCE	FRANCE	9513
FRANCE	FRANCE	9539
FRANCE	FRANCE	9543
FRANCE	FRANCE	9580
FRANCE	FRANCE	9662
FRANCE	FRANCE	9773
FRANCE	FRANCE	9847
FRANCE	FRANCE	9887
FRANCE	FRANCE	9900
GERMANY	FRANCE	1001
GERMANY	FRANCE	1006
GERMANY	FRANCE	1010
GERMANY	FRANCE	1011
GERMANY	FRANCE	1014
GERMANY	FRANCE	1015
GERMANY	FRANCE	1016
GERMANY	FRANCE	1017
GERMANY	FRANCE	1020
GERMANY	FRANCE	1028
GERMANY	FRANCE	1030
GERMANY	FRANCE	1031
GERMANY	FRANCE	1034
GERMANY	FRANCE	1053
GERMANY	FRANCE	1055
GERMANY	FRANCE	1058
GERMANY	FRANCE	1063
GERMANY	FRANCE	1064
GERMANY	FRANCE	1067
GERMANY	FRANCE	1070
GERMANY	FRANCE	1072
GERMANY	FRANCE	1073
GERMANY	FRANCE	1075
GERMANY	FRANCE	1077
GERMANY	FRANCE	1079
GERMANY	FRANCE	1083
GERMANY	FRANCE	1087
GERMANY	FRANCE	1095
GERMANY	FRANCE	1097
GERMANY	FRANCE	1099
GERMANY	FRANCE	1100
GERMANY	FRANCE	1103
GERMANY	FRANCE	1105
GERMANY	FRANCE	1107
GERMANY	FRANCE	1111
GERMANY	FRANCE	1114
GERMANY	FRANCE	1115
GERMANY	FRANCE	1116
GERMANY	FRANCE	1117
GERMANY	FRANCE	1125
GERMANY	FRANCE	1126
GERMANY	FRANCE	1131
GERMANY	FRANCE	1137
GERMANY	FRANCE	1140
GERMANY	FRANCE	1144
GERMANY	FRANCE	1152
GERMANY	FRANCE	1157
GERMANY	FRANCE	1158
GERMANY	FRANCE	1163
GERMANY	FRANCE	1165
GERMANY	FRANCE	1166
GERMANY	FRANCE	1168
GERMANY	FRANCE	1176
GERMANY	FRANCE	1178
GERMANY	FRANCE	1180
GERMANY	FRANCE	1184
GERMANY	FRANCE	1185
GERMANY	FRANCE	1186
GERMANY	FRANCE	1193
GERMANY	FRANCE	1194
GERMANY	FRANCE	1195
GERMANY	FRANCE	1197
GERMANY	FRANCE	1201
GERMANY	FRANCE	1202
GERMANY	FRANCE	1207
GERMANY	FRANCE	1208
GERMANY	FRANCE	1211
GERMANY	FRANCE	1215
GERMANY	FRANCE	1217
GERMANY	FRANCE	1221
GERMANY	FRANCE	1222
GERMANY	FRANCE	1224
GERMANY	FRANCE	1225
GERMANY	FRANCE	1227
GERMANY	FRANCE	1229
GERMANY	FRANCE	1231
GERMANY	FRANCE	1237
GERMANY	FRANCE	1241
GERMANY	FRANCE	1245
GERMANY	FRANCE	1247
GERMANY	FRANCE	1251
GERMANY	FRANCE	1261
GERMANY	FRANCE	1263
GERMANY	FRANCE	1275
GERMANY	FRANCE	1277
GERMANY	FRANCE	1287
GERMANY	FRANCE	1290
GERMANY	FRANCE	1292
GERMANY	FRANCE	1297
GERMANY	FRANCE	1305
GERMANY	FRANCE	1307
GERMANY	FRANCE	1308
GERMANY	FRANCE	1309
GERMANY	FRANCE	1312
GERMANY	FRANCE	1313
GERMANY	FRANCE	1319
GERMANY	FRANCE	1320
GERMANY	FRANCE	1321
GERMANY	FRANCE	1326
GERMANY	FRANCE	1331
GERMANY	FRANCE	1333
GERMANY	FRANCE	1335
GERMANY	FRANCE	1347
GERMANY	FRANCE	1349
GERMANY	FRANCE	1350
GERMANY	FRANCE	1351
GERMANY	FRANCE	1353
GERMANY	FRANCE	1354
GERMANY	FRANCE	1356
GERMANY	FRANCE	1357
GERMANY	FRANCE	1365
GERMANY	FRANCE	1367
GERMANY	FRANCE	1368
GERMANY	FRANCE	1374
GERMANY	FRANCE	1377
GERMANY	FRANCE	1381
GERMANY	FRANCE	1383
GERMANY	FRANCE	1384
GERMANY	FRANCE	1386
GERMANY	FRANCE	1387
GERMANY	FRANCE	1389
GERMANY	FRANCE	1392
GERMANY	FRANCE	1395
GERMANY	FRANCE	1397
GERMANY	FRANCE	1399
GERMANY	FRANCE	1403
GERMANY	FRANCE	1407
GERMANY	FRANCE	1409
GERMANY	FRANCE	1410
GERMANY	FRANCE	1416
GERMANY	FRANCE	1421
GERMANY	FRANCE	1422
GERMANY	FRANCE	1423
GERMANY	FRANCE	1429
GERMANY	FRANCE	1434
GERMANY	FRANCE	1436
GERMANY	FRANCE	1438
GERMANY	FRANCE	1440
GERMANY	FRANCE	1444
GERMANY	FRANCE	1448
GERMANY	FRANCE	1449
GERMANY	FRANCE	1450
GERMANY	FRANCE	1455
GERMANY	FRANCE	1457
GERMANY	FRANCE	1460
GERMANY	FRANCE	1463
GERMANY	FRANCE	1465
GERMANY	FRANCE	1468
GERMANY	FRANCE	1471
GERMANY	FRANCE	1474
GERMANY	FRANCE	1475
GERMANY	FRANCE	1476
GERMANY	FRANCE	1478
GERMANY	FRANCE	1481
GERMANY	FRANCE	1482
GERMANY	FRANCE	1483
GERMANY	FRANCE	1484
GERMANY	FRANCE	1487
GERMANY	FRANCE	1494
GERMANY	FRANCE	1497
GERMANY	FRANCE	1500
GERMANY	FRANCE	1501
GERMANY	FRANCE	1502
GERMANY	FRANCE	1504
GERMANY	FRANCE	1505
GERMANY	FRANCE	1510
GERMANY	FRANCE	1511
GERMANY	FRANCE	1514
GERMANY	FRANCE	1518
GERMANY	FRANCE	1521
GERMANY	FRANCE	1526
GERMANY	FRANCE	1527
GERMANY	FRANCE	1529
GERMANY	FRANCE	1530
GERMANY	FRANCE	1532
GERMANY	FRANCE	1533
GERMANY	FRANCE	1540
GERMANY	FRANCE	1542
GERMANY	FRANCE	1546
GERMANY	FRANCE	1547
GERMANY	FRANCE	1551
GERMANY	FRANCE	1555
GERMANY	FRANCE	1556
GERMANY	FRANCE	1558
GERMANY	FRANCE	1559
GERMANY	FRANCE	1561
GERMANY	FRANCE	1564
GERMANY	FRANCE	1566
GERMANY	FRANCE	1568
GERMANY	FRANCE	1569
GERMANY	FRANCE	1574
GERMANY	FRANCE	1576
GERMANY	FRANCE	1577
GERMANY	FRANCE	1578
GERMANY	FRANCE	1586
GERMANY	FRANCE	1587
GERMANY	FRANCE	1589
GERMANY	FRANCE	1590
GERMANY	FRANCE	1598
GERMANY	FRANCE	1599
GERMANY	FRANCE	1600
GERMANY	FRANCE	1601
GERMANY	FRANCE	1602
GERMANY	FRANCE	1603
GERMANY	FRANCE	1608
GERMANY	FRANCE	1613
GERMANY	FRANCE	1614
GERMANY	FRANCE	1616
GERMANY	FRANCE	1620
GERMANY	FRANCE	1622
GERMANY	FRANCE	1623
GERMANY	FRANCE	1624
GERMANY	FRANCE	1625
GERMANY	FRANCE	1627
GERMANY	FRANCE	1633
GERMANY	FRANCE	1634
GERMANY	FRANCE	1635
GERMANY	FRANCE	1636
GERMANY	FRANCE	1638
GERMANY	FRANCE	1639
GERMANY	FRANCE	1644
GERMANY	FRANCE	1645
GERMANY	FRANCE	1646
GERMANY	FRANCE	1648
GERMANY	FRANCE	1652
GERMANY	FRANCE	1654
GERMANY	FRANCE	1656
GERMANY	FRANCE	1659
GERMANY	FRANCE	1661
GERMANY	FRANCE	1663
GERMANY	FRANCE	1668
GERMANY	FRANCE	1670
GERMANY	FRANCE	1675
GERMANY	FRANCE	1679
GERMANY	FRANCE	1685
GERMANY	FRANCE	1686
GERMANY	FRANCE	1687
GERMANY	FRANCE	1690
GERMANY	FRANCE	1693
GERMANY	FRANCE	1694
GERMANY	FRANCE	1698
GERMANY	FRANCE	1707
GERMANY	FRANCE	1711
GERMANY	FRANCE	1713
GERMANY	FRANCE	1714
GERMANY	FRANCE	1716
GERMANY	FRANCE	1717
GERMANY	FRANCE	1720
GERMANY	FRANCE	1721
GERMANY	FRANCE	1723
GERMANY	FRANCE	1731
GERMANY	FRANCE	1735
GERMANY	FRANCE	1737
GERMANY	FRANCE	1738
GERMANY	FRANCE	1742
GERMANY	FRANCE	1746
GERMANY	FRANCE	1747
GERMANY	FRANCE	1749
GERMANY	FRANCE	1750
GERMANY	FRANCE	1754
GERMANY	FRANCE	1757
GERMANY	FRANCE	1758
GERMANY	FRANCE	1759
GERMANY	FRANCE	1762
GERMANY	FRANCE	1764
GERMANY	FRANCE	1766
GERMANY	FRANCE	1768
GERMANY	FRANCE	1769
GERMANY	FRANCE	1770
GERMANY	FRANCE	1772
GERMANY	FRANCE	1773
GERMANY	FRANCE	1774
GERMANY	FRANCE	1776
GERMANY	FRANCE	1777
GERMANY	FRANCE	1790
GERMANY	FRANCE	1792
GERMANY	FRANCE	1796
GERMANY	FRANCE	1797
GERMANY	FRANCE	1800
GERMANY	FRANCE	1801
GERMANY	FRANCE	1802
GERMANY	FRANCE	1805
GERMANY	FRANCE	1806
GERMANY	FRANCE	1809
GERMANY	FRANCE	1814
GERMANY	FRANCE	1816
GERMANY	FRANCE	1817
GERMANY	FRANCE	1818
GERMANY	FRANCE	1819
GERMANY	FRANCE	1821
GERMANY	FRANCE	1822
GERMANY	FRANCE	1825
GERMANY	FRANCE	1827
GERMANY	FRANCE	1830
GERMANY	FRANCE	1831
GERMANY	FRANCE	1832
GERMANY	FRANCE	1836
GERMANY	FRANCE	1840
GERMANY	FRANCE	1843
GERMANY	FRANCE	1844
GERMANY	FRANCE	1846
GERMANY	FRANCE	1853
GERMANY	FRANCE	1854
GERMANY	FRANCE	1855
GERMANY	FRANCE	1860
GERMANY	FRANCE	1866
GERMANY	FRANCE	1872
GERMANY	FRANCE	1874
GERMANY	FRANCE	1878
GERMANY	FRANCE	1879
GERMANY	FRANCE	1880
GERMANY	FRANCE	1882
GERMANY	FRANCE	1884
GERMANY	FRANCE	1888
GERMANY	FRANCE	1892
GERMANY	FRANCE	1893
GERMANY	FRANCE	1895
GERMANY	FRANCE	1896
GERMANY	FRANCE	1898
GERMANY	FRANCE	1900
GERMANY	FRANCE	1901
GERMANY	FRANCE	1903
GERMANY	FRANCE	1906
GERMANY	FRANCE	1909
GERMANY	FRANCE	1911
GERMANY	FRANCE	1912
GERMANY	FRANCE	1913
GERMANY	FRANCE	1919
GERMANY	FRANCE	1920
GERMANY	FRANCE	1922
GERMANY	FRANCE	1926
GERMANY	FRANCE	1927
GERMANY	FRANCE	1931
GERMANY	FRANCE	1934
GERMANY	FRANCE	1938
GERMANY	FRANCE	1942
GERMANY	FRANCE	1945
GERMANY	FRANCE	1946
GERMANY	FRANCE	1947
GERMANY	FRANCE	1951
GERMANY	FRANCE	1953
GERMANY	FRANCE	1954
GERMANY	FRANCE	1957
GERMANY	FRANCE	1958
GERMANY	FRANCE	1961
GERMANY	FRANCE	1963
GERMANY	FRANCE	1970
GERMANY	FRANCE	1971
GERMANY	FRANCE	1972
GERMANY	FRANCE	1973
GERMANY	FRANCE	1980
GERMANY	FRANCE	1981
GERMANY	FRANCE	1982
GERMANY	FRANCE	1988
GERMANY	FRANCE	1989
GERMANY	FRANCE	1994
GERMANY	FRANCE	1995
GERMANY	FRANCE	1998
GERMANY	FRANCE	2001
GERMANY	FRANCE	2002
GERMANY	FRANCE	2003
GERMANY	FRANCE	2004
GERMANY	FRANCE	2006
GERMANY	FRANCE	2008
GERMANY	FRANCE	2010
GERMANY	FRANCE	2015
GERMANY	FRANCE	2016
GERMANY	FRANCE	2024
GERMANY	FRANCE	2031
GERMANY	FRANCE	2032
GERMANY	FRANCE	2033
GERMANY	FRANCE	2034
GERMANY	FRANCE	2037
GERMANY	FRANCE	2039
GERMANY	FRANCE	2040
GERMANY	FRANCE	2042
GERMANY	FRANCE	2043
GERMANY	FRANCE	2046
GERMANY	FRANCE	2048
GERMANY	FRANCE	2049
GERMANY	FRANCE	2053
GERMANY	FRANCE	2057
GERMANY	FRANCE	2060
GERMANY	FRANCE	2061
GERMANY	FRANCE	2064
GERMANY	FRANCE	2066
GERMANY	FRANCE	2068
GERMANY	FRANCE	2070
GERMANY	FRANCE	2072
GERMANY	FRANCE	2073
GERMANY	FRANCE	2074
GERMANY	FRANCE	2076
GERMANY	FRANCE	2079
GERMANY	FRANCE	2081
GERMANY	FRANCE	2086
GERMANY	FRANCE	2087
GERMANY	FRANCE	2088
GERMANY	FRANCE	2089
GERMANY	FRANCE	2091
GERMANY	FRANCE	2097
GERMANY	FRANCE	2102
GERMANY	FRANCE	2105
GERMANY	FRANCE	2114
GERMANY	FRANCE	2116
GERMANY	FRANCE	2117
GERMANY	FRANCE	2119
GERMANY	FRANCE	2121
GERMANY	FRANCE	2122
GERMANY	FRANCE	2124
GERMANY	FRANCE	2126
GERMANY	FRANCE	2131
GERMANY	FRANCE	2136
GERMANY	FRANCE	2137
GERMANY	FRANCE	2138
GERMANY	FRANCE	2139
GERMANY	FRANCE	2143
GERMANY	FRANCE	2145
GERMANY	FRANCE	2146
GERMANY	FRANCE	2147
GERMANY	FRANCE	2148
GERMANY	FRANCE	2150
GERMANY	FRANCE	2151
GERMANY	FRANCE	2153
GERMANY	FRANCE	2157
GERMANY	FRANCE	2161
GERMANY	FRANCE	2168
GERMANY	FRANCE	2169
GERMANY	FRANCE	2170
GERMANY	FRANCE	2174
GERMANY	FRANCE	2178
GERMANY	FRANCE	2187
GERMANY	FRANCE	2190
GERMANY	FRANCE	2194
GERMANY	FRANCE	2195
GERMANY	FRANCE	2196
GERMANY	FRANCE	2204
GERMANY	FRANCE	2205
GERMANY	FRANCE	2206
GERMANY	FRANCE	2213
GERMANY	FRANCE	2215
GERMANY	FRANCE	2221
GERMANY	FRANCE	2222
GERMANY	FRANCE	2224
GERMANY	FRANCE	2225
GERMANY	FRANCE	2226
GERMANY	FRANCE	2231
GERMANY	FRANCE	2232
GERMANY	FRANCE	2237
GERMANY	FRANCE	2238
GERMANY	FRANCE	2243
GERMANY	FRANCE	2247
GERMANY	FRANCE	2253
GERMANY	FRANCE	2256
GERMANY	FRANCE	2257
GERMANY	FRANCE	2259
GERMANY	FRANCE	2262
GERMANY	FRANCE	2263
GERMANY	FRANCE	2264
GERMANY	FRANCE	2266
GERMANY	FRANCE	2270
GERMANY	FRANCE	2271
GERMANY	FRANCE	2273
GERMANY	FRANCE	2276
GERMANY	FRANCE	2282
GERMANY	FRANCE	2285
GERMANY	FRANCE	2289
GERMANY	FRANCE	2290
GERMANY	FRANCE	2292
GERMANY	FRANCE	2294
GERMANY	FRANCE	2296
GERMANY	FRANCE	2298
GERMANY	FRANCE	2299
GERMANY	FRANCE	2308
GERMANY	FRANCE	2313
GERMANY	FRANCE	2315
GERMANY	FRANCE	2323
GERMANY	FRANCE	2325
GERMANY	FRANCE	2327
GERMANY	FRANCE	2328
GERMANY	FRANCE	2338
GERMANY	FRANCE	2342
GERMANY	FRANCE	2344
GERMANY	FRANCE	2350
GERMANY	FRANCE	2352
GERMANY	FRANCE	2355
GERMANY	FRANCE	2356
GERMANY	FRANCE	2358
GERMANY	FRANCE	2360
GERMANY	FRANCE	2361
GERMANY	FRANCE	2363
GERMANY	FRANCE	2367
GERMANY	FRANCE	2370
GERMANY	FRANCE	2371
GERMANY	FRANCE	2379
GERMANY	FRANCE	2382
GERMANY	FRANCE	2384
GERMANY	FRANCE	2385
GERMANY	FRANCE	2389
GERMANY	FRANCE	2393
GERMANY	FRANCE	2394
GERMANY	FRANCE	2395
GERMANY	FRANCE	2396
GERMANY	FRANCE	2398
GERMANY	FRANCE	2402
GERMANY	FRANCE	2408
GERMANY	FRANCE	2409
GERMANY	FRANCE	2411
GERMANY	FRANCE	2412
GERMANY	FRANCE	2415
GERMANY	FRANCE	2419
GERMANY	FRANCE	2422
GERMANY	FRANCE	2423
GERMANY	FRANCE	2424
GERMANY	FRANCE	2425
GERMANY	FRANCE	2426
GERMANY	FRANCE	2431
GERMANY	FRANCE	2433
GERMANY	FRANCE	2436
GERMANY	FRANCE	2437
GERMANY	FRANCE	2439
GERMANY	FRANCE	2444
GERMANY	FRANCE	2456
GERMANY	FRANCE	2468
GERMANY	FRANCE	2469
GERMANY	FRANCE	2470
GERMANY	FRANCE	2476
GERMANY	FRANCE	2477
GERMANY	FRANCE	2478
GERMANY	FRANCE	2480
GERMANY	FRANCE	2481
GERMANY	FRANCE	2493
GERMANY	FRANCE	2494
GERMANY	FRANCE	2505
GERMANY	FRANCE	2507
GERMANY	FRANCE	2509
GERMANY	FRANCE	2513
GERMANY	FRANCE	2520
GERMANY	FRANCE	2533
GERMANY	FRANCE	2534
GERMANY	FRANCE	2541
GERMANY	FRANCE	2546
GERMANY	FRANCE	2551
GERMANY	FRANCE	2553
GERMANY	FRANCE	2555
GERMANY	FRANCE	2558
GERMANY	FRANCE	2559
GERMANY	FRANCE	2564
GERMANY	FRANCE	2566
GERMANY	FRANCE	2568
GERMANY	FRANCE	2572
GERMANY	FRANCE	2577
GERMANY	FRANCE	2579
GERMANY	FRANCE	2582
GERMANY	FRANCE	2583
GERMANY	FRANCE	2585
GERMANY	FRANCE	2592
GERMANY	FRANCE	2593
GERMANY	FRANCE	2594
GERMANY	FRANCE	2600
GERMANY	FRANCE	2602
GERMANY	FRANCE	2610
GERMANY	FRANCE	2614
GERMANY	FRANCE	2616
GERMANY	FRANCE	2617
GERMANY	FRANCE	2619
GERMANY	FRANCE	2624
GERMANY	FRANCE	2627
GERMANY	FRANCE	2634
GERMANY	FRANCE	2635
GERMANY	FRANCE	2640
GERMANY	FRANCE	2655
GERMANY	FRANCE	2658
GERMANY	FRANCE	2660
GERMANY	FRANCE	2661
GERMANY	FRANCE	2663
GERMANY	FRANCE	2665
GERMANY	FRANCE	2677
GERMANY	FRANCE	2679
GERMANY	FRANCE	2680
GERMANY	FRANCE	2681
GERMANY	FRANCE	2685
GERMANY	FRANCE	2688
GERMANY	FRANCE	2689
GERMANY	FRANCE	2690
GERMANY	FRANCE	2692
GERMANY	FRANCE	2694
GERMANY	FRANCE	2699
GERMANY	FRANCE	2701
GERMANY	FRANCE	2710
GERMANY	FRANCE	2712
GERMANY	FRANCE	2713
GERMANY	FRANCE	2718
GERMANY	FRANCE	2724
GERMANY	FRANCE	2728
GERMANY	FRANCE	2729
GERMANY	FRANCE	2730
GERMANY	FRANCE	2734
GERMANY	FRANCE	2735
GERMANY	FRANCE	2741
GERMANY	FRANCE	2745
GERMANY	FRANCE	2749
GERMANY	FRANCE	2752
GERMANY	FRANCE	2758
GERMANY	FRANCE	2760
GERMANY	FRANCE	2761
GERMANY	FRANCE	2762
GERMANY	FRANCE	2763
GERMANY	FRANCE	2765
GERMANY	FRANCE	2769
GERMANY	FRANCE	2772
GERMANY	FRANCE	2784
GERMANY	FRANCE	2786
GERMANY	FRANCE	2791
GERMANY	FRANCE	2794
GERMANY	FRANCE	2796
GERMANY	FRANCE	2798
GERMANY	FRANCE	2799
GERMANY	FRANCE	2802
GERMANY	FRANCE	2805
GERMANY	FRANCE	2807
GERMANY	FRANCE	2814
GERMANY	FRANCE	2823
GERMANY	FRANCE	2839
GERMANY	FRANCE	2842
GERMANY	FRANCE	2843
GERMANY	FRANCE	2855
GERMANY	FRANCE	2863
GERMANY	FRANCE	2864
GERMANY	FRANCE	2867
GERMANY	FRANCE	2869
GERMANY	FRANCE	2876
GERMANY	FRANCE	2879
GERMANY	FRANCE	2883
GERMANY	FRANCE	2885
GERMANY	FRANCE	2891
GERMANY	FRANCE	2892
GERMANY	FRANCE	2899
GERMANY	FRANCE	2901
GERMANY	FRANCE	2910
GERMANY	FRANCE	2912
GERMANY	FRANCE	2915
GERMANY	FRANCE	2925
GERMANY	FRANCE	2926
GERMANY	FRANCE	2928
GERMANY	FRANCE	2932
GERMANY	FRANCE	2935
GERMANY	FRANCE	2945
GERMANY	FRANCE	2946
GERMANY	FRANCE	2950
GERMANY	FRANCE	2952
GERMANY	FRANCE	2962
GERMANY	FRANCE	2963
GERMANY	FRANCE	2968
GERMANY	FRANCE	2979
GERMANY	FRANCE	2980
GERMANY	FRANCE	2987
GERMANY	FRANCE	3000
GERMANY	FRANCE	3008
GERMANY	FRANCE	3009
GERMANY	FRANCE	3013
GERMANY	FRANCE	3035
GERMANY	FRANCE	3046
GERMANY	FRANCE	3047
GERMANY	FRANCE	3053
GERMANY	FRANCE	3058
GERMANY	FRANCE	3060
GERMANY	FRANCE	3061
GERMANY	FRANCE	3064
GERMANY	FRANCE	3074
GERMANY	FRANCE	3076
GERMANY	FRANCE	3078
GERMANY	FRANCE	3080
GERMANY	FRANCE	3082
GERMANY	FRANCE	3091
GERMANY	FRANCE	3094
GERMANY	FRANCE	3095
GERMANY	FRANCE	3103
GERMANY	FRANCE	3111
GERMANY	FRANCE	3131
GERMANY	FRANCE	3141
GERMANY	FRANCE	3147
GERMANY	FRANCE	3148
GERMANY	FRANCE	3164
GERMANY	FRANCE	3166
GERMANY	FRANCE	3174
GERMANY	FRANCE	3175
GERMANY	FRANCE	3185
GERMANY	FRANCE	3198
GERMANY	FRANCE	3207
GERMANY	FRANCE	3208
GERMANY	FRANCE	3211
GERMANY	FRANCE	3220
GERMANY	FRANCE	3224
GERMANY	FRANCE	3267
GERMANY	FRANCE	3268
GERMANY	FRANCE	3284
GERMANY	FRANCE	3296
GERMANY	FRANCE	3302
GERMANY	FRANCE	3307
GERMANY	FRANCE	3309
GERMANY	FRANCE	3315
GERMANY	FRANCE	3326
GERMANY	FRANCE	3373
GERMANY	FRANCE	3375
GERMANY	FRANCE	3377
GERMANY	FRANCE	3402
GERMANY	FRANCE	3411
GERMANY	FRANCE	3439
GERMANY	FRANCE	3454
GERMANY	FRANCE	3468
GERMANY	FRANCE	3490
GERMANY	FRANCE	3493
GERMANY	FRANCE	3496
GERMANY	FRANCE	3506
GERMANY	FRANCE	3522
GERMANY	FRANCE	3524
GERMANY	FRANCE	3545
GERMANY	FRANCE	3549
GERMANY	FRANCE	3551
GERMANY	FRANCE	3556
GERMANY	FRANCE	3617
GERMANY	FRANCE	3627
GERMANY	FRANCE	3653
GERMANY	FRANCE	3669
GERMANY	FRANCE	3704
GERMANY	FRANCE	3777
GERMANY	FRANCE	3835
GERMANY	FRANCE	3845
GERMANY	FRANCE	3869
GERMANY	FRANCE	3883
GERMANY	FRANCE	3928
GERMANY	FRANCE	4050
GERMANY	FRANCE	4218
GERMANY	FRANCE	4321
GERMANY	FRANCE	4329
GERMANY	FRANCE	4381
GERMANY	FRANCE	4429
GERMANY	FRANCE	4433
GERMANY	FRANCE	4452
GERMANY	FRANCE	4541
GERMANY	FRANCE	4547
GERMANY	FRANCE	4577
GERMANY	FRANCE	4617
GERMANY	FRANCE	4630
GERMANY	FRANCE	4631
GERMANY	FRANCE	4632
GERMANY	FRANCE	4657
GERMANY	FRANCE	4769
GERMANY	FRANCE	4829
GERMANY	FRANCE	4900
GERMANY	FRANCE	4902
GERMANY	FRANCE	4946
GERMANY	FRANCE	5103
GERMANY	FRANCE	5157
GERMANY	FRANCE	5380
GERMANY	FRANCE	5397
GERMANY	FRANCE	5431
GERMANY	FRANCE	5527
GERMANY	FRANCE	5633
GERMANY	FRANCE	5641
GERMANY	FRANCE	5643
GERMANY	FRANCE	5661
GERMANY	FRANCE	5694
GERMANY	FRANCE	5823
GERMANY	FRANCE	5824
GERMANY	FRANCE	5840
GERMANY	FRANCE	5880
GERMANY	FRANCE	5951
GERMANY	FRANCE	5952
GERMANY	FRANCE	5967
GERMANY	FRANCE	6009
GERMANY	FRANCE	6098
GERMANY	FRANCE	6118
GERMANY	FRANCE	6123
GERMANY	FRANCE	6186
GERMANY	FRANCE	6232
GERMANY	FRANCE	6251
GERMANY	FRANCE	6440
GERMANY	FRANCE	6441
GERMANY	FRANCE	6460
GERMANY	FRANCE	6517
GERMANY	FRANCE	6537
GERMANY	FRANCE	6542
GERMANY	FRANCE	6569
GERMANY	FRANCE	6728
GERMANY	FRANCE	6751
GERMANY	FRANCE	6895
GERMANY	FRANCE	6898
GERMANY	FRANCE	6938
GERMANY	FRANCE	6947
GERMANY	FRANCE	6967
GERMANY	FRANCE	6986
GERMANY	FRANCE	7016
GERMANY	FRANCE	7123
GERMANY	FRANCE	7134
GERMANY	FRANCE	7189
GERMANY	FRANCE	7190
GERMANY	FRANCE	7276
GERMANY	FRANCE	7309
GERMANY	FRANCE	7377
GERMANY	FRANCE	7461
GERMANY	FRANCE	7511
GERMANY	FRANCE	7521
GERMANY	FRANCE	7572
GERMANY	FRANCE	7591
GERMANY	FRANCE	7593
GERMANY	FRANCE	7602
GERMANY	FRANCE	7606
GERMANY	FRANCE	7628
GERMANY	FRANCE	7652
GERMANY	FRANCE	7653
GERMANY	FRANCE	7675
GERMANY	FRANCE	7689
GERMANY	FRANCE	7731
GERMANY	FRANCE	7785
GERMANY	FRANCE	7816
GERMANY	FRANCE	7871
GERMANY	FRANCE	7875
GERMANY	FRANCE	7895
GERMANY	FRANCE	7905
GERMANY	FRANCE	7957
GERMANY	FRANCE	8016
GERMANY	FRANCE	8144
GERMANY	FRANCE	8197
GERMANY	FRANCE	8217
GERMANY	FRANCE	8230
GERMANY	FRANCE	8232
GERMANY	FRANCE	8268
GERMANY	FRANCE	8359
GERMANY	FRANCE	8441
GERMANY	FRANCE	8451
GERMANY	FRANCE	8455
GERMANY	FRANCE	8474
GERMANY	FRANCE	8564
GERMANY	FRANCE	8572
GERMANY	FRANCE	8695
GERMANY	FRANCE	8745
GERMANY	FRANCE	8776
GERMANY	FRANCE	8865
GERMANY	FRANCE	8906
GERMANY	FRANCE	8964
GERMANY	FRANCE	8991
GERMANY	FRANCE	9005
GERMANY	FRANCE	9046
GERMANY	FRANCE	9090
GERMANY	FRANCE	9142
GERMANY	FRANCE	9143
GERMANY	FRANCE	9145
GERMANY	FRANCE	9180
GERMANY	FRANCE	9328
GERMANY	FRANCE	9338
GERMANY	FRANCE	9392
GERMANY	FRANCE	9398
GERMANY	FRANCE	9440
GERMANY	FRANCE	9444
GERMANY	FRANCE	9455
GERMANY	FRANCE	9466
GERMANY	FRANCE	9468
GERMANY	FRANCE	9474
GERMANY	FRANCE	9491
GERMANY	FRANCE	9493
GERMANY	FRANCE	9501
GERMANY	FRANCE	9539
GERMANY	FRANCE	9543
GERMANY	FRANCE	9546
GERMANY	FRANCE	9567
GERMANY	FRANCE	9569
GERMANY	FRANCE	9600
GERMANY	FRANCE	9632
GERMANY	FRANCE	9703
GERMANY	FRANCE	9707
GERMANY	FRANCE	9887
INDIA	FRANCE	1000
INDIA	FRANCE	1002
INDIA	FRANCE	1003
INDIA	FRANCE	1004
INDIA	FRANCE	1010
INDIA	FRANCE	1014
INDIA	FRANCE	1015
INDIA	FRANCE	1016
INDIA	FRANCE	1023
INDIA	FRANCE	1031
INDIA	FRANCE	1037
INDIA	FRANCE	1060
INDIA	FRANCE	1062
INDIA	FRANCE	1063
INDIA	FRANCE	1064
INDIA	FRANCE	1072
INDIA	FRANCE	1075
INDIA	FRANCE	1077
INDIA	FRANCE	1081
INDIA	FRANCE	1084
INDIA	FRANCE	1087
INDIA	FRANCE	1088
INDIA	FRANCE	1090
INDIA	FRANCE	1092
INDIA	FRANCE	1095
INDIA	FRANCE	1096
INDIA	FRANCE	1097
INDIA	FRANCE	1103
INDIA	FRANCE	1105
INDIA	FRANCE	1108
INDIA	FRANCE	1114
INDIA	FRANCE	1117
INDIA	FRANCE	1122
INDIA	FRANCE	1123
INDIA	FRANCE	1128
INDIA	FRANCE	1131
INDIA	FRANCE	1133
INDIA	FRANCE	1135
INDIA	FRANCE	1136
INDIA	FRANCE	1139
INDIA	FRANCE	1140
INDIA	FRANCE	1144
INDIA	FRANCE	1145
INDIA	FRANCE	1147
INDIA	FRANCE	1149
INDIA	FRANCE	1154
INDIA	FRANCE	1161
INDIA	FRANCE	1162
INDIA	FRANCE	1165
INDIA	FRANCE	1166
INDIA	FRANCE	1169
INDIA	FRANCE	1173
INDIA	FRANCE	1175
INDIA	FRANCE	1178
INDIA	FRANCE	1190
INDIA	FRANCE	1191
INDIA	FRANCE	1192
INDIA	FRANCE	1194
INDIA	FRANCE	1195
INDIA	FRANCE	1202
INDIA	FRANCE	1207
INDIA	FRANCE	1211
INDIA	FRANCE	1212
INDIA	FRANCE	1215
INDIA	FRANCE	1218
INDIA	FRANCE	1221
INDIA	FRANCE	1225
INDIA	FRANCE	1227
INDIA	FRANCE	1231
INDIA	FRANCE	1233
INDIA	FRANCE	1234
INDIA	FRANCE	1235
INDIA	FRANCE	1238
INDIA	FRANCE	1243
INDIA	FRANCE	1247
INDIA	FRANCE	1251
INDIA	FRANCE	1253
INDIA	FRANCE	1254
INDIA	FRANCE	1260
INDIA	FRANCE	1265
INDIA	FRANCE	1267
INDIA	FRANCE	1271
INDIA	FRANCE	1272
INDIA	FRANCE	1273
INDIA	FRANCE	1275
INDIA	FRANCE	1280
INDIA	FRANCE	1282
INDIA	FRANCE	1288
INDIA	FRANCE	1290
INDIA	FRANCE	1292
INDIA	FRANCE	1297
INDIA	FRANCE	1298
INDIA	FRANCE	1302
INDIA	FRANCE	1305
INDIA	FRANCE	1307
INDIA	FRANCE	1311
INDIA	FRANCE	1312
INDIA	FRANCE	1314
INDIA	FRANCE	1316
INDIA	FRANCE	1326
INDIA	FRANCE	1331
INDIA	FRANCE	1332
INDIA	FRANCE	1340
INDIA	FRANCE	1349
INDIA	FRANCE	1350
INDIA	FRANCE	1353
INDIA	FRANCE	1354
INDIA	FRANCE	1356
INDIA	FRANCE	1357
INDIA	FRANCE	1365
INDIA	FRANCE	1367
INDIA	FRANCE	1371
INDIA	FRANCE	1374
INDIA	FRANCE	1375
INDIA	FRANCE	1378
INDIA	FRANCE	1380
INDIA	FRANCE	1381
INDIA	FRANCE	1383
INDIA	FRANCE	1385
INDIA	FRANCE	1389
INDIA	FRANCE	1392
INDIA	FRANCE	1394
INDIA	FRANCE	1395
INDIA	FRANCE	1396
INDIA	FRANCE	1398
INDIA	FRANCE	1399
INDIA	FRANCE	1403
INDIA	FRANCE	1406
INDIA	FRANCE	1409
INDIA	FRANCE	1410
INDIA	FRANCE	1413
INDIA	FRANCE	1415
INDIA	FRANCE	1416
INDIA	FRANCE	1421
INDIA	FRANCE	1422
INDIA	FRANCE	1425
INDIA	FRANCE	1426
INDIA	FRANCE	1429
INDIA	FRANCE	1431
INDIA	FRANCE	1434
INDIA	FRANCE	1436
INDIA	FRANCE	1437
INDIA	FRANCE	1438
INDIA	FRANCE	1440
INDIA	FRANCE	1443
INDIA	FRANCE	1444
INDIA	FRANCE	1445
INDIA	FRANCE	1450
INDIA	FRANCE	1455
INDIA	FRANCE	1457
INDIA	FRANCE	1459
INDIA	FRANCE	1462
INDIA	FRANCE	1463
INDIA	FRANCE	1467
INDIA	FRANCE	1468
INDIA	FRANCE	1469
INDIA	FRANCE	1471
INDIA	FRANCE	1472
INDIA	FRANCE	1473
INDIA	FRANCE	1477
INDIA	FRANCE	1483
INDIA	FRANCE	1488
INDIA	FRANCE	1492
INDIA	FRANCE	1493
INDIA	FRANCE	1500
INDIA	FRANCE	1504
INDIA	FRANCE	1505
INDIA	FRANCE	1512
INDIA	FRANCE	1517
INDIA	FRANCE	1522
INDIA	FRANCE	1524
INDIA	FRANCE	1526
INDIA	FRANCE	1527
INDIA	FRANCE	1528
INDIA	FRANCE	1529
INDIA	FRANCE	1530
INDIA	FRANCE	1532
INDIA	FRANCE	1537
INDIA	FRANCE	1543
INDIA	FRANCE	1545
INDIA	FRANCE	1546
INDIA	FRANCE	1550
INDIA	FRANCE	1551
INDIA	FRANCE	1554
INDIA	FRANCE	1558
INDIA	FRANCE	1559
INDIA	FRANCE	1560
INDIA	FRANCE	1561
INDIA	FRANCE	1562
INDIA	FRANCE	1564
INDIA	FRANCE	1566
INDIA	FRANCE	1568
INDIA	FRANCE	1569
INDIA	FRANCE	1572
INDIA	FRANCE	1573
INDIA	FRANCE	1574
INDIA	FRANCE	1586
INDIA	FRANCE	1593
INDIA	FRANCE	1598
INDIA	FRANCE	1605
INDIA	FRANCE	1612
INDIA	FRANCE	1614
INDIA	FRANCE	1616
INDIA	FRANCE	1619
INDIA	FRANCE	1620
INDIA	FRANCE	1622
INDIA	FRANCE	1623
INDIA	FRANCE	1625
INDIA	FRANCE	1626
INDIA	FRANCE	1629
INDIA	FRANCE	1634
INDIA	FRANCE	1638
INDIA	FRANCE	1641
INDIA	FRANCE	1643
INDIA	FRANCE	1646
INDIA	FRANCE	1647
INDIA	FRANCE	1648
INDIA	FRANCE	1650
INDIA	FRANCE	1652
INDIA	FRANCE	1655
INDIA	FRANCE	1656
INDIA	FRANCE	1658
INDIA	FRANCE	1660
INDIA	FRANCE	1663
INDIA	FRANCE	1664
INDIA	FRANCE	1665
INDIA	FRANCE	1668
INDIA	FRANCE	1674
INDIA	FRANCE	1675
INDIA	FRANCE	1676
INDIA	FRANCE	1678
INDIA	FRANCE	1679
INDIA	FRANCE	1685
INDIA	FRANCE	1686
INDIA	FRANCE	1690
INDIA	FRANCE	1694
INDIA	FRANCE	1696
INDIA	FRANCE	1699
INDIA	FRANCE	1700
INDIA	FRANCE	1701
INDIA	FRANCE	1710
INDIA	FRANCE	1714
INDIA	FRANCE	1716
INDIA	FRANCE	1717
INDIA	FRANCE	1719
INDIA	FRANCE	1721
INDIA	FRANCE	1725
INDIA	FRANCE	1726
INDIA	FRANCE	1728
INDIA	FRANCE	1729
INDIA	FRANCE	1734
INDIA	FRANCE	1738
INDIA	FRANCE	1740
INDIA	FRANCE	1746
INDIA	FRANCE	1747
INDIA	FRANCE	1750
INDIA	FRANCE	1752
INDIA	FRANCE	1754
INDIA	FRANCE	1757
INDIA	FRANCE	1761
INDIA	FRANCE	1762
INDIA	FRANCE	1764
INDIA	FRANCE	1766
INDIA	FRANCE	1767
INDIA	FRANCE	1769
INDIA	FRANCE	1772
INDIA	FRANCE	1773
INDIA	FRANCE	1774
INDIA	FRANCE	1790
INDIA	FRANCE	1791
INDIA	FRANCE	1792
INDIA	FRANCE	1793
INDIA	FRANCE	1796
INDIA	FRANCE	1797
INDIA	FRANCE	1798
INDIA	FRANCE	1800
INDIA	FRANCE	1804
INDIA	FRANCE	1806
INDIA	FRANCE	1807
INDIA	FRANCE	1818
INDIA	FRANCE	1819
INDIA	FRANCE	1820
INDIA	FRANCE	1821
INDIA	FRANCE	1826
INDIA	FRANCE	1830
INDIA	FRANCE	1834
INDIA	FRANCE	1835
INDIA	FRANCE	1836
INDIA	FRANCE	1839
INDIA	FRANCE	1840
INDIA	FRANCE	1841
INDIA	FRANCE	1843
INDIA	FRANCE	1844
INDIA	FRANCE	1848
INDIA	FRANCE	1849
INDIA	FRANCE	1853
INDIA	FRANCE	1858
INDIA	FRANCE	1860
INDIA	FRANCE	1862
INDIA	FRANCE	1863
INDIA	FRANCE	1864
INDIA	FRANCE	1865
INDIA	FRANCE	1870
INDIA	FRANCE	1874
INDIA	FRANCE	1882
INDIA	FRANCE	1883
INDIA	FRANCE	1890
INDIA	FRANCE	1891
INDIA	FRANCE	1892
INDIA	FRANCE	1901
INDIA	FRANCE	1905
INDIA	FRANCE	1908
INDIA	FRANCE	1917
INDIA	FRANCE	1919
INDIA	FRANCE	1920
INDIA	FRANCE	1926
INDIA	FRANCE	1927
INDIA	FRANCE	1929
INDIA	FRANCE	1931
INDIA	FRANCE	1935
INDIA	FRANCE	1937
INDIA	FRANCE	1939
INDIA	FRANCE	1943
INDIA	FRANCE	1946
INDIA	FRANCE	1947
INDIA	FRANCE	1951
INDIA	FRANCE	1954
INDIA	FRANCE	1959
INDIA	FRANCE	1969
INDIA	FRANCE	1970
INDIA	FRANCE	1973
INDIA	FRANCE	1974
INDIA	FRANCE	1975
INDIA	FRANCE	1980
INDIA	FRANCE	1983
INDIA	FRANCE	1984
INDIA	FRANCE	1989
INDIA	FRANCE	1990
INDIA	FRANCE	1994
INDIA	FRANCE	1995
INDIA	FRANCE	1998
INDIA	FRANCE	2007
INDIA	FRANCE	2013
INDIA	FRANCE	2014
INDIA	FRANCE	2019
INDIA	FRANCE	2024
INDIA	FRANCE	2032
INDIA	FRANCE	2038
INDIA	FRANCE	2039
INDIA	FRANCE	2040
INDIA	FRANCE	2041
INDIA	FRANCE	2046
INDIA	FRANCE	2047
INDIA	FRANCE	2048
INDIA	FRANCE	2049
INDIA	FRANCE	2050
INDIA	FRANCE	2053
INDIA	FRANCE	2056
INDIA	FRANCE	2057
INDIA	FRANCE	2060
INDIA	FRANCE	2063
INDIA	FRANCE	2064
INDIA	FRANCE	2065
INDIA	FRANCE	2066
INDIA	FRANCE	2072
INDIA	FRANCE	2073
INDIA	FRANCE	2074
INDIA	FRANCE	2079
INDIA	FRANCE	2082
INDIA	FRANCE	2083
INDIA	FRANCE	2087
INDIA	FRANCE	2088
INDIA	FRANCE	2089
INDIA	FRANCE	2095
INDIA	FRANCE	2096
INDIA	FRANCE	2103
INDIA	FRANCE	2107
INDIA	FRANCE	2113
INDIA	FRANCE	2114
INDIA	FRANCE	2117
INDIA	FRANCE	2122
INDIA	FRANCE	2125
INDIA	FRANCE	2126
INDIA	FRANCE	2131
INDIA	FRANCE	2132
INDIA	FRANCE	2134
INDIA	FRANCE	2136
INDIA	FRANCE	2137
INDIA	FRANCE	2139
INDIA	FRANCE	2141
INDIA	FRANCE	2142
INDIA	FRANCE	2143
INDIA	FRANCE	2145
INDIA	FRANCE	2147
INDIA	FRANCE	2153
INDIA	FRANCE	2160
INDIA	FRANCE	2163
INDIA	FRANCE	2169
INDIA	FRANCE	2170
INDIA	FRANCE	2171
INDIA	FRANCE	2181
INDIA	FRANCE	2185
INDIA	FRANCE	2187
INDIA	FRANCE	2190
INDIA	FRANCE	2194
INDIA	FRANCE	2195
INDIA	FRANCE	2196
INDIA	FRANCE	2197
INDIA	FRANCE	2199
INDIA	FRANCE	2210
INDIA	FRANCE	2212
INDIA	FRANCE	2213
INDIA	FRANCE	2219
INDIA	FRANCE	2221
INDIA	FRANCE	2222
INDIA	FRANCE	2224
INDIA	FRANCE	2225
INDIA	FRANCE	2229
INDIA	FRANCE	2240
INDIA	FRANCE	2247
INDIA	FRANCE	2256
INDIA	FRANCE	2257
INDIA	FRANCE	2258
INDIA	FRANCE	2259
INDIA	FRANCE	2261
INDIA	FRANCE	2262
INDIA	FRANCE	2269
INDIA	FRANCE	2271
INDIA	FRANCE	2274
INDIA	FRANCE	2276
INDIA	FRANCE	2278
INDIA	FRANCE	2279
INDIA	FRANCE	2284
INDIA	FRANCE	2285
INDIA	FRANCE	2289
INDIA	FRANCE	2290
INDIA	FRANCE	2292
INDIA	FRANCE	2293
INDIA	FRANCE	2296
INDIA	FRANCE	2297
INDIA	FRANCE	2302
INDIA	FRANCE	2303
INDIA	FRANCE	2304
INDIA	FRANCE	2309
INDIA	FRANCE	2310
INDIA	FRANCE	2313
INDIA	FRANCE	2318
INDIA	FRANCE	2325
INDIA	FRANCE	2326
INDIA	FRANCE	2327
INDIA	FRANCE	2336
INDIA	FRANCE	2338
INDIA	FRANCE	2345
INDIA	FRANCE	2346
INDIA	FRANCE	2349
INDIA	FRANCE	2360
INDIA	FRANCE	2361
INDIA	FRANCE	2374
INDIA	FRANCE	2375
INDIA	FRANCE	2378
INDIA	FRANCE	2381
INDIA	FRANCE	2382
INDIA	FRANCE	2384
INDIA	FRANCE	2385
INDIA	FRANCE	2386
INDIA	FRANCE	2387
INDIA	FRANCE	2389
INDIA	FRANCE	2391
INDIA	FRANCE	2392
INDIA	FRANCE	2395
INDIA	FRANCE	2396
INDIA	FRANCE	2398
INDIA	FRANCE	2402
INDIA	FRANCE	2407
INDIA	FRANCE	2408
INDIA	FRANCE	2409
INDIA	FRANCE	2411
INDIA	FRANCE	2412
INDIA	FRANCE	2413
INDIA	FRANCE	2422
INDIA	FRANCE	2423
INDIA	FRANCE	2424
INDIA	FRANCE	2429
INDIA	FRANCE	2433
INDIA	FRANCE	2436
INDIA	FRANCE	2441
INDIA	FRANCE	2443
INDIA	FRANCE	2454
INDIA	FRANCE	2456
INDIA	FRANCE	2457
INDIA	FRANCE	2461
INDIA	FRANCE	2463
INDIA	FRANCE	2465
INDIA	FRANCE	2470
INDIA	FRANCE	2473
INDIA	FRANCE	2475
INDIA	FRANCE	2476
INDIA	FRANCE	2478
INDIA	FRANCE	2480
INDIA	FRANCE	2482
INDIA	FRANCE	2487
INDIA	FRANCE	2489
INDIA	FRANCE	2493
INDIA	FRANCE	2494
INDIA	FRANCE	2503
INDIA	FRANCE	2504
INDIA	FRANCE	2507
INDIA	FRANCE	2508
INDIA	FRANCE	2513
INDIA	FRANCE	2520
INDIA	FRANCE	2525
INDIA	FRANCE	2527
INDIA	FRANCE	2531
INDIA	FRANCE	2540
INDIA	FRANCE	2541
INDIA	FRANCE	2547
INDIA	FRANCE	2549
INDIA	FRANCE	2551
INDIA	FRANCE	2553
INDIA	FRANCE	2560
INDIA	FRANCE	2564
INDIA	FRANCE	2565
INDIA	FRANCE	2567
INDIA	FRANCE	2568
INDIA	FRANCE	2581
INDIA	FRANCE	2583
INDIA	FRANCE	2584
INDIA	FRANCE	2585
INDIA	FRANCE	2586
INDIA	FRANCE	2592
INDIA	FRANCE	2593
INDIA	FRANCE	2602
INDIA	FRANCE	2605
INDIA	FRANCE	2610
INDIA	FRANCE	2611
INDIA	FRANCE	2616
INDIA	FRANCE	2617
INDIA	FRANCE	2619
INDIA	FRANCE	2624
INDIA	FRANCE	2634
INDIA	FRANCE	2635
INDIA	FRANCE	2640
INDIA	FRANCE	2644
INDIA	FRANCE	2651
INDIA	FRANCE	2661
INDIA	FRANCE	2663
INDIA	FRANCE	2665
INDIA	FRANCE	2668
INDIA	FRANCE	2671
INDIA	FRANCE	2679
INDIA	FRANCE	2683
INDIA	FRANCE	2685
INDIA	FRANCE	2688
INDIA	FRANCE	2689
INDIA	FRANCE	2690
INDIA	FRANCE	2692
INDIA	FRANCE	2695
INDIA	FRANCE	2700
INDIA	FRANCE	2701
INDIA	FRANCE	2702
INDIA	FRANCE	2703
INDIA	FRANCE	2714
INDIA	FRANCE	2721
INDIA	FRANCE	2724
INDIA	FRANCE	2732
INDIA	FRANCE	2737
INDIA	FRANCE	2765
INDIA	FRANCE	2779
INDIA	FRANCE	2784
INDIA	FRANCE	2785
INDIA	FRANCE	2786
INDIA	FRANCE	2787
INDIA	FRANCE	2788
INDIA	FRANCE	2789
INDIA	FRANCE	2791
INDIA	FRANCE	2793
INDIA	FRANCE	2794
INDIA	FRANCE	2795
INDIA	FRANCE	2806
INDIA	FRANCE	2809
INDIA	FRANCE	2814
INDIA	FRANCE	2815
INDIA	FRANCE	2823
INDIA	FRANCE	2824
INDIA	FRANCE	2828
INDIA	FRANCE	2832
INDIA	FRANCE	2839
INDIA	FRANCE	2843
INDIA	FRANCE	2844
INDIA	FRANCE	2848
INDIA	FRANCE	2854
INDIA	FRANCE	2865
INDIA	FRANCE	2867
INDIA	FRANCE	2876
INDIA	FRANCE	2880
INDIA	FRANCE	2885
INDIA	FRANCE	2890
INDIA	FRANCE	2901
INDIA	FRANCE	2904
INDIA	FRANCE	2905
INDIA	FRANCE	2908
INDIA	FRANCE	2922
INDIA	FRANCE	2925
INDIA	FRANCE	2930
INDIA	FRANCE	2932
INDIA	FRANCE	2936
INDIA	FRANCE	2938
INDIA	FRANCE	2947
INDIA	FRANCE	2950
INDIA	FRANCE	2971
INDIA	FRANCE	2974
INDIA	FRANCE	2979
INDIA	FRANCE	2980
INDIA	FRANCE	2987
INDIA	FRANCE	3013
INDIA	FRANCE	3014
INDIA	FRANCE	3035
INDIA	FRANCE	3038
INDIA	FRANCE	3048
INDIA	FRANCE	3058
INDIA	FRANCE	3074
INDIA	FRANCE	3082
INDIA	FRANCE	3090
INDIA	FRANCE	3091
INDIA	FRANCE	3098
INDIA	FRANCE	3099
INDIA	FRANCE	3105
INDIA	FRANCE	3145
INDIA	FRANCE	3179
INDIA	FRANCE	3185
INDIA	FRANCE	3215
INDIA	FRANCE	3224
INDIA	FRANCE	3226
INDIA	FRANCE	3246
INDIA	FRANCE	3251
INDIA	FRANCE	3263
INDIA	FRANCE	3268
INDIA	FRANCE	3269
INDIA	FRANCE	3277
INDIA	FRANCE	3284
INDIA	FRANCE	3291
INDIA	FRANCE	3297
INDIA	FRANCE	3304
INDIA	FRANCE	3309
INDIA	FRANCE	3310
INDIA	FRANCE	3315
INDIA	FRANCE	3333
INDIA	FRANCE	3338
INDIA	FRANCE	3344
INDIA	FRANCE	3348
INDIA	FRANCE	3372
INDIA	FRANCE	3377
INDIA	FRANCE	3385
INDIA	FRANCE	3402
INDIA	FRANCE	3416
INDIA	FRANCE	3423
INDIA	FRANCE	3437
INDIA	FRANCE	3443
INDIA	FRANCE	3461
INDIA	FRANCE	3472
INDIA	FRANCE	3483
INDIA	FRANCE	3492
INDIA	FRANCE	3512
INDIA	FRANCE	3549
INDIA	FRANCE	3551
INDIA	FRANCE	3591
INDIA	FRANCE	3625
INDIA	FRANCE	3682
INDIA	FRANCE	3716
INDIA	FRANCE	3864
INDIA	FRANCE	3892
INDIA	FRANCE	3920
INDIA	FRANCE	3934
INDIA	FRANCE	3963
INDIA	FRANCE	3990
INDIA	FRANCE	4049
INDIA	FRANCE	4292
INDIA	FRANCE	4360
INDIA	FRANCE	4370
INDIA	FRANCE	4380
INDIA	FRANCE	4409
INDIA	FRANCE	4431
INDIA	FRANCE	4450
INDIA	FRANCE	4526
INDIA	FRANCE	4714
INDIA	FRANCE	4716
INDIA	FRANCE	4729
INDIA	FRANCE	4823
INDIA	FRANCE	4859
INDIA	FRANCE	4872
INDIA	FRANCE	4900
INDIA	FRANCE	4901
INDIA	FRANCE	4990
INDIA	FRANCE	5061
INDIA	FRANCE	5185
INDIA	FRANCE	5217
INDIA	FRANCE	5232
INDIA	FRANCE	5328
INDIA	FRANCE	5343
INDIA	FRANCE	5361
INDIA	FRANCE	5392
INDIA	FRANCE	5476
INDIA	FRANCE	5493
INDIA	FRANCE	5520
INDIA	FRANCE	5639
INDIA	FRANCE	5716
INDIA	FRANCE	5756
INDIA	FRANCE	5763
INDIA	FRANCE	5849
INDIA	FRANCE	5850
INDIA	FRANCE	5864
INDIA	FRANCE	5880
INDIA	FRANCE	5932
INDIA	FRANCE	5945
INDIA	FRANCE	5963
INDIA	FRANCE	6009
INDIA	FRANCE	6082
INDIA	FRANCE	6098
INDIA	FRANCE	6127
INDIA	FRANCE	6133
INDIA	FRANCE	6140
INDIA	FRANCE	6209
INDIA	FRANCE	6239
INDIA	FRANCE	6251
INDIA	FRANCE	6350
INDIA	FRANCE	6374
INDIA	FRANCE	6405
INDIA	FRANCE	6440
INDIA	FRANCE	6449
INDIA	FRANCE	6454
INDIA	FRANCE	6465
INDIA	FRANCE	6514
INDIA	FRANCE	6517
INDIA	FRANCE	6531
INDIA	FRANCE	6550
INDIA	FRANCE	6679
INDIA	FRANCE	6687
INDIA	FRANCE	6833
INDIA	FRANCE	6863
INDIA	FRANCE	6871
INDIA	FRANCE	6921
INDIA	FRANCE	6966
INDIA	FRANCE	6967
INDIA	FRANCE	6990
INDIA	FRANCE	7005
INDIA	FRANCE	7019
INDIA	FRANCE	7020
INDIA	FRANCE	7080
INDIA	FRANCE	7101
INDIA	FRANCE	7103
INDIA	FRANCE	7110
INDIA	FRANCE	7117
INDIA	FRANCE	7125
INDIA	FRANCE	7165
INDIA	FRANCE	7183
INDIA	FRANCE	7286
INDIA	FRANCE	7312
INDIA	FRANCE	7331
INDIA	FRANCE	7380
INDIA	FRANCE	7423
INDIA	FRANCE	7432
INDIA	FRANCE	7457
INDIA	FRANCE	7533
INDIA	FRANCE	7562
INDIA	FRANCE	7602
INDIA	FRANCE	7630
INDIA	FRANCE	7652
INDIA	FRANCE	7658
INDIA	FRANCE	7675
INDIA	FRANCE	7698
INDIA	FRANCE	7788
INDIA	FRANCE	7790
INDIA	FRANCE	7804
INDIA	FRANCE	7812
INDIA	FRANCE	7830
INDIA	FRANCE	7931
INDIA	FRANCE	7939
INDIA	FRANCE	7992
INDIA	FRANCE	8016
INDIA	FRANCE	8022
INDIA	FRANCE	8082
INDIA	FRANCE	8189
INDIA	FRANCE	8251
INDIA	FRANCE	8284
INDIA	FRANCE	8285
INDIA	FRANCE	8373
INDIA	FRANCE	8424
INDIA	FRANCE	8433
INDIA	FRANCE	8477
INDIA	FRANCE	8483
INDIA	FRANCE	8504
INDIA	FRANCE	8522
INDIA	FRANCE	8561
INDIA	FRANCE	8626
INDIA	FRANCE	8632
INDIA	FRANCE	8671
INDIA	FRANCE	8691
INDIA	FRANCE	8695
INDIA	FRANCE	8827
INDIA	FRANCE	9038
INDIA	FRANCE	9044
INDIA	FRANCE	9064
INDIA	FRANCE	9087
INDIA	FRANCE	9107
INDIA	FRANCE	9134
INDIA	FRANCE	9149
INDIA	FRANCE	9152
INDIA	FRANCE	9158
INDIA	FRANCE	9183
INDIA	FRANCE	9219
INDIA	FRANCE	9256
INDIA	FRANCE	9569
INDIA	FRANCE	9632
INDIA	FRANCE	9656
INDIA	FRANCE	9661
INDIA	FRANCE	9707
INDIA	FRANCE	9765
INDIA	FRANCE	9767
INDIA	FRANCE	9773
INDIA	FRANCE	9795
INDIA	FRANCE	9814
INDIA	FRANCE	9825
INDIA	FRANCE	9830
INDIA	FRANCE	9847
INDIA	FRANCE	9900
INDIA	FRANCE	9936
INDONESIA	FRANCE	1001
INDONESIA	FRANCE	1003
INDONESIA	FRANCE	1007
INDONESIA	FRANCE	1014
INDONESIA	FRANCE	1015
INDONESIA	FRANCE	1020
INDONESIA	FRANCE	1025
INDONESIA	FRANCE	1030
INDONESIA	FRANCE	1031
INDONESIA	FRANCE	1033
INDONESIA	FRANCE	1034
INDONESIA	FRANCE	1038
INDONESIA	FRANCE	1042
INDONESIA	FRANCE	1048
INDONESIA	FRANCE	1051
INDONESIA	FRANCE	1053
INDONESIA	FRANCE	1056
INDONESIA	FRANCE	1058
INDONESIA	FRANCE	1059
INDONESIA	FRANCE	1062
INDONESIA	FRANCE	1063
INDONESIA	FRANCE	1067
INDONESIA	FRANCE	1068
INDONESIA	FRANCE	1071
INDONESIA	FRANCE	1072
INDONESIA	FRANCE	1077
INDONESIA	FRANCE	1078
INDONESIA	FRANCE	1085
INDONESIA	FRANCE	1088
INDONESIA	FRANCE	1090
INDONESIA	FRANCE	1092
INDONESIA	FRANCE	1093
INDONESIA	FRANCE	1096
INDONESIA	FRANCE	1100
INDONESIA	FRANCE	1109
INDONESIA	FRANCE	1111
INDONESIA	FRANCE	1112
INDONESIA	FRANCE	1115
INDONESIA	FRANCE	1117
INDONESIA	FRANCE	1118
INDONESIA	FRANCE	1119
INDONESIA	FRANCE	1124
INDONESIA	FRANCE	1125
INDONESIA	FRANCE	1128
INDONESIA	FRANCE	1134
INDONESIA	FRANCE	1137
INDONESIA	FRANCE	1138
INDONESIA	FRANCE	1140
INDONESIA	FRANCE	1142
INDONESIA	FRANCE	1144
INDONESIA	FRANCE	1151
INDONESIA	FRANCE	1153
INDONESIA	FRANCE	1154
INDONESIA	FRANCE	1156
INDONESIA	FRANCE	1160
INDONESIA	FRANCE	1169
INDONESIA	FRANCE	1176
INDONESIA	FRANCE	1180
INDONESIA	FRANCE	1183
INDONESIA	FRANCE	1185
INDONESIA	FRANCE	1191
INDONESIA	FRANCE	1194
INDONESIA	FRANCE	1195
INDONESIA	FRANCE	1196
INDONESIA	FRANCE	1200
INDONESIA	FRANCE	1201
INDONESIA	FRANCE	1202
INDONESIA	FRANCE	1209
INDONESIA	FRANCE	1211
INDONESIA	FRANCE	1212
INDONESIA	FRANCE	1214
INDONESIA	FRANCE	1216
INDONESIA	FRANCE	1217
INDONESIA	FRANCE	1218
INDONESIA	FRANCE	1222
INDONESIA	FRANCE	1223
INDONESIA	FRANCE	1225
INDONESIA	FRANCE	1231
INDONESIA	FRANCE	1233
INDONESIA	FRANCE	1241
INDONESIA	FRANCE	1242
INDONESIA	FRANCE	1243
INDONESIA	FRANCE	1244
INDONESIA	FRANCE	1248
INDONESIA	FRANCE	1257
INDONESIA	FRANCE	1259
INDONESIA	FRANCE	1262
INDONESIA	FRANCE	1267
INDONESIA	FRANCE	1269
INDONESIA	FRANCE	1271
INDONESIA	FRANCE	1272
INDONESIA	FRANCE	1277
INDONESIA	FRANCE	1278
INDONESIA	FRANCE	1279
INDONESIA	FRANCE	1280
INDONESIA	FRANCE	1285
INDONESIA	FRANCE	1287
INDONESIA	FRANCE	1290
INDONESIA	FRANCE	1293
INDONESIA	FRANCE	1295
INDONESIA	FRANCE	1296
INDONESIA	FRANCE	1297
INDONESIA	FRANCE	1306
INDONESIA	FRANCE	1307
INDONESIA	FRANCE	1308
INDONESIA	FRANCE	1312
INDONESIA	FRANCE	1313
INDONESIA	FRANCE	1323
INDONESIA	FRANCE	1326
INDONESIA	FRANCE	1333
INDONESIA	FRANCE	1337
INDONESIA	FRANCE	1338
INDONESIA	FRANCE	1342
INDONESIA	FRANCE	1349
INDONESIA	FRANCE	1350
INDONESIA	FRANCE	1352
INDONESIA	FRANCE	1353
INDONESIA	FRANCE	1356
INDONESIA	FRANCE	1357
INDONESIA	FRANCE	1359
INDONESIA	FRANCE	1361
INDONESIA	FRANCE	1365
INDONESIA	FRANCE	1368
INDONESIA	FRANCE	1375
INDONESIA	FRANCE	1378
INDONESIA	FRANCE	1381
INDONESIA	FRANCE	1383
INDONESIA	FRANCE	1384
INDONESIA	FRANCE	1386
INDONESIA	FRANCE	1388
INDONESIA	FRANCE	1389
INDONESIA	FRANCE	1392
INDONESIA	FRANCE	1393
INDONESIA	FRANCE	1394
INDONESIA	FRANCE	1395
INDONESIA	FRANCE	1398
INDONESIA	FRANCE	1400
INDONESIA	FRANCE	1402
INDONESIA	FRANCE	1407
INDONESIA	FRANCE	1408
INDONESIA	FRANCE	1412
INDONESIA	FRANCE	1413
INDONESIA	FRANCE	1416
INDONESIA	FRANCE	1421
INDONESIA	FRANCE	1422
INDONESIA	FRANCE	1425
INDONESIA	FRANCE	1426
INDONESIA	FRANCE	1428
INDONESIA	FRANCE	1434
INDONESIA	FRANCE	1438
INDONESIA	FRANCE	1439
INDONESIA	FRANCE	1443
INDONESIA	FRANCE	1455
INDONESIA	FRANCE	1457
INDONESIA	FRANCE	1458
INDONESIA	FRANCE	1459
INDONESIA	FRANCE	1462
INDONESIA	FRANCE	1463
INDONESIA	FRANCE	1464
INDONESIA	FRANCE	1465
INDONESIA	FRANCE	1468
INDONESIA	FRANCE	1474
INDONESIA	FRANCE	1475
INDONESIA	FRANCE	1477
INDONESIA	FRANCE	1480
INDONESIA	FRANCE	1482
INDONESIA	FRANCE	1484
INDONESIA	FRANCE	1486
INDONESIA	FRANCE	1498
INDONESIA	FRANCE	1499
INDONESIA	FRANCE	1501
INDONESIA	FRANCE	1502
INDONESIA	FRANCE	1503
INDONESIA	FRANCE	1505
INDONESIA	FRANCE	1510
INDONESIA	FRANCE	1511
INDONESIA	FRANCE	1513
INDONESIA	FRANCE	1518
INDONESIA	FRANCE	1520
INDONESIA	FRANCE	1524
INDONESIA	FRANCE	1527
INDONESIA	FRANCE	1530
INDONESIA	FRANCE	1532
INDONESIA	FRANCE	1533
INDONESIA	FRANCE	1535
INDONESIA	FRANCE	1539
INDONESIA	FRANCE	1542
INDONESIA	FRANCE	1547
INDONESIA	FRANCE	1549
INDONESIA	FRANCE	1554
INDONESIA	FRANCE	1559
INDONESIA	FRANCE	1560
INDONESIA	FRANCE	1561
INDONESIA	FRANCE	1562
INDONESIA	FRANCE	1563
INDONESIA	FRANCE	1566
INDONESIA	FRANCE	1569
INDONESIA	FRANCE	1570
INDONESIA	FRANCE	1573
INDONESIA	FRANCE	1580
INDONESIA	FRANCE	1586
INDONESIA	FRANCE	1587
INDONESIA	FRANCE	1590
INDONESIA	FRANCE	1592
INDONESIA	FRANCE	1594
INDONESIA	FRANCE	1597
INDONESIA	FRANCE	1598
INDONESIA	FRANCE	1600
INDONESIA	FRANCE	1601
INDONESIA	FRANCE	1605
INDONESIA	FRANCE	1606
INDONESIA	FRANCE	1607
INDONESIA	FRANCE	1608
INDONESIA	FRANCE	1609
INDONESIA	FRANCE	1611
INDONESIA	FRANCE	1619
INDONESIA	FRANCE	1620
INDONESIA	FRANCE	1622
INDONESIA	FRANCE	1623
INDONESIA	FRANCE	1624
INDONESIA	FRANCE	1625
INDONESIA	FRANCE	1627
INDONESIA	FRANCE	1629
INDONESIA	FRANCE	1634
INDONESIA	FRANCE	1635
INDONESIA	FRANCE	1640
INDONESIA	FRANCE	1641
INDONESIA	FRANCE	1643
INDONESIA	FRANCE	1644
INDONESIA	FRANCE	1645
INDONESIA	FRANCE	1646
INDONESIA	FRANCE	1647
INDONESIA	FRANCE	1648
INDONESIA	FRANCE	1655
INDONESIA	FRANCE	1656
INDONESIA	FRANCE	1657
INDONESIA	FRANCE	1660
INDONESIA	FRANCE	1665
INDONESIA	FRANCE	1667
INDONESIA	FRANCE	1670
INDONESIA	FRANCE	1673
INDONESIA	FRANCE	1674
INDONESIA	FRANCE	1676
INDONESIA	FRANCE	1678
INDONESIA	FRANCE	1679
INDONESIA	FRANCE	1682
INDONESIA	FRANCE	1684
INDONESIA	FRANCE	1690
INDONESIA	FRANCE	1693
INDONESIA	FRANCE	1694
INDONESIA	FRANCE	1698
INDONESIA	FRANCE	1701
INDONESIA	FRANCE	1704
INDONESIA	FRANCE	1708
INDONESIA	FRANCE	1710
INDONESIA	FRANCE	1711
INDONESIA	FRANCE	1712
INDONESIA	FRANCE	1714
INDONESIA	FRANCE	1719
INDONESIA	FRANCE	1720
INDONESIA	FRANCE	1721
INDONESIA	FRANCE	1722
INDONESIA	FRANCE	1725
INDONESIA	FRANCE	1726
INDONESIA	FRANCE	1727
INDONESIA	FRANCE	1728
INDONESIA	FRANCE	1731
INDONESIA	FRANCE	1734
INDONESIA	FRANCE	1736
INDONESIA	FRANCE	1740
INDONESIA	FRANCE	1741
INDONESIA	FRANCE	1746
INDONESIA	FRANCE	1747
INDONESIA	FRANCE	1753
INDONESIA	FRANCE	1757
INDONESIA	FRANCE	1758
INDONESIA	FRANCE	1760
INDONESIA	FRANCE	1762
INDONESIA	FRANCE	1767
INDONESIA	FRANCE	1768
INDONESIA	FRANCE	1773
INDONESIA	FRANCE	1774
INDONESIA	FRANCE	1776
INDONESIA	FRANCE	1780
INDONESIA	FRANCE	1785
INDONESIA	FRANCE	1786
INDONESIA	FRANCE	1792
INDONESIA	FRANCE	1794
INDONESIA	FRANCE	1796
INDONESIA	FRANCE	1801
INDONESIA	FRANCE	1805
INDONESIA	FRANCE	1808
INDONESIA	FRANCE	1810
INDONESIA	FRANCE	1812
INDONESIA	FRANCE	1813
INDONESIA	FRANCE	1818
INDONESIA	FRANCE	1820
INDONESIA	FRANCE	1821
INDONESIA	FRANCE	1826
INDONESIA	FRANCE	1830
INDONESIA	FRANCE	1834
INDONESIA	FRANCE	1836
INDONESIA	FRANCE	1837
INDONESIA	FRANCE	1846
INDONESIA	FRANCE	1847
INDONESIA	FRANCE	1853
INDONESIA	FRANCE	1860
INDONESIA	FRANCE	1863
INDONESIA	FRANCE	1865
INDONESIA	FRANCE	1866
INDONESIA	FRANCE	1868
INDONESIA	FRANCE	1872
INDONESIA	FRANCE	1876
INDONESIA	FRANCE	1879
INDONESIA	FRANCE	1881
INDONESIA	FRANCE	1883
INDONESIA	FRANCE	1885
INDONESIA	FRANCE	1886
INDONESIA	FRANCE	1890
INDONESIA	FRANCE	1892
INDONESIA	FRANCE	1894
INDONESIA	FRANCE	1898
INDONESIA	FRANCE	1899
INDONESIA	FRANCE	1903
INDONESIA	FRANCE	1906
INDONESIA	FRANCE	1908
INDONESIA	FRANCE	1910
INDONESIA	FRANCE	1911
INDONESIA	FRANCE	1917
INDONESIA	FRANCE	1918
INDONESIA	FRANCE	1920
INDONESIA	FRANCE	1922
INDONESIA	FRANCE	1927
INDONESIA	FRANCE	1928
INDONESIA	FRANCE	1929
INDONESIA	FRANCE	1930
INDONESIA	FRANCE	1931
INDONESIA	FRANCE	1932
INDONESIA	FRANCE	1934
INDONESIA	FRANCE	1937
INDONESIA	FRANCE	1939
INDONESIA	FRANCE	1943
INDONESIA	FRANCE	1945
INDONESIA	FRANCE	1947
INDONESIA	FRANCE	1950
INDONESIA	FRANCE	1951
INDONESIA	FRANCE	1953
INDONESIA	FRANCE	1955
INDONESIA	FRANCE	1958
INDONESIA	FRANCE	1959
INDONESIA	FRANCE	1960
INDONESIA	FRANCE	1961
INDONESIA	FRANCE	1969
INDONESIA	FRANCE	1970
INDONESIA	FRANCE	1980
INDONESIA	FRANCE	1981
INDONESIA	FRANCE	1983
INDONESIA	FRANCE	1986
INDONESIA	FRANCE	1995
INDONESIA	FRANCE	2001
INDONESIA	FRANCE	2003
INDONESIA	FRANCE	2004
INDONESIA	FRANCE	2008
INDONESIA	FRANCE	2009
INDONESIA	FRANCE	2013
INDONESIA	FRANCE	2015
INDONESIA	FRANCE	2021
INDONESIA	FRANCE	2027
INDONESIA	FRANCE	2028
INDONESIA	FRANCE	2031
INDONESIA	FRANCE	2032
INDONESIA	FRANCE	2033
INDONESIA	FRANCE	2034
INDONESIA	FRANCE	2037
INDONESIA	FRANCE	2045
INDONESIA	FRANCE	2046
INDONESIA	FRANCE	2047
INDONESIA	FRANCE	2048
INDONESIA	FRANCE	2054
INDONESIA	FRANCE	2056
INDONESIA	FRANCE	2061
INDONESIA	FRANCE	2064
INDONESIA	FRANCE	2065
INDONESIA	FRANCE	2068
INDONESIA	FRANCE	2069
INDONESIA	FRANCE	2070
INDONESIA	FRANCE	2073
INDONESIA	FRANCE	2074
INDONESIA	FRANCE	2079
INDONESIA	FRANCE	2081
INDONESIA	FRANCE	2082
INDONESIA	FRANCE	2087
INDONESIA	FRANCE	2089
INDONESIA	FRANCE	2090
INDONESIA	FRANCE	2095
INDONESIA	FRANCE	2096
INDONESIA	FRANCE	2098
INDONESIA	FRANCE	2099
INDONESIA	FRANCE	2101
INDONESIA	FRANCE	2102
INDONESIA	FRANCE	2109
INDONESIA	FRANCE	2112
INDONESIA	FRANCE	2114
INDONESIA	FRANCE	2115
INDONESIA	FRANCE	2116
INDONESIA	FRANCE	2122
INDONESIA	FRANCE	2123
INDONESIA	FRANCE	2126
INDONESIA	FRANCE	2130
INDONESIA	FRANCE	2134
INDONESIA	FRANCE	2136
INDONESIA	FRANCE	2137
INDONESIA	FRANCE	2139
INDONESIA	FRANCE	2143
INDONESIA	FRANCE	2145
INDONESIA	FRANCE	2146
INDONESIA	FRANCE	2147
INDONESIA	FRANCE	2150
INDONESIA	FRANCE	2152
INDONESIA	FRANCE	2155
INDONESIA	FRANCE	2158
INDONESIA	FRANCE	2159
INDONESIA	FRANCE	2160
INDONESIA	FRANCE	2163
INDONESIA	FRANCE	2169
INDONESIA	FRANCE	2171
INDONESIA	FRANCE	2174
INDONESIA	FRANCE	2178
INDONESIA	FRANCE	2181
INDONESIA	FRANCE	2185
INDONESIA	FRANCE	2189
INDONESIA	FRANCE	2190
INDONESIA	FRANCE	2196
INDONESIA	FRANCE	2197
INDONESIA	FRANCE	2201
INDONESIA	FRANCE	2204
INDONESIA	FRANCE	2211
INDONESIA	FRANCE	2214
INDONESIA	FRANCE	2215
INDONESIA	FRANCE	2216
INDONESIA	FRANCE	2219
INDONESIA	FRANCE	2220
INDONESIA	FRANCE	2222
INDONESIA	FRANCE	2223
INDONESIA	FRANCE	2224
INDONESIA	FRANCE	2226
INDONESIA	FRANCE	2229
INDONESIA	FRANCE	2240
INDONESIA	FRANCE	2249
INDONESIA	FRANCE	2256
INDONESIA	FRANCE	2257
INDONESIA	FRANCE	2258
INDONESIA	FRANCE	2262
INDONESIA	FRANCE	2264
INDONESIA	FRANCE	2269
INDONESIA	FRANCE	2271
INDONESIA	FRANCE	2273
INDONESIA	FRANCE	2274
INDONESIA	FRANCE	2276
INDONESIA	FRANCE	2279
INDONESIA	FRANCE	2285
INDONESIA	FRANCE	2286
INDONESIA	FRANCE	2287
INDONESIA	FRANCE	2290
INDONESIA	FRANCE	2296
INDONESIA	FRANCE	2298
INDONESIA	FRANCE	2299
INDONESIA	FRANCE	2301
INDONESIA	FRANCE	2303
INDONESIA	FRANCE	2305
INDONESIA	FRANCE	2312
INDONESIA	FRANCE	2313
INDONESIA	FRANCE	2321
INDONESIA	FRANCE	2323
INDONESIA	FRANCE	2325
INDONESIA	FRANCE	2327
INDONESIA	FRANCE	2334
INDONESIA	FRANCE	2338
INDONESIA	FRANCE	2343
INDONESIA	FRANCE	2345
INDONESIA	FRANCE	2346
INDONESIA	FRANCE	2349
INDONESIA	FRANCE	2350
INDONESIA	FRANCE	2354
INDONESIA	FRANCE	2355
INDONESIA	FRANCE	2365
INDONESIA	FRANCE	2367
INDONESIA	FRANCE	2375
INDONESIA	FRANCE	2382
INDONESIA	FRANCE	2387
INDONESIA	FRANCE	2391
INDONESIA	FRANCE	2395
INDONESIA	FRANCE	2396
INDONESIA	FRANCE	2397
INDONESIA	FRANCE	2400
INDONESIA	FRANCE	2401
INDONESIA	FRANCE	2408
INDONESIA	FRANCE	2420
INDONESIA	FRANCE	2429
INDONESIA	FRANCE	2430
INDONESIA	FRANCE	2431
INDONESIA	FRANCE	2433
INDONESIA	FRANCE	2442
INDONESIA	FRANCE	2447
INDONESIA	FRANCE	2449
INDONESIA	FRANCE	2451
INDONESIA	FRANCE	2456
INDONESIA	FRANCE	2461
INDONESIA	FRANCE	2463
INDONESIA	FRANCE	2464
INDONESIA	FRANCE	2469
INDONESIA	FRANCE	2472
INDONESIA	FRANCE	2475
INDONESIA	FRANCE	2476
INDONESIA	FRANCE	2480
INDONESIA	FRANCE	2481
INDONESIA	FRANCE	2489
INDONESIA	FRANCE	2493
INDONESIA	FRANCE	2495
INDONESIA	FRANCE	2503
INDONESIA	FRANCE	2505
INDONESIA	FRANCE	2508
INDONESIA	FRANCE	2509
INDONESIA	FRANCE	2511
INDONESIA	FRANCE	2514
INDONESIA	FRANCE	2523
INDONESIA	FRANCE	2524
INDONESIA	FRANCE	2527
INDONESIA	FRANCE	2533
INDONESIA	FRANCE	2540
INDONESIA	FRANCE	2546
INDONESIA	FRANCE	2548
INDONESIA	FRANCE	2551
INDONESIA	FRANCE	2557
INDONESIA	FRANCE	2558
INDONESIA	FRANCE	2559
INDONESIA	FRANCE	2560
INDONESIA	FRANCE	2566
INDONESIA	FRANCE	2568
INDONESIA	FRANCE	2569
INDONESIA	FRANCE	2571
INDONESIA	FRANCE	2576
INDONESIA	FRANCE	2583
INDONESIA	FRANCE	2584
INDONESIA	FRANCE	2586
INDONESIA	FRANCE	2590
INDONESIA	FRANCE	2593
INDONESIA	FRANCE	2601
INDONESIA	FRANCE	2602
INDONESIA	FRANCE	2605
INDONESIA	FRANCE	2610
INDONESIA	FRANCE	2616
INDONESIA	FRANCE	2625
INDONESIA	FRANCE	2626
INDONESIA	FRANCE	2627
INDONESIA	FRANCE	2634
INDONESIA	FRANCE	2637
INDONESIA	FRANCE	2638
INDONESIA	FRANCE	2644
INDONESIA	FRANCE	2645
INDONESIA	FRANCE	2651
INDONESIA	FRANCE	2653
INDONESIA	FRANCE	2660
INDONESIA	FRANCE	2664
INDONESIA	FRANCE	2669
INDONESIA	FRANCE	2672
INDONESIA	FRANCE	2673
INDONESIA	FRANCE	2677
INDONESIA	FRANCE	2680
INDONESIA	FRANCE	2690
INDONESIA	FRANCE	2692
INDONESIA	FRANCE	2699
INDONESIA	FRANCE	2700
INDONESIA	FRANCE	2702
INDONESIA	FRANCE	2708
INDONESIA	FRANCE	2712
INDONESIA	FRANCE	2718
INDONESIA	FRANCE	2734
INDONESIA	FRANCE	2741
INDONESIA	FRANCE	2745
INDONESIA	FRANCE	2756
INDONESIA	FRANCE	2769
INDONESIA	FRANCE	2774
INDONESIA	FRANCE	2783
INDONESIA	FRANCE	2784
INDONESIA	FRANCE	2787
INDONESIA	FRANCE	2791
INDONESIA	FRANCE	2796
INDONESIA	FRANCE	2800
INDONESIA	FRANCE	2814
INDONESIA	FRANCE	2828
INDONESIA	FRANCE	2842
INDONESIA	FRANCE	2843
INDONESIA	FRANCE	2848
INDONESIA	FRANCE	2859
INDONESIA	FRANCE	2862
INDONESIA	FRANCE	2869
INDONESIA	FRANCE	2870
INDONESIA	FRANCE	2876
INDONESIA	FRANCE	2879
INDONESIA	FRANCE	2884
INDONESIA	FRANCE	2888
INDONESIA	FRANCE	2890
INDONESIA	FRANCE	2894
INDONESIA	FRANCE	2902
INDONESIA	FRANCE	2904
INDONESIA	FRANCE	2910
INDONESIA	FRANCE	2918
INDONESIA	FRANCE	2926
INDONESIA	FRANCE	2928
INDONESIA	FRANCE	2932
INDONESIA	FRANCE	2937
INDONESIA	FRANCE	2938
INDONESIA	FRANCE	2946
INDONESIA	FRANCE	2947
INDONESIA	FRANCE	2958
INDONESIA	FRANCE	2966
INDONESIA	FRANCE	2968
INDONESIA	FRANCE	2979
INDONESIA	FRANCE	2982
INDONESIA	FRANCE	2987
INDONESIA	FRANCE	2998
INDONESIA	FRANCE	3022
INDONESIA	FRANCE	3028
INDONESIA	FRANCE	3047
INDONESIA	FRANCE	3057
INDONESIA	FRANCE	3061
INDONESIA	FRANCE	3064
INDONESIA	FRANCE	3075
INDONESIA	FRANCE	3076
INDONESIA	FRANCE	3077
INDONESIA	FRANCE	3082
INDONESIA	FRANCE	3086
INDONESIA	FRANCE	3090
INDONESIA	FRANCE	3091
INDONESIA	FRANCE	3094
INDONESIA	FRANCE	3095
INDONESIA	FRANCE	3105
INDONESIA	FRANCE	3112
INDONESIA	FRANCE	3140
INDONESIA	FRANCE	3164
INDONESIA	FRANCE	3174
INDONESIA	FRANCE	3179
INDONESIA	FRANCE	3185
INDONESIA	FRANCE	3186
INDONESIA	FRANCE	3198
INDONESIA	FRANCE	3204
INDONESIA	FRANCE	3223
INDONESIA	FRANCE	3226
INDONESIA	FRANCE	3246
INDONESIA	FRANCE	3248
INDONESIA	FRANCE	3266
INDONESIA	FRANCE	3267
INDONESIA	FRANCE	3268
INDONESIA	FRANCE	3269
INDONESIA	FRANCE	3270
INDONESIA	FRANCE	3274
INDONESIA	FRANCE	3284
INDONESIA	FRANCE	3287
INDONESIA	FRANCE	3309
INDONESIA	FRANCE	3314
INDONESIA	FRANCE	3321
INDONESIA	FRANCE	3341
INDONESIA	FRANCE	3375
INDONESIA	FRANCE	3377
INDONESIA	FRANCE	3378
INDONESIA	FRANCE	3399
INDONESIA	FRANCE	3403
INDONESIA	FRANCE	3449
INDONESIA	FRANCE	3451
INDONESIA	FRANCE	3453
INDONESIA	FRANCE	3477
INDONESIA	FRANCE	3495
INDONESIA	FRANCE	3514
INDONESIA	FRANCE	3541
INDONESIA	FRANCE	3564
INDONESIA	FRANCE	3587
INDONESIA	FRANCE	3625
INDONESIA	FRANCE	3687
INDONESIA	FRANCE	3720
INDONESIA	FRANCE	3730
INDONESIA	FRANCE	3746
INDONESIA	FRANCE	3833
INDONESIA	FRANCE	3853
INDONESIA	FRANCE	3881
INDONESIA	FRANCE	4099
INDONESIA	FRANCE	4117
INDONESIA	FRANCE	4212
INDONESIA	FRANCE	4279
INDONESIA	FRANCE	4292
INDONESIA	FRANCE	4345
INDONESIA	FRANCE	4360
INDONESIA	FRANCE	4361
INDONESIA	FRANCE	4424
INDONESIA	FRANCE	4447
INDONESIA	FRANCE	4448
INDONESIA	FRANCE	4453
INDONESIA	FRANCE	4525
INDONESIA	FRANCE	4710
INDONESIA	FRANCE	4789
INDONESIA	FRANCE	4940
INDONESIA	FRANCE	4963
INDONESIA	FRANCE	5012
INDONESIA	FRANCE	5071
INDONESIA	FRANCE	5079
INDONESIA	FRANCE	5095
INDONESIA	FRANCE	5097
INDONESIA	FRANCE	5127
INDONESIA	FRANCE	5151
INDONESIA	FRANCE	5184
INDONESIA	FRANCE	5210
INDONESIA	FRANCE	5231
INDONESIA	FRANCE	5261
INDONESIA	FRANCE	5517
INDONESIA	FRANCE	5574
INDONESIA	FRANCE	5593
INDONESIA	FRANCE	5677
INDONESIA	FRANCE	5716
INDONESIA	FRANCE	5750
INDONESIA	FRANCE	5835
INDONESIA	FRANCE	5925
INDONESIA	FRANCE	5929
INDONESIA	FRANCE	5949
INDONESIA	FRANCE	5963
INDONESIA	FRANCE	5975
INDONESIA	FRANCE	6000
INDONESIA	FRANCE	6018
INDONESIA	FRANCE	6071
INDONESIA	FRANCE	6271
INDONESIA	FRANCE	6279
INDONESIA	FRANCE	6302
INDONESIA	FRANCE	6303
INDONESIA	FRANCE	6379
INDONESIA	FRANCE	6405
INDONESIA	FRANCE	6444
INDONESIA	FRANCE	6449
INDONESIA	FRANCE	6471
INDONESIA	FRANCE	6477
INDONESIA	FRANCE	6515
INDONESIA	FRANCE	6592
INDONESIA	FRANCE	6593
INDONESIA	FRANCE	6635
INDONESIA	FRANCE	6646
INDONESIA	FRANCE	6741
INDONESIA	FRANCE	6824
INDONESIA	FRANCE	6850
INDONESIA	FRANCE	6868
INDONESIA	FRANCE	6886
INDONESIA	FRANCE	6895
INDONESIA	FRANCE	6897
INDONESIA	FRANCE	6916
INDONESIA	FRANCE	6931
INDONESIA	FRANCE	6970
INDONESIA	FRANCE	7065
INDONESIA	FRANCE	7117
INDONESIA	FRANCE	7131
INDONESIA	FRANCE	7189
INDONESIA	FRANCE	7191
INDONESIA	FRANCE	7193
INDONESIA	FRANCE	7206
INDONESIA	FRANCE	7266
INDONESIA	FRANCE	7296
INDONESIA	FRANCE	7319
INDONESIA	FRANCE	7322
INDONESIA	FRANCE	7381
INDONESIA	FRANCE	7391
INDONESIA	FRANCE	7393
INDONESIA	FRANCE	7399
INDONESIA	FRANCE	7445
INDONESIA	FRANCE	7518
INDONESIA	FRANCE	7550
INDONESIA	FRANCE	7562
INDONESIA	FRANCE	7602
INDONESIA	FRANCE	7619
INDONESIA	FRANCE	7627
INDONESIA	FRANCE	7650
INDONESIA	FRANCE	7653
INDONESIA	FRANCE	7658
INDONESIA	FRANCE	7659
INDONESIA	FRANCE	7684
INDONESIA	FRANCE	7689
INDONESIA	FRANCE	7697
INDONESIA	FRANCE	7698
INDONESIA	FRANCE	7731
INDONESIA	FRANCE	7769
INDONESIA	FRANCE	7824
INDONESIA	FRANCE	7868
INDONESIA	FRANCE	7891
INDONESIA	FRANCE	8000
INDONESIA	FRANCE	8013
INDONESIA	FRANCE	8061
INDONESIA	FRANCE	8082
INDONESIA	FRANCE	8084
INDONESIA	FRANCE	8090
INDONESIA	FRANCE	8267
INDONESIA	FRANCE	8287
INDONESIA	FRANCE	8370
INDONESIA	FRANCE	8373
INDONESIA	FRANCE	8451
INDONESIA	FRANCE	8465
INDONESIA	FRANCE	8492
INDONESIA	FRANCE	8498
INDONESIA	FRANCE	8542
INDONESIA	FRANCE	8625
INDONESIA	FRANCE	8638
INDONESIA	FRANCE	8691
INDONESIA	FRANCE	8720
INDONESIA	FRANCE	8809
INDONESIA	FRANCE	8814
INDONESIA	FRANCE	8827
INDONESIA	FRANCE	8836
INDONESIA	FRANCE	8838
INDONESIA	FRANCE	8849
INDONESIA	FRANCE	8956
INDONESIA	FRANCE	8962
INDONESIA	FRANCE	9033
INDONESIA	FRANCE	9049
INDONESIA	FRANCE	9057
INDONESIA	FRANCE	9061
INDONESIA	FRANCE	9090
INDONESIA	FRANCE	9114
INDONESIA	FRANCE	9143
INDONESIA	FRANCE	9152
INDONESIA	FRANCE	9158
INDONESIA	FRANCE	9162
INDONESIA	FRANCE	9208
INDONESIA	FRANCE	9220
INDONESIA	FRANCE	9243
INDONESIA	FRANCE	9256
INDONESIA	FRANCE	9258
INDONESIA	FRANCE	9299
INDONESIA	FRANCE	9307
INDONESIA	FRANCE	9328
INDONESIA	FRANCE	9340
INDONESIA	FRANCE	9382
INDONESIA	FRANCE	9388
INDONESIA	FRANCE	9491
INDONESIA	FRANCE	9575
INDONESIA	FRANCE	9578
INDONESIA	FRANCE	9589
INDONESIA	FRANCE	9590
INDONESIA	FRANCE	9627
INDONESIA	FRANCE	9694
INDONESIA	FRANCE	9747
INDONESIA	FRANCE	9751
INDONESIA	FRANCE	9823
INDONESIA	FRANCE	9826
INDONESIA	FRANCE	9850
INDONESIA	FRANCE	9887
INDONESIA	FRANCE	9895
INDONESIA	FRANCE	9934
IRAN	FRANCE	1000
IRAN	FRANCE	1002
IRAN	FRANCE	1004
IRAN	FRANCE	1005
IRAN	FRANCE	1028
IRAN	FRANCE	1031
IRAN	FRANCE	1033
IRAN	FRANCE	1045
IRAN	FRANCE	1060
IRAN	FRANCE	1061
IRAN	FRANCE	1063
IRAN	FRANCE	1066
IRAN	FRANCE	1069
IRAN	FRANCE	1072
IRAN	FRANCE	1074
IRAN	FRANCE	1077
IRAN	FRANCE	1078
IRAN	FRANCE	1079
IRAN	FRANCE	1084
IRAN	FRANCE	1087
IRAN	FRANCE	1094
IRAN	FRANCE	1095
IRAN	FRANCE	1099
IRAN	FRANCE	1102
IRAN	FRANCE	1106
IRAN	FRANCE	1109
IRAN	FRANCE	1110
IRAN	FRANCE	1120
IRAN	FRANCE	1123
IRAN	FRANCE	1124
IRAN	FRANCE	1125
IRAN	FRANCE	1127
IRAN	FRANCE	1139
IRAN	FRANCE	1144
IRAN	FRANCE	1150
IRAN	FRANCE	1153
IRAN	FRANCE	1154
IRAN	FRANCE	1160
IRAN	FRANCE	1161
IRAN	FRANCE	1165
IRAN	FRANCE	1166
IRAN	FRANCE	1169
IRAN	FRANCE	1174
IRAN	FRANCE	1185
IRAN	FRANCE	1192
IRAN	FRANCE	1194
IRAN	FRANCE	1196
IRAN	FRANCE	1198
IRAN	FRANCE	1207
IRAN	FRANCE	1208
IRAN	FRANCE	1218
IRAN	FRANCE	1224
IRAN	FRANCE	1227
IRAN	FRANCE	1228
IRAN	FRANCE	1238
IRAN	FRANCE	1239
IRAN	FRANCE	1241
IRAN	FRANCE	1242
IRAN	FRANCE	1243
IRAN	FRANCE	1248
IRAN	FRANCE	1249
IRAN	FRANCE	1250
IRAN	FRANCE	1251
IRAN	FRANCE	1253
IRAN	FRANCE	1256
IRAN	FRANCE	1265
IRAN	FRANCE	1267
IRAN	FRANCE	1277
IRAN	FRANCE	1279
IRAN	FRANCE	1280
IRAN	FRANCE	1285
IRAN	FRANCE	1292
IRAN	FRANCE	1293
IRAN	FRANCE	1305
IRAN	FRANCE	1306
IRAN	FRANCE	1314
IRAN	FRANCE	1319
IRAN	FRANCE	1320
IRAN	FRANCE	1325
IRAN	FRANCE	1326
IRAN	FRANCE	1341
IRAN	FRANCE	1346
IRAN	FRANCE	1350
IRAN	FRANCE	1354
IRAN	FRANCE	1356
IRAN	FRANCE	1361
IRAN	FRANCE	1364
IRAN	FRANCE	1365
IRAN	FRANCE	1368
IRAN	FRANCE	1372
IRAN	FRANCE	1373
IRAN	FRANCE	1375
IRAN	FRANCE	1376
IRAN	FRANCE	1377
IRAN	FRANCE	1378
IRAN	FRANCE	1379
IRAN	FRANCE	1383
IRAN	FRANCE	1387
IRAN	FRANCE	1390
IRAN	FRANCE	1396
IRAN	FRANCE	1402
IRAN	FRANCE	1403
IRAN	FRANCE	1407
IRAN	FRANCE	1409
IRAN	FRANCE	1420
IRAN	FRANCE	1422
IRAN	FRANCE	1426
IRAN	FRANCE	1428
IRAN	FRANCE	1429
IRAN	FRANCE	1431
IRAN	FRANCE	1434
IRAN	FRANCE	1435
IRAN	FRANCE	1436
IRAN	FRANCE	1437
IRAN	FRANCE	1439
IRAN	FRANCE	1442
IRAN	FRANCE	1444
IRAN	FRANCE	1448
IRAN	FRANCE	1454
IRAN	FRANCE	1455
IRAN	FRANCE	1458
IRAN	FRANCE	1463
IRAN	FRANCE	1472
IRAN	FRANCE	1474
IRAN	FRANCE	1478
IRAN	FRANCE	1481
IRAN	FRANCE	1486
IRAN	FRANCE	1487
IRAN	FRANCE	1489
IRAN	FRANCE	1491
IRAN	FRANCE	1497
IRAN	FRANCE	1498
IRAN	FRANCE	1500
IRAN	FRANCE	1501
IRAN	FRANCE	1502
IRAN	FRANCE	1512
IRAN	FRANCE	1513
IRAN	FRANCE	1514
IRAN	FRANCE	1517
IRAN	FRANCE	1519
IRAN	FRANCE	1524
IRAN	FRANCE	1527
IRAN	FRANCE	1529
IRAN	FRANCE	1532
IRAN	FRANCE	1533
IRAN	FRANCE	1536
IRAN	FRANCE	1540
IRAN	FRANCE	1545
IRAN	FRANCE	1546
IRAN	FRANCE	1547
IRAN	FRANCE	1551
IRAN	FRANCE	1553
IRAN	FRANCE	1555
IRAN	FRANCE	1560
IRAN	FRANCE	1563
IRAN	FRANCE	1564
IRAN	FRANCE	1565
IRAN	FRANCE	1568
IRAN	FRANCE	1569
IRAN	FRANCE	1572
IRAN	FRANCE	1573
IRAN	FRANCE	1577
IRAN	FRANCE	1584
IRAN	FRANCE	1588
IRAN	FRANCE	1589
IRAN	FRANCE	1594
IRAN	FRANCE	1596
IRAN	FRANCE	1600
IRAN	FRANCE	1603
IRAN	FRANCE	1608
IRAN	FRANCE	1614
IRAN	FRANCE	1620
IRAN	FRANCE	1623
IRAN	FRANCE	1625
IRAN	FRANCE	1628
IRAN	FRANCE	1631
IRAN	FRANCE	1634
IRAN	FRANCE	1638
IRAN	FRANCE	1639
IRAN	FRANCE	1642
IRAN	FRANCE	1644
IRAN	FRANCE	1646
IRAN	FRANCE	1652
IRAN	FRANCE	1657
IRAN	FRANCE	1658
IRAN	FRANCE	1661
IRAN	FRANCE	1663
IRAN	FRANCE	1664
IRAN	FRANCE	1672
IRAN	FRANCE	1673
IRAN	FRANCE	1674
IRAN	FRANCE	1682
IRAN	FRANCE	1685
IRAN	FRANCE	1686
IRAN	FRANCE	1687
IRAN	FRANCE	1688
IRAN	FRANCE	1694
IRAN	FRANCE	1696
IRAN	FRANCE	1698
IRAN	FRANCE	1700
IRAN	FRANCE	1701
IRAN	FRANCE	1706
IRAN	FRANCE	1708
IRAN	FRANCE	1710
IRAN	FRANCE	1711
IRAN	FRANCE	1716
IRAN	FRANCE	1717
IRAN	FRANCE	1718
IRAN	FRANCE	1721
IRAN	FRANCE	1723
IRAN	FRANCE	1729
IRAN	FRANCE	1735
IRAN	FRANCE	1740
IRAN	FRANCE	1747
IRAN	FRANCE	1752
IRAN	FRANCE	1754
IRAN	FRANCE	1757
IRAN	FRANCE	1768
IRAN	FRANCE	1772
IRAN	FRANCE	1773
IRAN	FRANCE	1776
IRAN	FRANCE	1778
IRAN	FRANCE	1782
IRAN	FRANCE	1785
IRAN	FRANCE	1786
IRAN	FRANCE	1791
IRAN	FRANCE	1792
IRAN	FRANCE	1796
IRAN	FRANCE	1800
IRAN	FRANCE	1802
IRAN	FRANCE	1809
IRAN	FRANCE	1813
IRAN	FRANCE	1816
IRAN	FRANCE	1819
IRAN	FRANCE	1820
IRAN	FRANCE	1821
IRAN	FRANCE	1824
IRAN	FRANCE	1828
IRAN	FRANCE	1831
IRAN	FRANCE	1834
IRAN	FRANCE	1836
IRAN	FRANCE	1837
IRAN	FRANCE	1840
IRAN	FRANCE	1841
IRAN	FRANCE	1847
IRAN	FRANCE	1849
IRAN	FRANCE	1852
IRAN	FRANCE	1853
IRAN	FRANCE	1854
IRAN	FRANCE	1855
IRAN	FRANCE	1858
IRAN	FRANCE	1859
IRAN	FRANCE	1860
IRAN	FRANCE	1861
IRAN	FRANCE	1864
IRAN	FRANCE	1867
IRAN	FRANCE	1869
IRAN	FRANCE	1874
IRAN	FRANCE	1878
IRAN	FRANCE	1879
IRAN	FRANCE	1883
IRAN	FRANCE	1888
IRAN	FRANCE	1891
IRAN	FRANCE	1892
IRAN	FRANCE	1895
IRAN	FRANCE	1898
IRAN	FRANCE	1900
IRAN	FRANCE	1901
IRAN	FRANCE	1904
IRAN	FRANCE	1905
IRAN	FRANCE	1909
IRAN	FRANCE	1919
IRAN	FRANCE	1920
IRAN	FRANCE	1923
IRAN	FRANCE	1925
IRAN	FRANCE	1927
IRAN	FRANCE	1941
IRAN	FRANCE	1946
IRAN	FRANCE	1950
IRAN	FRANCE	1953
IRAN	FRANCE	1955
IRAN	FRANCE	1957
IRAN	FRANCE	1960
IRAN	FRANCE	1963
IRAN	FRANCE	1964
IRAN	FRANCE	1968
IRAN	FRANCE	1969
IRAN	FRANCE	1972
IRAN	FRANCE	1974
IRAN	FRANCE	1975
IRAN	FRANCE	1977
IRAN	FRANCE	1980
IRAN	FRANCE	1990
IRAN	FRANCE	1992
IRAN	FRANCE	1994
IRAN	FRANCE	1995
IRAN	FRANCE	2000
IRAN	FRANCE	2002
IRAN	FRANCE	2003
IRAN	FRANCE	2004
IRAN	FRANCE	2006
IRAN	FRANCE	2009
IRAN	FRANCE	2014
IRAN	FRANCE	2015
IRAN	FRANCE	2017
IRAN	FRANCE	2019
IRAN	FRANCE	2020
IRAN	FRANCE	2021
IRAN	FRANCE	2023
IRAN	FRANCE	2027
IRAN	FRANCE	2028
IRAN	FRANCE	2032
IRAN	FRANCE	2033
IRAN	FRANCE	2037
IRAN	FRANCE	2048
IRAN	FRANCE	2050
IRAN	FRANCE	2051
IRAN	FRANCE	2056
IRAN	FRANCE	2057
IRAN	FRANCE	2060
IRAN	FRANCE	2061
IRAN	FRANCE	2064
IRAN	FRANCE	2066
IRAN	FRANCE	2068
IRAN	FRANCE	2069
IRAN	FRANCE	2071
IRAN	FRANCE	2072
IRAN	FRANCE	2077
IRAN	FRANCE	2082
IRAN	FRANCE	2084
IRAN	FRANCE	2086
IRAN	FRANCE	2087
IRAN	FRANCE	2090
IRAN	FRANCE	2093
IRAN	FRANCE	2095
IRAN	FRANCE	2102
IRAN	FRANCE	2115
IRAN	FRANCE	2125
IRAN	FRANCE	2126
IRAN	FRANCE	2132
IRAN	FRANCE	2133
IRAN	FRANCE	2134
IRAN	FRANCE	2136
IRAN	FRANCE	2145
IRAN	FRANCE	2146
IRAN	FRANCE	2148
IRAN	FRANCE	2149
IRAN	FRANCE	2155
IRAN	FRANCE	2159
IRAN	FRANCE	2160
IRAN	FRANCE	2161
IRAN	FRANCE	2166
IRAN	FRANCE	2168
IRAN	FRANCE	2170
IRAN	FRANCE	2178
IRAN	FRANCE	2180
IRAN	FRANCE	2185
IRAN	FRANCE	2187
IRAN	FRANCE	2188
IRAN	FRANCE	2191
IRAN	FRANCE	2194
IRAN	FRANCE	2213
IRAN	FRANCE	2214
IRAN	FRANCE	2215
IRAN	FRANCE	2218
IRAN	FRANCE	2222
IRAN	FRANCE	2223
IRAN	FRANCE	2226
IRAN	FRANCE	2228
IRAN	FRANCE	2229
IRAN	FRANCE	2231
IRAN	FRANCE	2232
IRAN	FRANCE	2237
IRAN	FRANCE	2245
IRAN	FRANCE	2253
IRAN	FRANCE	2257
IRAN	FRANCE	2262
IRAN	FRANCE	2264
IRAN	FRANCE	2267
IRAN	FRANCE	2271
IRAN	FRANCE	2277
IRAN	FRANCE	2282
IRAN	FRANCE	2286
IRAN	FRANCE	2290
IRAN	FRANCE	2298
IRAN	FRANCE	2299
IRAN	FRANCE	2301
IRAN	FRANCE	2302
IRAN	FRANCE	2303
IRAN	FRANCE	2305
IRAN	FRANCE	2309
IRAN	FRANCE	2311
IRAN	FRANCE	2312
IRAN	FRANCE	2317
IRAN	FRANCE	2318
IRAN	FRANCE	2324
IRAN	FRANCE	2325
IRAN	FRANCE	2335
IRAN	FRANCE	2338
IRAN	FRANCE	2340
IRAN	FRANCE	2341
IRAN	FRANCE	2342
IRAN	FRANCE	2344
IRAN	FRANCE	2346
IRAN	FRANCE	2351
IRAN	FRANCE	2356
IRAN	FRANCE	2358
IRAN	FRANCE	2359
IRAN	FRANCE	2360
IRAN	FRANCE	2361
IRAN	FRANCE	2363
IRAN	FRANCE	2369
IRAN	FRANCE	2371
IRAN	FRANCE	2374
IRAN	FRANCE	2375
IRAN	FRANCE	2377
IRAN	FRANCE	2384
IRAN	FRANCE	2385
IRAN	FRANCE	2392
IRAN	FRANCE	2393
IRAN	FRANCE	2395
IRAN	FRANCE	2397
IRAN	FRANCE	2398
IRAN	FRANCE	2403
IRAN	FRANCE	2405
IRAN	FRANCE	2408
IRAN	FRANCE	2423
IRAN	FRANCE	2424
IRAN	FRANCE	2425
IRAN	FRANCE	2427
IRAN	FRANCE	2428
IRAN	FRANCE	2429
IRAN	FRANCE	2431
IRAN	FRANCE	2442
IRAN	FRANCE	2449
IRAN	FRANCE	2460
IRAN	FRANCE	2461
IRAN	FRANCE	2467
IRAN	FRANCE	2470
IRAN	FRANCE	2476
IRAN	FRANCE	2478
IRAN	FRANCE	2480
IRAN	FRANCE	2481
IRAN	FRANCE	2482
IRAN	FRANCE	2493
IRAN	FRANCE	2494
IRAN	FRANCE	2503
IRAN	FRANCE	2504
IRAN	FRANCE	2507
IRAN	FRANCE	2508
IRAN	FRANCE	2512
IRAN	FRANCE	2514
IRAN	FRANCE	2518
IRAN	FRANCE	2520
IRAN	FRANCE	2538
IRAN	FRANCE	2539
IRAN	FRANCE	2547
IRAN	FRANCE	2549
IRAN	FRANCE	2554
IRAN	FRANCE	2555
IRAN	FRANCE	2559
IRAN	FRANCE	2565
IRAN	FRANCE	2568
IRAN	FRANCE	2571
IRAN	FRANCE	2577
IRAN	FRANCE	2582
IRAN	FRANCE	2583
IRAN	FRANCE	2585
IRAN	FRANCE	2586
IRAN	FRANCE	2589
IRAN	FRANCE	2590
IRAN	FRANCE	2592
IRAN	FRANCE	2600
IRAN	FRANCE	2602
IRAN	FRANCE	2614
IRAN	FRANCE	2625
IRAN	FRANCE	2631
IRAN	FRANCE	2634
IRAN	FRANCE	2642
IRAN	FRANCE	2644
IRAN	FRANCE	2651
IRAN	FRANCE	2660
IRAN	FRANCE	2663
IRAN	FRANCE	2673
IRAN	FRANCE	2674
IRAN	FRANCE	2675
IRAN	FRANCE	2677
IRAN	FRANCE	2679
IRAN	FRANCE	2688
IRAN	FRANCE	2689
IRAN	FRANCE	2692
IRAN	FRANCE	2695
IRAN	FRANCE	2699
IRAN	FRANCE	2703
IRAN	FRANCE	2705
IRAN	FRANCE	2707
IRAN	FRANCE	2718
IRAN	FRANCE	2719
IRAN	FRANCE	2723
IRAN	FRANCE	2729
IRAN	FRANCE	2730
IRAN	FRANCE	2732
IRAN	FRANCE	2737
IRAN	FRANCE	2746
IRAN	FRANCE	2747
IRAN	FRANCE	2772
IRAN	FRANCE	2774
IRAN	FRANCE	2779
IRAN	FRANCE	2787
IRAN	FRANCE	2789
IRAN	FRANCE	2791
IRAN	FRANCE	2794
IRAN	FRANCE	2795
IRAN	FRANCE	2796
IRAN	FRANCE	2806
IRAN	FRANCE	2809
IRAN	FRANCE	2815
IRAN	FRANCE	2821
IRAN	FRANCE	2828
IRAN	FRANCE	2832
IRAN	FRANCE	2855
IRAN	FRANCE	2858
IRAN	FRANCE	2867
IRAN	FRANCE	2881
IRAN	FRANCE	2884
IRAN	FRANCE	2885
IRAN	FRANCE	2887
IRAN	FRANCE	2888
IRAN	FRANCE	2895
IRAN	FRANCE	2898
IRAN	FRANCE	2901
IRAN	FRANCE	2904
IRAN	FRANCE	2908
IRAN	FRANCE	2918
IRAN	FRANCE	2930
IRAN	FRANCE	2943
IRAN	FRANCE	2944
IRAN	FRANCE	2945
IRAN	FRANCE	2946
IRAN	FRANCE	2947
IRAN	FRANCE	2948
IRAN	FRANCE	2954
IRAN	FRANCE	2962
IRAN	FRANCE	2963
IRAN	FRANCE	2980
IRAN	FRANCE	2982
IRAN	FRANCE	2986
IRAN	FRANCE	2987
IRAN	FRANCE	2995
IRAN	FRANCE	3000
IRAN	FRANCE	3014
IRAN	FRANCE	3016
IRAN	FRANCE	3021
IRAN	FRANCE	3022
IRAN	FRANCE	3023
IRAN	FRANCE	3033
IRAN	FRANCE	3036
IRAN	FRANCE	3046
IRAN	FRANCE	3047
IRAN	FRANCE	3064
IRAN	FRANCE	3075
IRAN	FRANCE	3076
IRAN	FRANCE	3082
IRAN	FRANCE	3094
IRAN	FRANCE	3098
IRAN	FRANCE	3103
IRAN	FRANCE	3105
IRAN	FRANCE	3112
IRAN	FRANCE	3140
IRAN	FRANCE	3141
IRAN	FRANCE	3145
IRAN	FRANCE	3177
IRAN	FRANCE	3198
IRAN	FRANCE	3206
IRAN	FRANCE	3208
IRAN	FRANCE	3219
IRAN	FRANCE	3220
IRAN	FRANCE	3226
IRAN	FRANCE	3248
IRAN	FRANCE	3265
IRAN	FRANCE	3269
IRAN	FRANCE	3270
IRAN	FRANCE	3279
IRAN	FRANCE	3284
IRAN	FRANCE	3309
IRAN	FRANCE	3310
IRAN	FRANCE	3326
IRAN	FRANCE	3341
IRAN	FRANCE	3377
IRAN	FRANCE	3427
IRAN	FRANCE	3432
IRAN	FRANCE	3433
IRAN	FRANCE	3492
IRAN	FRANCE	3531
IRAN	FRANCE	3541
IRAN	FRANCE	3551
IRAN	FRANCE	3556
IRAN	FRANCE	3573
IRAN	FRANCE	3587
IRAN	FRANCE	3617
IRAN	FRANCE	3664
IRAN	FRANCE	3726
IRAN	FRANCE	3736
IRAN	FRANCE	3844
IRAN	FRANCE	3853
IRAN	FRANCE	3949
IRAN	FRANCE	4228
IRAN	FRANCE	4264
IRAN	FRANCE	4269
IRAN	FRANCE	4272
IRAN	FRANCE	4358
IRAN	FRANCE	4704
IRAN	FRANCE	4729
IRAN	FRANCE	4786
IRAN	FRANCE	4842
IRAN	FRANCE	4901
IRAN	FRANCE	4963
IRAN	FRANCE	5046
IRAN	FRANCE	5065
IRAN	FRANCE	5149
IRAN	FRANCE	5198
IRAN	FRANCE	5272
IRAN	FRANCE	5295
IRAN	FRANCE	5334
IRAN	FRANCE	5364
IRAN	FRANCE	5470
IRAN	FRANCE	5557
IRAN	FRANCE	5589
IRAN	FRANCE	5603
IRAN	FRANCE	5610
IRAN	FRANCE	5827
IRAN	FRANCE	5852
IRAN	FRANCE	5870
IRAN	FRANCE	5928
IRAN	FRANCE	6011
IRAN	FRANCE	6030
IRAN	FRANCE	6080
IRAN	FRANCE	6101
IRAN	FRANCE	6133
IRAN	FRANCE	6239
IRAN	FRANCE	6275
IRAN	FRANCE	6304
IRAN	FRANCE	6367
IRAN	FRANCE	6387
IRAN	FRANCE	6444
IRAN	FRANCE	6449
IRAN	FRANCE	6481
IRAN	FRANCE	6591
IRAN	FRANCE	6687
IRAN	FRANCE	6690
IRAN	FRANCE	6739
IRAN	FRANCE	6784
IRAN	FRANCE	6790
IRAN	FRANCE	6873
IRAN	FRANCE	6915
IRAN	FRANCE	6944
IRAN	FRANCE	6970
IRAN	FRANCE	7028
IRAN	FRANCE	7034
IRAN	FRANCE	7110
IRAN	FRANCE	7125
IRAN	FRANCE	7150
IRAN	FRANCE	7166
IRAN	FRANCE	7190
IRAN	FRANCE	7196
IRAN	FRANCE	7259
IRAN	FRANCE	7266
IRAN	FRANCE	7299
IRAN	FRANCE	7415
IRAN	FRANCE	7423
IRAN	FRANCE	7445
IRAN	FRANCE	7495
IRAN	FRANCE	7534
IRAN	FRANCE	7556
IRAN	FRANCE	7858
IRAN	FRANCE	7864
IRAN	FRANCE	7868
IRAN	FRANCE	7891
IRAN	FRANCE	8197
IRAN	FRANCE	8231
IRAN	FRANCE	8267
IRAN	FRANCE	8285
IRAN	FRANCE	8303
IRAN	FRANCE	8342
IRAN	FRANCE	8357
IRAN	FRANCE	8442
IRAN	FRANCE	8456
IRAN	FRANCE	8475
IRAN	FRANCE	8492
IRAN	FRANCE	8494
IRAN	FRANCE	8564
IRAN	FRANCE	8578
IRAN	FRANCE	8583
IRAN	FRANCE	8648
IRAN	FRANCE	8671
IRAN	FRANCE	8690
IRAN	FRANCE	8695
IRAN	FRANCE	8716
IRAN	FRANCE	8772
IRAN	FRANCE	8820
IRAN	FRANCE	8829
IRAN	FRANCE	8835
IRAN	FRANCE	8854
IRAN	FRANCE	8898
IRAN	FRANCE	8906
IRAN	FRANCE	8929
IRAN	FRANCE	9022
IRAN	FRANCE	9033
IRAN	FRANCE	9049
IRAN	FRANCE	9072
IRAN	FRANCE	9090
IRAN	FRANCE	9129
IRAN	FRANCE	9150
IRAN	FRANCE	9183
IRAN	FRANCE	9184
IRAN	FRANCE	9199
IRAN	FRANCE	9220
IRAN	FRANCE	9246
IRAN	FRANCE	9263
IRAN	FRANCE	9347
IRAN	FRANCE	9455
IRAN	FRANCE	9493
IRAN	FRANCE	9518
IRAN	FRANCE	9589
IRAN	FRANCE	9601
IRAN	FRANCE	9645
IRAN	FRANCE	9684
IRAN	FRANCE	9707
IRAN	FRANCE	9765
IRAN	FRANCE	9799
IRAN	FRANCE	9814
IRAN	FRANCE	9824
IRAN	FRANCE	9833
IRAN	FRANCE	9836
IRAN	FRANCE	9895
IRAN	FRANCE	9920
IRAN	FRANCE	9940
IRAN	FRANCE	9959
IRAQ	FRANCE	1004
IRAQ	FRANCE	1006
IRAQ	FRANCE	1008
IRAQ	FRANCE	1010
IRAQ	FRANCE	1011
IRAQ	FRANCE	1013
IRAQ	FRANCE	1028
IRAQ	FRANCE	1031
IRAQ	FRANCE	1048
IRAQ	FRANCE	1049
IRAQ	FRANCE	1062
IRAQ	FRANCE	1067
IRAQ	FRANCE	1071
IRAQ	FRANCE	1072
IRAQ	FRANCE	1074
IRAQ	FRANCE	1075
IRAQ	FRANCE	1090
IRAQ	FRANCE	1095
IRAQ	FRANCE	1099
IRAQ	FRANCE	1105
IRAQ	FRANCE	1110
IRAQ	FRANCE	1111
IRAQ	FRANCE	1112
IRAQ	FRANCE	1120
IRAQ	FRANCE	1125
IRAQ	FRANCE	1127
IRAQ	FRANCE	1128
IRAQ	FRANCE	1135
IRAQ	FRANCE	1138
IRAQ	FRANCE	1139
IRAQ	FRANCE	1140
IRAQ	FRANCE	1144
IRAQ	FRANCE	1145
IRAQ	FRANCE	1146
IRAQ	FRANCE	1149
IRAQ	FRANCE	1150
IRAQ	FRANCE	1153
IRAQ	FRANCE	1156
IRAQ	FRANCE	1159
IRAQ	FRANCE	1161
IRAQ	FRANCE	1166
IRAQ	FRANCE	1167
IRAQ	FRANCE	1170
IRAQ	FRANCE	1178
IRAQ	FRANCE	1183
IRAQ	FRANCE	1184
IRAQ	FRANCE	1185
IRAQ	FRANCE	1190
IRAQ	FRANCE	1192
IRAQ	FRANCE	1194
IRAQ	FRANCE	1195
IRAQ	FRANCE	1196
IRAQ	FRANCE	1199
IRAQ	FRANCE	1200
IRAQ	FRANCE	1202
IRAQ	FRANCE	1208
IRAQ	FRANCE	1209
IRAQ	FRANCE	1210
IRAQ	FRANCE	1215
IRAQ	FRANCE	1217
IRAQ	FRANCE	1218
IRAQ	FRANCE	1223
IRAQ	FRANCE	1226
IRAQ	FRANCE	1231
IRAQ	FRANCE	1232
IRAQ	FRANCE	1241
IRAQ	FRANCE	1244
IRAQ	FRANCE	1246
IRAQ	FRANCE	1251
IRAQ	FRANCE	1252
IRAQ	FRANCE	1253
IRAQ	FRANCE	1263
IRAQ	FRANCE	1268
IRAQ	FRANCE	1272
IRAQ	FRANCE	1274
IRAQ	FRANCE	1277
IRAQ	FRANCE	1279
IRAQ	FRANCE	1280
IRAQ	FRANCE	1281
IRAQ	FRANCE	1290
IRAQ	FRANCE	1292
IRAQ	FRANCE	1295
IRAQ	FRANCE	1298
IRAQ	FRANCE	1299
IRAQ	FRANCE	1301
IRAQ	FRANCE	1305
IRAQ	FRANCE	1307
IRAQ	FRANCE	1310
IRAQ	FRANCE	1312
IRAQ	FRANCE	1317
IRAQ	FRANCE	1318
IRAQ	FRANCE	1319
IRAQ	FRANCE	1321
IRAQ	FRANCE	1322
IRAQ	FRANCE	1323
IRAQ	FRANCE	1326
IRAQ	FRANCE	1337
IRAQ	FRANCE	1342
IRAQ	FRANCE	1347
IRAQ	FRANCE	1349
IRAQ	FRANCE	1351
IRAQ	FRANCE	1359
IRAQ	FRANCE	1360
IRAQ	FRANCE	1365
IRAQ	FRANCE	1366
IRAQ	FRANCE	1374
IRAQ	FRANCE	1379
IRAQ	FRANCE	1380
IRAQ	FRANCE	1381
IRAQ	FRANCE	1383
IRAQ	FRANCE	1384
IRAQ	FRANCE	1391
IRAQ	FRANCE	1392
IRAQ	FRANCE	1395
IRAQ	FRANCE	1396
IRAQ	FRANCE	1397
IRAQ	FRANCE	1399
IRAQ	FRANCE	1400
IRAQ	FRANCE	1415
IRAQ	FRANCE	1416
IRAQ	FRANCE	1417
IRAQ	FRANCE	1421
IRAQ	FRANCE	1422
IRAQ	FRANCE	1423
IRAQ	FRANCE	1425
IRAQ	FRANCE	1433
IRAQ	FRANCE	1434
IRAQ	FRANCE	1435
IRAQ	FRANCE	1438
IRAQ	FRANCE	1439
IRAQ	FRANCE	1443
IRAQ	FRANCE	1445
IRAQ	FRANCE	1446
IRAQ	FRANCE	1448
IRAQ	FRANCE	1461
IRAQ	FRANCE	1462
IRAQ	FRANCE	1464
IRAQ	FRANCE	1465
IRAQ	FRANCE	1469
IRAQ	FRANCE	1471
IRAQ	FRANCE	1472
IRAQ	FRANCE	1474
IRAQ	FRANCE	1477
IRAQ	FRANCE	1479
IRAQ	FRANCE	1483
IRAQ	FRANCE	1485
IRAQ	FRANCE	1487
IRAQ	FRANCE	1490
IRAQ	FRANCE	1492
IRAQ	FRANCE	1493
IRAQ	FRANCE	1494
IRAQ	FRANCE	1504
IRAQ	FRANCE	1510
IRAQ	FRANCE	1517
IRAQ	FRANCE	1518
IRAQ	FRANCE	1524
IRAQ	FRANCE	1528
IRAQ	FRANCE	1530
IRAQ	FRANCE	1532
IRAQ	FRANCE	1533
IRAQ	FRANCE	1537
IRAQ	FRANCE	1539
IRAQ	FRANCE	1545
IRAQ	FRANCE	1548
IRAQ	FRANCE	1549
IRAQ	FRANCE	1551
IRAQ	FRANCE	1555
IRAQ	FRANCE	1556
IRAQ	FRANCE	1558
IRAQ	FRANCE	1560
IRAQ	FRANCE	1561
IRAQ	FRANCE	1566
IRAQ	FRANCE	1569
IRAQ	FRANCE	1571
IRAQ	FRANCE	1572
IRAQ	FRANCE	1574
IRAQ	FRANCE	1576
IRAQ	FRANCE	1578
IRAQ	FRANCE	1586
IRAQ	FRANCE	1589
IRAQ	FRANCE	1592
IRAQ	FRANCE	1600
IRAQ	FRANCE	1601
IRAQ	FRANCE	1602
IRAQ	FRANCE	1603
IRAQ	FRANCE	1608
IRAQ	FRANCE	1616
IRAQ	FRANCE	1622
IRAQ	FRANCE	1623
IRAQ	FRANCE	1624
IRAQ	FRANCE	1625
IRAQ	FRANCE	1627
IRAQ	FRANCE	1633
IRAQ	FRANCE	1636
IRAQ	FRANCE	1640
IRAQ	FRANCE	1641
IRAQ	FRANCE	1643
IRAQ	FRANCE	1644
IRAQ	FRANCE	1648
IRAQ	FRANCE	1656
IRAQ	FRANCE	1659
IRAQ	FRANCE	1661
IRAQ	FRANCE	1662
IRAQ	FRANCE	1663
IRAQ	FRANCE	1671
IRAQ	FRANCE	1672
IRAQ	FRANCE	1678
IRAQ	FRANCE	1679
IRAQ	FRANCE	1684
IRAQ	FRANCE	1685
IRAQ	FRANCE	1687
IRAQ	FRANCE	1688
IRAQ	FRANCE	1689
IRAQ	FRANCE	1693
IRAQ	FRANCE	1694
IRAQ	FRANCE	1698
IRAQ	FRANCE	1703
IRAQ	FRANCE	1706
IRAQ	FRANCE	1707
IRAQ	FRANCE	1708
IRAQ	FRANCE	1710
IRAQ	FRANCE	1711
IRAQ	FRANCE	1716
IRAQ	FRANCE	1720
IRAQ	FRANCE	1725
IRAQ	FRANCE	1733
IRAQ	FRANCE	1734
IRAQ	FRANCE	1738
IRAQ	FRANCE	1741
IRAQ	FRANCE	1742
IRAQ	FRANCE	1748
IRAQ	FRANCE	1750
IRAQ	FRANCE	1753
IRAQ	FRANCE	1757
IRAQ	FRANCE	1758
IRAQ	FRANCE	1763
IRAQ	FRANCE	1772
IRAQ	FRANCE	1773
IRAQ	FRANCE	1774
IRAQ	FRANCE	1776
IRAQ	FRANCE	1778
IRAQ	FRANCE	1779
IRAQ	FRANCE	1782
IRAQ	FRANCE	1783
IRAQ	FRANCE	1786
IRAQ	FRANCE	1790
IRAQ	FRANCE	1792
IRAQ	FRANCE	1800
IRAQ	FRANCE	1801
IRAQ	FRANCE	1805
IRAQ	FRANCE	1806
IRAQ	FRANCE	1807
IRAQ	FRANCE	1808
IRAQ	FRANCE	1809
IRAQ	FRANCE	1816
IRAQ	FRANCE	1823
IRAQ	FRANCE	1824
IRAQ	FRANCE	1825
IRAQ	FRANCE	1827
IRAQ	FRANCE	1828
IRAQ	FRANCE	1833
IRAQ	FRANCE	1834
IRAQ	FRANCE	1840
IRAQ	FRANCE	1844
IRAQ	FRANCE	1846
IRAQ	FRANCE	1848
IRAQ	FRANCE	1849
IRAQ	FRANCE	1853
IRAQ	FRANCE	1859
IRAQ	FRANCE	1860
IRAQ	FRANCE	1872
IRAQ	FRANCE	1875
IRAQ	FRANCE	1878
IRAQ	FRANCE	1879
IRAQ	FRANCE	1881
IRAQ	FRANCE	1885
IRAQ	FRANCE	1887
IRAQ	FRANCE	1891
IRAQ	FRANCE	1892
IRAQ	FRANCE	1893
IRAQ	FRANCE	1894
IRAQ	FRANCE	1898
IRAQ	FRANCE	1900
IRAQ	FRANCE	1901
IRAQ	FRANCE	1903
IRAQ	FRANCE	1906
IRAQ	FRANCE	1907
IRAQ	FRANCE	1909
IRAQ	FRANCE	1912
IRAQ	FRANCE	1918
IRAQ	FRANCE	1920
IRAQ	FRANCE	1922
IRAQ	FRANCE	1925
IRAQ	FRANCE	1926
IRAQ	FRANCE	1928
IRAQ	FRANCE	1929
IRAQ	FRANCE	1933
IRAQ	FRANCE	1934
IRAQ	FRANCE	1939
IRAQ	FRANCE	1942
IRAQ	FRANCE	1943
IRAQ	FRANCE	1946
IRAQ	FRANCE	1947
IRAQ	FRANCE	1950
IRAQ	FRANCE	1951
IRAQ	FRANCE	1953
IRAQ	FRANCE	1954
IRAQ	FRANCE	1955
IRAQ	FRANCE	1956
IRAQ	FRANCE	1957
IRAQ	FRANCE	1958
IRAQ	FRANCE	1960
IRAQ	FRANCE	1961
IRAQ	FRANCE	1963
IRAQ	FRANCE	1964
IRAQ	FRANCE	1965
IRAQ	FRANCE	1980
IRAQ	FRANCE	1990
IRAQ	FRANCE	1994
IRAQ	FRANCE	1995
IRAQ	FRANCE	1998
IRAQ	FRANCE	2000
IRAQ	FRANCE	2003
IRAQ	FRANCE	2006
IRAQ	FRANCE	2007
IRAQ	FRANCE	2014
IRAQ	FRANCE	2015
IRAQ	FRANCE	2017
IRAQ	FRANCE	2024
IRAQ	FRANCE	2031
IRAQ	FRANCE	2032
IRAQ	FRANCE	2033
IRAQ	FRANCE	2034
IRAQ	FRANCE	2040
IRAQ	FRANCE	2045
IRAQ	FRANCE	2046
IRAQ	FRANCE	2047
IRAQ	FRANCE	2049
IRAQ	FRANCE	2053
IRAQ	FRANCE	2058
IRAQ	FRANCE	2061
IRAQ	FRANCE	2064
IRAQ	FRANCE	2068
IRAQ	FRANCE	2070
IRAQ	FRANCE	2083
IRAQ	FRANCE	2084
IRAQ	FRANCE	2089
IRAQ	FRANCE	2090
IRAQ	FRANCE	2093
IRAQ	FRANCE	2097
IRAQ	FRANCE	2102
IRAQ	FRANCE	2103
IRAQ	FRANCE	2105
IRAQ	FRANCE	2111
IRAQ	FRANCE	2112
IRAQ	FRANCE	2113
IRAQ	FRANCE	2114
IRAQ	FRANCE	2115
IRAQ	FRANCE	2119
IRAQ	FRANCE	2122
IRAQ	FRANCE	2124
IRAQ	FRANCE	2126
IRAQ	FRANCE	2130
IRAQ	FRANCE	2132
IRAQ	FRANCE	2134
IRAQ	FRANCE	2138
IRAQ	FRANCE	2142
IRAQ	FRANCE	2143
IRAQ	FRANCE	2144
IRAQ	FRANCE	2145
IRAQ	FRANCE	2146
IRAQ	FRANCE	2147
IRAQ	FRANCE	2150
IRAQ	FRANCE	2153
IRAQ	FRANCE	2155
IRAQ	FRANCE	2158
IRAQ	FRANCE	2159
IRAQ	FRANCE	2161
IRAQ	FRANCE	2168
IRAQ	FRANCE	2174
IRAQ	FRANCE	2175
IRAQ	FRANCE	2176
IRAQ	FRANCE	2181
IRAQ	FRANCE	2187
IRAQ	FRANCE	2189
IRAQ	FRANCE	2194
IRAQ	FRANCE	2195
IRAQ	FRANCE	2206
IRAQ	FRANCE	2207
IRAQ	FRANCE	2211
IRAQ	FRANCE	2219
IRAQ	FRANCE	2225
IRAQ	FRANCE	2229
IRAQ	FRANCE	2233
IRAQ	FRANCE	2237
IRAQ	FRANCE	2252
IRAQ	FRANCE	2253
IRAQ	FRANCE	2256
IRAQ	FRANCE	2257
IRAQ	FRANCE	2258
IRAQ	FRANCE	2262
IRAQ	FRANCE	2263
IRAQ	FRANCE	2265
IRAQ	FRANCE	2268
IRAQ	FRANCE	2270
IRAQ	FRANCE	2273
IRAQ	FRANCE	2278
IRAQ	FRANCE	2279
IRAQ	FRANCE	2281
IRAQ	FRANCE	2282
IRAQ	FRANCE	2284
IRAQ	FRANCE	2285
IRAQ	FRANCE	2287
IRAQ	FRANCE	2296
IRAQ	FRANCE	2297
IRAQ	FRANCE	2303
IRAQ	FRANCE	2306
IRAQ	FRANCE	2313
IRAQ	FRANCE	2317
IRAQ	FRANCE	2318
IRAQ	FRANCE	2323
IRAQ	FRANCE	2326
IRAQ	FRANCE	2338
IRAQ	FRANCE	2342
IRAQ	FRANCE	2344
IRAQ	FRANCE	2346
IRAQ	FRANCE	2347
IRAQ	FRANCE	2351
IRAQ	FRANCE	2354
IRAQ	FRANCE	2355
IRAQ	FRANCE	2356
IRAQ	FRANCE	2359
IRAQ	FRANCE	2362
IRAQ	FRANCE	2363
IRAQ	FRANCE	2367
IRAQ	FRANCE	2370
IRAQ	FRANCE	2374
IRAQ	FRANCE	2375
IRAQ	FRANCE	2378
IRAQ	FRANCE	2381
IRAQ	FRANCE	2382
IRAQ	FRANCE	2386
IRAQ	FRANCE	2392
IRAQ	FRANCE	2393
IRAQ	FRANCE	2395
IRAQ	FRANCE	2397
IRAQ	FRANCE	2398
IRAQ	FRANCE	2402
IRAQ	FRANCE	2405
IRAQ	FRANCE	2408
IRAQ	FRANCE	2409
IRAQ	FRANCE	2411
IRAQ	FRANCE	2412
IRAQ	FRANCE	2413
IRAQ	FRANCE	2417
IRAQ	FRANCE	2422
IRAQ	FRANCE	2426
IRAQ	FRANCE	2441
IRAQ	FRANCE	2444
IRAQ	FRANCE	2445
IRAQ	FRANCE	2456
IRAQ	FRANCE	2457
IRAQ	FRANCE	2465
IRAQ	FRANCE	2467
IRAQ	FRANCE	2470
IRAQ	FRANCE	2475
IRAQ	FRANCE	2476
IRAQ	FRANCE	2477
IRAQ	FRANCE	2478
IRAQ	FRANCE	2481
IRAQ	FRANCE	2490
IRAQ	FRANCE	2494
IRAQ	FRANCE	2495
IRAQ	FRANCE	2504
IRAQ	FRANCE	2506
IRAQ	FRANCE	2511
IRAQ	FRANCE	2513
IRAQ	FRANCE	2514
IRAQ	FRANCE	2523
IRAQ	FRANCE	2527
IRAQ	FRANCE	2529
IRAQ	FRANCE	2533
IRAQ	FRANCE	2535
IRAQ	FRANCE	2537
IRAQ	FRANCE	2546
IRAQ	FRANCE	2553
IRAQ	FRANCE	2559
IRAQ	FRANCE	2562
IRAQ	FRANCE	2565
IRAQ	FRANCE	2568
IRAQ	FRANCE	2571
IRAQ	FRANCE	2581
IRAQ	FRANCE	2582
IRAQ	FRANCE	2583
IRAQ	FRANCE	2584
IRAQ	FRANCE	2585
IRAQ	FRANCE	2589
IRAQ	FRANCE	2590
IRAQ	FRANCE	2592
IRAQ	FRANCE	2594
IRAQ	FRANCE	2602
IRAQ	FRANCE	2614
IRAQ	FRANCE	2617
IRAQ	FRANCE	2626
IRAQ	FRANCE	2632
IRAQ	FRANCE	2640
IRAQ	FRANCE	2656
IRAQ	FRANCE	2665
IRAQ	FRANCE	2668
IRAQ	FRANCE	2673
IRAQ	FRANCE	2674
IRAQ	FRANCE	2675
IRAQ	FRANCE	2678
IRAQ	FRANCE	2681
IRAQ	FRANCE	2685
IRAQ	FRANCE	2687
IRAQ	FRANCE	2688
IRAQ	FRANCE	2690
IRAQ	FRANCE	2693
IRAQ	FRANCE	2694
IRAQ	FRANCE	2695
IRAQ	FRANCE	2699
IRAQ	FRANCE	2702
IRAQ	FRANCE	2707
IRAQ	FRANCE	2719
IRAQ	FRANCE	2721
IRAQ	FRANCE	2728
IRAQ	FRANCE	2729
IRAQ	FRANCE	2735
IRAQ	FRANCE	2736
IRAQ	FRANCE	2740
IRAQ	FRANCE	2756
IRAQ	FRANCE	2760
IRAQ	FRANCE	2761
IRAQ	FRANCE	2764
IRAQ	FRANCE	2772
IRAQ	FRANCE	2773
IRAQ	FRANCE	2774
IRAQ	FRANCE	2779
IRAQ	FRANCE	2780
IRAQ	FRANCE	2783
IRAQ	FRANCE	2786
IRAQ	FRANCE	2788
IRAQ	FRANCE	2791
IRAQ	FRANCE	2798
IRAQ	FRANCE	2805
IRAQ	FRANCE	2809
IRAQ	FRANCE	2816
IRAQ	FRANCE	2821
IRAQ	FRANCE	2824
IRAQ	FRANCE	2832
IRAQ	FRANCE	2848
IRAQ	FRANCE	2854
IRAQ	FRANCE	2859
IRAQ	FRANCE	2862
IRAQ	FRANCE	2863
IRAQ	FRANCE	2864
IRAQ	FRANCE	2871
IRAQ	FRANCE	2874
IRAQ	FRANCE	2879
IRAQ	FRANCE	2880
IRAQ	FRANCE	2881
IRAQ	FRANCE	2891
IRAQ	FRANCE	2901
IRAQ	FRANCE	2910
IRAQ	FRANCE	2911
IRAQ	FRANCE	2913
IRAQ	FRANCE	2915
IRAQ	FRANCE	2926
IRAQ	FRANCE	2928
IRAQ	FRANCE	2935
IRAQ	FRANCE	2936
IRAQ	FRANCE	2938
IRAQ	FRANCE	2945
IRAQ	FRANCE	2946
IRAQ	FRANCE	2956
IRAQ	FRANCE	2967
IRAQ	FRANCE	2979
IRAQ	FRANCE	2995
IRAQ	FRANCE	2998
IRAQ	FRANCE	3012
IRAQ	FRANCE	3013
IRAQ	FRANCE	3014
IRAQ	FRANCE	3022
IRAQ	FRANCE	3028
IRAQ	FRANCE	3032
IRAQ	FRANCE	3057
IRAQ	FRANCE	3058
IRAQ	FRANCE	3061
IRAQ	FRANCE	3074
IRAQ	FRANCE	3076
IRAQ	FRANCE	3080
IRAQ	FRANCE	3091
IRAQ	FRANCE	3098
IRAQ	FRANCE	3103
IRAQ	FRANCE	3104
IRAQ	FRANCE	3107
IRAQ	FRANCE	3112
IRAQ	FRANCE	3120
IRAQ	FRANCE	3152
IRAQ	FRANCE	3159
IRAQ	FRANCE	3164
IRAQ	FRANCE	3174
IRAQ	FRANCE	3179
IRAQ	FRANCE	3201
IRAQ	FRANCE	3208
IRAQ	FRANCE	3211
IRAQ	FRANCE	3220
IRAQ	FRANCE	3224
IRAQ	FRANCE	3246
IRAQ	FRANCE	3248
IRAQ	FRANCE	3277
IRAQ	FRANCE	3284
IRAQ	FRANCE	3310
IRAQ	FRANCE	3312
IRAQ	FRANCE	3341
IRAQ	FRANCE	3378
IRAQ	FRANCE	3391
IRAQ	FRANCE	3423
IRAQ	FRANCE	3443
IRAQ	FRANCE	3472
IRAQ	FRANCE	3512
IRAQ	FRANCE	3539
IRAQ	FRANCE	3551
IRAQ	FRANCE	3556
IRAQ	FRANCE	3579
IRAQ	FRANCE	3625
IRAQ	FRANCE	3647
IRAQ	FRANCE	3664
IRAQ	FRANCE	3669
IRAQ	FRANCE	3673
IRAQ	FRANCE	3700
IRAQ	FRANCE	3786
IRAQ	FRANCE	3936
IRAQ	FRANCE	3949
IRAQ	FRANCE	3963
IRAQ	FRANCE	3990
IRAQ	FRANCE	4058
IRAQ	FRANCE	4156
IRAQ	FRANCE	4234
IRAQ	FRANCE	4235
IRAQ	FRANCE	4250
IRAQ	FRANCE	4277
IRAQ	FRANCE	4339
IRAQ	FRANCE	4408
IRAQ	FRANCE	4419
IRAQ	FRANCE	4436
IRAQ	FRANCE	4540
IRAQ	FRANCE	4704
IRAQ	FRANCE	4714
IRAQ	FRANCE	4763
IRAQ	FRANCE	4766
IRAQ	FRANCE	4769
IRAQ	FRANCE	4781
IRAQ	FRANCE	4824
IRAQ	FRANCE	4836
IRAQ	FRANCE	4922
IRAQ	FRANCE	4957
IRAQ	FRANCE	4990
IRAQ	FRANCE	5032
IRAQ	FRANCE	5063
IRAQ	FRANCE	5102
IRAQ	FRANCE	5119
IRAQ	FRANCE	5132
IRAQ	FRANCE	5134
IRAQ	FRANCE	5145
IRAQ	FRANCE	5146
IRAQ	FRANCE	5197
IRAQ	FRANCE	5198
IRAQ	FRANCE	5222
IRAQ	FRANCE	5230
IRAQ	FRANCE	5254
IRAQ	FRANCE	5392
IRAQ	FRANCE	5430
IRAQ	FRANCE	5510
IRAQ	FRANCE	5512
IRAQ	FRANCE	5614
IRAQ	FRANCE	5660
IRAQ	FRANCE	5670
IRAQ	FRANCE	5694
IRAQ	FRANCE	5798
IRAQ	FRANCE	5850
IRAQ	FRANCE	5870
IRAQ	FRANCE	6003
IRAQ	FRANCE	6030
IRAQ	FRANCE	6036
IRAQ	FRANCE	6195
IRAQ	FRANCE	6214
IRAQ	FRANCE	6216
IRAQ	FRANCE	6285
IRAQ	FRANCE	6302
IRAQ	FRANCE	6350
IRAQ	FRANCE	6382
IRAQ	FRANCE	6387
IRAQ	FRANCE	6481
IRAQ	FRANCE	6482
IRAQ	FRANCE	6574
IRAQ	FRANCE	6591
IRAQ	FRANCE	6618
IRAQ	FRANCE	6636
IRAQ	FRANCE	6751
IRAQ	FRANCE	6787
IRAQ	FRANCE	6789
IRAQ	FRANCE	6804
IRAQ	FRANCE	6921
IRAQ	FRANCE	6923
IRAQ	FRANCE	6942
IRAQ	FRANCE	6968
IRAQ	FRANCE	6992
IRAQ	FRANCE	6999
IRAQ	FRANCE	7089
IRAQ	FRANCE	7153
IRAQ	FRANCE	7183
IRAQ	FRANCE	7190
IRAQ	FRANCE	7259
IRAQ	FRANCE	7309
IRAQ	FRANCE	7332
IRAQ	FRANCE	7421
IRAQ	FRANCE	7432
IRAQ	FRANCE	7472
IRAQ	FRANCE	7473
IRAQ	FRANCE	7538
IRAQ	FRANCE	7539
IRAQ	FRANCE	7548
IRAQ	FRANCE	7550
IRAQ	FRANCE	7567
IRAQ	FRANCE	7572
IRAQ	FRANCE	7653
IRAQ	FRANCE	7741
IRAQ	FRANCE	7742
IRAQ	FRANCE	7811
IRAQ	FRANCE	7831
IRAQ	FRANCE	7843
IRAQ	FRANCE	7864
IRAQ	FRANCE	7973
IRAQ	FRANCE	8125
IRAQ	FRANCE	8217
IRAQ	FRANCE	8246
IRAQ	FRANCE	8333
IRAQ	FRANCE	8368
IRAQ	FRANCE	8391
IRAQ	FRANCE	8463
IRAQ	FRANCE	8608
IRAQ	FRANCE	8630
IRAQ	FRANCE	8631
IRAQ	FRANCE	8667
IRAQ	FRANCE	8690
IRAQ	FRANCE	8716
IRAQ	FRANCE	8734
IRAQ	FRANCE	8751
IRAQ	FRANCE	8784
IRAQ	FRANCE	8848
IRAQ	FRANCE	8857
IRAQ	FRANCE	8931
IRAQ	FRANCE	9009
IRAQ	FRANCE	9015
IRAQ	FRANCE	9022
IRAQ	FRANCE	9061
IRAQ	FRANCE	9068
IRAQ	FRANCE	9090
IRAQ	FRANCE	9149
IRAQ	FRANCE	9155
IRAQ	FRANCE	9165
IRAQ	FRANCE	9208
IRAQ	FRANCE	9215
IRAQ	FRANCE	9219
IRAQ	FRANCE	9246
IRAQ	FRANCE	9258
IRAQ	FRANCE	9261
IRAQ	FRANCE	9296
IRAQ	FRANCE	9315
IRAQ	FRANCE	9392
IRAQ	FRANCE	9446
IRAQ	FRANCE	9448
IRAQ	FRANCE	9498
IRAQ	FRANCE	9504
IRAQ	FRANCE	9505
IRAQ	FRANCE	9543
IRAQ	FRANCE	9569
IRAQ	FRANCE	9572
IRAQ	FRANCE	9590
IRAQ	FRANCE	9632
IRAQ	FRANCE	9644
IRAQ	FRANCE	9661
IRAQ	FRANCE	9670
IRAQ	FRANCE	9703
IRAQ	FRANCE	9720
IRAQ	FRANCE	9746
IRAQ	FRANCE	9773
IRAQ	FRANCE	9876
IRAQ	FRANCE	9887
IRAQ	FRANCE	9950
IRAQ	FRANCE	9959
JAPAN	FRANCE	1001
JAPAN	FRANCE	1002
JAPAN	FRANCE	1006
JAPAN	FRANCE	1009
JAPAN	FRANCE	1010
JAPAN	FRANCE	1016
JAPAN	FRANCE	1017
JAPAN	FRANCE	1028
JAPAN	FRANCE	1030
JAPAN	FRANCE	1031
JAPAN	FRANCE	1035
JAPAN	FRANCE	1044
JAPAN	FRANCE	1045
JAPAN	FRANCE	1054
JAPAN	FRANCE	1057
JAPAN	FRANCE	1060
JAPAN	FRANCE	1061
JAPAN	FRANCE	1064
JAPAN	FRANCE	1067
JAPAN	FRANCE	1068
JAPAN	FRANCE	1075
JAPAN	FRANCE	1077
JAPAN	FRANCE	1078
JAPAN	FRANCE	1079
JAPAN	FRANCE	1081
JAPAN	FRANCE	1083
JAPAN	FRANCE	1088
JAPAN	FRANCE	1091
JAPAN	FRANCE	1097
JAPAN	FRANCE	1105
JAPAN	FRANCE	1106
JAPAN	FRANCE	1110
JAPAN	FRANCE	1111
JAPAN	FRANCE	1112
JAPAN	FRANCE	1113
JAPAN	FRANCE	1117
JAPAN	FRANCE	1122
JAPAN	FRANCE	1128
JAPAN	FRANCE	1138
JAPAN	FRANCE	1140
JAPAN	FRANCE	1142
JAPAN	FRANCE	1145
JAPAN	FRANCE	1146
JAPAN	FRANCE	1149
JAPAN	FRANCE	1150
JAPAN	FRANCE	1156
JAPAN	FRANCE	1169
JAPAN	FRANCE	1173
JAPAN	FRANCE	1176
JAPAN	FRANCE	1178
JAPAN	FRANCE	1180
JAPAN	FRANCE	1181
JAPAN	FRANCE	1184
JAPAN	FRANCE	1192
JAPAN	FRANCE	1194
JAPAN	FRANCE	1196
JAPAN	FRANCE	1197
JAPAN	FRANCE	1198
JAPAN	FRANCE	1199
JAPAN	FRANCE	1200
JAPAN	FRANCE	1201
JAPAN	FRANCE	1202
JAPAN	FRANCE	1205
JAPAN	FRANCE	1207
JAPAN	FRANCE	1210
JAPAN	FRANCE	1212
JAPAN	FRANCE	1215
JAPAN	FRANCE	1216
JAPAN	FRANCE	1218
JAPAN	FRANCE	1221
JAPAN	FRANCE	1224
JAPAN	FRANCE	1225
JAPAN	FRANCE	1231
JAPAN	FRANCE	1232
JAPAN	FRANCE	1233
JAPAN	FRANCE	1234
JAPAN	FRANCE	1238
JAPAN	FRANCE	1243
JAPAN	FRANCE	1247
JAPAN	FRANCE	1252
JAPAN	FRANCE	1253
JAPAN	FRANCE	1262
JAPAN	FRANCE	1263
JAPAN	FRANCE	1267
JAPAN	FRANCE	1270
JAPAN	FRANCE	1273
JAPAN	FRANCE	1275
JAPAN	FRANCE	1277
JAPAN	FRANCE	1278
JAPAN	FRANCE	1279
JAPAN	FRANCE	1283
JAPAN	FRANCE	1287
JAPAN	FRANCE	1290
JAPAN	FRANCE	1293
JAPAN	FRANCE	1295
JAPAN	FRANCE	1303
JAPAN	FRANCE	1305
JAPAN	FRANCE	1306
JAPAN	FRANCE	1307
JAPAN	FRANCE	1308
JAPAN	FRANCE	1313
JAPAN	FRANCE	1318
JAPAN	FRANCE	1319
JAPAN	FRANCE	1331
JAPAN	FRANCE	1333
JAPAN	FRANCE	1335
JAPAN	FRANCE	1347
JAPAN	FRANCE	1349
JAPAN	FRANCE	1351
JAPAN	FRANCE	1353
JAPAN	FRANCE	1360
JAPAN	FRANCE	1363
JAPAN	FRANCE	1366
JAPAN	FRANCE	1367
JAPAN	FRANCE	1368
JAPAN	FRANCE	1372
JAPAN	FRANCE	1373
JAPAN	FRANCE	1374
JAPAN	FRANCE	1375
JAPAN	FRANCE	1376
JAPAN	FRANCE	1379
JAPAN	FRANCE	1380
JAPAN	FRANCE	1383
JAPAN	FRANCE	1384
JAPAN	FRANCE	1385
JAPAN	FRANCE	1387
JAPAN	FRANCE	1389
JAPAN	FRANCE	1392
JAPAN	FRANCE	1407
JAPAN	FRANCE	1408
JAPAN	FRANCE	1412
JAPAN	FRANCE	1418
JAPAN	FRANCE	1422
JAPAN	FRANCE	1424
JAPAN	FRANCE	1429
JAPAN	FRANCE	1431
JAPAN	FRANCE	1433
JAPAN	FRANCE	1434
JAPAN	FRANCE	1435
JAPAN	FRANCE	1436
JAPAN	FRANCE	1438
JAPAN	FRANCE	1444
JAPAN	FRANCE	1448
JAPAN	FRANCE	1454
JAPAN	FRANCE	1455
JAPAN	FRANCE	1461
JAPAN	FRANCE	1462
JAPAN	FRANCE	1467
JAPAN	FRANCE	1468
JAPAN	FRANCE	1469
JAPAN	FRANCE	1475
JAPAN	FRANCE	1476
JAPAN	FRANCE	1478
JAPAN	FRANCE	1479
JAPAN	FRANCE	1486
JAPAN	FRANCE	1494
JAPAN	FRANCE	1495
JAPAN	FRANCE	1497
JAPAN	FRANCE	1498
JAPAN	FRANCE	1500
JAPAN	FRANCE	1501
JAPAN	FRANCE	1508
JAPAN	FRANCE	1509
JAPAN	FRANCE	1513
JAPAN	FRANCE	1514
JAPAN	FRANCE	1515
JAPAN	FRANCE	1519
JAPAN	FRANCE	1521
JAPAN	FRANCE	1525
JAPAN	FRANCE	1526
JAPAN	FRANCE	1527
JAPAN	FRANCE	1528
JAPAN	FRANCE	1530
JAPAN	FRANCE	1532
JAPAN	FRANCE	1535
JAPAN	FRANCE	1536
JAPAN	FRANCE	1539
JAPAN	FRANCE	1540
JAPAN	FRANCE	1546
JAPAN	FRANCE	1548
JAPAN	FRANCE	1553
JAPAN	FRANCE	1556
JAPAN	FRANCE	1559
JAPAN	FRANCE	1561
JAPAN	FRANCE	1564
JAPAN	FRANCE	1565
JAPAN	FRANCE	1568
JAPAN	FRANCE	1570
JAPAN	FRANCE	1573
JAPAN	FRANCE	1575
JAPAN	FRANCE	1586
JAPAN	FRANCE	1589
JAPAN	FRANCE	1591
JAPAN	FRANCE	1596
JAPAN	FRANCE	1602
JAPAN	FRANCE	1603
JAPAN	FRANCE	1608
JAPAN	FRANCE	1613
JAPAN	FRANCE	1617
JAPAN	FRANCE	1622
JAPAN	FRANCE	1623
JAPAN	FRANCE	1625
JAPAN	FRANCE	1627
JAPAN	FRANCE	1628
JAPAN	FRANCE	1633
JAPAN	FRANCE	1634
JAPAN	FRANCE	1635
JAPAN	FRANCE	1636
JAPAN	FRANCE	1640
JAPAN	FRANCE	1641
JAPAN	FRANCE	1642
JAPAN	FRANCE	1644
JAPAN	FRANCE	1645
JAPAN	FRANCE	1652
JAPAN	FRANCE	1653
JAPAN	FRANCE	1655
JAPAN	FRANCE	1656
JAPAN	FRANCE	1659
JAPAN	FRANCE	1661
JAPAN	FRANCE	1663
JAPAN	FRANCE	1665
JAPAN	FRANCE	1667
JAPAN	FRANCE	1668
JAPAN	FRANCE	1671
JAPAN	FRANCE	1677
JAPAN	FRANCE	1679
JAPAN	FRANCE	1686
JAPAN	FRANCE	1687
JAPAN	FRANCE	1690
JAPAN	FRANCE	1696
JAPAN	FRANCE	1699
JAPAN	FRANCE	1700
JAPAN	FRANCE	1701
JAPAN	FRANCE	1702
JAPAN	FRANCE	1703
JAPAN	FRANCE	1704
JAPAN	FRANCE	1706
JAPAN	FRANCE	1707
JAPAN	FRANCE	1708
JAPAN	FRANCE	1710
JAPAN	FRANCE	1711
JAPAN	FRANCE	1714
JAPAN	FRANCE	1718
JAPAN	FRANCE	1719
JAPAN	FRANCE	1720
JAPAN	FRANCE	1721
JAPAN	FRANCE	1727
JAPAN	FRANCE	1729
JAPAN	FRANCE	1741
JAPAN	FRANCE	1748
JAPAN	FRANCE	1750
JAPAN	FRANCE	1753
JAPAN	FRANCE	1756
JAPAN	FRANCE	1757
JAPAN	FRANCE	1758
JAPAN	FRANCE	1759
JAPAN	FRANCE	1761
JAPAN	FRANCE	1763
JAPAN	FRANCE	1764
JAPAN	FRANCE	1772
JAPAN	FRANCE	1773
JAPAN	FRANCE	1775
JAPAN	FRANCE	1777
JAPAN	FRANCE	1782
JAPAN	FRANCE	1783
JAPAN	FRANCE	1785
JAPAN	FRANCE	1792
JAPAN	FRANCE	1795
JAPAN	FRANCE	1796
JAPAN	FRANCE	1801
JAPAN	FRANCE	1802
JAPAN	FRANCE	1809
JAPAN	FRANCE	1812
JAPAN	FRANCE	1816
JAPAN	FRANCE	1817
JAPAN	FRANCE	1818
JAPAN	FRANCE	1819
JAPAN	FRANCE	1820
JAPAN	FRANCE	1821
JAPAN	FRANCE	1825
JAPAN	FRANCE	1827
JAPAN	FRANCE	1828
JAPAN	FRANCE	1830
JAPAN	FRANCE	1831
JAPAN	FRANCE	1832
JAPAN	FRANCE	1833
JAPAN	FRANCE	1834
JAPAN	FRANCE	1836
JAPAN	FRANCE	1837
JAPAN	FRANCE	1844
JAPAN	FRANCE	1847
JAPAN	FRANCE	1848
JAPAN	FRANCE	1851
JAPAN	FRANCE	1853
JAPAN	FRANCE	1859
JAPAN	FRANCE	1861
JAPAN	FRANCE	1864
JAPAN	FRANCE	1866
JAPAN	FRANCE	1867
JAPAN	FRANCE	1869
JAPAN	FRANCE	1875
JAPAN	FRANCE	1879
JAPAN	FRANCE	1882
JAPAN	FRANCE	1883
JAPAN	FRANCE	1884
JAPAN	FRANCE	1893
JAPAN	FRANCE	1894
JAPAN	FRANCE	1895
JAPAN	FRANCE	1901
JAPAN	FRANCE	1905
JAPAN	FRANCE	1908
JAPAN	FRANCE	1909
JAPAN	FRANCE	1911
JAPAN	FRANCE	1913
JAPAN	FRANCE	1915
JAPAN	FRANCE	1920
JAPAN	FRANCE	1923
JAPAN	FRANCE	1926
JAPAN	FRANCE	1931
JAPAN	FRANCE	1932
JAPAN	FRANCE	1935
JAPAN	FRANCE	1937
JAPAN	FRANCE	1941
JAPAN	FRANCE	1947
JAPAN	FRANCE	1948
JAPAN	FRANCE	1950
JAPAN	FRANCE	1951
JAPAN	FRANCE	1953
JAPAN	FRANCE	1955
JAPAN	FRANCE	1956
JAPAN	FRANCE	1957
JAPAN	FRANCE	1959
JAPAN	FRANCE	1963
JAPAN	FRANCE	1964
JAPAN	FRANCE	1967
JAPAN	FRANCE	1975
JAPAN	FRANCE	1979
JAPAN	FRANCE	1983
JAPAN	FRANCE	1986
JAPAN	FRANCE	1989
JAPAN	FRANCE	1992
JAPAN	FRANCE	1995
JAPAN	FRANCE	1997
JAPAN	FRANCE	1998
JAPAN	FRANCE	2000
JAPAN	FRANCE	2004
JAPAN	FRANCE	2008
JAPAN	FRANCE	2010
JAPAN	FRANCE	2014
JAPAN	FRANCE	2017
JAPAN	FRANCE	2021
JAPAN	FRANCE	2023
JAPAN	FRANCE	2024
JAPAN	FRANCE	2027
JAPAN	FRANCE	2031
JAPAN	FRANCE	2032
JAPAN	FRANCE	2033
JAPAN	FRANCE	2034
JAPAN	FRANCE	2035
JAPAN	FRANCE	2037
JAPAN	FRANCE	2046
JAPAN	FRANCE	2053
JAPAN	FRANCE	2060
JAPAN	FRANCE	2061
JAPAN	FRANCE	2068
JAPAN	FRANCE	2069
JAPAN	FRANCE	2071
JAPAN	FRANCE	2077
JAPAN	FRANCE	2079
JAPAN	FRANCE	2082
JAPAN	FRANCE	2084
JAPAN	FRANCE	2087
JAPAN	FRANCE	2089
JAPAN	FRANCE	2095
JAPAN	FRANCE	2097
JAPAN	FRANCE	2102
JAPAN	FRANCE	2107
JAPAN	FRANCE	2111
JAPAN	FRANCE	2114
JAPAN	FRANCE	2115
JAPAN	FRANCE	2116
JAPAN	FRANCE	2119
JAPAN	FRANCE	2123
JAPAN	FRANCE	2124
JAPAN	FRANCE	2125
JAPAN	FRANCE	2130
JAPAN	FRANCE	2131
JAPAN	FRANCE	2132
JAPAN	FRANCE	2136
JAPAN	FRANCE	2139
JAPAN	FRANCE	2142
JAPAN	FRANCE	2148
JAPAN	FRANCE	2149
JAPAN	FRANCE	2153
JAPAN	FRANCE	2155
JAPAN	FRANCE	2157
JAPAN	FRANCE	2161
JAPAN	FRANCE	2166
JAPAN	FRANCE	2174
JAPAN	FRANCE	2175
JAPAN	FRANCE	2176
JAPAN	FRANCE	2177
JAPAN	FRANCE	2180
JAPAN	FRANCE	2187
JAPAN	FRANCE	2189
JAPAN	FRANCE	2190
JAPAN	FRANCE	2194
JAPAN	FRANCE	2195
JAPAN	FRANCE	2204
JAPAN	FRANCE	2207
JAPAN	FRANCE	2210
JAPAN	FRANCE	2219
JAPAN	FRANCE	2224
JAPAN	FRANCE	2225
JAPAN	FRANCE	2228
JAPAN	FRANCE	2230
JAPAN	FRANCE	2231
JAPAN	FRANCE	2232
JAPAN	FRANCE	2233
JAPAN	FRANCE	2234
JAPAN	FRANCE	2236
JAPAN	FRANCE	2238
JAPAN	FRANCE	2240
JAPAN	FRANCE	2251
JAPAN	FRANCE	2256
JAPAN	FRANCE	2257
JAPAN	FRANCE	2258
JAPAN	FRANCE	2261
JAPAN	FRANCE	2266
JAPAN	FRANCE	2267
JAPAN	FRANCE	2276
JAPAN	FRANCE	2283
JAPAN	FRANCE	2285
JAPAN	FRANCE	2286
JAPAN	FRANCE	2289
JAPAN	FRANCE	2290
JAPAN	FRANCE	2292
JAPAN	FRANCE	2298
JAPAN	FRANCE	2309
JAPAN	FRANCE	2311
JAPAN	FRANCE	2313
JAPAN	FRANCE	2315
JAPAN	FRANCE	2316
JAPAN	FRANCE	2325
JAPAN	FRANCE	2327
JAPAN	FRANCE	2328
JAPAN	FRANCE	2343
JAPAN	FRANCE	2345
JAPAN	FRANCE	2354
JAPAN	FRANCE	2355
JAPAN	FRANCE	2358
JAPAN	FRANCE	2365
JAPAN	FRANCE	2371
JAPAN	FRANCE	2373
JAPAN	FRANCE	2374
JAPAN	FRANCE	2375
JAPAN	FRANCE	2378
JAPAN	FRANCE	2380
JAPAN	FRANCE	2381
JAPAN	FRANCE	2383
JAPAN	FRANCE	2390
JAPAN	FRANCE	2392
JAPAN	FRANCE	2393
JAPAN	FRANCE	2394
JAPAN	FRANCE	2396
JAPAN	FRANCE	2397
JAPAN	FRANCE	2402
JAPAN	FRANCE	2405
JAPAN	FRANCE	2408
JAPAN	FRANCE	2409
JAPAN	FRANCE	2417
JAPAN	FRANCE	2418
JAPAN	FRANCE	2424
JAPAN	FRANCE	2425
JAPAN	FRANCE	2426
JAPAN	FRANCE	2428
JAPAN	FRANCE	2433
JAPAN	FRANCE	2439
JAPAN	FRANCE	2443
JAPAN	FRANCE	2445
JAPAN	FRANCE	2447
JAPAN	FRANCE	2454
JAPAN	FRANCE	2455
JAPAN	FRANCE	2456
JAPAN	FRANCE	2457
JAPAN	FRANCE	2460
JAPAN	FRANCE	2467
JAPAN	FRANCE	2470
JAPAN	FRANCE	2473
JAPAN	FRANCE	2475
JAPAN	FRANCE	2478
JAPAN	FRANCE	2493
JAPAN	FRANCE	2495
JAPAN	FRANCE	2496
JAPAN	FRANCE	2499
JAPAN	FRANCE	2502
JAPAN	FRANCE	2509
JAPAN	FRANCE	2512
JAPAN	FRANCE	2513
JAPAN	FRANCE	2514
JAPAN	FRANCE	2518
JAPAN	FRANCE	2523
JAPAN	FRANCE	2526
JAPAN	FRANCE	2527
JAPAN	FRANCE	2539
JAPAN	FRANCE	2540
JAPAN	FRANCE	2541
JAPAN	FRANCE	2544
JAPAN	FRANCE	2545
JAPAN	FRANCE	2553
JAPAN	FRANCE	2554
JAPAN	FRANCE	2555
JAPAN	FRANCE	2559
JAPAN	FRANCE	2561
JAPAN	FRANCE	2568
JAPAN	FRANCE	2571
JAPAN	FRANCE	2575
JAPAN	FRANCE	2579
JAPAN	FRANCE	2582
JAPAN	FRANCE	2585
JAPAN	FRANCE	2592
JAPAN	FRANCE	2593
JAPAN	FRANCE	2594
JAPAN	FRANCE	2598
JAPAN	FRANCE	2605
JAPAN	FRANCE	2610
JAPAN	FRANCE	2611
JAPAN	FRANCE	2614
JAPAN	FRANCE	2616
JAPAN	FRANCE	2618
JAPAN	FRANCE	2630
JAPAN	FRANCE	2639
JAPAN	FRANCE	2645
JAPAN	FRANCE	2646
JAPAN	FRANCE	2647
JAPAN	FRANCE	2659
JAPAN	FRANCE	2660
JAPAN	FRANCE	2661
JAPAN	FRANCE	2663
JAPAN	FRANCE	2676
JAPAN	FRANCE	2679
JAPAN	FRANCE	2681
JAPAN	FRANCE	2687
JAPAN	FRANCE	2689
JAPAN	FRANCE	2694
JAPAN	FRANCE	2705
JAPAN	FRANCE	2707
JAPAN	FRANCE	2708
JAPAN	FRANCE	2710
JAPAN	FRANCE	2719
JAPAN	FRANCE	2723
JAPAN	FRANCE	2726
JAPAN	FRANCE	2737
JAPAN	FRANCE	2747
JAPAN	FRANCE	2748
JAPAN	FRANCE	2752
JAPAN	FRANCE	2758
JAPAN	FRANCE	2761
JAPAN	FRANCE	2769
JAPAN	FRANCE	2778
JAPAN	FRANCE	2780
JAPAN	FRANCE	2782
JAPAN	FRANCE	2784
JAPAN	FRANCE	2788
JAPAN	FRANCE	2794
JAPAN	FRANCE	2795
JAPAN	FRANCE	2796
JAPAN	FRANCE	2802
JAPAN	FRANCE	2805
JAPAN	FRANCE	2814
JAPAN	FRANCE	2821
JAPAN	FRANCE	2835
JAPAN	FRANCE	2853
JAPAN	FRANCE	2860
JAPAN	FRANCE	2867
JAPAN	FRANCE	2870
JAPAN	FRANCE	2874
JAPAN	FRANCE	2876
JAPAN	FRANCE	2879
JAPAN	FRANCE	2882
JAPAN	FRANCE	2887
JAPAN	FRANCE	2895
JAPAN	FRANCE	2910
JAPAN	FRANCE	2915
JAPAN	FRANCE	2936
JAPAN	FRANCE	2937
JAPAN	FRANCE	2942
JAPAN	FRANCE	2945
JAPAN	FRANCE	2946
JAPAN	FRANCE	2958
JAPAN	FRANCE	2966
JAPAN	FRANCE	2978
JAPAN	FRANCE	2980
JAPAN	FRANCE	3007
JAPAN	FRANCE	3008
JAPAN	FRANCE	3012
JAPAN	FRANCE	3032
JAPAN	FRANCE	3033
JAPAN	FRANCE	3064
JAPAN	FRANCE	3080
JAPAN	FRANCE	3090
JAPAN	FRANCE	3095
JAPAN	FRANCE	3103
JAPAN	FRANCE	3140
JAPAN	FRANCE	3141
JAPAN	FRANCE	3147
JAPAN	FRANCE	3149
JAPAN	FRANCE	3164
JAPAN	FRANCE	3172
JAPAN	FRANCE	3173
JAPAN	FRANCE	3174
JAPAN	FRANCE	3190
JAPAN	FRANCE	3194
JAPAN	FRANCE	3216
JAPAN	FRANCE	3219
JAPAN	FRANCE	3227
JAPAN	FRANCE	3267
JAPAN	FRANCE	3277
JAPAN	FRANCE	3315
JAPAN	FRANCE	3345
JAPAN	FRANCE	3391
JAPAN	FRANCE	3403
JAPAN	FRANCE	3411
JAPAN	FRANCE	3416
JAPAN	FRANCE	3439
JAPAN	FRANCE	3442
JAPAN	FRANCE	3443
JAPAN	FRANCE	3454
JAPAN	FRANCE	3459
JAPAN	FRANCE	3461
JAPAN	FRANCE	3477
JAPAN	FRANCE	3490
JAPAN	FRANCE	3502
JAPAN	FRANCE	3622
JAPAN	FRANCE	3673
JAPAN	FRANCE	3700
JAPAN	FRANCE	3706
JAPAN	FRANCE	3720
JAPAN	FRANCE	3732
JAPAN	FRANCE	3844
JAPAN	FRANCE	3853
JAPAN	FRANCE	3865
JAPAN	FRANCE	3920
JAPAN	FRANCE	3928
JAPAN	FRANCE	4092
JAPAN	FRANCE	4105
JAPAN	FRANCE	4310
JAPAN	FRANCE	4358
JAPAN	FRANCE	4364
JAPAN	FRANCE	4374
JAPAN	FRANCE	4381
JAPAN	FRANCE	4624
JAPAN	FRANCE	4716
JAPAN	FRANCE	4729
JAPAN	FRANCE	4815
JAPAN	FRANCE	4823
JAPAN	FRANCE	4866
JAPAN	FRANCE	4946
JAPAN	FRANCE	5055
JAPAN	FRANCE	5061
JAPAN	FRANCE	5153
JAPAN	FRANCE	5168
JAPAN	FRANCE	5195
JAPAN	FRANCE	5328
JAPAN	FRANCE	5331
JAPAN	FRANCE	5379
JAPAN	FRANCE	5421
JAPAN	FRANCE	5422
JAPAN	FRANCE	5517
JAPAN	FRANCE	5661
JAPAN	FRANCE	5699
JAPAN	FRANCE	5792
JAPAN	FRANCE	5804
JAPAN	FRANCE	5929
JAPAN	FRANCE	5949
JAPAN	FRANCE	6052
JAPAN	FRANCE	6111
JAPAN	FRANCE	6123
JAPAN	FRANCE	6140
JAPAN	FRANCE	6209
JAPAN	FRANCE	6276
JAPAN	FRANCE	6302
JAPAN	FRANCE	6311
JAPAN	FRANCE	6326
JAPAN	FRANCE	6350
JAPAN	FRANCE	6379
JAPAN	FRANCE	6393
JAPAN	FRANCE	6403
JAPAN	FRANCE	6415
JAPAN	FRANCE	6426
JAPAN	FRANCE	6444
JAPAN	FRANCE	6452
JAPAN	FRANCE	6454
JAPAN	FRANCE	6481
JAPAN	FRANCE	6522
JAPAN	FRANCE	6568
JAPAN	FRANCE	6579
JAPAN	FRANCE	6618
JAPAN	FRANCE	6636
JAPAN	FRANCE	6641
JAPAN	FRANCE	6720
JAPAN	FRANCE	6724
JAPAN	FRANCE	6749
JAPAN	FRANCE	6751
JAPAN	FRANCE	7080
JAPAN	FRANCE	7104
JAPAN	FRANCE	7105
JAPAN	FRANCE	7126
JAPAN	FRANCE	7165
JAPAN	FRANCE	7196
JAPAN	FRANCE	7205
JAPAN	FRANCE	7212
JAPAN	FRANCE	7229
JAPAN	FRANCE	7249
JAPAN	FRANCE	7286
JAPAN	FRANCE	7343
JAPAN	FRANCE	7346
JAPAN	FRANCE	7416
JAPAN	FRANCE	7425
JAPAN	FRANCE	7461
JAPAN	FRANCE	7593
JAPAN	FRANCE	7602
JAPAN	FRANCE	7605
JAPAN	FRANCE	7612
JAPAN	FRANCE	7729
JAPAN	FRANCE	7738
JAPAN	FRANCE	7871
JAPAN	FRANCE	7905
JAPAN	FRANCE	7951
JAPAN	FRANCE	7964
JAPAN	FRANCE	8048
JAPAN	FRANCE	8097
JAPAN	FRANCE	8146
JAPAN	FRANCE	8170
JAPAN	FRANCE	8175
JAPAN	FRANCE	8245
JAPAN	FRANCE	8294
JAPAN	FRANCE	8303
JAPAN	FRANCE	8330
JAPAN	FRANCE	8342
JAPAN	FRANCE	8391
JAPAN	FRANCE	8397
JAPAN	FRANCE	8472
JAPAN	FRANCE	8501
JAPAN	FRANCE	8575
JAPAN	FRANCE	8585
JAPAN	FRANCE	8717
JAPAN	FRANCE	8848
JAPAN	FRANCE	8937
JAPAN	FRANCE	8962
JAPAN	FRANCE	8986
JAPAN	FRANCE	9026
JAPAN	FRANCE	9056
JAPAN	FRANCE	9068
JAPAN	FRANCE	9107
JAPAN	FRANCE	9110
JAPAN	FRANCE	9155
JAPAN	FRANCE	9162
JAPAN	FRANCE	9165
JAPAN	FRANCE	9233
JAPAN	FRANCE	9245
JAPAN	FRANCE	9382
JAPAN	FRANCE	9388
JAPAN	FRANCE	9399
JAPAN	FRANCE	9431
JAPAN	FRANCE	9466
JAPAN	FRANCE	9474
JAPAN	FRANCE	9543
JAPAN	FRANCE	9552
JAPAN	FRANCE	9553
JAPAN	FRANCE	9578
JAPAN	FRANCE	9580
JAPAN	FRANCE	9589
JAPAN	FRANCE	9612
JAPAN	FRANCE	9627
JAPAN	FRANCE	9644
JAPAN	FRANCE	9684
JAPAN	FRANCE	9703
JAPAN	FRANCE	9762
JAPAN	FRANCE	9767
JAPAN	FRANCE	9788
JAPAN	FRANCE	9810
JAPAN	FRANCE	9826
JAPAN	FRANCE	9836
JAPAN	FRANCE	9905
JAPAN	FRANCE	9981
JAPAN	FRANCE	9993
JORDAN	FRANCE	1002
JORDAN	FRANCE	1005
JORDAN	FRANCE	1015
JORDAN	FRANCE	1021
JORDAN	FRANCE	1022
JORDAN	FRANCE	1023
JORDAN	FRANCE	1025
JORDAN	FRANCE	1026
JORDAN	FRANCE	1030
JORDAN	FRANCE	1033
JORDAN	FRANCE	1043
JORDAN	FRANCE	1045
JORDAN	FRANCE	1046
JORDAN	FRANCE	1059
JORDAN	FRANCE	1060
JORDAN	FRANCE	1061
JORDAN	FRANCE	1064
JORDAN	FRANCE	1066
JORDAN	FRANCE	1071
JORDAN	FRANCE	1072
JORDAN	FRANCE	1080
JORDAN	FRANCE	1088
JORDAN	FRANCE	1100
JORDAN	FRANCE	1111
JORDAN	FRANCE	1117
JORDAN	FRANCE	1119
JORDAN	FRANCE	1127
JORDAN	FRANCE	1129
JORDAN	FRANCE	1144
JORDAN	FRANCE	1150
JORDAN	FRANCE	1154
JORDAN	FRANCE	1156
JORDAN	FRANCE	1160
JORDAN	FRANCE	1169
JORDAN	FRANCE	1170
JORDAN	FRANCE	1176
JORDAN	FRANCE	1178
JORDAN	FRANCE	1180
JORDAN	FRANCE	1181
JORDAN	FRANCE	1187
JORDAN	FRANCE	1190
JORDAN	FRANCE	1193
JORDAN	FRANCE	1195
JORDAN	FRANCE	1196
JORDAN	FRANCE	1200
JORDAN	FRANCE	1207
JORDAN	FRANCE	1211
JORDAN	FRANCE	1212
JORDAN	FRANCE	1214
JORDAN	FRANCE	1215
JORDAN	FRANCE	1216
JORDAN	FRANCE	1223
JORDAN	FRANCE	1224
JORDAN	FRANCE	1236
JORDAN	FRANCE	1242
JORDAN	FRANCE	1246
JORDAN	FRANCE	1249
JORDAN	FRANCE	1252
JORDAN	FRANCE	1253
JORDAN	FRANCE	1254
JORDAN	FRANCE	1258
JORDAN	FRANCE	1260
JORDAN	FRANCE	1263
JORDAN	FRANCE	1267
JORDAN	FRANCE	1279
JORDAN	FRANCE	1280
JORDAN	FRANCE	1283
JORDAN	FRANCE	1289
JORDAN	FRANCE	1291
JORDAN	FRANCE	1297
JORDAN	FRANCE	1302
JORDAN	FRANCE	1306
JORDAN	FRANCE	1310
JORDAN	FRANCE	1312
JORDAN	FRANCE	1322
JORDAN	FRANCE	1331
JORDAN	FRANCE	1342
JORDAN	FRANCE	1347
JORDAN	FRANCE	1354
JORDAN	FRANCE	1356
JORDAN	FRANCE	1357
JORDAN	FRANCE	1361
JORDAN	FRANCE	1365
JORDAN	FRANCE	1367
JORDAN	FRANCE	1368
JORDAN	FRANCE	1376
JORDAN	FRANCE	1378
JORDAN	FRANCE	1379
JORDAN	FRANCE	1383
JORDAN	FRANCE	1395
JORDAN	FRANCE	1400
JORDAN	FRANCE	1402
JORDAN	FRANCE	1405
JORDAN	FRANCE	1409
JORDAN	FRANCE	1412
JORDAN	FRANCE	1415
JORDAN	FRANCE	1420
JORDAN	FRANCE	1425
JORDAN	FRANCE	1438
JORDAN	FRANCE	1442
JORDAN	FRANCE	1443
JORDAN	FRANCE	1444
JORDAN	FRANCE	1446
JORDAN	FRANCE	1451
JORDAN	FRANCE	1457
JORDAN	FRANCE	1458
JORDAN	FRANCE	1460
JORDAN	FRANCE	1467
JORDAN	FRANCE	1468
JORDAN	FRANCE	1469
JORDAN	FRANCE	1477
JORDAN	FRANCE	1481
JORDAN	FRANCE	1488
JORDAN	FRANCE	1491
JORDAN	FRANCE	1494
JORDAN	FRANCE	1495
JORDAN	FRANCE	1498
JORDAN	FRANCE	1501
JORDAN	FRANCE	1502
JORDAN	FRANCE	1503
JORDAN	FRANCE	1510
JORDAN	FRANCE	1512
JORDAN	FRANCE	1513
JORDAN	FRANCE	1517
JORDAN	FRANCE	1520
JORDAN	FRANCE	1523
JORDAN	FRANCE	1525
JORDAN	FRANCE	1527
JORDAN	FRANCE	1528
JORDAN	FRANCE	1529
JORDAN	FRANCE	1532
JORDAN	FRANCE	1535
JORDAN	FRANCE	1539
JORDAN	FRANCE	1546
JORDAN	FRANCE	1548
JORDAN	FRANCE	1551
JORDAN	FRANCE	1554
JORDAN	FRANCE	1557
JORDAN	FRANCE	1558
JORDAN	FRANCE	1562
JORDAN	FRANCE	1564
JORDAN	FRANCE	1565
JORDAN	FRANCE	1566
JORDAN	FRANCE	1568
JORDAN	FRANCE	1574
JORDAN	FRANCE	1576
JORDAN	FRANCE	1581
JORDAN	FRANCE	1586
JORDAN	FRANCE	1587
JORDAN	FRANCE	1589
JORDAN	FRANCE	1590
JORDAN	FRANCE	1593
JORDAN	FRANCE	1596
JORDAN	FRANCE	1599
JORDAN	FRANCE	1603
JORDAN	FRANCE	1605
JORDAN	FRANCE	1610
JORDAN	FRANCE	1613
JORDAN	FRANCE	1618
JORDAN	FRANCE	1622
JORDAN	FRANCE	1623
JORDAN	FRANCE	1633
JORDAN	FRANCE	1634
JORDAN	FRANCE	1636
JORDAN	FRANCE	1639
JORDAN	FRANCE	1642
JORDAN	FRANCE	1646
JORDAN	FRANCE	1647
JORDAN	FRANCE	1658
JORDAN	FRANCE	1665
JORDAN	FRANCE	1667
JORDAN	FRANCE	1668
JORDAN	FRANCE	1675
JORDAN	FRANCE	1676
JORDAN	FRANCE	1679
JORDAN	FRANCE	1686
JORDAN	FRANCE	1694
JORDAN	FRANCE	1700
JORDAN	FRANCE	1701
JORDAN	FRANCE	1702
JORDAN	FRANCE	1704
JORDAN	FRANCE	1714
JORDAN	FRANCE	1718
JORDAN	FRANCE	1722
JORDAN	FRANCE	1728
JORDAN	FRANCE	1744
JORDAN	FRANCE	1746
JORDAN	FRANCE	1747
JORDAN	FRANCE	1748
JORDAN	FRANCE	1754
JORDAN	FRANCE	1762
JORDAN	FRANCE	1763
JORDAN	FRANCE	1768
JORDAN	FRANCE	1769
JORDAN	FRANCE	1774
JORDAN	FRANCE	1776
JORDAN	FRANCE	1777
JORDAN	FRANCE	1782
JORDAN	FRANCE	1794
JORDAN	FRANCE	1796
JORDAN	FRANCE	1797
JORDAN	FRANCE	1809
JORDAN	FRANCE	1810
JORDAN	FRANCE	1812
JORDAN	FRANCE	1814
JORDAN	FRANCE	1817
JORDAN	FRANCE	1818
JORDAN	FRANCE	1821
JORDAN	FRANCE	1824
JORDAN	FRANCE	1825
JORDAN	FRANCE	1831
JORDAN	FRANCE	1833
JORDAN	FRANCE	1834
JORDAN	FRANCE	1837
JORDAN	FRANCE	1841
JORDAN	FRANCE	1847
JORDAN	FRANCE	1849
JORDAN	FRANCE	1853
JORDAN	FRANCE	1857
JORDAN	FRANCE	1858
JORDAN	FRANCE	1861
JORDAN	FRANCE	1862
JORDAN	FRANCE	1866
JORDAN	FRANCE	1882
JORDAN	FRANCE	1887
JORDAN	FRANCE	1892
JORDAN	FRANCE	1899
JORDAN	FRANCE	1903
JORDAN	FRANCE	1906
JORDAN	FRANCE	1908
JORDAN	FRANCE	1909
JORDAN	FRANCE	1917
JORDAN	FRANCE	1931
JORDAN	FRANCE	1935
JORDAN	FRANCE	1937
JORDAN	FRANCE	1941
JORDAN	FRANCE	1942
JORDAN	FRANCE	1943
JORDAN	FRANCE	1948
JORDAN	FRANCE	1950
JORDAN	FRANCE	1953
JORDAN	FRANCE	1960
JORDAN	FRANCE	1963
JORDAN	FRANCE	1964
JORDAN	FRANCE	1967
JORDAN	FRANCE	1968
JORDAN	FRANCE	1971
JORDAN	FRANCE	1977
JORDAN	FRANCE	1984
JORDAN	FRANCE	1988
JORDAN	FRANCE	1989
JORDAN	FRANCE	1990
JORDAN	FRANCE	1993
JORDAN	FRANCE	1994
JORDAN	FRANCE	2000
JORDAN	FRANCE	2001
JORDAN	FRANCE	2014
JORDAN	FRANCE	2015
JORDAN	FRANCE	2016
JORDAN	FRANCE	2023
JORDAN	FRANCE	2027
JORDAN	FRANCE	2028
JORDAN	FRANCE	2031
JORDAN	FRANCE	2033
JORDAN	FRANCE	2034
JORDAN	FRANCE	2037
JORDAN	FRANCE	2040
JORDAN	FRANCE	2048
JORDAN	FRANCE	2054
JORDAN	FRANCE	2058
JORDAN	FRANCE	2060
JORDAN	FRANCE	2061
JORDAN	FRANCE	2065
JORDAN	FRANCE	2066
JORDAN	FRANCE	2068
JORDAN	FRANCE	2071
JORDAN	FRANCE	2074
JORDAN	FRANCE	2076
JORDAN	FRANCE	2078
JORDAN	FRANCE	2079
JORDAN	FRANCE	2081
JORDAN	FRANCE	2082
JORDAN	FRANCE	2095
JORDAN	FRANCE	2096
JORDAN	FRANCE	2097
JORDAN	FRANCE	2100
JORDAN	FRANCE	2105
JORDAN	FRANCE	2112
JORDAN	FRANCE	2113
JORDAN	FRANCE	2115
JORDAN	FRANCE	2116
JORDAN	FRANCE	2119
JORDAN	FRANCE	2124
JORDAN	FRANCE	2132
JORDAN	FRANCE	2136
JORDAN	FRANCE	2137
JORDAN	FRANCE	2138
JORDAN	FRANCE	2143
JORDAN	FRANCE	2144
JORDAN	FRANCE	2145
JORDAN	FRANCE	2147
JORDAN	FRANCE	2148
JORDAN	FRANCE	2154
JORDAN	FRANCE	2161
JORDAN	FRANCE	2166
JORDAN	FRANCE	2167
JORDAN	FRANCE	2168
JORDAN	FRANCE	2169
JORDAN	FRANCE	2171
JORDAN	FRANCE	2174
JORDAN	FRANCE	2177
JORDAN	FRANCE	2180
JORDAN	FRANCE	2183
JORDAN	FRANCE	2187
JORDAN	FRANCE	2189
JORDAN	FRANCE	2190
JORDAN	FRANCE	2195
JORDAN	FRANCE	2196
JORDAN	FRANCE	2210
JORDAN	FRANCE	2211
JORDAN	FRANCE	2214
JORDAN	FRANCE	2220
JORDAN	FRANCE	2221
JORDAN	FRANCE	2226
JORDAN	FRANCE	2228
JORDAN	FRANCE	2230
JORDAN	FRANCE	2231
JORDAN	FRANCE	2232
JORDAN	FRANCE	2237
JORDAN	FRANCE	2240
JORDAN	FRANCE	2245
JORDAN	FRANCE	2257
JORDAN	FRANCE	2274
JORDAN	FRANCE	2283
JORDAN	FRANCE	2285
JORDAN	FRANCE	2286
JORDAN	FRANCE	2289
JORDAN	FRANCE	2305
JORDAN	FRANCE	2306
JORDAN	FRANCE	2307
JORDAN	FRANCE	2309
JORDAN	FRANCE	2312
JORDAN	FRANCE	2313
JORDAN	FRANCE	2319
JORDAN	FRANCE	2325
JORDAN	FRANCE	2327
JORDAN	FRANCE	2338
JORDAN	FRANCE	2342
JORDAN	FRANCE	2343
JORDAN	FRANCE	2345
JORDAN	FRANCE	2351
JORDAN	FRANCE	2354
JORDAN	FRANCE	2355
JORDAN	FRANCE	2363
JORDAN	FRANCE	2369
JORDAN	FRANCE	2374
JORDAN	FRANCE	2380
JORDAN	FRANCE	2381
JORDAN	FRANCE	2384
JORDAN	FRANCE	2392
JORDAN	FRANCE	2395
JORDAN	FRANCE	2398
JORDAN	FRANCE	2402
JORDAN	FRANCE	2408
JORDAN	FRANCE	2411
JORDAN	FRANCE	2418
JORDAN	FRANCE	2419
JORDAN	FRANCE	2420
JORDAN	FRANCE	2422
JORDAN	FRANCE	2424
JORDAN	FRANCE	2429
JORDAN	FRANCE	2431
JORDAN	FRANCE	2434
JORDAN	FRANCE	2441
JORDAN	FRANCE	2457
JORDAN	FRANCE	2460
JORDAN	FRANCE	2461
JORDAN	FRANCE	2464
JORDAN	FRANCE	2465
JORDAN	FRANCE	2470
JORDAN	FRANCE	2475
JORDAN	FRANCE	2478
JORDAN	FRANCE	2481
JORDAN	FRANCE	2482
JORDAN	FRANCE	2490
JORDAN	FRANCE	2504
JORDAN	FRANCE	2508
JORDAN	FRANCE	2516
JORDAN	FRANCE	2523
JORDAN	FRANCE	2533
JORDAN	FRANCE	2534
JORDAN	FRANCE	2549
JORDAN	FRANCE	2555
JORDAN	FRANCE	2559
JORDAN	FRANCE	2564
JORDAN	FRANCE	2569
JORDAN	FRANCE	2575
JORDAN	FRANCE	2579
JORDAN	FRANCE	2580
JORDAN	FRANCE	2582
JORDAN	FRANCE	2583
JORDAN	FRANCE	2586
JORDAN	FRANCE	2590
JORDAN	FRANCE	2594
JORDAN	FRANCE	2602
JORDAN	FRANCE	2604
JORDAN	FRANCE	2610
JORDAN	FRANCE	2611
JORDAN	FRANCE	2612
JORDAN	FRANCE	2616
JORDAN	FRANCE	2617
JORDAN	FRANCE	2624
JORDAN	FRANCE	2625
JORDAN	FRANCE	2632
JORDAN	FRANCE	2634
JORDAN	FRANCE	2635
JORDAN	FRANCE	2642
JORDAN	FRANCE	2648
JORDAN	FRANCE	2656
JORDAN	FRANCE	2659
JORDAN	FRANCE	2660
JORDAN	FRANCE	2663
JORDAN	FRANCE	2665
JORDAN	FRANCE	2667
JORDAN	FRANCE	2671
JORDAN	FRANCE	2673
JORDAN	FRANCE	2680
JORDAN	FRANCE	2694
JORDAN	FRANCE	2700
JORDAN	FRANCE	2714
JORDAN	FRANCE	2719
JORDAN	FRANCE	2724
JORDAN	FRANCE	2729
JORDAN	FRANCE	2740
JORDAN	FRANCE	2745
JORDAN	FRANCE	2753
JORDAN	FRANCE	2761
JORDAN	FRANCE	2773
JORDAN	FRANCE	2782
JORDAN	FRANCE	2784
JORDAN	FRANCE	2788
JORDAN	FRANCE	2794
JORDAN	FRANCE	2795
JORDAN	FRANCE	2805
JORDAN	FRANCE	2807
JORDAN	FRANCE	2814
JORDAN	FRANCE	2815
JORDAN	FRANCE	2842
JORDAN	FRANCE	2855
JORDAN	FRANCE	2863
JORDAN	FRANCE	2864
JORDAN	FRANCE	2867
JORDAN	FRANCE	2869
JORDAN	FRANCE	2878
JORDAN	FRANCE	2879
JORDAN	FRANCE	2884
JORDAN	FRANCE	2894
JORDAN	FRANCE	2898
JORDAN	FRANCE	2904
JORDAN	FRANCE	2915
JORDAN	FRANCE	2922
JORDAN	FRANCE	2932
JORDAN	FRANCE	2936
JORDAN	FRANCE	2947
JORDAN	FRANCE	2962
JORDAN	FRANCE	2963
JORDAN	FRANCE	2991
JORDAN	FRANCE	2992
JORDAN	FRANCE	3008
JORDAN	FRANCE	3009
JORDAN	FRANCE	3013
JORDAN	FRANCE	3042
JORDAN	FRANCE	3048
JORDAN	FRANCE	3057
JORDAN	FRANCE	3076
JORDAN	FRANCE	3077
JORDAN	FRANCE	3090
JORDAN	FRANCE	3107
JORDAN	FRANCE	3112
JORDAN	FRANCE	3116
JORDAN	FRANCE	3147
JORDAN	FRANCE	3174
JORDAN	FRANCE	3175
JORDAN	FRANCE	3195
JORDAN	FRANCE	3206
JORDAN	FRANCE	3246
JORDAN	FRANCE	3270
JORDAN	FRANCE	3277
JORDAN	FRANCE	3284
JORDAN	FRANCE	3307
JORDAN	FRANCE	3309
JORDAN	FRANCE	3336
JORDAN	FRANCE	3345
JORDAN	FRANCE	3399
JORDAN	FRANCE	3403
JORDAN	FRANCE	3411
JORDAN	FRANCE	3416
JORDAN	FRANCE	3427
JORDAN	FRANCE	3443
JORDAN	FRANCE	3468
JORDAN	FRANCE	3495
JORDAN	FRANCE	3502
JORDAN	FRANCE	3541
JORDAN	FRANCE	3625
JORDAN	FRANCE	3697
JORDAN	FRANCE	3700
JORDAN	FRANCE	3726
JORDAN	FRANCE	3732
JORDAN	FRANCE	3822
JORDAN	FRANCE	3835
JORDAN	FRANCE	3845
JORDAN	FRANCE	3853
JORDAN	FRANCE	3864
JORDAN	FRANCE	3865
JORDAN	FRANCE	3963
JORDAN	FRANCE	4003
JORDAN	FRANCE	4152
JORDAN	FRANCE	4181
JORDAN	FRANCE	4264
JORDAN	FRANCE	4292
JORDAN	FRANCE	4360
JORDAN	FRANCE	4366
JORDAN	FRANCE	4460
JORDAN	FRANCE	4487
JORDAN	FRANCE	4515
JORDAN	FRANCE	4568
JORDAN	FRANCE	4656
JORDAN	FRANCE	4661
JORDAN	FRANCE	4666
JORDAN	FRANCE	4763
JORDAN	FRANCE	4842
JORDAN	FRANCE	4862
JORDAN	FRANCE	4969
JORDAN	FRANCE	5016
JORDAN	FRANCE	5026
JORDAN	FRANCE	5079
JORDAN	FRANCE	5332
JORDAN	FRANCE	5492
JORDAN	FRANCE	5510
JORDAN	FRANCE	5527
JORDAN	FRANCE	5533
JORDAN	FRANCE	5538
JORDAN	FRANCE	5625
JORDAN	FRANCE	5800
JORDAN	FRANCE	5812
JORDAN	FRANCE	5864
JORDAN	FRANCE	5867
JORDAN	FRANCE	5913
JORDAN	FRANCE	5949
JORDAN	FRANCE	5967
JORDAN	FRANCE	6030
JORDAN	FRANCE	6081
JORDAN	FRANCE	6239
JORDAN	FRANCE	6319
JORDAN	FRANCE	6393
JORDAN	FRANCE	6440
JORDAN	FRANCE	6496
JORDAN	FRANCE	6505
JORDAN	FRANCE	6537
JORDAN	FRANCE	6574
JORDAN	FRANCE	6774
JORDAN	FRANCE	6923
JORDAN	FRANCE	6958
JORDAN	FRANCE	7166
JORDAN	FRANCE	7187
JORDAN	FRANCE	7189
JORDAN	FRANCE	7218
JORDAN	FRANCE	7343
JORDAN	FRANCE	7404
JORDAN	FRANCE	7511
JORDAN	FRANCE	7556
JORDAN	FRANCE	7675
JORDAN	FRANCE	7698
JORDAN	FRANCE	7741
JORDAN	FRANCE	7802
JORDAN	FRANCE	7861
JORDAN	FRANCE	7900
JORDAN	FRANCE	7912
JORDAN	FRANCE	7943
JORDAN	FRANCE	7973
JORDAN	FRANCE	8069
JORDAN	FRANCE	8094
JORDAN	FRANCE	8170
JORDAN	FRANCE	8267
JORDAN	FRANCE	8287
JORDAN	FRANCE	8290
JORDAN	FRANCE	8300
JORDAN	FRANCE	8306
JORDAN	FRANCE	8472
JORDAN	FRANCE	8477
JORDAN	FRANCE	8625
JORDAN	FRANCE	8631
JORDAN	FRANCE	8632
JORDAN	FRANCE	8838
JORDAN	FRANCE	8865
JORDAN	FRANCE	8872
JORDAN	FRANCE	8898
JORDAN	FRANCE	8964
JORDAN	FRANCE	9086
JORDAN	FRANCE	9101
JORDAN	FRANCE	9107
JORDAN	FRANCE	9180
JORDAN	FRANCE	9245
JORDAN	FRANCE	9299
JORDAN	FRANCE	9338
JORDAN	FRANCE	9345
JORDAN	FRANCE	9468
JORDAN	FRANCE	9474
JORDAN	FRANCE	9491
JORDAN	FRANCE	9515
JORDAN	FRANCE	9601
JORDAN	FRANCE	9810
JORDAN	FRANCE	9887
JORDAN	FRANCE	9920
JORDAN	FRANCE	9995
KENYA	FRANCE	1005
KENYA	FRANCE	1009
KENYA	FRANCE	1011
KENYA	FRANCE	1014
KENYA	FRANCE	1015
KENYA	FRANCE	1028
KENYA	FRANCE	1029
KENYA	FRANCE	1030
KENYA	FRANCE	1031
KENYA	FRANCE	1033
KENYA	FRANCE	1038
KENYA	FRANCE	1048
KENYA	FRANCE	1050
KENYA	FRANCE	1057
KENYA	FRANCE	1064
KENYA	FRANCE	1067
KENYA	FRANCE	1068
KENYA	FRANCE	1069
KENYA	FRANCE	1071
KENYA	FRANCE	1074
KENYA	FRANCE	1075
KENYA	FRANCE	1089
KENYA	FRANCE	1090
KENYA	FRANCE	1094
KENYA	FRANCE	1095
KENYA	FRANCE	1099
KENYA	FRANCE	1100
KENYA	FRANCE	1104
KENYA	FRANCE	1105
KENYA	FRANCE	1107
KENYA	FRANCE	1109
KENYA	FRANCE	1110
KENYA	FRANCE	1111
KENYA	FRANCE	1113
KENYA	FRANCE	1114
KENYA	FRANCE	1115
KENYA	FRANCE	1117
KENYA	FRANCE	1119
KENYA	FRANCE	1124
KENYA	FRANCE	1133
KENYA	FRANCE	1134
KENYA	FRANCE	1138
KENYA	FRANCE	1140
KENYA	FRANCE	1141
KENYA	FRANCE	1144
KENYA	FRANCE	1148
KENYA	FRANCE	1150
KENYA	FRANCE	1151
KENYA	FRANCE	1154
KENYA	FRANCE	1155
KENYA	FRANCE	1160
KENYA	FRANCE	1161
KENYA	FRANCE	1168
KENYA	FRANCE	1173
KENYA	FRANCE	1176
KENYA	FRANCE	1178
KENYA	FRANCE	1180
KENYA	FRANCE	1183
KENYA	FRANCE	1184
KENYA	FRANCE	1189
KENYA	FRANCE	1190
KENYA	FRANCE	1191
KENYA	FRANCE	1194
KENYA	FRANCE	1196
KENYA	FRANCE	1202
KENYA	FRANCE	1205
KENYA	FRANCE	1212
KENYA	FRANCE	1218
KENYA	FRANCE	1220
KENYA	FRANCE	1223
KENYA	FRANCE	1231
KENYA	FRANCE	1238
KENYA	FRANCE	1242
KENYA	FRANCE	1244
KENYA	FRANCE	1250
KENYA	FRANCE	1254
KENYA	FRANCE	1263
KENYA	FRANCE	1267
KENYA	FRANCE	1269
KENYA	FRANCE	1272
KENYA	FRANCE	1274
KENYA	FRANCE	1275
KENYA	FRANCE	1277
KENYA	FRANCE	1283
KENYA	FRANCE	1287
KENYA	FRANCE	1288
KENYA	FRANCE	1292
KENYA	FRANCE	1293
KENYA	FRANCE	1297
KENYA	FRANCE	1299
KENYA	FRANCE	1306
KENYA	FRANCE	1307
KENYA	FRANCE	1312
KENYA	FRANCE	1316
KENYA	FRANCE	1317
KENYA	FRANCE	1319
KENYA	FRANCE	1326
KENYA	FRANCE	1327
KENYA	FRANCE	1331
KENYA	FRANCE	1335
KENYA	FRANCE	1336
KENYA	FRANCE	1341
KENYA	FRANCE	1347
KENYA	FRANCE	1349
KENYA	FRANCE	1352
KENYA	FRANCE	1355
KENYA	FRANCE	1357
KENYA	FRANCE	1359
KENYA	FRANCE	1369
KENYA	FRANCE	1374
KENYA	FRANCE	1376
KENYA	FRANCE	1384
KENYA	FRANCE	1395
KENYA	FRANCE	1396
KENYA	FRANCE	1399
KENYA	FRANCE	1403
KENYA	FRANCE	1405
KENYA	FRANCE	1407
KENYA	FRANCE	1412
KENYA	FRANCE	1415
KENYA	FRANCE	1416
KENYA	FRANCE	1419
KENYA	FRANCE	1422
KENYA	FRANCE	1423
KENYA	FRANCE	1425
KENYA	FRANCE	1436
KENYA	FRANCE	1438
KENYA	FRANCE	1442
KENYA	FRANCE	1448
KENYA	FRANCE	1450
KENYA	FRANCE	1451
KENYA	FRANCE	1456
KENYA	FRANCE	1458
KENYA	FRANCE	1459
KENYA	FRANCE	1463
KENYA	FRANCE	1464
KENYA	FRANCE	1468
KENYA	FRANCE	1469
KENYA	FRANCE	1474
KENYA	FRANCE	1482
KENYA	FRANCE	1487
KENYA	FRANCE	1488
KENYA	FRANCE	1489
KENYA	FRANCE	1491
KENYA	FRANCE	1495
KENYA	FRANCE	1497
KENYA	FRANCE	1498
KENYA	FRANCE	1501
KENYA	FRANCE	1502
KENYA	FRANCE	1508
KENYA	FRANCE	1509
KENYA	FRANCE	1510
KENYA	FRANCE	1511
KENYA	FRANCE	1524
KENYA	FRANCE	1535
KENYA	FRANCE	1539
KENYA	FRANCE	1540
KENYA	FRANCE	1542
KENYA	FRANCE	1543
KENYA	FRANCE	1549
KENYA	FRANCE	1551
KENYA	FRANCE	1554
KENYA	FRANCE	1558
KENYA	FRANCE	1559
KENYA	FRANCE	1563
KENYA	FRANCE	1564
KENYA	FRANCE	1566
KENYA	FRANCE	1568
KENYA	FRANCE	1573
KENYA	FRANCE	1574
KENYA	FRANCE	1576
KENYA	FRANCE	1577
KENYA	FRANCE	1581
KENYA	FRANCE	1584
KENYA	FRANCE	1586
KENYA	FRANCE	1590
KENYA	FRANCE	1591
KENYA	FRANCE	1594
KENYA	FRANCE	1597
KENYA	FRANCE	1600
KENYA	FRANCE	1608
KENYA	FRANCE	1609
KENYA	FRANCE	1610
KENYA	FRANCE	1616
KENYA	FRANCE	1622
KENYA	FRANCE	1623
KENYA	FRANCE	1625
KENYA	FRANCE	1626
KENYA	FRANCE	1627
KENYA	FRANCE	1633
KENYA	FRANCE	1643
KENYA	FRANCE	1644
KENYA	FRANCE	1645
KENYA	FRANCE	1650
KENYA	FRANCE	1653
KENYA	FRANCE	1656
KENYA	FRANCE	1658
KENYA	FRANCE	1660
KENYA	FRANCE	1663
KENYA	FRANCE	1665
KENYA	FRANCE	1668
KENYA	FRANCE	1672
KENYA	FRANCE	1681
KENYA	FRANCE	1683
KENYA	FRANCE	1685
KENYA	FRANCE	1702
KENYA	FRANCE	1707
KENYA	FRANCE	1712
KENYA	FRANCE	1714
KENYA	FRANCE	1716
KENYA	FRANCE	1718
KENYA	FRANCE	1720
KENYA	FRANCE	1721
KENYA	FRANCE	1731
KENYA	FRANCE	1733
KENYA	FRANCE	1738
KENYA	FRANCE	1740
KENYA	FRANCE	1741
KENYA	FRANCE	1742
KENYA	FRANCE	1746
KENYA	FRANCE	1747
KENYA	FRANCE	1750
KENYA	FRANCE	1759
KENYA	FRANCE	1760
KENYA	FRANCE	1762
KENYA	FRANCE	1763
KENYA	FRANCE	1768
KENYA	FRANCE	1773
KENYA	FRANCE	1774
KENYA	FRANCE	1779
KENYA	FRANCE	1780
KENYA	FRANCE	1782
KENYA	FRANCE	1783
KENYA	FRANCE	1791
KENYA	FRANCE	1792
KENYA	FRANCE	1794
KENYA	FRANCE	1802
KENYA	FRANCE	1807
KENYA	FRANCE	1810
KENYA	FRANCE	1813
KENYA	FRANCE	1817
KENYA	FRANCE	1818
KENYA	FRANCE	1819
KENYA	FRANCE	1820
KENYA	FRANCE	1822
KENYA	FRANCE	1824
KENYA	FRANCE	1828
KENYA	FRANCE	1831
KENYA	FRANCE	1834
KENYA	FRANCE	1844
KENYA	FRANCE	1847
KENYA	FRANCE	1852
KENYA	FRANCE	1857
KENYA	FRANCE	1858
KENYA	FRANCE	1859
KENYA	FRANCE	1860
KENYA	FRANCE	1861
KENYA	FRANCE	1862
KENYA	FRANCE	1864
KENYA	FRANCE	1865
KENYA	FRANCE	1866
KENYA	FRANCE	1868
KENYA	FRANCE	1869
KENYA	FRANCE	1875
KENYA	FRANCE	1881
KENYA	FRANCE	1882
KENYA	FRANCE	1883
KENYA	FRANCE	1885
KENYA	FRANCE	1887
KENYA	FRANCE	1891
KENYA	FRANCE	1896
KENYA	FRANCE	1898
KENYA	FRANCE	1900
KENYA	FRANCE	1903
KENYA	FRANCE	1906
KENYA	FRANCE	1907
KENYA	FRANCE	1909
KENYA	FRANCE	1912
KENYA	FRANCE	1917
KENYA	FRANCE	1925
KENYA	FRANCE	1927
KENYA	FRANCE	1930
KENYA	FRANCE	1934
KENYA	FRANCE	1935
KENYA	FRANCE	1937
KENYA	FRANCE	1943
KENYA	FRANCE	1945
KENYA	FRANCE	1946
KENYA	FRANCE	1947
KENYA	FRANCE	1948
KENYA	FRANCE	1951
KENYA	FRANCE	1958
KENYA	FRANCE	1960
KENYA	FRANCE	1971
KENYA	FRANCE	1977
KENYA	FRANCE	1980
KENYA	FRANCE	1981
KENYA	FRANCE	1982
KENYA	FRANCE	1989
KENYA	FRANCE	1990
KENYA	FRANCE	1992
KENYA	FRANCE	1994
KENYA	FRANCE	1998
KENYA	FRANCE	1999
KENYA	FRANCE	2000
KENYA	FRANCE	2003
KENYA	FRANCE	2004
KENYA	FRANCE	2013
KENYA	FRANCE	2014
KENYA	FRANCE	2019
KENYA	FRANCE	2024
KENYA	FRANCE	2027
KENYA	FRANCE	2028
KENYA	FRANCE	2031
KENYA	FRANCE	2034
KENYA	FRANCE	2035
KENYA	FRANCE	2037
KENYA	FRANCE	2039
KENYA	FRANCE	2040
KENYA	FRANCE	2046
KENYA	FRANCE	2048
KENYA	FRANCE	2056
KENYA	FRANCE	2057
KENYA	FRANCE	2061
KENYA	FRANCE	2065
KENYA	FRANCE	2066
KENYA	FRANCE	2072
KENYA	FRANCE	2073
KENYA	FRANCE	2086
KENYA	FRANCE	2087
KENYA	FRANCE	2088
KENYA	FRANCE	2090
KENYA	FRANCE	2098
KENYA	FRANCE	2099
KENYA	FRANCE	2101
KENYA	FRANCE	2102
KENYA	FRANCE	2103
KENYA	FRANCE	2105
KENYA	FRANCE	2116
KENYA	FRANCE	2119
KENYA	FRANCE	2122
KENYA	FRANCE	2123
KENYA	FRANCE	2130
KENYA	FRANCE	2132
KENYA	FRANCE	2133
KENYA	FRANCE	2137
KENYA	FRANCE	2146
KENYA	FRANCE	2155
KENYA	FRANCE	2159
KENYA	FRANCE	2169
KENYA	FRANCE	2170
KENYA	FRANCE	2174
KENYA	FRANCE	2176
KENYA	FRANCE	2181
KENYA	FRANCE	2189
KENYA	FRANCE	2192
KENYA	FRANCE	2199
KENYA	FRANCE	2206
KENYA	FRANCE	2211
KENYA	FRANCE	2224
KENYA	FRANCE	2225
KENYA	FRANCE	2229
KENYA	FRANCE	2231
KENYA	FRANCE	2237
KENYA	FRANCE	2256
KENYA	FRANCE	2261
KENYA	FRANCE	2268
KENYA	FRANCE	2271
KENYA	FRANCE	2273
KENYA	FRANCE	2274
KENYA	FRANCE	2276
KENYA	FRANCE	2277
KENYA	FRANCE	2282
KENYA	FRANCE	2286
KENYA	FRANCE	2296
KENYA	FRANCE	2297
KENYA	FRANCE	2298
KENYA	FRANCE	2301
KENYA	FRANCE	2303
KENYA	FRANCE	2307
KENYA	FRANCE	2309
KENYA	FRANCE	2313
KENYA	FRANCE	2316
KENYA	FRANCE	2317
KENYA	FRANCE	2323
KENYA	FRANCE	2324
KENYA	FRANCE	2335
KENYA	FRANCE	2341
KENYA	FRANCE	2342
KENYA	FRANCE	2345
KENYA	FRANCE	2347
KENYA	FRANCE	2351
KENYA	FRANCE	2354
KENYA	FRANCE	2358
KENYA	FRANCE	2365
KENYA	FRANCE	2369
KENYA	FRANCE	2370
KENYA	FRANCE	2375
KENYA	FRANCE	2378
KENYA	FRANCE	2380
KENYA	FRANCE	2381
KENYA	FRANCE	2382
KENYA	FRANCE	2384
KENYA	FRANCE	2386
KENYA	FRANCE	2387
KENYA	FRANCE	2390
KENYA	FRANCE	2392
KENYA	FRANCE	2393
KENYA	FRANCE	2395
KENYA	FRANCE	2405
KENYA	FRANCE	2408
KENYA	FRANCE	2412
KENYA	FRANCE	2418
KENYA	FRANCE	2419
KENYA	FRANCE	2422
KENYA	FRANCE	2424
KENYA	FRANCE	2425
KENYA	FRANCE	2429
KENYA	FRANCE	2443
KENYA	FRANCE	2457
KENYA	FRANCE	2459
KENYA	FRANCE	2461
KENYA	FRANCE	2464
KENYA	FRANCE	2468
KENYA	FRANCE	2472
KENYA	FRANCE	2476
KENYA	FRANCE	2481
KENYA	FRANCE	2487
KENYA	FRANCE	2489
KENYA	FRANCE	2490
KENYA	FRANCE	2493
KENYA	FRANCE	2496
KENYA	FRANCE	2502
KENYA	FRANCE	2503
KENYA	FRANCE	2504
KENYA	FRANCE	2505
KENYA	FRANCE	2508
KENYA	FRANCE	2511
KENYA	FRANCE	2513
KENYA	FRANCE	2514
KENYA	FRANCE	2525
KENYA	FRANCE	2526
KENYA	FRANCE	2527
KENYA	FRANCE	2529
KENYA	FRANCE	2534
KENYA	FRANCE	2537
KENYA	FRANCE	2539
KENYA	FRANCE	2540
KENYA	FRANCE	2544
KENYA	FRANCE	2549
KENYA	FRANCE	2552
KENYA	FRANCE	2554
KENYA	FRANCE	2555
KENYA	FRANCE	2559
KENYA	FRANCE	2560
KENYA	FRANCE	2562
KENYA	FRANCE	2564
KENYA	FRANCE	2565
KENYA	FRANCE	2567
KENYA	FRANCE	2571
KENYA	FRANCE	2577
KENYA	FRANCE	2579
KENYA	FRANCE	2584
KENYA	FRANCE	2585
KENYA	FRANCE	2589
KENYA	FRANCE	2598
KENYA	FRANCE	2600
KENYA	FRANCE	2602
KENYA	FRANCE	2604
KENYA	FRANCE	2614
KENYA	FRANCE	2616
KENYA	FRANCE	2622
KENYA	FRANCE	2625
KENYA	FRANCE	2630
KENYA	FRANCE	2632
KENYA	FRANCE	2647
KENYA	FRANCE	2655
KENYA	FRANCE	2658
KENYA	FRANCE	2661
KENYA	FRANCE	2669
KENYA	FRANCE	2673
KENYA	FRANCE	2674
KENYA	FRANCE	2676
KENYA	FRANCE	2678
KENYA	FRANCE	2680
KENYA	FRANCE	2683
KENYA	FRANCE	2685
KENYA	FRANCE	2689
KENYA	FRANCE	2692
KENYA	FRANCE	2694
KENYA	FRANCE	2695
KENYA	FRANCE	2699
KENYA	FRANCE	2707
KENYA	FRANCE	2714
KENYA	FRANCE	2718
KENYA	FRANCE	2745
KENYA	FRANCE	2753
KENYA	FRANCE	2756
KENYA	FRANCE	2760
KENYA	FRANCE	2764
KENYA	FRANCE	2765
KENYA	FRANCE	2772
KENYA	FRANCE	2778
KENYA	FRANCE	2780
KENYA	FRANCE	2784
KENYA	FRANCE	2785
KENYA	FRANCE	2791
KENYA	FRANCE	2793
KENYA	FRANCE	2795
KENYA	FRANCE	2796
KENYA	FRANCE	2807
KENYA	FRANCE	2815
KENYA	FRANCE	2821
KENYA	FRANCE	2832
KENYA	FRANCE	2843
KENYA	FRANCE	2848
KENYA	FRANCE	2860
KENYA	FRANCE	2863
KENYA	FRANCE	2874
KENYA	FRANCE	2880
KENYA	FRANCE	2881
KENYA	FRANCE	2882
KENYA	FRANCE	2898
KENYA	FRANCE	2906
KENYA	FRANCE	2908
KENYA	FRANCE	2910
KENYA	FRANCE	2915
KENYA	FRANCE	2918
KENYA	FRANCE	2928
KENYA	FRANCE	2936
KENYA	FRANCE	2938
KENYA	FRANCE	2942
KENYA	FRANCE	2944
KENYA	FRANCE	2946
KENYA	FRANCE	2947
KENYA	FRANCE	2975
KENYA	FRANCE	2980
KENYA	FRANCE	3009
KENYA	FRANCE	3014
KENYA	FRANCE	3021
KENYA	FRANCE	3035
KENYA	FRANCE	3036
KENYA	FRANCE	3046
KENYA	FRANCE	3057
KENYA	FRANCE	3076
KENYA	FRANCE	3080
KENYA	FRANCE	3082
KENYA	FRANCE	3099
KENYA	FRANCE	3141
KENYA	FRANCE	3145
KENYA	FRANCE	3147
KENYA	FRANCE	3148
KENYA	FRANCE	3156
KENYA	FRANCE	3174
KENYA	FRANCE	3185
KENYA	FRANCE	3189
KENYA	FRANCE	3198
KENYA	FRANCE	3214
KENYA	FRANCE	3219
KENYA	FRANCE	3220
KENYA	FRANCE	3315
KENYA	FRANCE	3345
KENYA	FRANCE	3372
KENYA	FRANCE	3385
KENYA	FRANCE	3402
KENYA	FRANCE	3411
KENYA	FRANCE	3423
KENYA	FRANCE	3443
KENYA	FRANCE	3459
KENYA	FRANCE	3471
KENYA	FRANCE	3477
KENYA	FRANCE	3490
KENYA	FRANCE	3508
KENYA	FRANCE	3522
KENYA	FRANCE	3531
KENYA	FRANCE	3653
KENYA	FRANCE	3845
KENYA	FRANCE	3909
KENYA	FRANCE	4021
KENYA	FRANCE	4049
KENYA	FRANCE	4152
KENYA	FRANCE	4172
KENYA	FRANCE	4264
KENYA	FRANCE	4339
KENYA	FRANCE	4345
KENYA	FRANCE	4388
KENYA	FRANCE	4574
KENYA	FRANCE	4726
KENYA	FRANCE	4762
KENYA	FRANCE	4763
KENYA	FRANCE	4780
KENYA	FRANCE	4808
KENYA	FRANCE	4914
KENYA	FRANCE	4940
KENYA	FRANCE	4975
KENYA	FRANCE	4992
KENYA	FRANCE	5005
KENYA	FRANCE	5079
KENYA	FRANCE	5100
KENYA	FRANCE	5145
KENYA	FRANCE	5219
KENYA	FRANCE	5230
KENYA	FRANCE	5368
KENYA	FRANCE	5373
KENYA	FRANCE	5520
KENYA	FRANCE	5633
KENYA	FRANCE	5651
KENYA	FRANCE	5681
KENYA	FRANCE	5732
KENYA	FRANCE	5763
KENYA	FRANCE	5842
KENYA	FRANCE	5866
KENYA	FRANCE	5870
KENYA	FRANCE	5969
KENYA	FRANCE	5989
KENYA	FRANCE	6006
KENYA	FRANCE	6172
KENYA	FRANCE	6393
KENYA	FRANCE	6420
KENYA	FRANCE	6444
KENYA	FRANCE	6472
KENYA	FRANCE	6502
KENYA	FRANCE	6517
KENYA	FRANCE	6529
KENYA	FRANCE	6564
KENYA	FRANCE	6623
KENYA	FRANCE	6635
KENYA	FRANCE	6774
KENYA	FRANCE	6931
KENYA	FRANCE	6970
KENYA	FRANCE	6992
KENYA	FRANCE	7003
KENYA	FRANCE	7005
KENYA	FRANCE	7212
KENYA	FRANCE	7266
KENYA	FRANCE	7286
KENYA	FRANCE	7312
KENYA	FRANCE	7369
KENYA	FRANCE	7421
KENYA	FRANCE	7546
KENYA	FRANCE	7548
KENYA	FRANCE	7562
KENYA	FRANCE	7567
KENYA	FRANCE	7601
KENYA	FRANCE	7602
KENYA	FRANCE	7630
KENYA	FRANCE	7675
KENYA	FRANCE	7684
KENYA	FRANCE	7754
KENYA	FRANCE	7802
KENYA	FRANCE	7811
KENYA	FRANCE	8010
KENYA	FRANCE	8097
KENYA	FRANCE	8114
KENYA	FRANCE	8222
KENYA	FRANCE	8230
KENYA	FRANCE	8232
KENYA	FRANCE	8251
KENYA	FRANCE	8306
KENYA	FRANCE	8465
KENYA	FRANCE	8498
KENYA	FRANCE	8504
KENYA	FRANCE	8561
KENYA	FRANCE	8578
KENYA	FRANCE	8615
KENYA	FRANCE	8648
KENYA	FRANCE	8690
KENYA	FRANCE	8707
KENYA	FRANCE	8713
KENYA	FRANCE	8717
KENYA	FRANCE	8820
KENYA	FRANCE	8828
KENYA	FRANCE	8838
KENYA	FRANCE	8867
KENYA	FRANCE	8887
KENYA	FRANCE	8906
KENYA	FRANCE	8956
KENYA	FRANCE	8971
KENYA	FRANCE	9038
KENYA	FRANCE	9072
KENYA	FRANCE	9075
KENYA	FRANCE	9084
KENYA	FRANCE	9145
KENYA	FRANCE	9151
KENYA	FRANCE	9162
KENYA	FRANCE	9246
KENYA	FRANCE	9296
KENYA	FRANCE	9347
KENYA	FRANCE	9367
KENYA	FRANCE	9391
KENYA	FRANCE	9431
KENYA	FRANCE	9440
KENYA	FRANCE	9498
KENYA	FRANCE	9546
KENYA	FRANCE	9569
KENYA	FRANCE	9572
KENYA	FRANCE	9590
KENYA	FRANCE	9601
KENYA	FRANCE	9612
KENYA	FRANCE	9656
KENYA	FRANCE	9694
KENYA	FRANCE	9698
KENYA	FRANCE	9707
KENYA	FRANCE	9719
KENYA	FRANCE	9773
KENYA	FRANCE	9819
KENYA	FRANCE	9847
KENYA	FRANCE	9902
KENYA	FRANCE	9905
KENYA	FRANCE	9995
MOROCCO	FRANCE	1003
MOROCCO	FRANCE	1006
MOROCCO	FRANCE	1007
MOROCCO	FRANCE	1009
MOROCCO	FRANCE	1010
MOROCCO	FRANCE	1014
MOROCCO	FRANCE	1015
MOROCCO	FRANCE	1017
MOROCCO	FRANCE	1020
MOROCCO	FRANCE	1025
MOROCCO	FRANCE	1026
MOROCCO	FRANCE	1035
MOROCCO	FRANCE	1036
MOROCCO	FRANCE	1038
MOROCCO	FRANCE	1049
MOROCCO	FRANCE	1062
MOROCCO	FRANCE	1065
MOROCCO	FRANCE	1066
MOROCCO	FRANCE	1067
MOROCCO	FRANCE	1068
MOROCCO	FRANCE	1071
MOROCCO	FRANCE	1072
MOROCCO	FRANCE	1077
MOROCCO	FRANCE	1083
MOROCCO	FRANCE	1087
MOROCCO	FRANCE	1088
MOROCCO	FRANCE	1091
MOROCCO	FRANCE	1106
MOROCCO	FRANCE	1109
MOROCCO	FRANCE	1110
MOROCCO	FRANCE	1111
MOROCCO	FRANCE	1114
MOROCCO	FRANCE	1118
MOROCCO	FRANCE	1119
MOROCCO	FRANCE	1122
MOROCCO	FRANCE	1131
MOROCCO	FRANCE	1134
MOROCCO	FRANCE	1136
MOROCCO	FRANCE	1139
MOROCCO	FRANCE	1142
MOROCCO	FRANCE	1146
MOROCCO	FRANCE	1151
MOROCCO	FRANCE	1157
MOROCCO	FRANCE	1160
MOROCCO	FRANCE	1163
MOROCCO	FRANCE	1165
MOROCCO	FRANCE	1169
MOROCCO	FRANCE	1172
MOROCCO	FRANCE	1173
MOROCCO	FRANCE	1176
MOROCCO	FRANCE	1179
MOROCCO	FRANCE	1186
MOROCCO	FRANCE	1190
MOROCCO	FRANCE	1193
MOROCCO	FRANCE	1198
MOROCCO	FRANCE	1200
MOROCCO	FRANCE	1207
MOROCCO	FRANCE	1212
MOROCCO	FRANCE	1214
MOROCCO	FRANCE	1216
MOROCCO	FRANCE	1223
MOROCCO	FRANCE	1229
MOROCCO	FRANCE	1234
MOROCCO	FRANCE	1237
MOROCCO	FRANCE	1238
MOROCCO	FRANCE	1242
MOROCCO	FRANCE	1250
MOROCCO	FRANCE	1253
MOROCCO	FRANCE	1256
MOROCCO	FRANCE	1258
MOROCCO	FRANCE	1259
MOROCCO	FRANCE	1260
MOROCCO	FRANCE	1261
MOROCCO	FRANCE	1262
MOROCCO	FRANCE	1263
MOROCCO	FRANCE	1265
MOROCCO	FRANCE	1268
MOROCCO	FRANCE	1270
MOROCCO	FRANCE	1271
MOROCCO	FRANCE	1277
MOROCCO	FRANCE	1280
MOROCCO	FRANCE	1290
MOROCCO	FRANCE	1292
MOROCCO	FRANCE	1293
MOROCCO	FRANCE	1294
MOROCCO	FRANCE	1297
MOROCCO	FRANCE	1298
MOROCCO	FRANCE	1299
MOROCCO	FRANCE	1301
MOROCCO	FRANCE	1304
MOROCCO	FRANCE	1305
MOROCCO	FRANCE	1306
MOROCCO	FRANCE	1307
MOROCCO	FRANCE	1308
MOROCCO	FRANCE	1309
MOROCCO	FRANCE	1319
MOROCCO	FRANCE	1333
MOROCCO	FRANCE	1342
MOROCCO	FRANCE	1347
MOROCCO	FRANCE	1351
MOROCCO	FRANCE	1352
MOROCCO	FRANCE	1356
MOROCCO	FRANCE	1357
MOROCCO	FRANCE	1359
MOROCCO	FRANCE	1385
MOROCCO	FRANCE	1386
MOROCCO	FRANCE	1388
MOROCCO	FRANCE	1396
MOROCCO	FRANCE	1398
MOROCCO	FRANCE	1399
MOROCCO	FRANCE	1400
MOROCCO	FRANCE	1419
MOROCCO	FRANCE	1421
MOROCCO	FRANCE	1422
MOROCCO	FRANCE	1426
MOROCCO	FRANCE	1429
MOROCCO	FRANCE	1434
MOROCCO	FRANCE	1436
MOROCCO	FRANCE	1437
MOROCCO	FRANCE	1438
MOROCCO	FRANCE	1444
MOROCCO	FRANCE	1449
MOROCCO	FRANCE	1450
MOROCCO	FRANCE	1455
MOROCCO	FRANCE	1457
MOROCCO	FRANCE	1458
MOROCCO	FRANCE	1469
MOROCCO	FRANCE	1470
MOROCCO	FRANCE	1471
MOROCCO	FRANCE	1473
MOROCCO	FRANCE	1474
MOROCCO	FRANCE	1475
MOROCCO	FRANCE	1476
MOROCCO	FRANCE	1480
MOROCCO	FRANCE	1481
MOROCCO	FRANCE	1483
MOROCCO	FRANCE	1484
MOROCCO	FRANCE	1486
MOROCCO	FRANCE	1494
MOROCCO	FRANCE	1500
MOROCCO	FRANCE	1509
MOROCCO	FRANCE	1514
MOROCCO	FRANCE	1517
MOROCCO	FRANCE	1521
MOROCCO	FRANCE	1526
MOROCCO	FRANCE	1527
MOROCCO	FRANCE	1532
MOROCCO	FRANCE	1533
MOROCCO	FRANCE	1539
MOROCCO	FRANCE	1540
MOROCCO	FRANCE	1542
MOROCCO	FRANCE	1546
MOROCCO	FRANCE	1548
MOROCCO	FRANCE	1551
MOROCCO	FRANCE	1555
MOROCCO	FRANCE	1557
MOROCCO	FRANCE	1558
MOROCCO	FRANCE	1559
MOROCCO	FRANCE	1560
MOROCCO	FRANCE	1563
MOROCCO	FRANCE	1564
MOROCCO	FRANCE	1568
MOROCCO	FRANCE	1569
MOROCCO	FRANCE	1576
MOROCCO	FRANCE	1583
MOROCCO	FRANCE	1588
MOROCCO	FRANCE	1589
MOROCCO	FRANCE	1590
MOROCCO	FRANCE	1598
MOROCCO	FRANCE	1600
MOROCCO	FRANCE	1601
MOROCCO	FRANCE	1602
MOROCCO	FRANCE	1608
MOROCCO	FRANCE	1610
MOROCCO	FRANCE	1612
MOROCCO	FRANCE	1614
MOROCCO	FRANCE	1619
MOROCCO	FRANCE	1622
MOROCCO	FRANCE	1624
MOROCCO	FRANCE	1628
MOROCCO	FRANCE	1639
MOROCCO	FRANCE	1641
MOROCCO	FRANCE	1644
MOROCCO	FRANCE	1647
MOROCCO	FRANCE	1651
MOROCCO	FRANCE	1653
MOROCCO	FRANCE	1655
MOROCCO	FRANCE	1656
MOROCCO	FRANCE	1660
MOROCCO	FRANCE	1661
MOROCCO	FRANCE	1664
MOROCCO	FRANCE	1665
MOROCCO	FRANCE	1666
MOROCCO	FRANCE	1668
MOROCCO	FRANCE	1670
MOROCCO	FRANCE	1672
MOROCCO	FRANCE	1675
MOROCCO	FRANCE	1679
MOROCCO	FRANCE	1681
MOROCCO	FRANCE	1683
MOROCCO	FRANCE	1684
MOROCCO	FRANCE	1685
MOROCCO	FRANCE	1686
MOROCCO	FRANCE	1687
MOROCCO	FRANCE	1690
MOROCCO	FRANCE	1703
MOROCCO	FRANCE	1704
MOROCCO	FRANCE	1708
MOROCCO	FRANCE	1712
MOROCCO	FRANCE	1714
MOROCCO	FRANCE	1718
MOROCCO	FRANCE	1719
MOROCCO	FRANCE	1720
MOROCCO	FRANCE	1722
MOROCCO	FRANCE	1726
MOROCCO	FRANCE	1727
MOROCCO	FRANCE	1731
MOROCCO	FRANCE	1733
MOROCCO	FRANCE	1734
MOROCCO	FRANCE	1735
MOROCCO	FRANCE	1740
MOROCCO	FRANCE	1742
MOROCCO	FRANCE	1745
MOROCCO	FRANCE	1746
MOROCCO	FRANCE	1761
MOROCCO	FRANCE	1763
MOROCCO	FRANCE	1764
MOROCCO	FRANCE	1766
MOROCCO	FRANCE	1768
MOROCCO	FRANCE	1774
MOROCCO	FRANCE	1779
MOROCCO	FRANCE	1782
MOROCCO	FRANCE	1787
MOROCCO	FRANCE	1791
MOROCCO	FRANCE	1792
MOROCCO	FRANCE	1796
MOROCCO	FRANCE	1800
MOROCCO	FRANCE	1802
MOROCCO	FRANCE	1804
MOROCCO	FRANCE	1807
MOROCCO	FRANCE	1808
MOROCCO	FRANCE	1814
MOROCCO	FRANCE	1818
MOROCCO	FRANCE	1819
MOROCCO	FRANCE	1820
MOROCCO	FRANCE	1825
MOROCCO	FRANCE	1826
MOROCCO	FRANCE	1830
MOROCCO	FRANCE	1833
MOROCCO	FRANCE	1834
MOROCCO	FRANCE	1836
MOROCCO	FRANCE	1837
MOROCCO	FRANCE	1838
MOROCCO	FRANCE	1843
MOROCCO	FRANCE	1844
MOROCCO	FRANCE	1846
MOROCCO	FRANCE	1848
MOROCCO	FRANCE	1849
MOROCCO	FRANCE	1853
MOROCCO	FRANCE	1854
MOROCCO	FRANCE	1858
MOROCCO	FRANCE	1864
MOROCCO	FRANCE	1866
MOROCCO	FRANCE	1869
MOROCCO	FRANCE	1872
MOROCCO	FRANCE	1878
MOROCCO	FRANCE	1879
MOROCCO	FRANCE	1880
MOROCCO	FRANCE	1882
MOROCCO	FRANCE	1889
MOROCCO	FRANCE	1890
MOROCCO	FRANCE	1892
MOROCCO	FRANCE	1893
MOROCCO	FRANCE	1894
MOROCCO	FRANCE	1898
MOROCCO	FRANCE	1899
MOROCCO	FRANCE	1900
MOROCCO	FRANCE	1905
MOROCCO	FRANCE	1906
MOROCCO	FRANCE	1908
MOROCCO	FRANCE	1915
MOROCCO	FRANCE	1918
MOROCCO	FRANCE	1920
MOROCCO	FRANCE	1923
MOROCCO	FRANCE	1926
MOROCCO	FRANCE	1929
MOROCCO	FRANCE	1932
MOROCCO	FRANCE	1937
MOROCCO	FRANCE	1939
MOROCCO	FRANCE	1943
MOROCCO	FRANCE	1945
MOROCCO	FRANCE	1946
MOROCCO	FRANCE	1947
MOROCCO	FRANCE	1951
MOROCCO	FRANCE	1954
MOROCCO	FRANCE	1955
MOROCCO	FRANCE	1957
MOROCCO	FRANCE	1958
MOROCCO	FRANCE	1959
MOROCCO	FRANCE	1960
MOROCCO	FRANCE	1961
MOROCCO	FRANCE	1963
MOROCCO	FRANCE	1968
MOROCCO	FRANCE	1973
MOROCCO	FRANCE	1974
MOROCCO	FRANCE	1975
MOROCCO	FRANCE	1980
MOROCCO	FRANCE	1981
MOROCCO	FRANCE	1983
MOROCCO	FRANCE	1990
MOROCCO	FRANCE	1998
MOROCCO	FRANCE	2002
MOROCCO	FRANCE	2003
MOROCCO	FRANCE	2004
MOROCCO	FRANCE	2014
MOROCCO	FRANCE	2019
MOROCCO	FRANCE	2027
MOROCCO	FRANCE	2031
MOROCCO	FRANCE	2033
MOROCCO	FRANCE	2034
MOROCCO	FRANCE	2035
MOROCCO	FRANCE	2037
MOROCCO	FRANCE	2039
MOROCCO	FRANCE	2040
MOROCCO	FRANCE	2046
MOROCCO	FRANCE	2049
MOROCCO	FRANCE	2051
MOROCCO	FRANCE	2053
MOROCCO	FRANCE	2056
MOROCCO	FRANCE	2057
MOROCCO	FRANCE	2060
MOROCCO	FRANCE	2064
MOROCCO	FRANCE	2065
MOROCCO	FRANCE	2068
MOROCCO	FRANCE	2072
MOROCCO	FRANCE	2073
MOROCCO	FRANCE	2074
MOROCCO	FRANCE	2077
MOROCCO	FRANCE	2084
MOROCCO	FRANCE	2087
MOROCCO	FRANCE	2088
MOROCCO	FRANCE	2089
MOROCCO	FRANCE	2090
MOROCCO	FRANCE	2093
MOROCCO	FRANCE	2095
MOROCCO	FRANCE	2099
MOROCCO	FRANCE	2101
MOROCCO	FRANCE	2103
MOROCCO	FRANCE	2105
MOROCCO	FRANCE	2109
MOROCCO	FRANCE	2114
MOROCCO	FRANCE	2115
MOROCCO	FRANCE	2117
MOROCCO	FRANCE	2119
MOROCCO	FRANCE	2123
MOROCCO	FRANCE	2126
MOROCCO	FRANCE	2134
MOROCCO	FRANCE	2136
MOROCCO	FRANCE	2137
MOROCCO	FRANCE	2138
MOROCCO	FRANCE	2142
MOROCCO	FRANCE	2143
MOROCCO	FRANCE	2145
MOROCCO	FRANCE	2146
MOROCCO	FRANCE	2147
MOROCCO	FRANCE	2148
MOROCCO	FRANCE	2153
MOROCCO	FRANCE	2155
MOROCCO	FRANCE	2159
MOROCCO	FRANCE	2163
MOROCCO	FRANCE	2169
MOROCCO	FRANCE	2170
MOROCCO	FRANCE	2172
MOROCCO	FRANCE	2174
MOROCCO	FRANCE	2181
MOROCCO	FRANCE	2185
MOROCCO	FRANCE	2190
MOROCCO	FRANCE	2195
MOROCCO	FRANCE	2196
MOROCCO	FRANCE	2199
MOROCCO	FRANCE	2205
MOROCCO	FRANCE	2206
MOROCCO	FRANCE	2211
MOROCCO	FRANCE	2213
MOROCCO	FRANCE	2215
MOROCCO	FRANCE	2216
MOROCCO	FRANCE	2218
MOROCCO	FRANCE	2221
MOROCCO	FRANCE	2222
MOROCCO	FRANCE	2226
MOROCCO	FRANCE	2228
MOROCCO	FRANCE	2231
MOROCCO	FRANCE	2232
MOROCCO	FRANCE	2234
MOROCCO	FRANCE	2236
MOROCCO	FRANCE	2237
MOROCCO	FRANCE	2238
MOROCCO	FRANCE	2240
MOROCCO	FRANCE	2245
MOROCCO	FRANCE	2256
MOROCCO	FRANCE	2258
MOROCCO	FRANCE	2261
MOROCCO	FRANCE	2262
MOROCCO	FRANCE	2265
MOROCCO	FRANCE	2268
MOROCCO	FRANCE	2269
MOROCCO	FRANCE	2274
MOROCCO	FRANCE	2277
MOROCCO	FRANCE	2284
MOROCCO	FRANCE	2289
MOROCCO	FRANCE	2292
MOROCCO	FRANCE	2296
MOROCCO	FRANCE	2302
MOROCCO	FRANCE	2305
MOROCCO	FRANCE	2307
MOROCCO	FRANCE	2310
MOROCCO	FRANCE	2313
MOROCCO	FRANCE	2316
MOROCCO	FRANCE	2320
MOROCCO	FRANCE	2324
MOROCCO	FRANCE	2325
MOROCCO	FRANCE	2342
MOROCCO	FRANCE	2343
MOROCCO	FRANCE	2349
MOROCCO	FRANCE	2350
MOROCCO	FRANCE	2351
MOROCCO	FRANCE	2355
MOROCCO	FRANCE	2356
MOROCCO	FRANCE	2363
MOROCCO	FRANCE	2365
MOROCCO	FRANCE	2367
MOROCCO	FRANCE	2369
MOROCCO	FRANCE	2371
MOROCCO	FRANCE	2373
MOROCCO	FRANCE	2374
MOROCCO	FRANCE	2375
MOROCCO	FRANCE	2379
MOROCCO	FRANCE	2383
MOROCCO	FRANCE	2384
MOROCCO	FRANCE	2389
MOROCCO	FRANCE	2392
MOROCCO	FRANCE	2398
MOROCCO	FRANCE	2400
MOROCCO	FRANCE	2401
MOROCCO	FRANCE	2408
MOROCCO	FRANCE	2411
MOROCCO	FRANCE	2412
MOROCCO	FRANCE	2413
MOROCCO	FRANCE	2417
MOROCCO	FRANCE	2420
MOROCCO	FRANCE	2424
MOROCCO	FRANCE	2425
MOROCCO	FRANCE	2428
MOROCCO	FRANCE	2429
MOROCCO	FRANCE	2430
MOROCCO	FRANCE	2434
MOROCCO	FRANCE	2443
MOROCCO	FRANCE	2451
MOROCCO	FRANCE	2454
MOROCCO	FRANCE	2459
MOROCCO	FRANCE	2460
MOROCCO	FRANCE	2461
MOROCCO	FRANCE	2468
MOROCCO	FRANCE	2477
MOROCCO	FRANCE	2478
MOROCCO	FRANCE	2481
MOROCCO	FRANCE	2487
MOROCCO	FRANCE	2496
MOROCCO	FRANCE	2503
MOROCCO	FRANCE	2504
MOROCCO	FRANCE	2507
MOROCCO	FRANCE	2508
MOROCCO	FRANCE	2513
MOROCCO	FRANCE	2514
MOROCCO	FRANCE	2518
MOROCCO	FRANCE	2523
MOROCCO	FRANCE	2529
MOROCCO	FRANCE	2533
MOROCCO	FRANCE	2539
MOROCCO	FRANCE	2540
MOROCCO	FRANCE	2548
MOROCCO	FRANCE	2551
MOROCCO	FRANCE	2559
MOROCCO	FRANCE	2562
MOROCCO	FRANCE	2566
MOROCCO	FRANCE	2568
MOROCCO	FRANCE	2580
MOROCCO	FRANCE	2581
MOROCCO	FRANCE	2582
MOROCCO	FRANCE	2585
MOROCCO	FRANCE	2594
MOROCCO	FRANCE	2610
MOROCCO	FRANCE	2614
MOROCCO	FRANCE	2616
MOROCCO	FRANCE	2624
MOROCCO	FRANCE	2626
MOROCCO	FRANCE	2631
MOROCCO	FRANCE	2635
MOROCCO	FRANCE	2644
MOROCCO	FRANCE	2646
MOROCCO	FRANCE	2655
MOROCCO	FRANCE	2660
MOROCCO	FRANCE	2662
MOROCCO	FRANCE	2663
MOROCCO	FRANCE	2668
MOROCCO	FRANCE	2669
MOROCCO	FRANCE	2672
MOROCCO	FRANCE	2673
MOROCCO	FRANCE	2675
MOROCCO	FRANCE	2677
MOROCCO	FRANCE	2685
MOROCCO	FRANCE	2690
MOROCCO	FRANCE	2694
MOROCCO	FRANCE	2699
MOROCCO	FRANCE	2701
MOROCCO	FRANCE	2705
MOROCCO	FRANCE	2707
MOROCCO	FRANCE	2726
MOROCCO	FRANCE	2730
MOROCCO	FRANCE	2737
MOROCCO	FRANCE	2740
MOROCCO	FRANCE	2746
MOROCCO	FRANCE	2758
MOROCCO	FRANCE	2760
MOROCCO	FRANCE	2774
MOROCCO	FRANCE	2784
MOROCCO	FRANCE	2787
MOROCCO	FRANCE	2788
MOROCCO	FRANCE	2795
MOROCCO	FRANCE	2796
MOROCCO	FRANCE	2798
MOROCCO	FRANCE	2800
MOROCCO	FRANCE	2810
MOROCCO	FRANCE	2814
MOROCCO	FRANCE	2815
MOROCCO	FRANCE	2828
MOROCCO	FRANCE	2836
MOROCCO	FRANCE	2839
MOROCCO	FRANCE	2843
MOROCCO	FRANCE	2844
MOROCCO	FRANCE	2845
MOROCCO	FRANCE	2848
MOROCCO	FRANCE	2860
MOROCCO	FRANCE	2863
MOROCCO	FRANCE	2867
MOROCCO	FRANCE	2876
MOROCCO	FRANCE	2882
MOROCCO	FRANCE	2885
MOROCCO	FRANCE	2888
MOROCCO	FRANCE	2891
MOROCCO	FRANCE	2894
MOROCCO	FRANCE	2902
MOROCCO	FRANCE	2909
MOROCCO	FRANCE	2911
MOROCCO	FRANCE	2913
MOROCCO	FRANCE	2922
MOROCCO	FRANCE	2932
MOROCCO	FRANCE	2935
MOROCCO	FRANCE	2938
MOROCCO	FRANCE	2943
MOROCCO	FRANCE	2947
MOROCCO	FRANCE	2962
MOROCCO	FRANCE	2967
MOROCCO	FRANCE	2968
MOROCCO	FRANCE	2982
MOROCCO	FRANCE	3013
MOROCCO	FRANCE	3035
MOROCCO	FRANCE	3040
MOROCCO	FRANCE	3047
MOROCCO	FRANCE	3090
MOROCCO	FRANCE	3091
MOROCCO	FRANCE	3094
MOROCCO	FRANCE	3103
MOROCCO	FRANCE	3116
MOROCCO	FRANCE	3130
MOROCCO	FRANCE	3131
MOROCCO	FRANCE	3141
MOROCCO	FRANCE	3152
MOROCCO	FRANCE	3179
MOROCCO	FRANCE	3190
MOROCCO	FRANCE	3195
MOROCCO	FRANCE	3206
MOROCCO	FRANCE	3214
MOROCCO	FRANCE	3219
MOROCCO	FRANCE	3224
MOROCCO	FRANCE	3259
MOROCCO	FRANCE	3267
MOROCCO	FRANCE	3295
MOROCCO	FRANCE	3309
MOROCCO	FRANCE	3310
MOROCCO	FRANCE	3345
MOROCCO	FRANCE	3378
MOROCCO	FRANCE	3401
MOROCCO	FRANCE	3443
MOROCCO	FRANCE	3454
MOROCCO	FRANCE	3477
MOROCCO	FRANCE	3490
MOROCCO	FRANCE	3492
MOROCCO	FRANCE	3502
MOROCCO	FRANCE	3514
MOROCCO	FRANCE	3545
MOROCCO	FRANCE	3549
MOROCCO	FRANCE	3568
MOROCCO	FRANCE	3617
MOROCCO	FRANCE	3625
MOROCCO	FRANCE	3652
MOROCCO	FRANCE	3690
MOROCCO	FRANCE	3743
MOROCCO	FRANCE	3943
MOROCCO	FRANCE	3963
MOROCCO	FRANCE	4041
MOROCCO	FRANCE	4049
MOROCCO	FRANCE	4073
MOROCCO	FRANCE	4077
MOROCCO	FRANCE	4152
MOROCCO	FRANCE	4169
MOROCCO	FRANCE	4287
MOROCCO	FRANCE	4352
MOROCCO	FRANCE	4369
MOROCCO	FRANCE	4399
MOROCCO	FRANCE	4423
MOROCCO	FRANCE	4447
MOROCCO	FRANCE	4572
MOROCCO	FRANCE	4725
MOROCCO	FRANCE	4943
MOROCCO	FRANCE	5461
MOROCCO	FRANCE	5463
MOROCCO	FRANCE	5512
MOROCCO	FRANCE	5577
MOROCCO	FRANCE	5593
MOROCCO	FRANCE	5606
MOROCCO	FRANCE	5643
MOROCCO	FRANCE	5723
MOROCCO	FRANCE	5730
MOROCCO	FRANCE	5836
MOROCCO	FRANCE	5857
MOROCCO	FRANCE	5870
MOROCCO	FRANCE	5932
MOROCCO	FRANCE	6000
MOROCCO	FRANCE	6066
MOROCCO	FRANCE	6070
MOROCCO	FRANCE	6084
MOROCCO	FRANCE	6139
MOROCCO	FRANCE	6159
MOROCCO	FRANCE	6304
MOROCCO	FRANCE	6305
MOROCCO	FRANCE	6405
MOROCCO	FRANCE	6502
MOROCCO	FRANCE	6556
MOROCCO	FRANCE	6635
MOROCCO	FRANCE	6682
MOROCCO	FRANCE	6691
MOROCCO	FRANCE	6720
MOROCCO	FRANCE	6730
MOROCCO	FRANCE	6749
MOROCCO	FRANCE	6853
MOROCCO	FRANCE	6885
MOROCCO	FRANCE	6916
MOROCCO	FRANCE	6952
MOROCCO	FRANCE	6986
MOROCCO	FRANCE	6992
MOROCCO	FRANCE	7131
MOROCCO	FRANCE	7170
MOROCCO	FRANCE	7190
MOROCCO	FRANCE	7193
MOROCCO	FRANCE	7204
MOROCCO	FRANCE	7247
MOROCCO	FRANCE	7276
MOROCCO	FRANCE	7308
MOROCCO	FRANCE	7331
MOROCCO	FRANCE	7343
MOROCCO	FRANCE	7416
MOROCCO	FRANCE	7464
MOROCCO	FRANCE	7484
MOROCCO	FRANCE	7486
MOROCCO	FRANCE	7538
MOROCCO	FRANCE	7559
MOROCCO	FRANCE	7594
MOROCCO	FRANCE	7659
MOROCCO	FRANCE	7832
MOROCCO	FRANCE	7857
MOROCCO	FRANCE	7925
MOROCCO	FRANCE	8069
MOROCCO	FRANCE	8088
MOROCCO	FRANCE	8173
MOROCCO	FRANCE	8197
MOROCCO	FRANCE	8202
MOROCCO	FRANCE	8232
MOROCCO	FRANCE	8245
MOROCCO	FRANCE	8465
MOROCCO	FRANCE	8474
MOROCCO	FRANCE	8512
MOROCCO	FRANCE	8535
MOROCCO	FRANCE	8564
MOROCCO	FRANCE	8575
MOROCCO	FRANCE	8625
MOROCCO	FRANCE	8691
MOROCCO	FRANCE	8716
MOROCCO	FRANCE	8717
MOROCCO	FRANCE	8741
MOROCCO	FRANCE	8814
MOROCCO	FRANCE	8864
MOROCCO	FRANCE	8867
MOROCCO	FRANCE	8877
MOROCCO	FRANCE	8880
MOROCCO	FRANCE	8909
MOROCCO	FRANCE	8937
MOROCCO	FRANCE	9005
MOROCCO	FRANCE	9010
MOROCCO	FRANCE	9027
MOROCCO	FRANCE	9038
MOROCCO	FRANCE	9072
MOROCCO	FRANCE	9083
MOROCCO	FRANCE	9087
MOROCCO	FRANCE	9090
MOROCCO	FRANCE	9106
MOROCCO	FRANCE	9145
MOROCCO	FRANCE	9158
MOROCCO	FRANCE	9225
MOROCCO	FRANCE	9273
MOROCCO	FRANCE	9296
MOROCCO	FRANCE	9315
MOROCCO	FRANCE	9366
MOROCCO	FRANCE	9367
MOROCCO	FRANCE	9381
MOROCCO	FRANCE	9382
MOROCCO	FRANCE	9388
MOROCCO	FRANCE	9391
MOROCCO	FRANCE	9446
MOROCCO	FRANCE	9463
MOROCCO	FRANCE	9503
MOROCCO	FRANCE	9504
MOROCCO	FRANCE	9543
MOROCCO	FRANCE	9546
MOROCCO	FRANCE	9580
MOROCCO	FRANCE	9600
MOROCCO	FRANCE	9607
MOROCCO	FRANCE	9632
MOROCCO	FRANCE	9747
MOROCCO	FRANCE	9833
MOROCCO	FRANCE	9905
MOROCCO	FRANCE	9912
MOROCCO	FRANCE	9950
MOROCCO	FRANCE	9981
MOZAMBIQUE	FRANCE	1004
MOZAMBIQUE	FRANCE	1010
MOZAMBIQUE	FRANCE	1015
MOZAMBIQUE	FRANCE	1016
MOZAMBIQUE	FRANCE	1017
MOZAMBIQUE	FRANCE	1026
MOZAMBIQUE	FRANCE	1030
MOZAMBIQUE	FRANCE	1042
MOZAMBIQUE	FRANCE	1060
MOZAMBIQUE	FRANCE	1062
MOZAMBIQUE	FRANCE	1063
MOZAMBIQUE	FRANCE	1077
MOZAMBIQUE	FRANCE	1082
MOZAMBIQUE	FRANCE	1083
MOZAMBIQUE	FRANCE	1086
MOZAMBIQUE	FRANCE	1087
MOZAMBIQUE	FRANCE	1088
MOZAMBIQUE	FRANCE	1090
MOZAMBIQUE	FRANCE	1095
MOZAMBIQUE	FRANCE	1097
MOZAMBIQUE	FRANCE	1107
MOZAMBIQUE	FRANCE	1109
MOZAMBIQUE	FRANCE	1117
MOZAMBIQUE	FRANCE	1118
MOZAMBIQUE	FRANCE	1125
MOZAMBIQUE	FRANCE	1129
MOZAMBIQUE	FRANCE	1140
MOZAMBIQUE	FRANCE	1148
MOZAMBIQUE	FRANCE	1152
MOZAMBIQUE	FRANCE	1161
MOZAMBIQUE	FRANCE	1162
MOZAMBIQUE	FRANCE	1178
MOZAMBIQUE	FRANCE	1179
MOZAMBIQUE	FRANCE	1186
MOZAMBIQUE	FRANCE	1187
MOZAMBIQUE	FRANCE	1191
MOZAMBIQUE	FRANCE	1193
MOZAMBIQUE	FRANCE	1195
MOZAMBIQUE	FRANCE	1199
MOZAMBIQUE	FRANCE	1203
MOZAMBIQUE	FRANCE	1210
MOZAMBIQUE	FRANCE	1212
MOZAMBIQUE	FRANCE	1221
MOZAMBIQUE	FRANCE	1224
MOZAMBIQUE	FRANCE	1226
MOZAMBIQUE	FRANCE	1231
MOZAMBIQUE	FRANCE	1233
MOZAMBIQUE	FRANCE	1235
MOZAMBIQUE	FRANCE	1237
MOZAMBIQUE	FRANCE	1246
MOZAMBIQUE	FRANCE	1247
MOZAMBIQUE	FRANCE	1250
MOZAMBIQUE	FRANCE	1253
MOZAMBIQUE	FRANCE	1254
MOZAMBIQUE	FRANCE	1256
MOZAMBIQUE	FRANCE	1267
MOZAMBIQUE	FRANCE	1268
MOZAMBIQUE	FRANCE	1277
MOZAMBIQUE	FRANCE	1280
MOZAMBIQUE	FRANCE	1285
MOZAMBIQUE	FRANCE	1289
MOZAMBIQUE	FRANCE	1291
MOZAMBIQUE	FRANCE	1292
MOZAMBIQUE	FRANCE	1293
MOZAMBIQUE	FRANCE	1297
MOZAMBIQUE	FRANCE	1305
MOZAMBIQUE	FRANCE	1306
MOZAMBIQUE	FRANCE	1308
MOZAMBIQUE	FRANCE	1310
MOZAMBIQUE	FRANCE	1334
MOZAMBIQUE	FRANCE	1336
MOZAMBIQUE	FRANCE	1338
MOZAMBIQUE	FRANCE	1340
MOZAMBIQUE	FRANCE	1341
MOZAMBIQUE	FRANCE	1342
MOZAMBIQUE	FRANCE	1355
MOZAMBIQUE	FRANCE	1361
MOZAMBIQUE	FRANCE	1363
MOZAMBIQUE	FRANCE	1365
MOZAMBIQUE	FRANCE	1366
MOZAMBIQUE	FRANCE	1368
MOZAMBIQUE	FRANCE	1371
MOZAMBIQUE	FRANCE	1372
MOZAMBIQUE	FRANCE	1373
MOZAMBIQUE	FRANCE	1375
MOZAMBIQUE	FRANCE	1379
MOZAMBIQUE	FRANCE	1380
MOZAMBIQUE	FRANCE	1384
MOZAMBIQUE	FRANCE	1386
MOZAMBIQUE	FRANCE	1394
MOZAMBIQUE	FRANCE	1395
MOZAMBIQUE	FRANCE	1396
MOZAMBIQUE	FRANCE	1399
MOZAMBIQUE	FRANCE	1403
MOZAMBIQUE	FRANCE	1407
MOZAMBIQUE	FRANCE	1416
MOZAMBIQUE	FRANCE	1417
MOZAMBIQUE	FRANCE	1418
MOZAMBIQUE	FRANCE	1422
MOZAMBIQUE	FRANCE	1425
MOZAMBIQUE	FRANCE	1428
MOZAMBIQUE	FRANCE	1439
MOZAMBIQUE	FRANCE	1440
MOZAMBIQUE	FRANCE	1443
MOZAMBIQUE	FRANCE	1447
MOZAMBIQUE	FRANCE	1449
MOZAMBIQUE	FRANCE	1450
MOZAMBIQUE	FRANCE	1457
MOZAMBIQUE	FRANCE	1459
MOZAMBIQUE	FRANCE	1460
MOZAMBIQUE	FRANCE	1462
MOZAMBIQUE	FRANCE	1463
MOZAMBIQUE	FRANCE	1473
MOZAMBIQUE	FRANCE	1475
MOZAMBIQUE	FRANCE	1476
MOZAMBIQUE	FRANCE	1479
MOZAMBIQUE	FRANCE	1481
MOZAMBIQUE	FRANCE	1482
MOZAMBIQUE	FRANCE	1483
MOZAMBIQUE	FRANCE	1484
MOZAMBIQUE	FRANCE	1486
MOZAMBIQUE	FRANCE	1492
MOZAMBIQUE	FRANCE	1494
MOZAMBIQUE	FRANCE	1498
MOZAMBIQUE	FRANCE	1502
MOZAMBIQUE	FRANCE	1505
MOZAMBIQUE	FRANCE	1511
MOZAMBIQUE	FRANCE	1518
MOZAMBIQUE	FRANCE	1520
MOZAMBIQUE	FRANCE	1521
MOZAMBIQUE	FRANCE	1522
MOZAMBIQUE	FRANCE	1524
MOZAMBIQUE	FRANCE	1526
MOZAMBIQUE	FRANCE	1530
MOZAMBIQUE	FRANCE	1532
MOZAMBIQUE	FRANCE	1533
MOZAMBIQUE	FRANCE	1545
MOZAMBIQUE	FRANCE	1546
MOZAMBIQUE	FRANCE	1548
MOZAMBIQUE	FRANCE	1551
MOZAMBIQUE	FRANCE	1553
MOZAMBIQUE	FRANCE	1554
MOZAMBIQUE	FRANCE	1555
MOZAMBIQUE	FRANCE	1558
MOZAMBIQUE	FRANCE	1559
MOZAMBIQUE	FRANCE	1562
MOZAMBIQUE	FRANCE	1563
MOZAMBIQUE	FRANCE	1564
MOZAMBIQUE	FRANCE	1574
MOZAMBIQUE	FRANCE	1576
MOZAMBIQUE	FRANCE	1579
MOZAMBIQUE	FRANCE	1580
MOZAMBIQUE	FRANCE	1581
MOZAMBIQUE	FRANCE	1582
MOZAMBIQUE	FRANCE	1589
MOZAMBIQUE	FRANCE	1594
MOZAMBIQUE	FRANCE	1596
MOZAMBIQUE	FRANCE	1600
MOZAMBIQUE	FRANCE	1601
MOZAMBIQUE	FRANCE	1608
MOZAMBIQUE	FRANCE	1609
MOZAMBIQUE	FRANCE	1614
MOZAMBIQUE	FRANCE	1616
MOZAMBIQUE	FRANCE	1623
MOZAMBIQUE	FRANCE	1626
MOZAMBIQUE	FRANCE	1634
MOZAMBIQUE	FRANCE	1638
MOZAMBIQUE	FRANCE	1642
MOZAMBIQUE	FRANCE	1648
MOZAMBIQUE	FRANCE	1651
MOZAMBIQUE	FRANCE	1652
MOZAMBIQUE	FRANCE	1653
MOZAMBIQUE	FRANCE	1656
MOZAMBIQUE	FRANCE	1657
MOZAMBIQUE	FRANCE	1661
MOZAMBIQUE	FRANCE	1665
MOZAMBIQUE	FRANCE	1667
MOZAMBIQUE	FRANCE	1671
MOZAMBIQUE	FRANCE	1676
MOZAMBIQUE	FRANCE	1679
MOZAMBIQUE	FRANCE	1683
MOZAMBIQUE	FRANCE	1688
MOZAMBIQUE	FRANCE	1695
MOZAMBIQUE	FRANCE	1696
MOZAMBIQUE	FRANCE	1698
MOZAMBIQUE	FRANCE	1700
MOZAMBIQUE	FRANCE	1703
MOZAMBIQUE	FRANCE	1706
MOZAMBIQUE	FRANCE	1708
MOZAMBIQUE	FRANCE	1721
MOZAMBIQUE	FRANCE	1726
MOZAMBIQUE	FRANCE	1734
MOZAMBIQUE	FRANCE	1735
MOZAMBIQUE	FRANCE	1738
MOZAMBIQUE	FRANCE	1740
MOZAMBIQUE	FRANCE	1741
MOZAMBIQUE	FRANCE	1747
MOZAMBIQUE	FRANCE	1757
MOZAMBIQUE	FRANCE	1764
MOZAMBIQUE	FRANCE	1766
MOZAMBIQUE	FRANCE	1768
MOZAMBIQUE	FRANCE	1772
MOZAMBIQUE	FRANCE	1777
MOZAMBIQUE	FRANCE	1782
MOZAMBIQUE	FRANCE	1790
MOZAMBIQUE	FRANCE	1794
MOZAMBIQUE	FRANCE	1795
MOZAMBIQUE	FRANCE	1796
MOZAMBIQUE	FRANCE	1801
MOZAMBIQUE	FRANCE	1806
MOZAMBIQUE	FRANCE	1808
MOZAMBIQUE	FRANCE	1809
MOZAMBIQUE	FRANCE	1812
MOZAMBIQUE	FRANCE	1813
MOZAMBIQUE	FRANCE	1817
MOZAMBIQUE	FRANCE	1819
MOZAMBIQUE	FRANCE	1821
MOZAMBIQUE	FRANCE	1824
MOZAMBIQUE	FRANCE	1831
MOZAMBIQUE	FRANCE	1836
MOZAMBIQUE	FRANCE	1837
MOZAMBIQUE	FRANCE	1842
MOZAMBIQUE	FRANCE	1843
MOZAMBIQUE	FRANCE	1844
MOZAMBIQUE	FRANCE	1847
MOZAMBIQUE	FRANCE	1849
MOZAMBIQUE	FRANCE	1851
MOZAMBIQUE	FRANCE	1855
MOZAMBIQUE	FRANCE	1858
MOZAMBIQUE	FRANCE	1860
MOZAMBIQUE	FRANCE	1866
MOZAMBIQUE	FRANCE	1869
MOZAMBIQUE	FRANCE	1870
MOZAMBIQUE	FRANCE	1875
MOZAMBIQUE	FRANCE	1882
MOZAMBIQUE	FRANCE	1885
MOZAMBIQUE	FRANCE	1892
MOZAMBIQUE	FRANCE	1896
MOZAMBIQUE	FRANCE	1899
MOZAMBIQUE	FRANCE	1900
MOZAMBIQUE	FRANCE	1901
MOZAMBIQUE	FRANCE	1903
MOZAMBIQUE	FRANCE	1904
MOZAMBIQUE	FRANCE	1905
MOZAMBIQUE	FRANCE	1907
MOZAMBIQUE	FRANCE	1909
MOZAMBIQUE	FRANCE	1915
MOZAMBIQUE	FRANCE	1917
MOZAMBIQUE	FRANCE	1920
MOZAMBIQUE	FRANCE	1926
MOZAMBIQUE	FRANCE	1927
MOZAMBIQUE	FRANCE	1929
MOZAMBIQUE	FRANCE	1935
MOZAMBIQUE	FRANCE	1936
MOZAMBIQUE	FRANCE	1938
MOZAMBIQUE	FRANCE	1939
MOZAMBIQUE	FRANCE	1941
MOZAMBIQUE	FRANCE	1942
MOZAMBIQUE	FRANCE	1945
MOZAMBIQUE	FRANCE	1946
MOZAMBIQUE	FRANCE	1948
MOZAMBIQUE	FRANCE	1951
MOZAMBIQUE	FRANCE	1955
MOZAMBIQUE	FRANCE	1957
MOZAMBIQUE	FRANCE	1958
MOZAMBIQUE	FRANCE	1959
MOZAMBIQUE	FRANCE	1964
MOZAMBIQUE	FRANCE	1967
MOZAMBIQUE	FRANCE	1968
MOZAMBIQUE	FRANCE	1969
MOZAMBIQUE	FRANCE	1970
MOZAMBIQUE	FRANCE	1972
MOZAMBIQUE	FRANCE	1977
MOZAMBIQUE	FRANCE	1981
MOZAMBIQUE	FRANCE	1982
MOZAMBIQUE	FRANCE	1983
MOZAMBIQUE	FRANCE	1984
MOZAMBIQUE	FRANCE	1995
MOZAMBIQUE	FRANCE	1998
MOZAMBIQUE	FRANCE	2000
MOZAMBIQUE	FRANCE	2008
MOZAMBIQUE	FRANCE	2009
MOZAMBIQUE	FRANCE	2013
MOZAMBIQUE	FRANCE	2015
MOZAMBIQUE	FRANCE	2019
MOZAMBIQUE	FRANCE	2020
MOZAMBIQUE	FRANCE	2024
MOZAMBIQUE	FRANCE	2028
MOZAMBIQUE	FRANCE	2031
MOZAMBIQUE	FRANCE	2032
MOZAMBIQUE	FRANCE	2037
MOZAMBIQUE	FRANCE	2039
MOZAMBIQUE	FRANCE	2040
MOZAMBIQUE	FRANCE	2041
MOZAMBIQUE	FRANCE	2045
MOZAMBIQUE	FRANCE	2046
MOZAMBIQUE	FRANCE	2053
MOZAMBIQUE	FRANCE	2054
MOZAMBIQUE	FRANCE	2056
MOZAMBIQUE	FRANCE	2057
MOZAMBIQUE	FRANCE	2060
MOZAMBIQUE	FRANCE	2063
MOZAMBIQUE	FRANCE	2064
MOZAMBIQUE	FRANCE	2068
MOZAMBIQUE	FRANCE	2072
MOZAMBIQUE	FRANCE	2073
MOZAMBIQUE	FRANCE	2077
MOZAMBIQUE	FRANCE	2079
MOZAMBIQUE	FRANCE	2087
MOZAMBIQUE	FRANCE	2089
MOZAMBIQUE	FRANCE	2091
MOZAMBIQUE	FRANCE	2099
MOZAMBIQUE	FRANCE	2103
MOZAMBIQUE	FRANCE	2113
MOZAMBIQUE	FRANCE	2116
MOZAMBIQUE	FRANCE	2119
MOZAMBIQUE	FRANCE	2120
MOZAMBIQUE	FRANCE	2121
MOZAMBIQUE	FRANCE	2123
MOZAMBIQUE	FRANCE	2125
MOZAMBIQUE	FRANCE	2130
MOZAMBIQUE	FRANCE	2132
MOZAMBIQUE	FRANCE	2134
MOZAMBIQUE	FRANCE	2139
MOZAMBIQUE	FRANCE	2142
MOZAMBIQUE	FRANCE	2145
MOZAMBIQUE	FRANCE	2146
MOZAMBIQUE	FRANCE	2147
MOZAMBIQUE	FRANCE	2154
MOZAMBIQUE	FRANCE	2155
MOZAMBIQUE	FRANCE	2161
MOZAMBIQUE	FRANCE	2166
MOZAMBIQUE	FRANCE	2168
MOZAMBIQUE	FRANCE	2178
MOZAMBIQUE	FRANCE	2185
MOZAMBIQUE	FRANCE	2187
MOZAMBIQUE	FRANCE	2188
MOZAMBIQUE	FRANCE	2190
MOZAMBIQUE	FRANCE	2191
MOZAMBIQUE	FRANCE	2196
MOZAMBIQUE	FRANCE	2210
MOZAMBIQUE	FRANCE	2213
MOZAMBIQUE	FRANCE	2214
MOZAMBIQUE	FRANCE	2215
MOZAMBIQUE	FRANCE	2219
MOZAMBIQUE	FRANCE	2220
MOZAMBIQUE	FRANCE	2221
MOZAMBIQUE	FRANCE	2222
MOZAMBIQUE	FRANCE	2226
MOZAMBIQUE	FRANCE	2233
MOZAMBIQUE	FRANCE	2236
MOZAMBIQUE	FRANCE	2247
MOZAMBIQUE	FRANCE	2285
MOZAMBIQUE	FRANCE	2292
MOZAMBIQUE	FRANCE	2294
MOZAMBIQUE	FRANCE	2296
MOZAMBIQUE	FRANCE	2302
MOZAMBIQUE	FRANCE	2303
MOZAMBIQUE	FRANCE	2304
MOZAMBIQUE	FRANCE	2309
MOZAMBIQUE	FRANCE	2312
MOZAMBIQUE	FRANCE	2313
MOZAMBIQUE	FRANCE	2318
MOZAMBIQUE	FRANCE	2319
MOZAMBIQUE	FRANCE	2320
MOZAMBIQUE	FRANCE	2323
MOZAMBIQUE	FRANCE	2327
MOZAMBIQUE	FRANCE	2346
MOZAMBIQUE	FRANCE	2347
MOZAMBIQUE	FRANCE	2369
MOZAMBIQUE	FRANCE	2371
MOZAMBIQUE	FRANCE	2373
MOZAMBIQUE	FRANCE	2375
MOZAMBIQUE	FRANCE	2384
MOZAMBIQUE	FRANCE	2392
MOZAMBIQUE	FRANCE	2393
MOZAMBIQUE	FRANCE	2395
MOZAMBIQUE	FRANCE	2398
MOZAMBIQUE	FRANCE	2400
MOZAMBIQUE	FRANCE	2408
MOZAMBIQUE	FRANCE	2412
MOZAMBIQUE	FRANCE	2419
MOZAMBIQUE	FRANCE	2427
MOZAMBIQUE	FRANCE	2428
MOZAMBIQUE	FRANCE	2431
MOZAMBIQUE	FRANCE	2435
MOZAMBIQUE	FRANCE	2436
MOZAMBIQUE	FRANCE	2441
MOZAMBIQUE	FRANCE	2443
MOZAMBIQUE	FRANCE	2456
MOZAMBIQUE	FRANCE	2460
MOZAMBIQUE	FRANCE	2465
MOZAMBIQUE	FRANCE	2470
MOZAMBIQUE	FRANCE	2472
MOZAMBIQUE	FRANCE	2473
MOZAMBIQUE	FRANCE	2480
MOZAMBIQUE	FRANCE	2481
MOZAMBIQUE	FRANCE	2482
MOZAMBIQUE	FRANCE	2487
MOZAMBIQUE	FRANCE	2490
MOZAMBIQUE	FRANCE	2493
MOZAMBIQUE	FRANCE	2494
MOZAMBIQUE	FRANCE	2499
MOZAMBIQUE	FRANCE	2502
MOZAMBIQUE	FRANCE	2504
MOZAMBIQUE	FRANCE	2505
MOZAMBIQUE	FRANCE	2511
MOZAMBIQUE	FRANCE	2513
MOZAMBIQUE	FRANCE	2516
MOZAMBIQUE	FRANCE	2523
MOZAMBIQUE	FRANCE	2534
MOZAMBIQUE	FRANCE	2537
MOZAMBIQUE	FRANCE	2553
MOZAMBIQUE	FRANCE	2555
MOZAMBIQUE	FRANCE	2558
MOZAMBIQUE	FRANCE	2559
MOZAMBIQUE	FRANCE	2562
MOZAMBIQUE	FRANCE	2568
MOZAMBIQUE	FRANCE	2579
MOZAMBIQUE	FRANCE	2580
MOZAMBIQUE	FRANCE	2581
MOZAMBIQUE	FRANCE	2583
MOZAMBIQUE	FRANCE	2585
MOZAMBIQUE	FRANCE	2586
MOZAMBIQUE	FRANCE	2589
MOZAMBIQUE	FRANCE	2598
MOZAMBIQUE	FRANCE	2602
MOZAMBIQUE	FRANCE	2605
MOZAMBIQUE	FRANCE	2614
MOZAMBIQUE	FRANCE	2627
MOZAMBIQUE	FRANCE	2632
MOZAMBIQUE	FRANCE	2634
MOZAMBIQUE	FRANCE	2639
MOZAMBIQUE	FRANCE	2640
MOZAMBIQUE	FRANCE	2642
MOZAMBIQUE	FRANCE	2647
MOZAMBIQUE	FRANCE	2651
MOZAMBIQUE	FRANCE	2662
MOZAMBIQUE	FRANCE	2668
MOZAMBIQUE	FRANCE	2672
MOZAMBIQUE	FRANCE	2673
MOZAMBIQUE	FRANCE	2676
MOZAMBIQUE	FRANCE	2680
MOZAMBIQUE	FRANCE	2685
MOZAMBIQUE	FRANCE	2692
MOZAMBIQUE	FRANCE	2693
MOZAMBIQUE	FRANCE	2699
MOZAMBIQUE	FRANCE	2700
MOZAMBIQUE	FRANCE	2702
MOZAMBIQUE	FRANCE	2704
MOZAMBIQUE	FRANCE	2710
MOZAMBIQUE	FRANCE	2718
MOZAMBIQUE	FRANCE	2728
MOZAMBIQUE	FRANCE	2734
MOZAMBIQUE	FRANCE	2737
MOZAMBIQUE	FRANCE	2740
MOZAMBIQUE	FRANCE	2745
MOZAMBIQUE	FRANCE	2758
MOZAMBIQUE	FRANCE	2761
MOZAMBIQUE	FRANCE	2769
MOZAMBIQUE	FRANCE	2772
MOZAMBIQUE	FRANCE	2778
MOZAMBIQUE	FRANCE	2783
MOZAMBIQUE	FRANCE	2786
MOZAMBIQUE	FRANCE	2787
MOZAMBIQUE	FRANCE	2788
MOZAMBIQUE	FRANCE	2791
MOZAMBIQUE	FRANCE	2799
MOZAMBIQUE	FRANCE	2800
MOZAMBIQUE	FRANCE	2815
MOZAMBIQUE	FRANCE	2823
MOZAMBIQUE	FRANCE	2824
MOZAMBIQUE	FRANCE	2828
MOZAMBIQUE	FRANCE	2836
MOZAMBIQUE	FRANCE	2840
MOZAMBIQUE	FRANCE	2842
MOZAMBIQUE	FRANCE	2843
MOZAMBIQUE	FRANCE	2855
MOZAMBIQUE	FRANCE	2856
MOZAMBIQUE	FRANCE	2864
MOZAMBIQUE	FRANCE	2870
MOZAMBIQUE	FRANCE	2881
MOZAMBIQUE	FRANCE	2884
MOZAMBIQUE	FRANCE	2885
MOZAMBIQUE	FRANCE	2888
MOZAMBIQUE	FRANCE	2894
MOZAMBIQUE	FRANCE	2899
MOZAMBIQUE	FRANCE	2908
MOZAMBIQUE	FRANCE	2909
MOZAMBIQUE	FRANCE	2926
MOZAMBIQUE	FRANCE	2932
MOZAMBIQUE	FRANCE	2935
MOZAMBIQUE	FRANCE	2936
MOZAMBIQUE	FRANCE	2941
MOZAMBIQUE	FRANCE	2945
MOZAMBIQUE	FRANCE	2946
MOZAMBIQUE	FRANCE	2947
MOZAMBIQUE	FRANCE	2958
MOZAMBIQUE	FRANCE	2978
MOZAMBIQUE	FRANCE	2979
MOZAMBIQUE	FRANCE	2987
MOZAMBIQUE	FRANCE	2991
MOZAMBIQUE	FRANCE	3009
MOZAMBIQUE	FRANCE	3013
MOZAMBIQUE	FRANCE	3014
MOZAMBIQUE	FRANCE	3047
MOZAMBIQUE	FRANCE	3060
MOZAMBIQUE	FRANCE	3064
MOZAMBIQUE	FRANCE	3075
MOZAMBIQUE	FRANCE	3090
MOZAMBIQUE	FRANCE	3095
MOZAMBIQUE	FRANCE	3098
MOZAMBIQUE	FRANCE	3099
MOZAMBIQUE	FRANCE	3103
MOZAMBIQUE	FRANCE	3116
MOZAMBIQUE	FRANCE	3131
MOZAMBIQUE	FRANCE	3136
MOZAMBIQUE	FRANCE	3140
MOZAMBIQUE	FRANCE	3152
MOZAMBIQUE	FRANCE	3159
MOZAMBIQUE	FRANCE	3208
MOZAMBIQUE	FRANCE	3214
MOZAMBIQUE	FRANCE	3216
MOZAMBIQUE	FRANCE	3220
MOZAMBIQUE	FRANCE	3223
MOZAMBIQUE	FRANCE	3226
MOZAMBIQUE	FRANCE	3237
MOZAMBIQUE	FRANCE	3243
MOZAMBIQUE	FRANCE	3268
MOZAMBIQUE	FRANCE	3270
MOZAMBIQUE	FRANCE	3277
MOZAMBIQUE	FRANCE	3284
MOZAMBIQUE	FRANCE	3289
MOZAMBIQUE	FRANCE	3309
MOZAMBIQUE	FRANCE	3315
MOZAMBIQUE	FRANCE	3326
MOZAMBIQUE	FRANCE	3372
MOZAMBIQUE	FRANCE	3373
MOZAMBIQUE	FRANCE	3377
MOZAMBIQUE	FRANCE	3394
MOZAMBIQUE	FRANCE	3427
MOZAMBIQUE	FRANCE	3428
MOZAMBIQUE	FRANCE	3477
MOZAMBIQUE	FRANCE	3531
MOZAMBIQUE	FRANCE	3545
MOZAMBIQUE	FRANCE	3549
MOZAMBIQUE	FRANCE	3556
MOZAMBIQUE	FRANCE	3643
MOZAMBIQUE	FRANCE	3697
MOZAMBIQUE	FRANCE	3726
MOZAMBIQUE	FRANCE	3801
MOZAMBIQUE	FRANCE	3844
MOZAMBIQUE	FRANCE	3865
MOZAMBIQUE	FRANCE	3901
MOZAMBIQUE	FRANCE	3908
MOZAMBIQUE	FRANCE	3993
MOZAMBIQUE	FRANCE	4036
MOZAMBIQUE	FRANCE	4106
MOZAMBIQUE	FRANCE	4117
MOZAMBIQUE	FRANCE	4161
MOZAMBIQUE	FRANCE	4272
MOZAMBIQUE	FRANCE	4276
MOZAMBIQUE	FRANCE	4540
MOZAMBIQUE	FRANCE	4769
MOZAMBIQUE	FRANCE	4781
MOZAMBIQUE	FRANCE	4908
MOZAMBIQUE	FRANCE	4946
MOZAMBIQUE	FRANCE	4956
MOZAMBIQUE	FRANCE	4999
MOZAMBIQUE	FRANCE	5012
MOZAMBIQUE	FRANCE	5046
MOZAMBIQUE	FRANCE	5064
MOZAMBIQUE	FRANCE	5079
MOZAMBIQUE	FRANCE	5178
MOZAMBIQUE	FRANCE	5430
MOZAMBIQUE	FRANCE	5476
MOZAMBIQUE	FRANCE	5625
MOZAMBIQUE	FRANCE	5638
MOZAMBIQUE	FRANCE	5640
MOZAMBIQUE	FRANCE	5643
MOZAMBIQUE	FRANCE	5697
MOZAMBIQUE	FRANCE	5698
MOZAMBIQUE	FRANCE	5880
MOZAMBIQUE	FRANCE	5928
MOZAMBIQUE	FRANCE	6038
MOZAMBIQUE	FRANCE	6071
MOZAMBIQUE	FRANCE	6127
MOZAMBIQUE	FRANCE	6187
MOZAMBIQUE	FRANCE	6302
MOZAMBIQUE	FRANCE	6311
MOZAMBIQUE	FRANCE	6350
MOZAMBIQUE	FRANCE	6414
MOZAMBIQUE	FRANCE	6440
MOZAMBIQUE	FRANCE	6444
MOZAMBIQUE	FRANCE	6471
MOZAMBIQUE	FRANCE	6545
MOZAMBIQUE	FRANCE	6593
MOZAMBIQUE	FRANCE	6655
MOZAMBIQUE	FRANCE	6690
MOZAMBIQUE	FRANCE	6751
MOZAMBIQUE	FRANCE	6755
MOZAMBIQUE	FRANCE	6915
MOZAMBIQUE	FRANCE	6952
MOZAMBIQUE	FRANCE	7110
MOZAMBIQUE	FRANCE	7158
MOZAMBIQUE	FRANCE	7193
MOZAMBIQUE	FRANCE	7249
MOZAMBIQUE	FRANCE	7312
MOZAMBIQUE	FRANCE	7343
MOZAMBIQUE	FRANCE	7413
MOZAMBIQUE	FRANCE	7495
MOZAMBIQUE	FRANCE	7563
MOZAMBIQUE	FRANCE	7653
MOZAMBIQUE	FRANCE	7819
MOZAMBIQUE	FRANCE	7887
MOZAMBIQUE	FRANCE	7902
MOZAMBIQUE	FRANCE	7912
MOZAMBIQUE	FRANCE	7936
MOZAMBIQUE	FRANCE	7983
MOZAMBIQUE	FRANCE	8094
MOZAMBIQUE	FRANCE	8194
MOZAMBIQUE	FRANCE	8203
MOZAMBIQUE	FRANCE	8268
MOZAMBIQUE	FRANCE	8306
MOZAMBIQUE	FRANCE	8342
MOZAMBIQUE	FRANCE	8368
MOZAMBIQUE	FRANCE	8373
MOZAMBIQUE	FRANCE	8465
MOZAMBIQUE	FRANCE	8475
MOZAMBIQUE	FRANCE	8492
MOZAMBIQUE	FRANCE	8631
MOZAMBIQUE	FRANCE	8690
MOZAMBIQUE	FRANCE	8717
MOZAMBIQUE	FRANCE	8745
MOZAMBIQUE	FRANCE	8830
MOZAMBIQUE	FRANCE	8857
MOZAMBIQUE	FRANCE	8927
MOZAMBIQUE	FRANCE	8954
MOZAMBIQUE	FRANCE	9061
MOZAMBIQUE	FRANCE	9103
MOZAMBIQUE	FRANCE	9142
MOZAMBIQUE	FRANCE	9160
MOZAMBIQUE	FRANCE	9216
MOZAMBIQUE	FRANCE	9248
MOZAMBIQUE	FRANCE	9263
MOZAMBIQUE	FRANCE	9399
MOZAMBIQUE	FRANCE	9578
MOZAMBIQUE	FRANCE	9589
MOZAMBIQUE	FRANCE	9604
MOZAMBIQUE	FRANCE	9632
MOZAMBIQUE	FRANCE	9670
MOZAMBIQUE	FRANCE	9684
MOZAMBIQUE	FRANCE	9697
MOZAMBIQUE	FRANCE	9813
MOZAMBIQUE	FRANCE	9850
MOZAMBIQUE	FRANCE	9864
MOZAMBIQUE	FRANCE	9968
PERU	FRANCE	1005
PERU	FRANCE	1010
PERU	FRANCE	1014
PERU	FRANCE	1015
PERU	FRANCE	1016
PERU	FRANCE	1028
PERU	FRANCE	1035
PERU	FRANCE	1042
PERU	FRANCE	1049
PERU	FRANCE	1050
PERU	FRANCE	1053
PERU	FRANCE	1060
PERU	FRANCE	1063
PERU	FRANCE	1068
PERU	FRANCE	1070
PERU	FRANCE	1073
PERU	FRANCE	1077
PERU	FRANCE	1080
PERU	FRANCE	1083
PERU	FRANCE	1086
PERU	FRANCE	1088
PERU	FRANCE	1092
PERU	FRANCE	1094
PERU	FRANCE	1108
PERU	FRANCE	1111
PERU	FRANCE	1112
PERU	FRANCE	1115
PERU	FRANCE	1117
PERU	FRANCE	1122
PERU	FRANCE	1124
PERU	FRANCE	1127
PERU	FRANCE	1128
PERU	FRANCE	1131
PERU	FRANCE	1133
PERU	FRANCE	1135
PERU	FRANCE	1140
PERU	FRANCE	1141
PERU	FRANCE	1146
PERU	FRANCE	1148
PERU	FRANCE	1149
PERU	FRANCE	1150
PERU	FRANCE	1151
PERU	FRANCE	1153
PERU	FRANCE	1154
PERU	FRANCE	1156
PERU	FRANCE	1161
PERU	FRANCE	1162
PERU	FRANCE	1166
PERU	FRANCE	1167
PERU	FRANCE	1176
PERU	FRANCE	1194
PERU	FRANCE	1195
PERU	FRANCE	1196
PERU	FRANCE	1199
PERU	FRANCE	1200
PERU	FRANCE	1201
PERU	FRANCE	1203
PERU	FRANCE	1205
PERU	FRANCE	1212
PERU	FRANCE	1215
PERU	FRANCE	1218
PERU	FRANCE	1221
PERU	FRANCE	1223
PERU	FRANCE	1225
PERU	FRANCE	1229
PERU	FRANCE	1233
PERU	FRANCE	1234
PERU	FRANCE	1237
PERU	FRANCE	1238
PERU	FRANCE	1239
PERU	FRANCE	1251
PERU	FRANCE	1253
PERU	FRANCE	1260
PERU	FRANCE	1263
PERU	FRANCE	1266
PERU	FRANCE	1267
PERU	FRANCE	1268
PERU	FRANCE	1270
PERU	FRANCE	1271
PERU	FRANCE	1272
PERU	FRANCE	1274
PERU	FRANCE	1277
PERU	FRANCE	1281
PERU	FRANCE	1287
PERU	FRANCE	1295
PERU	FRANCE	1303
PERU	FRANCE	1304
PERU	FRANCE	1306
PERU	FRANCE	1311
PERU	FRANCE	1314
PERU	FRANCE	1319
PERU	FRANCE	1323
PERU	FRANCE	1325
PERU	FRANCE	1335
PERU	FRANCE	1337
PERU	FRANCE	1344
PERU	FRANCE	1349
PERU	FRANCE	1353
PERU	FRANCE	1356
PERU	FRANCE	1357
PERU	FRANCE	1359
PERU	FRANCE	1362
PERU	FRANCE	1363
PERU	FRANCE	1368
PERU	FRANCE	1369
PERU	FRANCE	1371
PERU	FRANCE	1374
PERU	FRANCE	1378
PERU	FRANCE	1380
PERU	FRANCE	1389
PERU	FRANCE	1395
PERU	FRANCE	1402
PERU	FRANCE	1403
PERU	FRANCE	1406
PERU	FRANCE	1407
PERU	FRANCE	1410
PERU	FRANCE	1412
PERU	FRANCE	1415
PERU	FRANCE	1418
PERU	FRANCE	1419
PERU	FRANCE	1421
PERU	FRANCE	1433
PERU	FRANCE	1437
PERU	FRANCE	1438
PERU	FRANCE	1440
PERU	FRANCE	1443
PERU	FRANCE	1444
PERU	FRANCE	1445
PERU	FRANCE	1448
PERU	FRANCE	1457
PERU	FRANCE	1458
PERU	FRANCE	1459
PERU	FRANCE	1468
PERU	FRANCE	1471
PERU	FRANCE	1474
PERU	FRANCE	1476
PERU	FRANCE	1479
PERU	FRANCE	1481
PERU	FRANCE	1483
PERU	FRANCE	1484
PERU	FRANCE	1487
PERU	FRANCE	1488
PERU	FRANCE	1489
PERU	FRANCE	1490
PERU	FRANCE	1492
PERU	FRANCE	1494
PERU	FRANCE	1495
PERU	FRANCE	1497
PERU	FRANCE	1502
PERU	FRANCE	1510
PERU	FRANCE	1511
PERU	FRANCE	1518
PERU	FRANCE	1527
PERU	FRANCE	1530
PERU	FRANCE	1534
PERU	FRANCE	1540
PERU	FRANCE	1544
PERU	FRANCE	1546
PERU	FRANCE	1548
PERU	FRANCE	1551
PERU	FRANCE	1557
PERU	FRANCE	1561
PERU	FRANCE	1566
PERU	FRANCE	1568
PERU	FRANCE	1569
PERU	FRANCE	1572
PERU	FRANCE	1574
PERU	FRANCE	1575
PERU	FRANCE	1577
PERU	FRANCE	1586
PERU	FRANCE	1587
PERU	FRANCE	1589
PERU	FRANCE	1592
PERU	FRANCE	1597
PERU	FRANCE	1602
PERU	FRANCE	1604
PERU	FRANCE	1607
PERU	FRANCE	1608
PERU	FRANCE	1611
PERU	FRANCE	1613
PERU	FRANCE	1614
PERU	FRANCE	1616
PERU	FRANCE	1618
PERU	FRANCE	1619
PERU	FRANCE	1625
PERU	FRANCE	1628
PERU	FRANCE	1629
PERU	FRANCE	1634
PERU	FRANCE	1638
PERU	FRANCE	1641
PERU	FRANCE	1644
PERU	FRANCE	1645
PERU	FRANCE	1646
PERU	FRANCE	1650
PERU	FRANCE	1653
PERU	FRANCE	1654
PERU	FRANCE	1660
PERU	FRANCE	1661
PERU	FRANCE	1664
PERU	FRANCE	1665
PERU	FRANCE	1667
PERU	FRANCE	1670
PERU	FRANCE	1672
PERU	FRANCE	1676
PERU	FRANCE	1677
PERU	FRANCE	1679
PERU	FRANCE	1682
PERU	FRANCE	1686
PERU	FRANCE	1696
PERU	FRANCE	1698
PERU	FRANCE	1703
PERU	FRANCE	1704
PERU	FRANCE	1708
PERU	FRANCE	1710
PERU	FRANCE	1711
PERU	FRANCE	1714
PERU	FRANCE	1718
PERU	FRANCE	1722
PERU	FRANCE	1723
PERU	FRANCE	1727
PERU	FRANCE	1731
PERU	FRANCE	1734
PERU	FRANCE	1735
PERU	FRANCE	1738
PERU	FRANCE	1740
PERU	FRANCE	1741
PERU	FRANCE	1742
PERU	FRANCE	1747
PERU	FRANCE	1749
PERU	FRANCE	1750
PERU	FRANCE	1753
PERU	FRANCE	1756
PERU	FRANCE	1757
PERU	FRANCE	1758
PERU	FRANCE	1762
PERU	FRANCE	1766
PERU	FRANCE	1767
PERU	FRANCE	1768
PERU	FRANCE	1772
PERU	FRANCE	1774
PERU	FRANCE	1776
PERU	FRANCE	1779
PERU	FRANCE	1782
PERU	FRANCE	1792
PERU	FRANCE	1797
PERU	FRANCE	1798
PERU	FRANCE	1802
PERU	FRANCE	1804
PERU	FRANCE	1805
PERU	FRANCE	1806
PERU	FRANCE	1808
PERU	FRANCE	1810
PERU	FRANCE	1812
PERU	FRANCE	1816
PERU	FRANCE	1821
PERU	FRANCE	1825
PERU	FRANCE	1827
PERU	FRANCE	1828
PERU	FRANCE	1832
PERU	FRANCE	1833
PERU	FRANCE	1834
PERU	FRANCE	1835
PERU	FRANCE	1836
PERU	FRANCE	1843
PERU	FRANCE	1844
PERU	FRANCE	1846
PERU	FRANCE	1849
PERU	FRANCE	1855
PERU	FRANCE	1866
PERU	FRANCE	1868
PERU	FRANCE	1874
PERU	FRANCE	1875
PERU	FRANCE	1877
PERU	FRANCE	1878
PERU	FRANCE	1880
PERU	FRANCE	1883
PERU	FRANCE	1884
PERU	FRANCE	1893
PERU	FRANCE	1894
PERU	FRANCE	1899
PERU	FRANCE	1901
PERU	FRANCE	1904
PERU	FRANCE	1906
PERU	FRANCE	1909
PERU	FRANCE	1922
PERU	FRANCE	1927
PERU	FRANCE	1933
PERU	FRANCE	1934
PERU	FRANCE	1936
PERU	FRANCE	1937
PERU	FRANCE	1942
PERU	FRANCE	1945
PERU	FRANCE	1947
PERU	FRANCE	1948
PERU	FRANCE	1951
PERU	FRANCE	1953
PERU	FRANCE	1955
PERU	FRANCE	1959
PERU	FRANCE	1961
PERU	FRANCE	1963
PERU	FRANCE	1965
PERU	FRANCE	1973
PERU	FRANCE	1974
PERU	FRANCE	1977
PERU	FRANCE	1979
PERU	FRANCE	1981
PERU	FRANCE	1983
PERU	FRANCE	1989
PERU	FRANCE	1994
PERU	FRANCE	2003
PERU	FRANCE	2008
PERU	FRANCE	2014
PERU	FRANCE	2015
PERU	FRANCE	2023
PERU	FRANCE	2024
PERU	FRANCE	2028
PERU	FRANCE	2038
PERU	FRANCE	2042
PERU	FRANCE	2044
PERU	FRANCE	2046
PERU	FRANCE	2048
PERU	FRANCE	2049
PERU	FRANCE	2051
PERU	FRANCE	2057
PERU	FRANCE	2060
PERU	FRANCE	2064
PERU	FRANCE	2068
PERU	FRANCE	2069
PERU	FRANCE	2073
PERU	FRANCE	2074
PERU	FRANCE	2076
PERU	FRANCE	2079
PERU	FRANCE	2087
PERU	FRANCE	2088
PERU	FRANCE	2095
PERU	FRANCE	2098
PERU	FRANCE	2100
PERU	FRANCE	2102
PERU	FRANCE	2112
PERU	FRANCE	2114
PERU	FRANCE	2116
PERU	FRANCE	2119
PERU	FRANCE	2122
PERU	FRANCE	2124
PERU	FRANCE	2126
PERU	FRANCE	2133
PERU	FRANCE	2134
PERU	FRANCE	2136
PERU	FRANCE	2137
PERU	FRANCE	2138
PERU	FRANCE	2141
PERU	FRANCE	2143
PERU	FRANCE	2144
PERU	FRANCE	2146
PERU	FRANCE	2149
PERU	FRANCE	2153
PERU	FRANCE	2154
PERU	FRANCE	2157
PERU	FRANCE	2161
PERU	FRANCE	2163
PERU	FRANCE	2166
PERU	FRANCE	2168
PERU	FRANCE	2169
PERU	FRANCE	2170
PERU	FRANCE	2171
PERU	FRANCE	2174
PERU	FRANCE	2175
PERU	FRANCE	2178
PERU	FRANCE	2183
PERU	FRANCE	2188
PERU	FRANCE	2189
PERU	FRANCE	2194
PERU	FRANCE	2195
PERU	FRANCE	2197
PERU	FRANCE	2199
PERU	FRANCE	2211
PERU	FRANCE	2218
PERU	FRANCE	2219
PERU	FRANCE	2220
PERU	FRANCE	2224
PERU	FRANCE	2226
PERU	FRANCE	2230
PERU	FRANCE	2231
PERU	FRANCE	2232
PERU	FRANCE	2236
PERU	FRANCE	2255
PERU	FRANCE	2256
PERU	FRANCE	2258
PERU	FRANCE	2259
PERU	FRANCE	2262
PERU	FRANCE	2264
PERU	FRANCE	2266
PERU	FRANCE	2276
PERU	FRANCE	2282
PERU	FRANCE	2284
PERU	FRANCE	2288
PERU	FRANCE	2293
PERU	FRANCE	2296
PERU	FRANCE	2299
PERU	FRANCE	2301
PERU	FRANCE	2302
PERU	FRANCE	2305
PERU	FRANCE	2311
PERU	FRANCE	2312
PERU	FRANCE	2313
PERU	FRANCE	2315
PERU	FRANCE	2319
PERU	FRANCE	2323
PERU	FRANCE	2327
PERU	FRANCE	2334
PERU	FRANCE	2340
PERU	FRANCE	2342
PERU	FRANCE	2345
PERU	FRANCE	2346
PERU	FRANCE	2347
PERU	FRANCE	2350
PERU	FRANCE	2352
PERU	FRANCE	2354
PERU	FRANCE	2356
PERU	FRANCE	2360
PERU	FRANCE	2363
PERU	FRANCE	2377
PERU	FRANCE	2382
PERU	FRANCE	2386
PERU	FRANCE	2392
PERU	FRANCE	2393
PERU	FRANCE	2394
PERU	FRANCE	2402
PERU	FRANCE	2403
PERU	FRANCE	2405
PERU	FRANCE	2408
PERU	FRANCE	2411
PERU	FRANCE	2415
PERU	FRANCE	2426
PERU	FRANCE	2428
PERU	FRANCE	2429
PERU	FRANCE	2431
PERU	FRANCE	2433
PERU	FRANCE	2435
PERU	FRANCE	2436
PERU	FRANCE	2444
PERU	FRANCE	2445
PERU	FRANCE	2454
PERU	FRANCE	2455
PERU	FRANCE	2457
PERU	FRANCE	2463
PERU	FRANCE	2465
PERU	FRANCE	2469
PERU	FRANCE	2470
PERU	FRANCE	2476
PERU	FRANCE	2481
PERU	FRANCE	2490
PERU	FRANCE	2493
PERU	FRANCE	2502
PERU	FRANCE	2504
PERU	FRANCE	2505
PERU	FRANCE	2506
PERU	FRANCE	2509
PERU	FRANCE	2511
PERU	FRANCE	2513
PERU	FRANCE	2523
PERU	FRANCE	2524
PERU	FRANCE	2529
PERU	FRANCE	2537
PERU	FRANCE	2538
PERU	FRANCE	2540
PERU	FRANCE	2548
PERU	FRANCE	2549
PERU	FRANCE	2551
PERU	FRANCE	2552
PERU	FRANCE	2557
PERU	FRANCE	2560
PERU	FRANCE	2564
PERU	FRANCE	2568
PERU	FRANCE	2569
PERU	FRANCE	2572
PERU	FRANCE	2577
PERU	FRANCE	2580
PERU	FRANCE	2581
PERU	FRANCE	2585
PERU	FRANCE	2586
PERU	FRANCE	2593
PERU	FRANCE	2602
PERU	FRANCE	2604
PERU	FRANCE	2616
PERU	FRANCE	2617
PERU	FRANCE	2618
PERU	FRANCE	2624
PERU	FRANCE	2642
PERU	FRANCE	2644
PERU	FRANCE	2646
PERU	FRANCE	2647
PERU	FRANCE	2655
PERU	FRANCE	2660
PERU	FRANCE	2662
PERU	FRANCE	2663
PERU	FRANCE	2665
PERU	FRANCE	2669
PERU	FRANCE	2673
PERU	FRANCE	2674
PERU	FRANCE	2679
PERU	FRANCE	2680
PERU	FRANCE	2685
PERU	FRANCE	2689
PERU	FRANCE	2690
PERU	FRANCE	2701
PERU	FRANCE	2702
PERU	FRANCE	2705
PERU	FRANCE	2721
PERU	FRANCE	2724
PERU	FRANCE	2727
PERU	FRANCE	2729
PERU	FRANCE	2737
PERU	FRANCE	2747
PERU	FRANCE	2752
PERU	FRANCE	2753
PERU	FRANCE	2756
PERU	FRANCE	2758
PERU	FRANCE	2769
PERU	FRANCE	2773
PERU	FRANCE	2779
PERU	FRANCE	2780
PERU	FRANCE	2785
PERU	FRANCE	2787
PERU	FRANCE	2788
PERU	FRANCE	2796
PERU	FRANCE	2799
PERU	FRANCE	2807
PERU	FRANCE	2814
PERU	FRANCE	2815
PERU	FRANCE	2823
PERU	FRANCE	2834
PERU	FRANCE	2835
PERU	FRANCE	2836
PERU	FRANCE	2854
PERU	FRANCE	2855
PERU	FRANCE	2859
PERU	FRANCE	2860
PERU	FRANCE	2862
PERU	FRANCE	2867
PERU	FRANCE	2870
PERU	FRANCE	2876
PERU	FRANCE	2879
PERU	FRANCE	2885
PERU	FRANCE	2887
PERU	FRANCE	2903
PERU	FRANCE	2904
PERU	FRANCE	2911
PERU	FRANCE	2913
PERU	FRANCE	2930
PERU	FRANCE	2932
PERU	FRANCE	2937
PERU	FRANCE	2938
PERU	FRANCE	2941
PERU	FRANCE	2942
PERU	FRANCE	2943
PERU	FRANCE	2945
PERU	FRANCE	2947
PERU	FRANCE	2948
PERU	FRANCE	2952
PERU	FRANCE	2954
PERU	FRANCE	2970
PERU	FRANCE	2974
PERU	FRANCE	2979
PERU	FRANCE	2980
PERU	FRANCE	3016
PERU	FRANCE	3036
PERU	FRANCE	3042
PERU	FRANCE	3057
PERU	FRANCE	3058
PERU	FRANCE	3081
PERU	FRANCE	3086
PERU	FRANCE	3097
PERU	FRANCE	3099
PERU	FRANCE	3119
PERU	FRANCE	3149
PERU	FRANCE	3155
PERU	FRANCE	3164
PERU	FRANCE	3166
PERU	FRANCE	3175
PERU	FRANCE	3177
PERU	FRANCE	3185
PERU	FRANCE	3214
PERU	FRANCE	3226
PERU	FRANCE	3259
PERU	FRANCE	3267
PERU	FRANCE	3268
PERU	FRANCE	3279
PERU	FRANCE	3284
PERU	FRANCE	3307
PERU	FRANCE	3309
PERU	FRANCE	3312
PERU	FRANCE	3333
PERU	FRANCE	3377
PERU	FRANCE	3378
PERU	FRANCE	3405
PERU	FRANCE	3411
PERU	FRANCE	3437
PERU	FRANCE	3448
PERU	FRANCE	3468
PERU	FRANCE	3531
PERU	FRANCE	3545
PERU	FRANCE	3622
PERU	FRANCE	3713
PERU	FRANCE	3726
PERU	FRANCE	3748
PERU	FRANCE	3853
PERU	FRANCE	3920
PERU	FRANCE	4018
PERU	FRANCE	4052
PERU	FRANCE	4214
PERU	FRANCE	4267
PERU	FRANCE	4325
PERU	FRANCE	4339
PERU	FRANCE	4581
PERU	FRANCE	4616
PERU	FRANCE	4714
PERU	FRANCE	4716
PERU	FRANCE	4730
PERU	FRANCE	4999
PERU	FRANCE	5007
PERU	FRANCE	5061
PERU	FRANCE	5083
PERU	FRANCE	5332
PERU	FRANCE	5334
PERU	FRANCE	5420
PERU	FRANCE	5428
PERU	FRANCE	5442
PERU	FRANCE	5530
PERU	FRANCE	5577
PERU	FRANCE	5697
PERU	FRANCE	5750
PERU	FRANCE	5852
PERU	FRANCE	5870
PERU	FRANCE	5932
PERU	FRANCE	6048
PERU	FRANCE	6050
PERU	FRANCE	6081
PERU	FRANCE	6082
PERU	FRANCE	6172
PERU	FRANCE	6200
PERU	FRANCE	6280
PERU	FRANCE	6302
PERU	FRANCE	6318
PERU	FRANCE	6361
PERU	FRANCE	6367
PERU	FRANCE	6393
PERU	FRANCE	6416
PERU	FRANCE	6471
PERU	FRANCE	6477
PERU	FRANCE	6544
PERU	FRANCE	6564
PERU	FRANCE	6579
PERU	FRANCE	6600
PERU	FRANCE	6663
PERU	FRANCE	6755
PERU	FRANCE	6764
PERU	FRANCE	6909
PERU	FRANCE	6923
PERU	FRANCE	6974
PERU	FRANCE	6999
PERU	FRANCE	7002
PERU	FRANCE	7105
PERU	FRANCE	7122
PERU	FRANCE	7165
PERU	FRANCE	7204
PERU	FRANCE	7221
PERU	FRANCE	7284
PERU	FRANCE	7393
PERU	FRANCE	7484
PERU	FRANCE	7541
PERU	FRANCE	7548
PERU	FRANCE	7569
PERU	FRANCE	7653
PERU	FRANCE	7670
PERU	FRANCE	7672
PERU	FRANCE	7729
PERU	FRANCE	7742
PERU	FRANCE	7788
PERU	FRANCE	7802
PERU	FRANCE	7875
PERU	FRANCE	8000
PERU	FRANCE	8007
PERU	FRANCE	8042
PERU	FRANCE	8097
PERU	FRANCE	8098
PERU	FRANCE	8114
PERU	FRANCE	8198
PERU	FRANCE	8231
PERU	FRANCE	8251
PERU	FRANCE	8441
PERU	FRANCE	8509
PERU	FRANCE	8548
PERU	FRANCE	8582
PERU	FRANCE	8662
PERU	FRANCE	8695
PERU	FRANCE	8745
PERU	FRANCE	8750
PERU	FRANCE	8864
PERU	FRANCE	8867
PERU	FRANCE	8872
PERU	FRANCE	8889
PERU	FRANCE	8937
PERU	FRANCE	8959
PERU	FRANCE	8985
PERU	FRANCE	8986
PERU	FRANCE	9022
PERU	FRANCE	9046
PERU	FRANCE	9057
PERU	FRANCE	9075
PERU	FRANCE	9086
PERU	FRANCE	9101
PERU	FRANCE	9106
PERU	FRANCE	9107
PERU	FRANCE	9186
PERU	FRANCE	9284
PERU	FRANCE	9340
PERU	FRANCE	9440
PERU	FRANCE	9448
PERU	FRANCE	9503
PERU	FRANCE	9543
PERU	FRANCE	9569
PERU	FRANCE	9580
PERU	FRANCE	9601
PERU	FRANCE	9604
PERU	FRANCE	9626
PERU	FRANCE	9645
PERU	FRANCE	9751
PERU	FRANCE	9795
PERU	FRANCE	9819
PERU	FRANCE	9823
PERU	FRANCE	9866
PERU	FRANCE	9902
PERU	FRANCE	9936
PERU	FRANCE	9974
ROMANIA	FRANCE	1002
ROMANIA	FRANCE	1004
ROMANIA	FRANCE	1010
ROMANIA	FRANCE	1011
ROMANIA	FRANCE	1014
ROMANIA	FRANCE	1015
ROMANIA	FRANCE	1016
ROMANIA	FRANCE	1017
ROMANIA	FRANCE	1019
ROMANIA	FRANCE	1023
ROMANIA	FRANCE	1026
ROMANIA	FRANCE	1028
ROMANIA	FRANCE	1030
ROMANIA	FRANCE	1036
ROMANIA	FRANCE	1045
ROMANIA	FRANCE	1050
ROMANIA	FRANCE	1059
ROMANIA	FRANCE	1060
ROMANIA	FRANCE	1062
ROMANIA	FRANCE	1063
ROMANIA	FRANCE	1067
ROMANIA	FRANCE	1072
ROMANIA	FRANCE	1073
ROMANIA	FRANCE	1078
ROMANIA	FRANCE	1079
ROMANIA	FRANCE	1087
ROMANIA	FRANCE	1088
ROMANIA	FRANCE	1089
ROMANIA	FRANCE	1090
ROMANIA	FRANCE	1091
ROMANIA	FRANCE	1095
ROMANIA	FRANCE	1097
ROMANIA	FRANCE	1110
ROMANIA	FRANCE	1116
ROMANIA	FRANCE	1117
ROMANIA	FRANCE	1120
ROMANIA	FRANCE	1122
ROMANIA	FRANCE	1125
ROMANIA	FRANCE	1126
ROMANIA	FRANCE	1127
ROMANIA	FRANCE	1131
ROMANIA	FRANCE	1133
ROMANIA	FRANCE	1139
ROMANIA	FRANCE	1144
ROMANIA	FRANCE	1150
ROMANIA	FRANCE	1151
ROMANIA	FRANCE	1154
ROMANIA	FRANCE	1156
ROMANIA	FRANCE	1173
ROMANIA	FRANCE	1178
ROMANIA	FRANCE	1183
ROMANIA	FRANCE	1184
ROMANIA	FRANCE	1193
ROMANIA	FRANCE	1200
ROMANIA	FRANCE	1201
ROMANIA	FRANCE	1210
ROMANIA	FRANCE	1212
ROMANIA	FRANCE	1215
ROMANIA	FRANCE	1216
ROMANIA	FRANCE	1220
ROMANIA	FRANCE	1226
ROMANIA	FRANCE	1235
ROMANIA	FRANCE	1242
ROMANIA	FRANCE	1244
ROMANIA	FRANCE	1245
ROMANIA	FRANCE	1246
ROMANIA	FRANCE	1251
ROMANIA	FRANCE	1254
ROMANIA	FRANCE	1257
ROMANIA	FRANCE	1258
ROMANIA	FRANCE	1267
ROMANIA	FRANCE	1268
ROMANIA	FRANCE	1271
ROMANIA	FRANCE	1272
ROMANIA	FRANCE	1273
ROMANIA	FRANCE	1275
ROMANIA	FRANCE	1277
ROMANIA	FRANCE	1279
ROMANIA	FRANCE	1283
ROMANIA	FRANCE	1285
ROMANIA	FRANCE	1288
ROMANIA	FRANCE	1292
ROMANIA	FRANCE	1293
ROMANIA	FRANCE	1299
ROMANIA	FRANCE	1301
ROMANIA	FRANCE	1305
ROMANIA	FRANCE	1311
ROMANIA	FRANCE	1313
ROMANIA	FRANCE	1314
ROMANIA	FRANCE	1316
ROMANIA	FRANCE	1321
ROMANIA	FRANCE	1331
ROMANIA	FRANCE	1335
ROMANIA	FRANCE	1336
ROMANIA	FRANCE	1339
ROMANIA	FRANCE	1342
ROMANIA	FRANCE	1377
ROMANIA	FRANCE	1378
ROMANIA	FRANCE	1380
ROMANIA	FRANCE	1381
ROMANIA	FRANCE	1391
ROMANIA	FRANCE	1392
ROMANIA	FRANCE	1395
ROMANIA	FRANCE	1397
ROMANIA	FRANCE	1398
ROMANIA	FRANCE	1407
ROMANIA	FRANCE	1418
ROMANIA	FRANCE	1421
ROMANIA	FRANCE	1422
ROMANIA	FRANCE	1423
ROMANIA	FRANCE	1426
ROMANIA	FRANCE	1429
ROMANIA	FRANCE	1433
ROMANIA	FRANCE	1436
ROMANIA	FRANCE	1439
ROMANIA	FRANCE	1444
ROMANIA	FRANCE	1447
ROMANIA	FRANCE	1448
ROMANIA	FRANCE	1449
ROMANIA	FRANCE	1455
ROMANIA	FRANCE	1458
ROMANIA	FRANCE	1461
ROMANIA	FRANCE	1464
ROMANIA	FRANCE	1471
ROMANIA	FRANCE	1472
ROMANIA	FRANCE	1475
ROMANIA	FRANCE	1478
ROMANIA	FRANCE	1487
ROMANIA	FRANCE	1494
ROMANIA	FRANCE	1497
ROMANIA	FRANCE	1498
ROMANIA	FRANCE	1499
ROMANIA	FRANCE	1500
ROMANIA	FRANCE	1502
ROMANIA	FRANCE	1510
ROMANIA	FRANCE	1511
ROMANIA	FRANCE	1517
ROMANIA	FRANCE	1521
ROMANIA	FRANCE	1523
ROMANIA	FRANCE	1528
ROMANIA	FRANCE	1532
ROMANIA	FRANCE	1533
ROMANIA	FRANCE	1540
ROMANIA	FRANCE	1541
ROMANIA	FRANCE	1543
ROMANIA	FRANCE	1551
ROMANIA	FRANCE	1554
ROMANIA	FRANCE	1558
ROMANIA	FRANCE	1562
ROMANIA	FRANCE	1564
ROMANIA	FRANCE	1568
ROMANIA	FRANCE	1570
ROMANIA	FRANCE	1571
ROMANIA	FRANCE	1575
ROMANIA	FRANCE	1582
ROMANIA	FRANCE	1586
ROMANIA	FRANCE	1589
ROMANIA	FRANCE	1590
ROMANIA	FRANCE	1598
ROMANIA	FRANCE	1602
ROMANIA	FRANCE	1603
ROMANIA	FRANCE	1611
ROMANIA	FRANCE	1612
ROMANIA	FRANCE	1614
ROMANIA	FRANCE	1622
ROMANIA	FRANCE	1623
ROMANIA	FRANCE	1624
ROMANIA	FRANCE	1626
ROMANIA	FRANCE	1627
ROMANIA	FRANCE	1628
ROMANIA	FRANCE	1631
ROMANIA	FRANCE	1638
ROMANIA	FRANCE	1646
ROMANIA	FRANCE	1654
ROMANIA	FRANCE	1658
ROMANIA	FRANCE	1666
ROMANIA	FRANCE	1670
ROMANIA	FRANCE	1673
ROMANIA	FRANCE	1683
ROMANIA	FRANCE	1688
ROMANIA	FRANCE	1690
ROMANIA	FRANCE	1698
ROMANIA	FRANCE	1708
ROMANIA	FRANCE	1710
ROMANIA	FRANCE	1716
ROMANIA	FRANCE	1718
ROMANIA	FRANCE	1719
ROMANIA	FRANCE	1720
ROMANIA	FRANCE	1722
ROMANIA	FRANCE	1726
ROMANIA	FRANCE	1728
ROMANIA	FRANCE	1731
ROMANIA	FRANCE	1741
ROMANIA	FRANCE	1750
ROMANIA	FRANCE	1753
ROMANIA	FRANCE	1754
ROMANIA	FRANCE	1757
ROMANIA	FRANCE	1759
ROMANIA	FRANCE	1760
ROMANIA	FRANCE	1763
ROMANIA	FRANCE	1764
ROMANIA	FRANCE	1767
ROMANIA	FRANCE	1768
ROMANIA	FRANCE	1770
ROMANIA	FRANCE	1772
ROMANIA	FRANCE	1774
ROMANIA	FRANCE	1779
ROMANIA	FRANCE	1783
ROMANIA	FRANCE	1786
ROMANIA	FRANCE	1792
ROMANIA	FRANCE	1801
ROMANIA	FRANCE	1802
ROMANIA	FRANCE	1805
ROMANIA	FRANCE	1807
ROMANIA	FRANCE	1808
ROMANIA	FRANCE	1809
ROMANIA	FRANCE	1817
ROMANIA	FRANCE	1819
ROMANIA	FRANCE	1820
ROMANIA	FRANCE	1828
ROMANIA	FRANCE	1832
ROMANIA	FRANCE	1833
ROMANIA	FRANCE	1836
ROMANIA	FRANCE	1843
ROMANIA	FRANCE	1853
ROMANIA	FRANCE	1854
ROMANIA	FRANCE	1857
ROMANIA	FRANCE	1858
ROMANIA	FRANCE	1866
ROMANIA	FRANCE	1872
ROMANIA	FRANCE	1875
ROMANIA	FRANCE	1879
ROMANIA	FRANCE	1886
ROMANIA	FRANCE	1888
ROMANIA	FRANCE	1899
ROMANIA	FRANCE	1903
ROMANIA	FRANCE	1906
ROMANIA	FRANCE	1909
ROMANIA	FRANCE	1915
ROMANIA	FRANCE	1920
ROMANIA	FRANCE	1925
ROMANIA	FRANCE	1931
ROMANIA	FRANCE	1935
ROMANIA	FRANCE	1941
ROMANIA	FRANCE	1943
ROMANIA	FRANCE	1945
ROMANIA	FRANCE	1955
ROMANIA	FRANCE	1956
ROMANIA	FRANCE	1958
ROMANIA	FRANCE	1959
ROMANIA	FRANCE	1960
ROMANIA	FRANCE	1968
ROMANIA	FRANCE	1969
ROMANIA	FRANCE	1970
ROMANIA	FRANCE	1973
ROMANIA	FRANCE	1974
ROMANIA	FRANCE	1975
ROMANIA	FRANCE	1983
ROMANIA	FRANCE	1995
ROMANIA	FRANCE	1998
ROMANIA	FRANCE	2000
ROMANIA	FRANCE	2008
ROMANIA	FRANCE	2010
ROMANIA	FRANCE	2017
ROMANIA	FRANCE	2019
ROMANIA	FRANCE	2020
ROMANIA	FRANCE	2024
ROMANIA	FRANCE	2032
ROMANIA	FRANCE	2038
ROMANIA	FRANCE	2046
ROMANIA	FRANCE	2047
ROMANIA	FRANCE	2048
ROMANIA	FRANCE	2053
ROMANIA	FRANCE	2060
ROMANIA	FRANCE	2064
ROMANIA	FRANCE	2065
ROMANIA	FRANCE	2069
ROMANIA	FRANCE	2083
ROMANIA	FRANCE	2087
ROMANIA	FRANCE	2089
ROMANIA	FRANCE	2100
ROMANIA	FRANCE	2109
ROMANIA	FRANCE	2114
ROMANIA	FRANCE	2115
ROMANIA	FRANCE	2119
ROMANIA	FRANCE	2122
ROMANIA	FRANCE	2123
ROMANIA	FRANCE	2131
ROMANIA	FRANCE	2134
ROMANIA	FRANCE	2135
ROMANIA	FRANCE	2136
ROMANIA	FRANCE	2143
ROMANIA	FRANCE	2144
ROMANIA	FRANCE	2146
ROMANIA	FRANCE	2149
ROMANIA	FRANCE	2150
ROMANIA	FRANCE	2153
ROMANIA	FRANCE	2157
ROMANIA	FRANCE	2159
ROMANIA	FRANCE	2161
ROMANIA	FRANCE	2163
ROMANIA	FRANCE	2169
ROMANIA	FRANCE	2171
ROMANIA	FRANCE	2173
ROMANIA	FRANCE	2180
ROMANIA	FRANCE	2187
ROMANIA	FRANCE	2188
ROMANIA	FRANCE	2194
ROMANIA	FRANCE	2195
ROMANIA	FRANCE	2196
ROMANIA	FRANCE	2198
ROMANIA	FRANCE	2199
ROMANIA	FRANCE	2204
ROMANIA	FRANCE	2212
ROMANIA	FRANCE	2213
ROMANIA	FRANCE	2216
ROMANIA	FRANCE	2218
ROMANIA	FRANCE	2223
ROMANIA	FRANCE	2224
ROMANIA	FRANCE	2226
ROMANIA	FRANCE	2229
ROMANIA	FRANCE	2230
ROMANIA	FRANCE	2232
ROMANIA	FRANCE	2233
ROMANIA	FRANCE	2256
ROMANIA	FRANCE	2258
ROMANIA	FRANCE	2262
ROMANIA	FRANCE	2266
ROMANIA	FRANCE	2276
ROMANIA	FRANCE	2278
ROMANIA	FRANCE	2279
ROMANIA	FRANCE	2281
ROMANIA	FRANCE	2282
ROMANIA	FRANCE	2286
ROMANIA	FRANCE	2290
ROMANIA	FRANCE	2296
ROMANIA	FRANCE	2299
ROMANIA	FRANCE	2301
ROMANIA	FRANCE	2302
ROMANIA	FRANCE	2308
ROMANIA	FRANCE	2313
ROMANIA	FRANCE	2320
ROMANIA	FRANCE	2335
ROMANIA	FRANCE	2336
ROMANIA	FRANCE	2338
ROMANIA	FRANCE	2341
ROMANIA	FRANCE	2342
ROMANIA	FRANCE	2344
ROMANIA	FRANCE	2352
ROMANIA	FRANCE	2354
ROMANIA	FRANCE	2355
ROMANIA	FRANCE	2356
ROMANIA	FRANCE	2362
ROMANIA	FRANCE	2367
ROMANIA	FRANCE	2369
ROMANIA	FRANCE	2371
ROMANIA	FRANCE	2374
ROMANIA	FRANCE	2381
ROMANIA	FRANCE	2383
ROMANIA	FRANCE	2386
ROMANIA	FRANCE	2390
ROMANIA	FRANCE	2391
ROMANIA	FRANCE	2392
ROMANIA	FRANCE	2393
ROMANIA	FRANCE	2394
ROMANIA	FRANCE	2400
ROMANIA	FRANCE	2401
ROMANIA	FRANCE	2408
ROMANIA	FRANCE	2409
ROMANIA	FRANCE	2413
ROMANIA	FRANCE	2415
ROMANIA	FRANCE	2420
ROMANIA	FRANCE	2424
ROMANIA	FRANCE	2425
ROMANIA	FRANCE	2427
ROMANIA	FRANCE	2430
ROMANIA	FRANCE	2433
ROMANIA	FRANCE	2435
ROMANIA	FRANCE	2437
ROMANIA	FRANCE	2442
ROMANIA	FRANCE	2444
ROMANIA	FRANCE	2445
ROMANIA	FRANCE	2454
ROMANIA	FRANCE	2456
ROMANIA	FRANCE	2457
ROMANIA	FRANCE	2459
ROMANIA	FRANCE	2461
ROMANIA	FRANCE	2468
ROMANIA	FRANCE	2469
ROMANIA	FRANCE	2470
ROMANIA	FRANCE	2476
ROMANIA	FRANCE	2480
ROMANIA	FRANCE	2487
ROMANIA	FRANCE	2493
ROMANIA	FRANCE	2495
ROMANIA	FRANCE	2497
ROMANIA	FRANCE	2512
ROMANIA	FRANCE	2514
ROMANIA	FRANCE	2518
ROMANIA	FRANCE	2524
ROMANIA	FRANCE	2534
ROMANIA	FRANCE	2537
ROMANIA	FRANCE	2540
ROMANIA	FRANCE	2545
ROMANIA	FRANCE	2549
ROMANIA	FRANCE	2557
ROMANIA	FRANCE	2558
ROMANIA	FRANCE	2564
ROMANIA	FRANCE	2565
ROMANIA	FRANCE	2566
ROMANIA	FRANCE	2568
ROMANIA	FRANCE	2569
ROMANIA	FRANCE	2571
ROMANIA	FRANCE	2575
ROMANIA	FRANCE	2576
ROMANIA	FRANCE	2581
ROMANIA	FRANCE	2583
ROMANIA	FRANCE	2589
ROMANIA	FRANCE	2590
ROMANIA	FRANCE	2593
ROMANIA	FRANCE	2594
ROMANIA	FRANCE	2598
ROMANIA	FRANCE	2600
ROMANIA	FRANCE	2602
ROMANIA	FRANCE	2630
ROMANIA	FRANCE	2635
ROMANIA	FRANCE	2638
ROMANIA	FRANCE	2640
ROMANIA	FRANCE	2646
ROMANIA	FRANCE	2647
ROMANIA	FRANCE	2663
ROMANIA	FRANCE	2668
ROMANIA	FRANCE	2672
ROMANIA	FRANCE	2673
ROMANIA	FRANCE	2675
ROMANIA	FRANCE	2678
ROMANIA	FRANCE	2679
ROMANIA	FRANCE	2680
ROMANIA	FRANCE	2685
ROMANIA	FRANCE	2701
ROMANIA	FRANCE	2703
ROMANIA	FRANCE	2708
ROMANIA	FRANCE	2718
ROMANIA	FRANCE	2719
ROMANIA	FRANCE	2723
ROMANIA	FRANCE	2729
ROMANIA	FRANCE	2735
ROMANIA	FRANCE	2746
ROMANIA	FRANCE	2747
ROMANIA	FRANCE	2748
ROMANIA	FRANCE	2761
ROMANIA	FRANCE	2765
ROMANIA	FRANCE	2769
ROMANIA	FRANCE	2772
ROMANIA	FRANCE	2782
ROMANIA	FRANCE	2787
ROMANIA	FRANCE	2788
ROMANIA	FRANCE	2824
ROMANIA	FRANCE	2828
ROMANIA	FRANCE	2845
ROMANIA	FRANCE	2848
ROMANIA	FRANCE	2867
ROMANIA	FRANCE	2874
ROMANIA	FRANCE	2876
ROMANIA	FRANCE	2878
ROMANIA	FRANCE	2881
ROMANIA	FRANCE	2882
ROMANIA	FRANCE	2884
ROMANIA	FRANCE	2894
ROMANIA	FRANCE	2898
ROMANIA	FRANCE	2909
ROMANIA	FRANCE	2919
ROMANIA	FRANCE	2932
ROMANIA	FRANCE	2945
ROMANIA	FRANCE	2947
ROMANIA	FRANCE	2950
ROMANIA	FRANCE	2963
ROMANIA	FRANCE	2974
ROMANIA	FRANCE	2980
ROMANIA	FRANCE	2986
ROMANIA	FRANCE	3009
ROMANIA	FRANCE	3013
ROMANIA	FRANCE	3014
ROMANIA	FRANCE	3021
ROMANIA	FRANCE	3028
ROMANIA	FRANCE	3033
ROMANIA	FRANCE	3090
ROMANIA	FRANCE	3091
ROMANIA	FRANCE	3103
ROMANIA	FRANCE	3105
ROMANIA	FRANCE	3107
ROMANIA	FRANCE	3112
ROMANIA	FRANCE	3130
ROMANIA	FRANCE	3166
ROMANIA	FRANCE	3194
ROMANIA	FRANCE	3205
ROMANIA	FRANCE	3207
ROMANIA	FRANCE	3208
ROMANIA	FRANCE	3220
ROMANIA	FRANCE	3226
ROMANIA	FRANCE	3248
ROMANIA	FRANCE	3261
ROMANIA	FRANCE	3268
ROMANIA	FRANCE	3270
ROMANIA	FRANCE	3309
ROMANIA	FRANCE	3311
ROMANIA	FRANCE	3345
ROMANIA	FRANCE	3376
ROMANIA	FRANCE	3411
ROMANIA	FRANCE	3491
ROMANIA	FRANCE	3492
ROMANIA	FRANCE	3496
ROMANIA	FRANCE	3524
ROMANIA	FRANCE	3539
ROMANIA	FRANCE	3541
ROMANIA	FRANCE	3549
ROMANIA	FRANCE	3551
ROMANIA	FRANCE	3556
ROMANIA	FRANCE	3599
ROMANIA	FRANCE	3689
ROMANIA	FRANCE	3697
ROMANIA	FRANCE	3773
ROMANIA	FRANCE	3845
ROMANIA	FRANCE	3853
ROMANIA	FRANCE	3864
ROMANIA	FRANCE	3920
ROMANIA	FRANCE	3943
ROMANIA	FRANCE	4018
ROMANIA	FRANCE	4112
ROMANIA	FRANCE	4191
ROMANIA	FRANCE	4202
ROMANIA	FRANCE	4267
ROMANIA	FRANCE	4278
ROMANIA	FRANCE	4292
ROMANIA	FRANCE	4361
ROMANIA	FRANCE	4476
ROMANIA	FRANCE	4479
ROMANIA	FRANCE	4482
ROMANIA	FRANCE	4541
ROMANIA	FRANCE	4821
ROMANIA	FRANCE	4842
ROMANIA	FRANCE	4893
ROMANIA	FRANCE	4936
ROMANIA	FRANCE	5098
ROMANIA	FRANCE	5103
ROMANIA	FRANCE	5153
ROMANIA	FRANCE	5157
ROMANIA	FRANCE	5332
ROMANIA	FRANCE	5388
ROMANIA	FRANCE	5430
ROMANIA	FRANCE	5577
ROMANIA	FRANCE	5637
ROMANIA	FRANCE	5685
ROMANIA	FRANCE	5728
ROMANIA	FRANCE	5756
ROMANIA	FRANCE	5839
ROMANIA	FRANCE	5887
ROMANIA	FRANCE	5908
ROMANIA	FRANCE	5913
ROMANIA	FRANCE	5986
ROMANIA	FRANCE	6139
ROMANIA	FRANCE	6164
ROMANIA	FRANCE	6280
ROMANIA	FRANCE	6318
ROMANIA	FRANCE	6326
ROMANIA	FRANCE	6341
ROMANIA	FRANCE	6350
ROMANIA	FRANCE	6360
ROMANIA	FRANCE	6472
ROMANIA	FRANCE	6493
ROMANIA	FRANCE	6516
ROMANIA	FRANCE	6537
ROMANIA	FRANCE	6568
ROMANIA	FRANCE	6597
ROMANIA	FRANCE	6663
ROMANIA	FRANCE	6675
ROMANIA	FRANCE	6741
ROMANIA	FRANCE	6774
ROMANIA	FRANCE	6882
ROMANIA	FRANCE	6899
ROMANIA	FRANCE	6913
ROMANIA	FRANCE	6968
ROMANIA	FRANCE	6970
ROMANIA	FRANCE	6990
ROMANIA	FRANCE	7064
ROMANIA	FRANCE	7133
ROMANIA	FRANCE	7134
ROMANIA	FRANCE	7153
ROMANIA	FRANCE	7189
ROMANIA	FRANCE	7221
ROMANIA	FRANCE	7249
ROMANIA	FRANCE	7259
ROMANIA	FRANCE	7296
ROMANIA	FRANCE	7331
ROMANIA	FRANCE	7473
ROMANIA	FRANCE	7518
ROMANIA	FRANCE	7601
ROMANIA	FRANCE	7612
ROMANIA	FRANCE	7628
ROMANIA	FRANCE	7684
ROMANIA	FRANCE	7704
ROMANIA	FRANCE	7742
ROMANIA	FRANCE	7754
ROMANIA	FRANCE	7806
ROMANIA	FRANCE	7964
ROMANIA	FRANCE	7993
ROMANIA	FRANCE	8091
ROMANIA	FRANCE	8104
ROMANIA	FRANCE	8120
ROMANIA	FRANCE	8125
ROMANIA	FRANCE	8202
ROMANIA	FRANCE	8245
ROMANIA	FRANCE	8267
ROMANIA	FRANCE	8290
ROMANIA	FRANCE	8409
ROMANIA	FRANCE	8454
ROMANIA	FRANCE	8509
ROMANIA	FRANCE	8583
ROMANIA	FRANCE	8608
ROMANIA	FRANCE	8626
ROMANIA	FRANCE	8632
ROMANIA	FRANCE	8667
ROMANIA	FRANCE	8716
ROMANIA	FRANCE	8854
ROMANIA	FRANCE	8865
ROMANIA	FRANCE	8953
ROMANIA	FRANCE	8971
ROMANIA	FRANCE	9038
ROMANIA	FRANCE	9064
ROMANIA	FRANCE	9068
ROMANIA	FRANCE	9072
ROMANIA	FRANCE	9075
ROMANIA	FRANCE	9180
ROMANIA	FRANCE	9181
ROMANIA	FRANCE	9186
ROMANIA	FRANCE	9215
ROMANIA	FRANCE	9243
ROMANIA	FRANCE	9381
ROMANIA	FRANCE	9431
ROMANIA	FRANCE	9474
ROMANIA	FRANCE	9491
ROMANIA	FRANCE	9493
ROMANIA	FRANCE	9501
ROMANIA	FRANCE	9513
ROMANIA	FRANCE	9552
ROMANIA	FRANCE	9626
ROMANIA	FRANCE	9694
ROMANIA	FRANCE	9720
ROMANIA	FRANCE	9746
ROMANIA	FRANCE	9773
ROMANIA	FRANCE	9823
ROMANIA	FRANCE	9824
ROMANIA	FRANCE	9832
ROMANIA	FRANCE	9950
ROMANIA	FRANCE	9974
ROMANIA	FRANCE	9975
RUSSIA	FRANCE	1002
RUSSIA	FRANCE	1009
RUSSIA	FRANCE	1010
RUSSIA	FRANCE	1016
RUSSIA	FRANCE	1017
RUSSIA	FRANCE	1019
RUSSIA	FRANCE	1026
RUSSIA	FRANCE	1030
RUSSIA	FRANCE	1035
RUSSIA	FRANCE	1040
RUSSIA	FRANCE	1049
RUSSIA	FRANCE	1053
RUSSIA	FRANCE	1054
RUSSIA	FRANCE	1059
RUSSIA	FRANCE	1060
RUSSIA	FRANCE	1062
RUSSIA	FRANCE	1064
RUSSIA	FRANCE	1065
RUSSIA	FRANCE	1067
RUSSIA	FRANCE	1068
RUSSIA	FRANCE	1072
RUSSIA	FRANCE	1073
RUSSIA	FRANCE	1074
RUSSIA	FRANCE	1079
RUSSIA	FRANCE	1081
RUSSIA	FRANCE	1082
RUSSIA	FRANCE	1083
RUSSIA	FRANCE	1087
RUSSIA	FRANCE	1088
RUSSIA	FRANCE	1091
RUSSIA	FRANCE	1092
RUSSIA	FRANCE	1096
RUSSIA	FRANCE	1100
RUSSIA	FRANCE	1105
RUSSIA	FRANCE	1106
RUSSIA	FRANCE	1110
RUSSIA	FRANCE	1111
RUSSIA	FRANCE	1113
RUSSIA	FRANCE	1118
RUSSIA	FRANCE	1120
RUSSIA	FRANCE	1122
RUSSIA	FRANCE	1123
RUSSIA	FRANCE	1124
RUSSIA	FRANCE	1127
RUSSIA	FRANCE	1128
RUSSIA	FRANCE	1129
RUSSIA	FRANCE	1131
RUSSIA	FRANCE	1132
RUSSIA	FRANCE	1133
RUSSIA	FRANCE	1144
RUSSIA	FRANCE	1145
RUSSIA	FRANCE	1146
RUSSIA	FRANCE	1148
RUSSIA	FRANCE	1149
RUSSIA	FRANCE	1150
RUSSIA	FRANCE	1156
RUSSIA	FRANCE	1158
RUSSIA	FRANCE	1160
RUSSIA	FRANCE	1165
RUSSIA	FRANCE	1169
RUSSIA	FRANCE	1176
RUSSIA	FRANCE	1183
RUSSIA	FRANCE	1184
RUSSIA	FRANCE	1185
RUSSIA	FRANCE	1191
RUSSIA	FRANCE	1200
RUSSIA	FRANCE	1201
RUSSIA	FRANCE	1205
RUSSIA	FRANCE	1216
RUSSIA	FRANCE	1217
RUSSIA	FRANCE	1220
RUSSIA	FRANCE	1223
RUSSIA	FRANCE	1225
RUSSIA	FRANCE	1231
RUSSIA	FRANCE	1232
RUSSIA	FRANCE	1233
RUSSIA	FRANCE	1238
RUSSIA	FRANCE	1242
RUSSIA	FRANCE	1248
RUSSIA	FRANCE	1251
RUSSIA	FRANCE	1253
RUSSIA	FRANCE	1261
RUSSIA	FRANCE	1268
RUSSIA	FRANCE	1270
RUSSIA	FRANCE	1272
RUSSIA	FRANCE	1274
RUSSIA	FRANCE	1277
RUSSIA	FRANCE	1280
RUSSIA	FRANCE	1281
RUSSIA	FRANCE	1283
RUSSIA	FRANCE	1290
RUSSIA	FRANCE	1293
RUSSIA	FRANCE	1294
RUSSIA	FRANCE	1296
RUSSIA	FRANCE	1298
RUSSIA	FRANCE	1299
RUSSIA	FRANCE	1306
RUSSIA	FRANCE	1307
RUSSIA	FRANCE	1308
RUSSIA	FRANCE	1310
RUSSIA	FRANCE	1319
RUSSIA	FRANCE	1323
RUSSIA	FRANCE	1331
RUSSIA	FRANCE	1334
RUSSIA	FRANCE	1335
RUSSIA	FRANCE	1338
RUSSIA	FRANCE	1346
RUSSIA	FRANCE	1348
RUSSIA	FRANCE	1353
RUSSIA	FRANCE	1357
RUSSIA	FRANCE	1374
RUSSIA	FRANCE	1376
RUSSIA	FRANCE	1378
RUSSIA	FRANCE	1386
RUSSIA	FRANCE	1388
RUSSIA	FRANCE	1389
RUSSIA	FRANCE	1395
RUSSIA	FRANCE	1403
RUSSIA	FRANCE	1407
RUSSIA	FRANCE	1416
RUSSIA	FRANCE	1422
RUSSIA	FRANCE	1431
RUSSIA	FRANCE	1433
RUSSIA	FRANCE	1434
RUSSIA	FRANCE	1438
RUSSIA	FRANCE	1439
RUSSIA	FRANCE	1440
RUSSIA	FRANCE	1442
RUSSIA	FRANCE	1443
RUSSIA	FRANCE	1444
RUSSIA	FRANCE	1446
RUSSIA	FRANCE	1456
RUSSIA	FRANCE	1457
RUSSIA	FRANCE	1458
RUSSIA	FRANCE	1459
RUSSIA	FRANCE	1461
RUSSIA	FRANCE	1462
RUSSIA	FRANCE	1473
RUSSIA	FRANCE	1474
RUSSIA	FRANCE	1486
RUSSIA	FRANCE	1493
RUSSIA	FRANCE	1495
RUSSIA	FRANCE	1497
RUSSIA	FRANCE	1498
RUSSIA	FRANCE	1499
RUSSIA	FRANCE	1502
RUSSIA	FRANCE	1509
RUSSIA	FRANCE	1510
RUSSIA	FRANCE	1513
RUSSIA	FRANCE	1517
RUSSIA	FRANCE	1521
RUSSIA	FRANCE	1527
RUSSIA	FRANCE	1529
RUSSIA	FRANCE	1537
RUSSIA	FRANCE	1541
RUSSIA	FRANCE	1542
RUSSIA	FRANCE	1546
RUSSIA	FRANCE	1547
RUSSIA	FRANCE	1548
RUSSIA	FRANCE	1550
RUSSIA	FRANCE	1553
RUSSIA	FRANCE	1554
RUSSIA	FRANCE	1555
RUSSIA	FRANCE	1568
RUSSIA	FRANCE	1569
RUSSIA	FRANCE	1574
RUSSIA	FRANCE	1578
RUSSIA	FRANCE	1586
RUSSIA	FRANCE	1589
RUSSIA	FRANCE	1593
RUSSIA	FRANCE	1594
RUSSIA	FRANCE	1597
RUSSIA	FRANCE	1598
RUSSIA	FRANCE	1601
RUSSIA	FRANCE	1603
RUSSIA	FRANCE	1604
RUSSIA	FRANCE	1605
RUSSIA	FRANCE	1609
RUSSIA	FRANCE	1611
RUSSIA	FRANCE	1612
RUSSIA	FRANCE	1616
RUSSIA	FRANCE	1619
RUSSIA	FRANCE	1623
RUSSIA	FRANCE	1624
RUSSIA	FRANCE	1625
RUSSIA	FRANCE	1626
RUSSIA	FRANCE	1629
RUSSIA	FRANCE	1634
RUSSIA	FRANCE	1635
RUSSIA	FRANCE	1636
RUSSIA	FRANCE	1638
RUSSIA	FRANCE	1640
RUSSIA	FRANCE	1641
RUSSIA	FRANCE	1643
RUSSIA	FRANCE	1644
RUSSIA	FRANCE	1646
RUSSIA	FRANCE	1648
RUSSIA	FRANCE	1650
RUSSIA	FRANCE	1652
RUSSIA	FRANCE	1655
RUSSIA	FRANCE	1658
RUSSIA	FRANCE	1659
RUSSIA	FRANCE	1661
RUSSIA	FRANCE	1667
RUSSIA	FRANCE	1670
RUSSIA	FRANCE	1674
RUSSIA	FRANCE	1675
RUSSIA	FRANCE	1677
RUSSIA	FRANCE	1682
RUSSIA	FRANCE	1683
RUSSIA	FRANCE	1686
RUSSIA	FRANCE	1687
RUSSIA	FRANCE	1688
RUSSIA	FRANCE	1696
RUSSIA	FRANCE	1698
RUSSIA	FRANCE	1707
RUSSIA	FRANCE	1708
RUSSIA	FRANCE	1710
RUSSIA	FRANCE	1711
RUSSIA	FRANCE	1714
RUSSIA	FRANCE	1719
RUSSIA	FRANCE	1720
RUSSIA	FRANCE	1721
RUSSIA	FRANCE	1727
RUSSIA	FRANCE	1734
RUSSIA	FRANCE	1744
RUSSIA	FRANCE	1747
RUSSIA	FRANCE	1750
RUSSIA	FRANCE	1753
RUSSIA	FRANCE	1756
RUSSIA	FRANCE	1757
RUSSIA	FRANCE	1758
RUSSIA	FRANCE	1759
RUSSIA	FRANCE	1762
RUSSIA	FRANCE	1764
RUSSIA	FRANCE	1768
RUSSIA	FRANCE	1771
RUSSIA	FRANCE	1772
RUSSIA	FRANCE	1773
RUSSIA	FRANCE	1774
RUSSIA	FRANCE	1776
RUSSIA	FRANCE	1782
RUSSIA	FRANCE	1792
RUSSIA	FRANCE	1795
RUSSIA	FRANCE	1796
RUSSIA	FRANCE	1800
RUSSIA	FRANCE	1801
RUSSIA	FRANCE	1802
RUSSIA	FRANCE	1806
RUSSIA	FRANCE	1807
RUSSIA	FRANCE	1812
RUSSIA	FRANCE	1816
RUSSIA	FRANCE	1817
RUSSIA	FRANCE	1819
RUSSIA	FRANCE	1820
RUSSIA	FRANCE	1821
RUSSIA	FRANCE	1825
RUSSIA	FRANCE	1833
RUSSIA	FRANCE	1834
RUSSIA	FRANCE	1836
RUSSIA	FRANCE	1837
RUSSIA	FRANCE	1838
RUSSIA	FRANCE	1841
RUSSIA	FRANCE	1843
RUSSIA	FRANCE	1852
RUSSIA	FRANCE	1858
RUSSIA	FRANCE	1859
RUSSIA	FRANCE	1860
RUSSIA	FRANCE	1861
RUSSIA	FRANCE	1864
RUSSIA	FRANCE	1865
RUSSIA	FRANCE	1869
RUSSIA	FRANCE	1874
RUSSIA	FRANCE	1875
RUSSIA	FRANCE	1879
RUSSIA	FRANCE	1881
RUSSIA	FRANCE	1883
RUSSIA	FRANCE	1884
RUSSIA	FRANCE	1885
RUSSIA	FRANCE	1890
RUSSIA	FRANCE	1900
RUSSIA	FRANCE	1903
RUSSIA	FRANCE	1904
RUSSIA	FRANCE	1906
RUSSIA	FRANCE	1908
RUSSIA	FRANCE	1909
RUSSIA	FRANCE	1910
RUSSIA	FRANCE	1911
RUSSIA	FRANCE	1913
RUSSIA	FRANCE	1915
RUSSIA	FRANCE	1920
RUSSIA	FRANCE	1923
RUSSIA	FRANCE	1926
RUSSIA	FRANCE	1927
RUSSIA	FRANCE	1931
RUSSIA	FRANCE	1932
RUSSIA	FRANCE	1933
RUSSIA	FRANCE	1934
RUSSIA	FRANCE	1936
RUSSIA	FRANCE	1937
RUSSIA	FRANCE	1939
RUSSIA	FRANCE	1942
RUSSIA	FRANCE	1943
RUSSIA	FRANCE	1945
RUSSIA	FRANCE	1948
RUSSIA	FRANCE	1951
RUSSIA	FRANCE	1958
RUSSIA	FRANCE	1959
RUSSIA	FRANCE	1961
RUSSIA	FRANCE	1964
RUSSIA	FRANCE	1969
RUSSIA	FRANCE	1971
RUSSIA	FRANCE	1972
RUSSIA	FRANCE	1975
RUSSIA	FRANCE	1982
RUSSIA	FRANCE	1988
RUSSIA	FRANCE	1989
RUSSIA	FRANCE	1992
RUSSIA	FRANCE	1994
RUSSIA	FRANCE	1995
RUSSIA	FRANCE	1998
RUSSIA	FRANCE	2000
RUSSIA	FRANCE	2001
RUSSIA	FRANCE	2004
RUSSIA	FRANCE	2006
RUSSIA	FRANCE	2007
RUSSIA	FRANCE	2013
RUSSIA	FRANCE	2016
RUSSIA	FRANCE	2019
RUSSIA	FRANCE	2021
RUSSIA	FRANCE	2028
RUSSIA	FRANCE	2031
RUSSIA	FRANCE	2034
RUSSIA	FRANCE	2037
RUSSIA	FRANCE	2038
RUSSIA	FRANCE	2048
RUSSIA	FRANCE	2053
RUSSIA	FRANCE	2057
RUSSIA	FRANCE	2058
RUSSIA	FRANCE	2060
RUSSIA	FRANCE	2064
RUSSIA	FRANCE	2065
RUSSIA	FRANCE	2066
RUSSIA	FRANCE	2068
RUSSIA	FRANCE	2072
RUSSIA	FRANCE	2074
RUSSIA	FRANCE	2079
RUSSIA	FRANCE	2081
RUSSIA	FRANCE	2084
RUSSIA	FRANCE	2087
RUSSIA	FRANCE	2088
RUSSIA	FRANCE	2089
RUSSIA	FRANCE	2090
RUSSIA	FRANCE	2091
RUSSIA	FRANCE	2093
RUSSIA	FRANCE	2098
RUSSIA	FRANCE	2100
RUSSIA	FRANCE	2105
RUSSIA	FRANCE	2109
RUSSIA	FRANCE	2111
RUSSIA	FRANCE	2121
RUSSIA	FRANCE	2122
RUSSIA	FRANCE	2123
RUSSIA	FRANCE	2125
RUSSIA	FRANCE	2126
RUSSIA	FRANCE	2130
RUSSIA	FRANCE	2131
RUSSIA	FRANCE	2133
RUSSIA	FRANCE	2135
RUSSIA	FRANCE	2136
RUSSIA	FRANCE	2138
RUSSIA	FRANCE	2139
RUSSIA	FRANCE	2141
RUSSIA	FRANCE	2142
RUSSIA	FRANCE	2145
RUSSIA	FRANCE	2146
RUSSIA	FRANCE	2147
RUSSIA	FRANCE	2148
RUSSIA	FRANCE	2149
RUSSIA	FRANCE	2150
RUSSIA	FRANCE	2153
RUSSIA	FRANCE	2159
RUSSIA	FRANCE	2161
RUSSIA	FRANCE	2163
RUSSIA	FRANCE	2166
RUSSIA	FRANCE	2168
RUSSIA	FRANCE	2169
RUSSIA	FRANCE	2171
RUSSIA	FRANCE	2173
RUSSIA	FRANCE	2177
RUSSIA	FRANCE	2178
RUSSIA	FRANCE	2180
RUSSIA	FRANCE	2185
RUSSIA	FRANCE	2187
RUSSIA	FRANCE	2191
RUSSIA	FRANCE	2194
RUSSIA	FRANCE	2207
RUSSIA	FRANCE	2214
RUSSIA	FRANCE	2215
RUSSIA	FRANCE	2217
RUSSIA	FRANCE	2218
RUSSIA	FRANCE	2223
RUSSIA	FRANCE	2224
RUSSIA	FRANCE	2225
RUSSIA	FRANCE	2226
RUSSIA	FRANCE	2228
RUSSIA	FRANCE	2232
RUSSIA	FRANCE	2237
RUSSIA	FRANCE	2238
RUSSIA	FRANCE	2253
RUSSIA	FRANCE	2255
RUSSIA	FRANCE	2257
RUSSIA	FRANCE	2258
RUSSIA	FRANCE	2263
RUSSIA	FRANCE	2264
RUSSIA	FRANCE	2269
RUSSIA	FRANCE	2276
RUSSIA	FRANCE	2277
RUSSIA	FRANCE	2279
RUSSIA	FRANCE	2281
RUSSIA	FRANCE	2282
RUSSIA	FRANCE	2288
RUSSIA	FRANCE	2289
RUSSIA	FRANCE	2292
RUSSIA	FRANCE	2293
RUSSIA	FRANCE	2297
RUSSIA	FRANCE	2303
RUSSIA	FRANCE	2304
RUSSIA	FRANCE	2308
RUSSIA	FRANCE	2309
RUSSIA	FRANCE	2317
RUSSIA	FRANCE	2319
RUSSIA	FRANCE	2322
RUSSIA	FRANCE	2323
RUSSIA	FRANCE	2324
RUSSIA	FRANCE	2325
RUSSIA	FRANCE	2327
RUSSIA	FRANCE	2338
RUSSIA	FRANCE	2340
RUSSIA	FRANCE	2342
RUSSIA	FRANCE	2343
RUSSIA	FRANCE	2345
RUSSIA	FRANCE	2347
RUSSIA	FRANCE	2348
RUSSIA	FRANCE	2349
RUSSIA	FRANCE	2350
RUSSIA	FRANCE	2365
RUSSIA	FRANCE	2369
RUSSIA	FRANCE	2373
RUSSIA	FRANCE	2374
RUSSIA	FRANCE	2375
RUSSIA	FRANCE	2379
RUSSIA	FRANCE	2381
RUSSIA	FRANCE	2383
RUSSIA	FRANCE	2387
RUSSIA	FRANCE	2392
RUSSIA	FRANCE	2395
RUSSIA	FRANCE	2397
RUSSIA	FRANCE	2402
RUSSIA	FRANCE	2405
RUSSIA	FRANCE	2408
RUSSIA	FRANCE	2411
RUSSIA	FRANCE	2412
RUSSIA	FRANCE	2423
RUSSIA	FRANCE	2424
RUSSIA	FRANCE	2425
RUSSIA	FRANCE	2428
RUSSIA	FRANCE	2429
RUSSIA	FRANCE	2430
RUSSIA	FRANCE	2432
RUSSIA	FRANCE	2433
RUSSIA	FRANCE	2434
RUSSIA	FRANCE	2436
RUSSIA	FRANCE	2444
RUSSIA	FRANCE	2449
RUSSIA	FRANCE	2451
RUSSIA	FRANCE	2456
RUSSIA	FRANCE	2457
RUSSIA	FRANCE	2460
RUSSIA	FRANCE	2463
RUSSIA	FRANCE	2464
RUSSIA	FRANCE	2476
RUSSIA	FRANCE	2480
RUSSIA	FRANCE	2487
RUSSIA	FRANCE	2490
RUSSIA	FRANCE	2494
RUSSIA	FRANCE	2499
RUSSIA	FRANCE	2502
RUSSIA	FRANCE	2503
RUSSIA	FRANCE	2504
RUSSIA	FRANCE	2505
RUSSIA	FRANCE	2506
RUSSIA	FRANCE	2508
RUSSIA	FRANCE	2509
RUSSIA	FRANCE	2512
RUSSIA	FRANCE	2514
RUSSIA	FRANCE	2524
RUSSIA	FRANCE	2526
RUSSIA	FRANCE	2527
RUSSIA	FRANCE	2534
RUSSIA	FRANCE	2536
RUSSIA	FRANCE	2541
RUSSIA	FRANCE	2544
RUSSIA	FRANCE	2546
RUSSIA	FRANCE	2547
RUSSIA	FRANCE	2549
RUSSIA	FRANCE	2555
RUSSIA	FRANCE	2559
RUSSIA	FRANCE	2560
RUSSIA	FRANCE	2568
RUSSIA	FRANCE	2569
RUSSIA	FRANCE	2581
RUSSIA	FRANCE	2583
RUSSIA	FRANCE	2586
RUSSIA	FRANCE	2589
RUSSIA	FRANCE	2598
RUSSIA	FRANCE	2602
RUSSIA	FRANCE	2604
RUSSIA	FRANCE	2610
RUSSIA	FRANCE	2614
RUSSIA	FRANCE	2627
RUSSIA	FRANCE	2631
RUSSIA	FRANCE	2632
RUSSIA	FRANCE	2634
RUSSIA	FRANCE	2645
RUSSIA	FRANCE	2646
RUSSIA	FRANCE	2648
RUSSIA	FRANCE	2659
RUSSIA	FRANCE	2660
RUSSIA	FRANCE	2662
RUSSIA	FRANCE	2663
RUSSIA	FRANCE	2664
RUSSIA	FRANCE	2669
RUSSIA	FRANCE	2671
RUSSIA	FRANCE	2672
RUSSIA	FRANCE	2680
RUSSIA	FRANCE	2689
RUSSIA	FRANCE	2692
RUSSIA	FRANCE	2693
RUSSIA	FRANCE	2699
RUSSIA	FRANCE	2705
RUSSIA	FRANCE	2707
RUSSIA	FRANCE	2708
RUSSIA	FRANCE	2718
RUSSIA	FRANCE	2719
RUSSIA	FRANCE	2721
RUSSIA	FRANCE	2724
RUSSIA	FRANCE	2726
RUSSIA	FRANCE	2728
RUSSIA	FRANCE	2729
RUSSIA	FRANCE	2730
RUSSIA	FRANCE	2734
RUSSIA	FRANCE	2735
RUSSIA	FRANCE	2737
RUSSIA	FRANCE	2745
RUSSIA	FRANCE	2747
RUSSIA	FRANCE	2753
RUSSIA	FRANCE	2756
RUSSIA	FRANCE	2758
RUSSIA	FRANCE	2761
RUSSIA	FRANCE	2762
RUSSIA	FRANCE	2769
RUSSIA	FRANCE	2772
RUSSIA	FRANCE	2779
RUSSIA	FRANCE	2780
RUSSIA	FRANCE	2784
RUSSIA	FRANCE	2786
RUSSIA	FRANCE	2793
RUSSIA	FRANCE	2794
RUSSIA	FRANCE	2798
RUSSIA	FRANCE	2802
RUSSIA	FRANCE	2810
RUSSIA	FRANCE	2821
RUSSIA	FRANCE	2824
RUSSIA	FRANCE	2830
RUSSIA	FRANCE	2845
RUSSIA	FRANCE	2856
RUSSIA	FRANCE	2860
RUSSIA	FRANCE	2862
RUSSIA	FRANCE	2863
RUSSIA	FRANCE	2867
RUSSIA	FRANCE	2869
RUSSIA	FRANCE	2870
RUSSIA	FRANCE	2876
RUSSIA	FRANCE	2879
RUSSIA	FRANCE	2880
RUSSIA	FRANCE	2882
RUSSIA	FRANCE	2883
RUSSIA	FRANCE	2891
RUSSIA	FRANCE	2894
RUSSIA	FRANCE	2901
RUSSIA	FRANCE	2902
RUSSIA	FRANCE	2904
RUSSIA	FRANCE	2905
RUSSIA	FRANCE	2910
RUSSIA	FRANCE	2913
RUSSIA	FRANCE	2918
RUSSIA	FRANCE	2922
RUSSIA	FRANCE	2930
RUSSIA	FRANCE	2936
RUSSIA	FRANCE	2954
RUSSIA	FRANCE	2958
RUSSIA	FRANCE	2968
RUSSIA	FRANCE	2979
RUSSIA	FRANCE	2980
RUSSIA	FRANCE	2991
RUSSIA	FRANCE	3007
RUSSIA	FRANCE	3009
RUSSIA	FRANCE	3016
RUSSIA	FRANCE	3022
RUSSIA	FRANCE	3026
RUSSIA	FRANCE	3036
RUSSIA	FRANCE	3039
RUSSIA	FRANCE	3057
RUSSIA	FRANCE	3064
RUSSIA	FRANCE	3081
RUSSIA	FRANCE	3091
RUSSIA	FRANCE	3094
RUSSIA	FRANCE	3099
RUSSIA	FRANCE	3109
RUSSIA	FRANCE	3112
RUSSIA	FRANCE	3119
RUSSIA	FRANCE	3140
RUSSIA	FRANCE	3166
RUSSIA	FRANCE	3172
RUSSIA	FRANCE	3174
RUSSIA	FRANCE	3206
RUSSIA	FRANCE	3208
RUSSIA	FRANCE	3214
RUSSIA	FRANCE	3216
RUSSIA	FRANCE	3220
RUSSIA	FRANCE	3224
RUSSIA	FRANCE	3226
RUSSIA	FRANCE	3246
RUSSIA	FRANCE	3248
RUSSIA	FRANCE	3267
RUSSIA	FRANCE	3277
RUSSIA	FRANCE	3279
RUSSIA	FRANCE	3281
RUSSIA	FRANCE	3287
RUSSIA	FRANCE	3322
RUSSIA	FRANCE	3341
RUSSIA	FRANCE	3373
RUSSIA	FRANCE	3376
RUSSIA	FRANCE	3378
RUSSIA	FRANCE	3387
RUSSIA	FRANCE	3391
RUSSIA	FRANCE	3394
RUSSIA	FRANCE	3439
RUSSIA	FRANCE	3454
RUSSIA	FRANCE	3461
RUSSIA	FRANCE	3468
RUSSIA	FRANCE	3551
RUSSIA	FRANCE	3556
RUSSIA	FRANCE	3564
RUSSIA	FRANCE	3583
RUSSIA	FRANCE	3625
RUSSIA	FRANCE	3664
RUSSIA	FRANCE	3833
RUSSIA	FRANCE	3844
RUSSIA	FRANCE	3935
RUSSIA	FRANCE	3938
RUSSIA	FRANCE	3939
RUSSIA	FRANCE	4031
RUSSIA	FRANCE	4146
RUSSIA	FRANCE	4202
RUSSIA	FRANCE	4218
RUSSIA	FRANCE	4228
RUSSIA	FRANCE	4252
RUSSIA	FRANCE	4267
RUSSIA	FRANCE	4382
RUSSIA	FRANCE	4450
RUSSIA	FRANCE	4471
RUSSIA	FRANCE	4476
RUSSIA	FRANCE	4497
RUSSIA	FRANCE	4506
RUSSIA	FRANCE	4577
RUSSIA	FRANCE	4616
RUSSIA	FRANCE	4662
RUSSIA	FRANCE	4728
RUSSIA	FRANCE	4763
RUSSIA	FRANCE	4808
RUSSIA	FRANCE	4919
RUSSIA	FRANCE	5004
RUSSIA	FRANCE	5042
RUSSIA	FRANCE	5046
RUSSIA	FRANCE	5116
RUSSIA	FRANCE	5162
RUSSIA	FRANCE	5400
RUSSIA	FRANCE	5412
RUSSIA	FRANCE	5422
RUSSIA	FRANCE	5453
RUSSIA	FRANCE	5460
RUSSIA	FRANCE	5479
RUSSIA	FRANCE	5510
RUSSIA	FRANCE	5557
RUSSIA	FRANCE	5565
RUSSIA	FRANCE	5568
RUSSIA	FRANCE	5603
RUSSIA	FRANCE	5618
RUSSIA	FRANCE	5681
RUSSIA	FRANCE	5698
RUSSIA	FRANCE	5738
RUSSIA	FRANCE	6048
RUSSIA	FRANCE	6075
RUSSIA	FRANCE	6084
RUSSIA	FRANCE	6123
RUSSIA	FRANCE	6140
RUSSIA	FRANCE	6147
RUSSIA	FRANCE	6178
RUSSIA	FRANCE	6189
RUSSIA	FRANCE	6271
RUSSIA	FRANCE	6280
RUSSIA	FRANCE	6341
RUSSIA	FRANCE	6360
RUSSIA	FRANCE	6382
RUSSIA	FRANCE	6398
RUSSIA	FRANCE	6409
RUSSIA	FRANCE	6416
RUSSIA	FRANCE	6449
RUSSIA	FRANCE	6481
RUSSIA	FRANCE	6482
RUSSIA	FRANCE	6494
RUSSIA	FRANCE	6513
RUSSIA	FRANCE	6533
RUSSIA	FRANCE	6544
RUSSIA	FRANCE	6623
RUSSIA	FRANCE	6631
RUSSIA	FRANCE	6646
RUSSIA	FRANCE	6679
RUSSIA	FRANCE	6791
RUSSIA	FRANCE	6802
RUSSIA	FRANCE	6896
RUSSIA	FRANCE	6938
RUSSIA	FRANCE	6958
RUSSIA	FRANCE	6966
RUSSIA	FRANCE	7005
RUSSIA	FRANCE	7039
RUSSIA	FRANCE	7150
RUSSIA	FRANCE	7187
RUSSIA	FRANCE	7191
RUSSIA	FRANCE	7205
RUSSIA	FRANCE	7245
RUSSIA	FRANCE	7247
RUSSIA	FRANCE	7266
RUSSIA	FRANCE	7347
RUSSIA	FRANCE	7363
RUSSIA	FRANCE	7425
RUSSIA	FRANCE	7459
RUSSIA	FRANCE	7548
RUSSIA	FRANCE	7559
RUSSIA	FRANCE	7593
RUSSIA	FRANCE	7627
RUSSIA	FRANCE	7628
RUSSIA	FRANCE	7672
RUSSIA	FRANCE	7818
RUSSIA	FRANCE	7819
RUSSIA	FRANCE	7823
RUSSIA	FRANCE	7857
RUSSIA	FRANCE	7866
RUSSIA	FRANCE	7871
RUSSIA	FRANCE	7887
RUSSIA	FRANCE	7925
RUSSIA	FRANCE	7943
RUSSIA	FRANCE	7964
RUSSIA	FRANCE	7972
RUSSIA	FRANCE	7983
RUSSIA	FRANCE	8091
RUSSIA	FRANCE	8104
RUSSIA	FRANCE	8114
RUSSIA	FRANCE	8197
RUSSIA	FRANCE	8359
RUSSIA	FRANCE	8362
RUSSIA	FRANCE	8454
RUSSIA	FRANCE	8483
RUSSIA	FRANCE	8494
RUSSIA	FRANCE	8501
RUSSIA	FRANCE	8611
RUSSIA	FRANCE	8690
RUSSIA	FRANCE	8750
RUSSIA	FRANCE	8827
RUSSIA	FRANCE	8832
RUSSIA	FRANCE	8846
RUSSIA	FRANCE	8864
RUSSIA	FRANCE	8927
RUSSIA	FRANCE	8931
RUSSIA	FRANCE	8941
RUSSIA	FRANCE	9005
RUSSIA	FRANCE	9064
RUSSIA	FRANCE	9103
RUSSIA	FRANCE	9129
RUSSIA	FRANCE	9151
RUSSIA	FRANCE	9211
RUSSIA	FRANCE	9233
RUSSIA	FRANCE	9248
RUSSIA	FRANCE	9263
RUSSIA	FRANCE	9296
RUSSIA	FRANCE	9382
RUSSIA	FRANCE	9502
RUSSIA	FRANCE	9518
RUSSIA	FRANCE	9546
RUSSIA	FRANCE	9678
RUSSIA	FRANCE	9767
RUSSIA	FRANCE	9788
RUSSIA	FRANCE	9799
RUSSIA	FRANCE	9830
RUSSIA	FRANCE	9831
RUSSIA	FRANCE	9832
RUSSIA	FRANCE	9847
RUSSIA	FRANCE	9891
RUSSIA	FRANCE	9924
RUSSIA	FRANCE	9940
RUSSIA	FRANCE	9974
SAUDI ARABIA	FRANCE	1002
SAUDI ARABIA	FRANCE	1004
SAUDI ARABIA	FRANCE	1010
SAUDI ARABIA	FRANCE	1011
SAUDI ARABIA	FRANCE	1014
SAUDI ARABIA	FRANCE	1015
SAUDI ARABIA	FRANCE	1017
SAUDI ARABIA	FRANCE	1025
SAUDI ARABIA	FRANCE	1028
SAUDI ARABIA	FRANCE	1032
SAUDI ARABIA	FRANCE	1034
SAUDI ARABIA	FRANCE	1038
SAUDI ARABIA	FRANCE	1041
SAUDI ARABIA	FRANCE	1043
SAUDI ARABIA	FRANCE	1044
SAUDI ARABIA	FRANCE	1049
SAUDI ARABIA	FRANCE	1053
SAUDI ARABIA	FRANCE	1056
SAUDI ARABIA	FRANCE	1062
SAUDI ARABIA	FRANCE	1063
SAUDI ARABIA	FRANCE	1067
SAUDI ARABIA	FRANCE	1068
SAUDI ARABIA	FRANCE	1071
SAUDI ARABIA	FRANCE	1074
SAUDI ARABIA	FRANCE	1075
SAUDI ARABIA	FRANCE	1077
SAUDI ARABIA	FRANCE	1079
SAUDI ARABIA	FRANCE	1080
SAUDI ARABIA	FRANCE	1081
SAUDI ARABIA	FRANCE	1086
SAUDI ARABIA	FRANCE	1095
SAUDI ARABIA	FRANCE	1096
SAUDI ARABIA	FRANCE	1105
SAUDI ARABIA	FRANCE	1107
SAUDI ARABIA	FRANCE	1110
SAUDI ARABIA	FRANCE	1111
SAUDI ARABIA	FRANCE	1112
SAUDI ARABIA	FRANCE	1114
SAUDI ARABIA	FRANCE	1120
SAUDI ARABIA	FRANCE	1122
SAUDI ARABIA	FRANCE	1127
SAUDI ARABIA	FRANCE	1128
SAUDI ARABIA	FRANCE	1131
SAUDI ARABIA	FRANCE	1134
SAUDI ARABIA	FRANCE	1137
SAUDI ARABIA	FRANCE	1142
SAUDI ARABIA	FRANCE	1144
SAUDI ARABIA	FRANCE	1146
SAUDI ARABIA	FRANCE	1147
SAUDI ARABIA	FRANCE	1150
SAUDI ARABIA	FRANCE	1151
SAUDI ARABIA	FRANCE	1153
SAUDI ARABIA	FRANCE	1154
SAUDI ARABIA	FRANCE	1156
SAUDI ARABIA	FRANCE	1165
SAUDI ARABIA	FRANCE	1166
SAUDI ARABIA	FRANCE	1169
SAUDI ARABIA	FRANCE	1174
SAUDI ARABIA	FRANCE	1180
SAUDI ARABIA	FRANCE	1181
SAUDI ARABIA	FRANCE	1184
SAUDI ARABIA	FRANCE	1186
SAUDI ARABIA	FRANCE	1187
SAUDI ARABIA	FRANCE	1194
SAUDI ARABIA	FRANCE	1201
SAUDI ARABIA	FRANCE	1208
SAUDI ARABIA	FRANCE	1211
SAUDI ARABIA	FRANCE	1215
SAUDI ARABIA	FRANCE	1217
SAUDI ARABIA	FRANCE	1221
SAUDI ARABIA	FRANCE	1223
SAUDI ARABIA	FRANCE	1224
SAUDI ARABIA	FRANCE	1225
SAUDI ARABIA	FRANCE	1227
SAUDI ARABIA	FRANCE	1230
SAUDI ARABIA	FRANCE	1231
SAUDI ARABIA	FRANCE	1234
SAUDI ARABIA	FRANCE	1242
SAUDI ARABIA	FRANCE	1245
SAUDI ARABIA	FRANCE	1249
SAUDI ARABIA	FRANCE	1250
SAUDI ARABIA	FRANCE	1252
SAUDI ARABIA	FRANCE	1256
SAUDI ARABIA	FRANCE	1260
SAUDI ARABIA	FRANCE	1265
SAUDI ARABIA	FRANCE	1269
SAUDI ARABIA	FRANCE	1273
SAUDI ARABIA	FRANCE	1277
SAUDI ARABIA	FRANCE	1281
SAUDI ARABIA	FRANCE	1282
SAUDI ARABIA	FRANCE	1283
SAUDI ARABIA	FRANCE	1284
SAUDI ARABIA	FRANCE	1288
SAUDI ARABIA	FRANCE	1291
SAUDI ARABIA	FRANCE	1292
SAUDI ARABIA	FRANCE	1295
SAUDI ARABIA	FRANCE	1305
SAUDI ARABIA	FRANCE	1306
SAUDI ARABIA	FRANCE	1311
SAUDI ARABIA	FRANCE	1312
SAUDI ARABIA	FRANCE	1316
SAUDI ARABIA	FRANCE	1321
SAUDI ARABIA	FRANCE	1331
SAUDI ARABIA	FRANCE	1344
SAUDI ARABIA	FRANCE	1346
SAUDI ARABIA	FRANCE	1351
SAUDI ARABIA	FRANCE	1352
SAUDI ARABIA	FRANCE	1359
SAUDI ARABIA	FRANCE	1366
SAUDI ARABIA	FRANCE	1376
SAUDI ARABIA	FRANCE	1377
SAUDI ARABIA	FRANCE	1383
SAUDI ARABIA	FRANCE	1386
SAUDI ARABIA	FRANCE	1388
SAUDI ARABIA	FRANCE	1389
SAUDI ARABIA	FRANCE	1393
SAUDI ARABIA	FRANCE	1395
SAUDI ARABIA	FRANCE	1398
SAUDI ARABIA	FRANCE	1401
SAUDI ARABIA	FRANCE	1402
SAUDI ARABIA	FRANCE	1405
SAUDI ARABIA	FRANCE	1407
SAUDI ARABIA	FRANCE	1410
SAUDI ARABIA	FRANCE	1412
SAUDI ARABIA	FRANCE	1416
SAUDI ARABIA	FRANCE	1433
SAUDI ARABIA	FRANCE	1443
SAUDI ARABIA	FRANCE	1444
SAUDI ARABIA	FRANCE	1446
SAUDI ARABIA	FRANCE	1448
SAUDI ARABIA	FRANCE	1449
SAUDI ARABIA	FRANCE	1456
SAUDI ARABIA	FRANCE	1462
SAUDI ARABIA	FRANCE	1463
SAUDI ARABIA	FRANCE	1465
SAUDI ARABIA	FRANCE	1468
SAUDI ARABIA	FRANCE	1470
SAUDI ARABIA	FRANCE	1472
SAUDI ARABIA	FRANCE	1474
SAUDI ARABIA	FRANCE	1477
SAUDI ARABIA	FRANCE	1478
SAUDI ARABIA	FRANCE	1484
SAUDI ARABIA	FRANCE	1488
SAUDI ARABIA	FRANCE	1491
SAUDI ARABIA	FRANCE	1493
SAUDI ARABIA	FRANCE	1494
SAUDI ARABIA	FRANCE	1495
SAUDI ARABIA	FRANCE	1497
SAUDI ARABIA	FRANCE	1498
SAUDI ARABIA	FRANCE	1502
SAUDI ARABIA	FRANCE	1504
SAUDI ARABIA	FRANCE	1508
SAUDI ARABIA	FRANCE	1510
SAUDI ARABIA	FRANCE	1512
SAUDI ARABIA	FRANCE	1517
SAUDI ARABIA	FRANCE	1518
SAUDI ARABIA	FRANCE	1522
SAUDI ARABIA	FRANCE	1523
SAUDI ARABIA	FRANCE	1524
SAUDI ARABIA	FRANCE	1525
SAUDI ARABIA	FRANCE	1526
SAUDI ARABIA	FRANCE	1528
SAUDI ARABIA	FRANCE	1529
SAUDI ARABIA	FRANCE	1532
SAUDI ARABIA	FRANCE	1536
SAUDI ARABIA	FRANCE	1543
SAUDI ARABIA	FRANCE	1546
SAUDI ARABIA	FRANCE	1547
SAUDI ARABIA	FRANCE	1548
SAUDI ARABIA	FRANCE	1550
SAUDI ARABIA	FRANCE	1551
SAUDI ARABIA	FRANCE	1560
SAUDI ARABIA	FRANCE	1561
SAUDI ARABIA	FRANCE	1567
SAUDI ARABIA	FRANCE	1569
SAUDI ARABIA	FRANCE	1571
SAUDI ARABIA	FRANCE	1573
SAUDI ARABIA	FRANCE	1574
SAUDI ARABIA	FRANCE	1576
SAUDI ARABIA	FRANCE	1580
SAUDI ARABIA	FRANCE	1586
SAUDI ARABIA	FRANCE	1587
SAUDI ARABIA	FRANCE	1589
SAUDI ARABIA	FRANCE	1590
SAUDI ARABIA	FRANCE	1592
SAUDI ARABIA	FRANCE	1596
SAUDI ARABIA	FRANCE	1598
SAUDI ARABIA	FRANCE	1599
SAUDI ARABIA	FRANCE	1600
SAUDI ARABIA	FRANCE	1601
SAUDI ARABIA	FRANCE	1605
SAUDI ARABIA	FRANCE	1607
SAUDI ARABIA	FRANCE	1612
SAUDI ARABIA	FRANCE	1613
SAUDI ARABIA	FRANCE	1614
SAUDI ARABIA	FRANCE	1617
SAUDI ARABIA	FRANCE	1618
SAUDI ARABIA	FRANCE	1620
SAUDI ARABIA	FRANCE	1625
SAUDI ARABIA	FRANCE	1634
SAUDI ARABIA	FRANCE	1635
SAUDI ARABIA	FRANCE	1642
SAUDI ARABIA	FRANCE	1643
SAUDI ARABIA	FRANCE	1644
SAUDI ARABIA	FRANCE	1645
SAUDI ARABIA	FRANCE	1646
SAUDI ARABIA	FRANCE	1647
SAUDI ARABIA	FRANCE	1649
SAUDI ARABIA	FRANCE	1652
SAUDI ARABIA	FRANCE	1654
SAUDI ARABIA	FRANCE	1655
SAUDI ARABIA	FRANCE	1658
SAUDI ARABIA	FRANCE	1659
SAUDI ARABIA	FRANCE	1660
SAUDI ARABIA	FRANCE	1661
SAUDI ARABIA	FRANCE	1663
SAUDI ARABIA	FRANCE	1670
SAUDI ARABIA	FRANCE	1671
SAUDI ARABIA	FRANCE	1677
SAUDI ARABIA	FRANCE	1679
SAUDI ARABIA	FRANCE	1682
SAUDI ARABIA	FRANCE	1686
SAUDI ARABIA	FRANCE	1693
SAUDI ARABIA	FRANCE	1694
SAUDI ARABIA	FRANCE	1695
SAUDI ARABIA	FRANCE	1696
SAUDI ARABIA	FRANCE	1698
SAUDI ARABIA	FRANCE	1700
SAUDI ARABIA	FRANCE	1701
SAUDI ARABIA	FRANCE	1703
SAUDI ARABIA	FRANCE	1704
SAUDI ARABIA	FRANCE	1711
SAUDI ARABIA	FRANCE	1714
SAUDI ARABIA	FRANCE	1720
SAUDI ARABIA	FRANCE	1721
SAUDI ARABIA	FRANCE	1722
SAUDI ARABIA	FRANCE	1723
SAUDI ARABIA	FRANCE	1725
SAUDI ARABIA	FRANCE	1733
SAUDI ARABIA	FRANCE	1740
SAUDI ARABIA	FRANCE	1744
SAUDI ARABIA	FRANCE	1745
SAUDI ARABIA	FRANCE	1747
SAUDI ARABIA	FRANCE	1750
SAUDI ARABIA	FRANCE	1753
SAUDI ARABIA	FRANCE	1758
SAUDI ARABIA	FRANCE	1760
SAUDI ARABIA	FRANCE	1762
SAUDI ARABIA	FRANCE	1763
SAUDI ARABIA	FRANCE	1767
SAUDI ARABIA	FRANCE	1768
SAUDI ARABIA	FRANCE	1769
SAUDI ARABIA	FRANCE	1770
SAUDI ARABIA	FRANCE	1772
SAUDI ARABIA	FRANCE	1773
SAUDI ARABIA	FRANCE	1774
SAUDI ARABIA	FRANCE	1776
SAUDI ARABIA	FRANCE	1780
SAUDI ARABIA	FRANCE	1782
SAUDI ARABIA	FRANCE	1786
SAUDI ARABIA	FRANCE	1791
SAUDI ARABIA	FRANCE	1792
SAUDI ARABIA	FRANCE	1794
SAUDI ARABIA	FRANCE	1798
SAUDI ARABIA	FRANCE	1812
SAUDI ARABIA	FRANCE	1824
SAUDI ARABIA	FRANCE	1826
SAUDI ARABIA	FRANCE	1831
SAUDI ARABIA	FRANCE	1833
SAUDI ARABIA	FRANCE	1834
SAUDI ARABIA	FRANCE	1836
SAUDI ARABIA	FRANCE	1837
SAUDI ARABIA	FRANCE	1846
SAUDI ARABIA	FRANCE	1847
SAUDI ARABIA	FRANCE	1849
SAUDI ARABIA	FRANCE	1850
SAUDI ARABIA	FRANCE	1852
SAUDI ARABIA	FRANCE	1854
SAUDI ARABIA	FRANCE	1857
SAUDI ARABIA	FRANCE	1859
SAUDI ARABIA	FRANCE	1860
SAUDI ARABIA	FRANCE	1865
SAUDI ARABIA	FRANCE	1869
SAUDI ARABIA	FRANCE	1870
SAUDI ARABIA	FRANCE	1874
SAUDI ARABIA	FRANCE	1878
SAUDI ARABIA	FRANCE	1882
SAUDI ARABIA	FRANCE	1883
SAUDI ARABIA	FRANCE	1886
SAUDI ARABIA	FRANCE	1888
SAUDI ARABIA	FRANCE	1889
SAUDI ARABIA	FRANCE	1892
SAUDI ARABIA	FRANCE	1894
SAUDI ARABIA	FRANCE	1895
SAUDI ARABIA	FRANCE	1896
SAUDI ARABIA	FRANCE	1903
SAUDI ARABIA	FRANCE	1905
SAUDI ARABIA	FRANCE	1907
SAUDI ARABIA	FRANCE	1908
SAUDI ARABIA	FRANCE	1909
SAUDI ARABIA	FRANCE	1920
SAUDI ARABIA	FRANCE	1925
SAUDI ARABIA	FRANCE	1927
SAUDI ARABIA	FRANCE	1930
SAUDI ARABIA	FRANCE	1931
SAUDI ARABIA	FRANCE	1935
SAUDI ARABIA	FRANCE	1937
SAUDI ARABIA	FRANCE	1941
SAUDI ARABIA	FRANCE	1942
SAUDI ARABIA	FRANCE	1943
SAUDI ARABIA	FRANCE	1945
SAUDI ARABIA	FRANCE	1948
SAUDI ARABIA	FRANCE	1950
SAUDI ARABIA	FRANCE	1951
SAUDI ARABIA	FRANCE	1953
SAUDI ARABIA	FRANCE	1957
SAUDI ARABIA	FRANCE	1959
SAUDI ARABIA	FRANCE	1960
SAUDI ARABIA	FRANCE	1963
SAUDI ARABIA	FRANCE	1969
SAUDI ARABIA	FRANCE	1971
SAUDI ARABIA	FRANCE	1973
SAUDI ARABIA	FRANCE	1974
SAUDI ARABIA	FRANCE	1975
SAUDI ARABIA	FRANCE	1980
SAUDI ARABIA	FRANCE	1987
SAUDI ARABIA	FRANCE	1988
SAUDI ARABIA	FRANCE	1989
SAUDI ARABIA	FRANCE	1995
SAUDI ARABIA	FRANCE	1997
SAUDI ARABIA	FRANCE	1998
SAUDI ARABIA	FRANCE	2000
SAUDI ARABIA	FRANCE	2003
SAUDI ARABIA	FRANCE	2006
SAUDI ARABIA	FRANCE	2007
SAUDI ARABIA	FRANCE	2009
SAUDI ARABIA	FRANCE	2013
SAUDI ARABIA	FRANCE	2015
SAUDI ARABIA	FRANCE	2020
SAUDI ARABIA	FRANCE	2021
SAUDI ARABIA	FRANCE	2023
SAUDI ARABIA	FRANCE	2027
SAUDI ARABIA	FRANCE	2031
SAUDI ARABIA	FRANCE	2033
SAUDI ARABIA	FRANCE	2034
SAUDI ARABIA	FRANCE	2035
SAUDI ARABIA	FRANCE	2037
SAUDI ARABIA	FRANCE	2038
SAUDI ARABIA	FRANCE	2040
SAUDI ARABIA	FRANCE	2047
SAUDI ARABIA	FRANCE	2049
SAUDI ARABIA	FRANCE	2051
SAUDI ARABIA	FRANCE	2053
SAUDI ARABIA	FRANCE	2060
SAUDI ARABIA	FRANCE	2061
SAUDI ARABIA	FRANCE	2064
SAUDI ARABIA	FRANCE	2067
SAUDI ARABIA	FRANCE	2068
SAUDI ARABIA	FRANCE	2069
SAUDI ARABIA	FRANCE	2077
SAUDI ARABIA	FRANCE	2083
SAUDI ARABIA	FRANCE	2087
SAUDI ARABIA	FRANCE	2089
SAUDI ARABIA	FRANCE	2107
SAUDI ARABIA	FRANCE	2112
SAUDI ARABIA	FRANCE	2114
SAUDI ARABIA	FRANCE	2115
SAUDI ARABIA	FRANCE	2116
SAUDI ARABIA	FRANCE	2119
SAUDI ARABIA	FRANCE	2120
SAUDI ARABIA	FRANCE	2122
SAUDI ARABIA	FRANCE	2124
SAUDI ARABIA	FRANCE	2132
SAUDI ARABIA	FRANCE	2134
SAUDI ARABIA	FRANCE	2135
SAUDI ARABIA	FRANCE	2137
SAUDI ARABIA	FRANCE	2145
SAUDI ARABIA	FRANCE	2146
SAUDI ARABIA	FRANCE	2147
SAUDI ARABIA	FRANCE	2148
SAUDI ARABIA	FRANCE	2149
SAUDI ARABIA	FRANCE	2150
SAUDI ARABIA	FRANCE	2152
SAUDI ARABIA	FRANCE	2153
SAUDI ARABIA	FRANCE	2155
SAUDI ARABIA	FRANCE	2157
SAUDI ARABIA	FRANCE	2159
SAUDI ARABIA	FRANCE	2160
SAUDI ARABIA	FRANCE	2162
SAUDI ARABIA	FRANCE	2168
SAUDI ARABIA	FRANCE	2172
SAUDI ARABIA	FRANCE	2174
SAUDI ARABIA	FRANCE	2175
SAUDI ARABIA	FRANCE	2176
SAUDI ARABIA	FRANCE	2177
SAUDI ARABIA	FRANCE	2178
SAUDI ARABIA	FRANCE	2180
SAUDI ARABIA	FRANCE	2183
SAUDI ARABIA	FRANCE	2188
SAUDI ARABIA	FRANCE	2189
SAUDI ARABIA	FRANCE	2190
SAUDI ARABIA	FRANCE	2191
SAUDI ARABIA	FRANCE	2196
SAUDI ARABIA	FRANCE	2197
SAUDI ARABIA	FRANCE	2198
SAUDI ARABIA	FRANCE	2199
SAUDI ARABIA	FRANCE	2207
SAUDI ARABIA	FRANCE	2213
SAUDI ARABIA	FRANCE	2215
SAUDI ARABIA	FRANCE	2217
SAUDI ARABIA	FRANCE	2218
SAUDI ARABIA	FRANCE	2219
SAUDI ARABIA	FRANCE	2220
SAUDI ARABIA	FRANCE	2221
SAUDI ARABIA	FRANCE	2222
SAUDI ARABIA	FRANCE	2226
SAUDI ARABIA	FRANCE	2229
SAUDI ARABIA	FRANCE	2237
SAUDI ARABIA	FRANCE	2240
SAUDI ARABIA	FRANCE	2245
SAUDI ARABIA	FRANCE	2247
SAUDI ARABIA	FRANCE	2250
SAUDI ARABIA	FRANCE	2251
SAUDI ARABIA	FRANCE	2253
SAUDI ARABIA	FRANCE	2256
SAUDI ARABIA	FRANCE	2257
SAUDI ARABIA	FRANCE	2258
SAUDI ARABIA	FRANCE	2261
SAUDI ARABIA	FRANCE	2263
SAUDI ARABIA	FRANCE	2264
SAUDI ARABIA	FRANCE	2269
SAUDI ARABIA	FRANCE	2273
SAUDI ARABIA	FRANCE	2274
SAUDI ARABIA	FRANCE	2276
SAUDI ARABIA	FRANCE	2279
SAUDI ARABIA	FRANCE	2285
SAUDI ARABIA	FRANCE	2289
SAUDI ARABIA	FRANCE	2294
SAUDI ARABIA	FRANCE	2305
SAUDI ARABIA	FRANCE	2309
SAUDI ARABIA	FRANCE	2317
SAUDI ARABIA	FRANCE	2319
SAUDI ARABIA	FRANCE	2321
SAUDI ARABIA	FRANCE	2323
SAUDI ARABIA	FRANCE	2325
SAUDI ARABIA	FRANCE	2326
SAUDI ARABIA	FRANCE	2328
SAUDI ARABIA	FRANCE	2335
SAUDI ARABIA	FRANCE	2336
SAUDI ARABIA	FRANCE	2338
SAUDI ARABIA	FRANCE	2341
SAUDI ARABIA	FRANCE	2342
SAUDI ARABIA	FRANCE	2344
SAUDI ARABIA	FRANCE	2346
SAUDI ARABIA	FRANCE	2348
SAUDI ARABIA	FRANCE	2352
SAUDI ARABIA	FRANCE	2354
SAUDI ARABIA	FRANCE	2355
SAUDI ARABIA	FRANCE	2358
SAUDI ARABIA	FRANCE	2362
SAUDI ARABIA	FRANCE	2363
SAUDI ARABIA	FRANCE	2365
SAUDI ARABIA	FRANCE	2367
SAUDI ARABIA	FRANCE	2369
SAUDI ARABIA	FRANCE	2371
SAUDI ARABIA	FRANCE	2374
SAUDI ARABIA	FRANCE	2375
SAUDI ARABIA	FRANCE	2384
SAUDI ARABIA	FRANCE	2385
SAUDI ARABIA	FRANCE	2390
SAUDI ARABIA	FRANCE	2391
SAUDI ARABIA	FRANCE	2395
SAUDI ARABIA	FRANCE	2397
SAUDI ARABIA	FRANCE	2407
SAUDI ARABIA	FRANCE	2408
SAUDI ARABIA	FRANCE	2411
SAUDI ARABIA	FRANCE	2412
SAUDI ARABIA	FRANCE	2413
SAUDI ARABIA	FRANCE	2422
SAUDI ARABIA	FRANCE	2425
SAUDI ARABIA	FRANCE	2426
SAUDI ARABIA	FRANCE	2431
SAUDI ARABIA	FRANCE	2435
SAUDI ARABIA	FRANCE	2437
SAUDI ARABIA	FRANCE	2441
SAUDI ARABIA	FRANCE	2445
SAUDI ARABIA	FRANCE	2454
SAUDI ARABIA	FRANCE	2455
SAUDI ARABIA	FRANCE	2461
SAUDI ARABIA	FRANCE	2465
SAUDI ARABIA	FRANCE	2469
SAUDI ARABIA	FRANCE	2470
SAUDI ARABIA	FRANCE	2476
SAUDI ARABIA	FRANCE	2477
SAUDI ARABIA	FRANCE	2478
SAUDI ARABIA	FRANCE	2481
SAUDI ARABIA	FRANCE	2487
SAUDI ARABIA	FRANCE	2488
SAUDI ARABIA	FRANCE	2489
SAUDI ARABIA	FRANCE	2493
SAUDI ARABIA	FRANCE	2502
SAUDI ARABIA	FRANCE	2505
SAUDI ARABIA	FRANCE	2506
SAUDI ARABIA	FRANCE	2507
SAUDI ARABIA	FRANCE	2509
SAUDI ARABIA	FRANCE	2513
SAUDI ARABIA	FRANCE	2516
SAUDI ARABIA	FRANCE	2518
SAUDI ARABIA	FRANCE	2520
SAUDI ARABIA	FRANCE	2525
SAUDI ARABIA	FRANCE	2529
SAUDI ARABIA	FRANCE	2533
SAUDI ARABIA	FRANCE	2536
SAUDI ARABIA	FRANCE	2537
SAUDI ARABIA	FRANCE	2539
SAUDI ARABIA	FRANCE	2540
SAUDI ARABIA	FRANCE	2544
SAUDI ARABIA	FRANCE	2548
SAUDI ARABIA	FRANCE	2549
SAUDI ARABIA	FRANCE	2552
SAUDI ARABIA	FRANCE	2554
SAUDI ARABIA	FRANCE	2555
SAUDI ARABIA	FRANCE	2562
SAUDI ARABIA	FRANCE	2566
SAUDI ARABIA	FRANCE	2567
SAUDI ARABIA	FRANCE	2568
SAUDI ARABIA	FRANCE	2581
SAUDI ARABIA	FRANCE	2582
SAUDI ARABIA	FRANCE	2583
SAUDI ARABIA	FRANCE	2585
SAUDI ARABIA	FRANCE	2589
SAUDI ARABIA	FRANCE	2594
SAUDI ARABIA	FRANCE	2598
SAUDI ARABIA	FRANCE	2601
SAUDI ARABIA	FRANCE	2602
SAUDI ARABIA	FRANCE	2614
SAUDI ARABIA	FRANCE	2616
SAUDI ARABIA	FRANCE	2617
SAUDI ARABIA	FRANCE	2619
SAUDI ARABIA	FRANCE	2635
SAUDI ARABIA	FRANCE	2639
SAUDI ARABIA	FRANCE	2640
SAUDI ARABIA	FRANCE	2651
SAUDI ARABIA	FRANCE	2655
SAUDI ARABIA	FRANCE	2663
SAUDI ARABIA	FRANCE	2665
SAUDI ARABIA	FRANCE	2671
SAUDI ARABIA	FRANCE	2672
SAUDI ARABIA	FRANCE	2675
SAUDI ARABIA	FRANCE	2680
SAUDI ARABIA	FRANCE	2681
SAUDI ARABIA	FRANCE	2689
SAUDI ARABIA	FRANCE	2690
SAUDI ARABIA	FRANCE	2694
SAUDI ARABIA	FRANCE	2699
SAUDI ARABIA	FRANCE	2700
SAUDI ARABIA	FRANCE	2702
SAUDI ARABIA	FRANCE	2703
SAUDI ARABIA	FRANCE	2704
SAUDI ARABIA	FRANCE	2705
SAUDI ARABIA	FRANCE	2707
SAUDI ARABIA	FRANCE	2712
SAUDI ARABIA	FRANCE	2718
SAUDI ARABIA	FRANCE	2723
SAUDI ARABIA	FRANCE	2724
SAUDI ARABIA	FRANCE	2726
SAUDI ARABIA	FRANCE	2728
SAUDI ARABIA	FRANCE	2730
SAUDI ARABIA	FRANCE	2734
SAUDI ARABIA	FRANCE	2735
SAUDI ARABIA	FRANCE	2747
SAUDI ARABIA	FRANCE	2753
SAUDI ARABIA	FRANCE	2758
SAUDI ARABIA	FRANCE	2760
SAUDI ARABIA	FRANCE	2761
SAUDI ARABIA	FRANCE	2764
SAUDI ARABIA	FRANCE	2774
SAUDI ARABIA	FRANCE	2779
SAUDI ARABIA	FRANCE	2783
SAUDI ARABIA	FRANCE	2784
SAUDI ARABIA	FRANCE	2785
SAUDI ARABIA	FRANCE	2789
SAUDI ARABIA	FRANCE	2793
SAUDI ARABIA	FRANCE	2794
SAUDI ARABIA	FRANCE	2798
SAUDI ARABIA	FRANCE	2800
SAUDI ARABIA	FRANCE	2802
SAUDI ARABIA	FRANCE	2810
SAUDI ARABIA	FRANCE	2816
SAUDI ARABIA	FRANCE	2836
SAUDI ARABIA	FRANCE	2844
SAUDI ARABIA	FRANCE	2848
SAUDI ARABIA	FRANCE	2860
SAUDI ARABIA	FRANCE	2867
SAUDI ARABIA	FRANCE	2870
SAUDI ARABIA	FRANCE	2879
SAUDI ARABIA	FRANCE	2880
SAUDI ARABIA	FRANCE	2881
SAUDI ARABIA	FRANCE	2882
SAUDI ARABIA	FRANCE	2885
SAUDI ARABIA	FRANCE	2888
SAUDI ARABIA	FRANCE	2894
SAUDI ARABIA	FRANCE	2898
SAUDI ARABIA	FRANCE	2904
SAUDI ARABIA	FRANCE	2909
SAUDI ARABIA	FRANCE	2910
SAUDI ARABIA	FRANCE	2919
SAUDI ARABIA	FRANCE	2922
SAUDI ARABIA	FRANCE	2929
SAUDI ARABIA	FRANCE	2932
SAUDI ARABIA	FRANCE	2936
SAUDI ARABIA	FRANCE	2937
SAUDI ARABIA	FRANCE	2938
SAUDI ARABIA	FRANCE	2941
SAUDI ARABIA	FRANCE	2942
SAUDI ARABIA	FRANCE	2943
SAUDI ARABIA	FRANCE	2945
SAUDI ARABIA	FRANCE	2947
SAUDI ARABIA	FRANCE	2948
SAUDI ARABIA	FRANCE	2952
SAUDI ARABIA	FRANCE	2958
SAUDI ARABIA	FRANCE	2962
SAUDI ARABIA	FRANCE	2968
SAUDI ARABIA	FRANCE	2970
SAUDI ARABIA	FRANCE	2978
SAUDI ARABIA	FRANCE	2979
SAUDI ARABIA	FRANCE	2995
SAUDI ARABIA	FRANCE	2998
SAUDI ARABIA	FRANCE	3007
SAUDI ARABIA	FRANCE	3009
SAUDI ARABIA	FRANCE	3035
SAUDI ARABIA	FRANCE	3038
SAUDI ARABIA	FRANCE	3039
SAUDI ARABIA	FRANCE	3040
SAUDI ARABIA	FRANCE	3048
SAUDI ARABIA	FRANCE	3061
SAUDI ARABIA	FRANCE	3080
SAUDI ARABIA	FRANCE	3091
SAUDI ARABIA	FRANCE	3094
SAUDI ARABIA	FRANCE	3098
SAUDI ARABIA	FRANCE	3103
SAUDI ARABIA	FRANCE	3112
SAUDI ARABIA	FRANCE	3116
SAUDI ARABIA	FRANCE	3117
SAUDI ARABIA	FRANCE	3141
SAUDI ARABIA	FRANCE	3148
SAUDI ARABIA	FRANCE	3152
SAUDI ARABIA	FRANCE	3172
SAUDI ARABIA	FRANCE	3175
SAUDI ARABIA	FRANCE	3182
SAUDI ARABIA	FRANCE	3185
SAUDI ARABIA	FRANCE	3186
SAUDI ARABIA	FRANCE	3194
SAUDI ARABIA	FRANCE	3206
SAUDI ARABIA	FRANCE	3220
SAUDI ARABIA	FRANCE	3223
SAUDI ARABIA	FRANCE	3224
SAUDI ARABIA	FRANCE	3261
SAUDI ARABIA	FRANCE	3263
SAUDI ARABIA	FRANCE	3277
SAUDI ARABIA	FRANCE	3279
SAUDI ARABIA	FRANCE	3309
SAUDI ARABIA	FRANCE	3326
SAUDI ARABIA	FRANCE	3327
SAUDI ARABIA	FRANCE	3333
SAUDI ARABIA	FRANCE	3372
SAUDI ARABIA	FRANCE	3373
SAUDI ARABIA	FRANCE	3375
SAUDI ARABIA	FRANCE	3376
SAUDI ARABIA	FRANCE	3391
SAUDI ARABIA	FRANCE	3394
SAUDI ARABIA	FRANCE	3402
SAUDI ARABIA	FRANCE	3403
SAUDI ARABIA	FRANCE	3427
SAUDI ARABIA	FRANCE	3439
SAUDI ARABIA	FRANCE	3454
SAUDI ARABIA	FRANCE	3477
SAUDI ARABIA	FRANCE	3492
SAUDI ARABIA	FRANCE	3502
SAUDI ARABIA	FRANCE	3541
SAUDI ARABIA	FRANCE	3545
SAUDI ARABIA	FRANCE	3556
SAUDI ARABIA	FRANCE	3564
SAUDI ARABIA	FRANCE	3570
SAUDI ARABIA	FRANCE	3622
SAUDI ARABIA	FRANCE	3669
SAUDI ARABIA	FRANCE	3682
SAUDI ARABIA	FRANCE	3712
SAUDI ARABIA	FRANCE	3727
SAUDI ARABIA	FRANCE	3738
SAUDI ARABIA	FRANCE	3853
SAUDI ARABIA	FRANCE	3859
SAUDI ARABIA	FRANCE	3920
SAUDI ARABIA	FRANCE	3939
SAUDI ARABIA	FRANCE	3965
SAUDI ARABIA	FRANCE	4000
SAUDI ARABIA	FRANCE	4044
SAUDI ARABIA	FRANCE	4100
SAUDI ARABIA	FRANCE	4147
SAUDI ARABIA	FRANCE	4152
SAUDI ARABIA	FRANCE	4292
SAUDI ARABIA	FRANCE	4321
SAUDI ARABIA	FRANCE	4370
SAUDI ARABIA	FRANCE	4492
SAUDI ARABIA	FRANCE	4525
SAUDI ARABIA	FRANCE	4526
SAUDI ARABIA	FRANCE	4541
SAUDI ARABIA	FRANCE	4730
SAUDI ARABIA	FRANCE	4900
SAUDI ARABIA	FRANCE	4902
SAUDI ARABIA	FRANCE	4973
SAUDI ARABIA	FRANCE	5111
SAUDI ARABIA	FRANCE	5119
SAUDI ARABIA	FRANCE	5157
SAUDI ARABIA	FRANCE	5181
SAUDI ARABIA	FRANCE	5210
SAUDI ARABIA	FRANCE	5261
SAUDI ARABIA	FRANCE	5328
SAUDI ARABIA	FRANCE	5331
SAUDI ARABIA	FRANCE	5343
SAUDI ARABIA	FRANCE	5364
SAUDI ARABIA	FRANCE	5453
SAUDI ARABIA	FRANCE	5456
SAUDI ARABIA	FRANCE	5527
SAUDI ARABIA	FRANCE	5589
SAUDI ARABIA	FRANCE	5605
SAUDI ARABIA	FRANCE	5614
SAUDI ARABIA	FRANCE	5685
SAUDI ARABIA	FRANCE	5697
SAUDI ARABIA	FRANCE	5762
SAUDI ARABIA	FRANCE	5824
SAUDI ARABIA	FRANCE	5842
SAUDI ARABIA	FRANCE	5849
SAUDI ARABIA	FRANCE	5888
SAUDI ARABIA	FRANCE	5929
SAUDI ARABIA	FRANCE	5945
SAUDI ARABIA	FRANCE	5989
SAUDI ARABIA	FRANCE	6036
SAUDI ARABIA	FRANCE	6042
SAUDI ARABIA	FRANCE	6159
SAUDI ARABIA	FRANCE	6303
SAUDI ARABIA	FRANCE	6367
SAUDI ARABIA	FRANCE	6398
SAUDI ARABIA	FRANCE	6409
SAUDI ARABIA	FRANCE	6416
SAUDI ARABIA	FRANCE	6420
SAUDI ARABIA	FRANCE	6550
SAUDI ARABIA	FRANCE	6556
SAUDI ARABIA	FRANCE	6589
SAUDI ARABIA	FRANCE	6592
SAUDI ARABIA	FRANCE	6675
SAUDI ARABIA	FRANCE	6730
SAUDI ARABIA	FRANCE	6741
SAUDI ARABIA	FRANCE	6837
SAUDI ARABIA	FRANCE	6838
SAUDI ARABIA	FRANCE	6895
SAUDI ARABIA	FRANCE	6896
SAUDI ARABIA	FRANCE	6897
SAUDI ARABIA	FRANCE	6898
SAUDI ARABIA	FRANCE	6899
SAUDI ARABIA	FRANCE	6966
SAUDI ARABIA	FRANCE	6975
SAUDI ARABIA	FRANCE	7003
SAUDI ARABIA	FRANCE	7050
SAUDI ARABIA	FRANCE	7064
SAUDI ARABIA	FRANCE	7126
SAUDI ARABIA	FRANCE	7131
SAUDI ARABIA	FRANCE	7183
SAUDI ARABIA	FRANCE	7236
SAUDI ARABIA	FRANCE	7268
SAUDI ARABIA	FRANCE	7307
SAUDI ARABIA	FRANCE	7319
SAUDI ARABIA	FRANCE	7322
SAUDI ARABIA	FRANCE	7343
SAUDI ARABIA	FRANCE	7380
SAUDI ARABIA	FRANCE	7421
SAUDI ARABIA	FRANCE	7457
SAUDI ARABIA	FRANCE	7541
SAUDI ARABIA	FRANCE	7546
SAUDI ARABIA	FRANCE	7580
SAUDI ARABIA	FRANCE	7606
SAUDI ARABIA	FRANCE	7628
SAUDI ARABIA	FRANCE	7670
SAUDI ARABIA	FRANCE	7689
SAUDI ARABIA	FRANCE	7729
SAUDI ARABIA	FRANCE	7741
SAUDI ARABIA	FRANCE	7830
SAUDI ARABIA	FRANCE	7875
SAUDI ARABIA	FRANCE	7895
SAUDI ARABIA	FRANCE	7930
SAUDI ARABIA	FRANCE	8150
SAUDI ARABIA	FRANCE	8165
SAUDI ARABIA	FRANCE	8202
SAUDI ARABIA	FRANCE	8222
SAUDI ARABIA	FRANCE	8232
SAUDI ARABIA	FRANCE	8268
SAUDI ARABIA	FRANCE	8284
SAUDI ARABIA	FRANCE	8311
SAUDI ARABIA	FRANCE	8325
SAUDI ARABIA	FRANCE	8342
SAUDI ARABIA	FRANCE	8391
SAUDI ARABIA	FRANCE	8408
SAUDI ARABIA	FRANCE	8442
SAUDI ARABIA	FRANCE	8465
SAUDI ARABIA	FRANCE	8522
SAUDI ARABIA	FRANCE	8645
SAUDI ARABIA	FRANCE	8720
SAUDI ARABIA	FRANCE	8745
SAUDI ARABIA	FRANCE	8750
SAUDI ARABIA	FRANCE	8771
SAUDI ARABIA	FRANCE	8830
SAUDI ARABIA	FRANCE	8835
SAUDI ARABIA	FRANCE	8836
SAUDI ARABIA	FRANCE	8857
SAUDI ARABIA	FRANCE	8909
SAUDI ARABIA	FRANCE	8931
SAUDI ARABIA	FRANCE	8941
SAUDI ARABIA	FRANCE	8944
SAUDI ARABIA	FRANCE	8962
SAUDI ARABIA	FRANCE	9010
SAUDI ARABIA	FRANCE	9075
SAUDI ARABIA	FRANCE	9098
SAUDI ARABIA	FRANCE	9107
SAUDI ARABIA	FRANCE	9114
SAUDI ARABIA	FRANCE	9142
SAUDI ARABIA	FRANCE	9149
SAUDI ARABIA	FRANCE	9208
SAUDI ARABIA	FRANCE	9233
SAUDI ARABIA	FRANCE	9249
SAUDI ARABIA	FRANCE	9263
SAUDI ARABIA	FRANCE	9273
SAUDI ARABIA	FRANCE	9284
SAUDI ARABIA	FRANCE	9328
SAUDI ARABIA	FRANCE	9347
SAUDI ARABIA	FRANCE	9366
SAUDI ARABIA	FRANCE	9498
SAUDI ARABIA	FRANCE	9505
SAUDI ARABIA	FRANCE	9601
SAUDI ARABIA	FRANCE	9612
SAUDI ARABIA	FRANCE	9674
SAUDI ARABIA	FRANCE	9694
SAUDI ARABIA	FRANCE	9719
SAUDI ARABIA	FRANCE	9746
SAUDI ARABIA	FRANCE	9773
SAUDI ARABIA	FRANCE	9795
SAUDI ARABIA	FRANCE	9814
SAUDI ARABIA	FRANCE	9847
SAUDI ARABIA	FRANCE	9848
SAUDI ARABIA	FRANCE	9850
SAUDI ARABIA	FRANCE	9887
SAUDI ARABIA	FRANCE	9932
SAUDI ARABIA	FRANCE	9950
SAUDI ARABIA	FRANCE	9959
SAUDI ARABIA	FRANCE	9993
UNITED KINGDOM	FRANCE	1002
UNITED KINGDOM	FRANCE	1005
UNITED KINGDOM	FRANCE	1010
UNITED KINGDOM	FRANCE	1014
UNITED KINGDOM	FRANCE	1016
UNITED KINGDOM	FRANCE	1017
UNITED KINGDOM	FRANCE	1021
UNITED KINGDOM	FRANCE	1022
UNITED KINGDOM	FRANCE	1026
UNITED KINGDOM	FRANCE	1028
UNITED KINGDOM	FRANCE	1030
UNITED KINGDOM	FRANCE	1031
UNITED KINGDOM	FRANCE	1035
UNITED KINGDOM	FRANCE	1041
UNITED KINGDOM	FRANCE	1045
UNITED KINGDOM	FRANCE	1049
UNITED KINGDOM	FRANCE	1053
UNITED KINGDOM	FRANCE	1054
UNITED KINGDOM	FRANCE	1060
UNITED KINGDOM	FRANCE	1062
UNITED KINGDOM	FRANCE	1063
UNITED KINGDOM	FRANCE	1064
UNITED KINGDOM	FRANCE	1065
UNITED KINGDOM	FRANCE	1067
UNITED KINGDOM	FRANCE	1074
UNITED KINGDOM	FRANCE	1075
UNITED KINGDOM	FRANCE	1081
UNITED KINGDOM	FRANCE	1083
UNITED KINGDOM	FRANCE	1085
UNITED KINGDOM	FRANCE	1086
UNITED KINGDOM	FRANCE	1087
UNITED KINGDOM	FRANCE	1088
UNITED KINGDOM	FRANCE	1090
UNITED KINGDOM	FRANCE	1105
UNITED KINGDOM	FRANCE	1110
UNITED KINGDOM	FRANCE	1113
UNITED KINGDOM	FRANCE	1118
UNITED KINGDOM	FRANCE	1119
UNITED KINGDOM	FRANCE	1124
UNITED KINGDOM	FRANCE	1126
UNITED KINGDOM	FRANCE	1127
UNITED KINGDOM	FRANCE	1136
UNITED KINGDOM	FRANCE	1140
UNITED KINGDOM	FRANCE	1149
UNITED KINGDOM	FRANCE	1150
UNITED KINGDOM	FRANCE	1153
UNITED KINGDOM	FRANCE	1154
UNITED KINGDOM	FRANCE	1156
UNITED KINGDOM	FRANCE	1158
UNITED KINGDOM	FRANCE	1162
UNITED KINGDOM	FRANCE	1164
UNITED KINGDOM	FRANCE	1166
UNITED KINGDOM	FRANCE	1167
UNITED KINGDOM	FRANCE	1169
UNITED KINGDOM	FRANCE	1172
UNITED KINGDOM	FRANCE	1176
UNITED KINGDOM	FRANCE	1178
UNITED KINGDOM	FRANCE	1180
UNITED KINGDOM	FRANCE	1181
UNITED KINGDOM	FRANCE	1187
UNITED KINGDOM	FRANCE	1190
UNITED KINGDOM	FRANCE	1193
UNITED KINGDOM	FRANCE	1196
UNITED KINGDOM	FRANCE	1197
UNITED KINGDOM	FRANCE	1198
UNITED KINGDOM	FRANCE	1199
UNITED KINGDOM	FRANCE	1202
UNITED KINGDOM	FRANCE	1207
UNITED KINGDOM	FRANCE	1211
UNITED KINGDOM	FRANCE	1212
UNITED KINGDOM	FRANCE	1214
UNITED KINGDOM	FRANCE	1215
UNITED KINGDOM	FRANCE	1216
UNITED KINGDOM	FRANCE	1217
UNITED KINGDOM	FRANCE	1218
UNITED KINGDOM	FRANCE	1220
UNITED KINGDOM	FRANCE	1222
UNITED KINGDOM	FRANCE	1226
UNITED KINGDOM	FRANCE	1228
UNITED KINGDOM	FRANCE	1229
UNITED KINGDOM	FRANCE	1232
UNITED KINGDOM	FRANCE	1233
UNITED KINGDOM	FRANCE	1237
UNITED KINGDOM	FRANCE	1244
UNITED KINGDOM	FRANCE	1250
UNITED KINGDOM	FRANCE	1251
UNITED KINGDOM	FRANCE	1252
UNITED KINGDOM	FRANCE	1253
UNITED KINGDOM	FRANCE	1254
UNITED KINGDOM	FRANCE	1261
UNITED KINGDOM	FRANCE	1266
UNITED KINGDOM	FRANCE	1269
UNITED KINGDOM	FRANCE	1275
UNITED KINGDOM	FRANCE	1276
UNITED KINGDOM	FRANCE	1286
UNITED KINGDOM	FRANCE	1292
UNITED KINGDOM	FRANCE	1296
UNITED KINGDOM	FRANCE	1298
UNITED KINGDOM	FRANCE	1304
UNITED KINGDOM	FRANCE	1306
UNITED KINGDOM	FRANCE	1313
UNITED KINGDOM	FRANCE	1319
UNITED KINGDOM	FRANCE	1321
UNITED KINGDOM	FRANCE	1326
UNITED KINGDOM	FRANCE	1331
UNITED KINGDOM	FRANCE	1348
UNITED KINGDOM	FRANCE	1349
UNITED KINGDOM	FRANCE	1350
UNITED KINGDOM	FRANCE	1356
UNITED KINGDOM	FRANCE	1357
UNITED KINGDOM	FRANCE	1359
UNITED KINGDOM	FRANCE	1363
UNITED KINGDOM	FRANCE	1365
UNITED KINGDOM	FRANCE	1366
UNITED KINGDOM	FRANCE	1367
UNITED KINGDOM	FRANCE	1369
UNITED KINGDOM	FRANCE	1386
UNITED KINGDOM	FRANCE	1390
UNITED KINGDOM	FRANCE	1394
UNITED KINGDOM	FRANCE	1396
UNITED KINGDOM	FRANCE	1398
UNITED KINGDOM	FRANCE	1400
UNITED KINGDOM	FRANCE	1401
UNITED KINGDOM	FRANCE	1403
UNITED KINGDOM	FRANCE	1405
UNITED KINGDOM	FRANCE	1409
UNITED KINGDOM	FRANCE	1416
UNITED KINGDOM	FRANCE	1420
UNITED KINGDOM	FRANCE	1421
UNITED KINGDOM	FRANCE	1422
UNITED KINGDOM	FRANCE	1425
UNITED KINGDOM	FRANCE	1428
UNITED KINGDOM	FRANCE	1429
UNITED KINGDOM	FRANCE	1433
UNITED KINGDOM	FRANCE	1438
UNITED KINGDOM	FRANCE	1440
UNITED KINGDOM	FRANCE	1451
UNITED KINGDOM	FRANCE	1457
UNITED KINGDOM	FRANCE	1458
UNITED KINGDOM	FRANCE	1465
UNITED KINGDOM	FRANCE	1468
UNITED KINGDOM	FRANCE	1474
UNITED KINGDOM	FRANCE	1475
UNITED KINGDOM	FRANCE	1485
UNITED KINGDOM	FRANCE	1490
UNITED KINGDOM	FRANCE	1491
UNITED KINGDOM	FRANCE	1493
UNITED KINGDOM	FRANCE	1495
UNITED KINGDOM	FRANCE	1497
UNITED KINGDOM	FRANCE	1501
UNITED KINGDOM	FRANCE	1508
UNITED KINGDOM	FRANCE	1511
UNITED KINGDOM	FRANCE	1513
UNITED KINGDOM	FRANCE	1517
UNITED KINGDOM	FRANCE	1518
UNITED KINGDOM	FRANCE	1522
UNITED KINGDOM	FRANCE	1524
UNITED KINGDOM	FRANCE	1526
UNITED KINGDOM	FRANCE	1530
UNITED KINGDOM	FRANCE	1536
UNITED KINGDOM	FRANCE	1539
UNITED KINGDOM	FRANCE	1546
UNITED KINGDOM	FRANCE	1548
UNITED KINGDOM	FRANCE	1550
UNITED KINGDOM	FRANCE	1551
UNITED KINGDOM	FRANCE	1553
UNITED KINGDOM	FRANCE	1558
UNITED KINGDOM	FRANCE	1559
UNITED KINGDOM	FRANCE	1564
UNITED KINGDOM	FRANCE	1565
UNITED KINGDOM	FRANCE	1567
UNITED KINGDOM	FRANCE	1568
UNITED KINGDOM	FRANCE	1574
UNITED KINGDOM	FRANCE	1576
UNITED KINGDOM	FRANCE	1578
UNITED KINGDOM	FRANCE	1580
UNITED KINGDOM	FRANCE	1592
UNITED KINGDOM	FRANCE	1600
UNITED KINGDOM	FRANCE	1602
UNITED KINGDOM	FRANCE	1603
UNITED KINGDOM	FRANCE	1607
UNITED KINGDOM	FRANCE	1608
UNITED KINGDOM	FRANCE	1614
UNITED KINGDOM	FRANCE	1623
UNITED KINGDOM	FRANCE	1625
UNITED KINGDOM	FRANCE	1627
UNITED KINGDOM	FRANCE	1643
UNITED KINGDOM	FRANCE	1646
UNITED KINGDOM	FRANCE	1652
UNITED KINGDOM	FRANCE	1653
UNITED KINGDOM	FRANCE	1655
UNITED KINGDOM	FRANCE	1658
UNITED KINGDOM	FRANCE	1659
UNITED KINGDOM	FRANCE	1660
UNITED KINGDOM	FRANCE	1661
UNITED KINGDOM	FRANCE	1664
UNITED KINGDOM	FRANCE	1665
UNITED KINGDOM	FRANCE	1675
UNITED KINGDOM	FRANCE	1678
UNITED KINGDOM	FRANCE	1679
UNITED KINGDOM	FRANCE	1684
UNITED KINGDOM	FRANCE	1685
UNITED KINGDOM	FRANCE	1690
UNITED KINGDOM	FRANCE	1694
UNITED KINGDOM	FRANCE	1695
UNITED KINGDOM	FRANCE	1698
UNITED KINGDOM	FRANCE	1699
UNITED KINGDOM	FRANCE	1702
UNITED KINGDOM	FRANCE	1703
UNITED KINGDOM	FRANCE	1707
UNITED KINGDOM	FRANCE	1708
UNITED KINGDOM	FRANCE	1710
UNITED KINGDOM	FRANCE	1720
UNITED KINGDOM	FRANCE	1721
UNITED KINGDOM	FRANCE	1723
UNITED KINGDOM	FRANCE	1726
UNITED KINGDOM	FRANCE	1728
UNITED KINGDOM	FRANCE	1731
UNITED KINGDOM	FRANCE	1734
UNITED KINGDOM	FRANCE	1737
UNITED KINGDOM	FRANCE	1738
UNITED KINGDOM	FRANCE	1741
UNITED KINGDOM	FRANCE	1745
UNITED KINGDOM	FRANCE	1747
UNITED KINGDOM	FRANCE	1749
UNITED KINGDOM	FRANCE	1753
UNITED KINGDOM	FRANCE	1754
UNITED KINGDOM	FRANCE	1757
UNITED KINGDOM	FRANCE	1758
UNITED KINGDOM	FRANCE	1762
UNITED KINGDOM	FRANCE	1764
UNITED KINGDOM	FRANCE	1767
UNITED KINGDOM	FRANCE	1768
UNITED KINGDOM	FRANCE	1770
UNITED KINGDOM	FRANCE	1772
UNITED KINGDOM	FRANCE	1773
UNITED KINGDOM	FRANCE	1775
UNITED KINGDOM	FRANCE	1779
UNITED KINGDOM	FRANCE	1782
UNITED KINGDOM	FRANCE	1790
UNITED KINGDOM	FRANCE	1793
UNITED KINGDOM	FRANCE	1795
UNITED KINGDOM	FRANCE	1796
UNITED KINGDOM	FRANCE	1800
UNITED KINGDOM	FRANCE	1801
UNITED KINGDOM	FRANCE	1802
UNITED KINGDOM	FRANCE	1806
UNITED KINGDOM	FRANCE	1807
UNITED KINGDOM	FRANCE	1808
UNITED KINGDOM	FRANCE	1809
UNITED KINGDOM	FRANCE	1814
UNITED KINGDOM	FRANCE	1817
UNITED KINGDOM	FRANCE	1821
UNITED KINGDOM	FRANCE	1826
UNITED KINGDOM	FRANCE	1832
UNITED KINGDOM	FRANCE	1834
UNITED KINGDOM	FRANCE	1835
UNITED KINGDOM	FRANCE	1836
UNITED KINGDOM	FRANCE	1844
UNITED KINGDOM	FRANCE	1848
UNITED KINGDOM	FRANCE	1849
UNITED KINGDOM	FRANCE	1851
UNITED KINGDOM	FRANCE	1853
UNITED KINGDOM	FRANCE	1857
UNITED KINGDOM	FRANCE	1860
UNITED KINGDOM	FRANCE	1862
UNITED KINGDOM	FRANCE	1864
UNITED KINGDOM	FRANCE	1874
UNITED KINGDOM	FRANCE	1875
UNITED KINGDOM	FRANCE	1877
UNITED KINGDOM	FRANCE	1878
UNITED KINGDOM	FRANCE	1883
UNITED KINGDOM	FRANCE	1884
UNITED KINGDOM	FRANCE	1887
UNITED KINGDOM	FRANCE	1894
UNITED KINGDOM	FRANCE	1900
UNITED KINGDOM	FRANCE	1901
UNITED KINGDOM	FRANCE	1903
UNITED KINGDOM	FRANCE	1904
UNITED KINGDOM	FRANCE	1905
UNITED KINGDOM	FRANCE	1906
UNITED KINGDOM	FRANCE	1907
UNITED KINGDOM	FRANCE	1915
UNITED KINGDOM	FRANCE	1917
UNITED KINGDOM	FRANCE	1919
UNITED KINGDOM	FRANCE	1923
UNITED KINGDOM	FRANCE	1929
UNITED KINGDOM	FRANCE	1930
UNITED KINGDOM	FRANCE	1931
UNITED KINGDOM	FRANCE	1933
UNITED KINGDOM	FRANCE	1938
UNITED KINGDOM	FRANCE	1942
UNITED KINGDOM	FRANCE	1945
UNITED KINGDOM	FRANCE	1951
UNITED KINGDOM	FRANCE	1953
UNITED KINGDOM	FRANCE	1955
UNITED KINGDOM	FRANCE	1958
UNITED KINGDOM	FRANCE	1960
UNITED KINGDOM	FRANCE	1963
UNITED KINGDOM	FRANCE	1973
UNITED KINGDOM	FRANCE	1974
UNITED KINGDOM	FRANCE	1975
UNITED KINGDOM	FRANCE	1980
UNITED KINGDOM	FRANCE	1981
UNITED KINGDOM	FRANCE	1984
UNITED KINGDOM	FRANCE	1990
UNITED KINGDOM	FRANCE	1992
UNITED KINGDOM	FRANCE	1994
UNITED KINGDOM	FRANCE	1998
UNITED KINGDOM	FRANCE	2007
UNITED KINGDOM	FRANCE	2008
UNITED KINGDOM	FRANCE	2009
UNITED KINGDOM	FRANCE	2013
UNITED KINGDOM	FRANCE	2015
UNITED KINGDOM	FRANCE	2017
UNITED KINGDOM	FRANCE	2019
UNITED KINGDOM	FRANCE	2021
UNITED KINGDOM	FRANCE	2028
UNITED KINGDOM	FRANCE	2031
UNITED KINGDOM	FRANCE	2032
UNITED KINGDOM	FRANCE	2034
UNITED KINGDOM	FRANCE	2035
UNITED KINGDOM	FRANCE	2037
UNITED KINGDOM	FRANCE	2038
UNITED KINGDOM	FRANCE	2039
UNITED KINGDOM	FRANCE	2040
UNITED KINGDOM	FRANCE	2044
UNITED KINGDOM	FRANCE	2046
UNITED KINGDOM	FRANCE	2047
UNITED KINGDOM	FRANCE	2060
UNITED KINGDOM	FRANCE	2061
UNITED KINGDOM	FRANCE	2065
UNITED KINGDOM	FRANCE	2068
UNITED KINGDOM	FRANCE	2074
UNITED KINGDOM	FRANCE	2076
UNITED KINGDOM	FRANCE	2077
UNITED KINGDOM	FRANCE	2079
UNITED KINGDOM	FRANCE	2083
UNITED KINGDOM	FRANCE	2087
UNITED KINGDOM	FRANCE	2088
UNITED KINGDOM	FRANCE	2089
UNITED KINGDOM	FRANCE	2097
UNITED KINGDOM	FRANCE	2103
UNITED KINGDOM	FRANCE	2114
UNITED KINGDOM	FRANCE	2115
UNITED KINGDOM	FRANCE	2116
UNITED KINGDOM	FRANCE	2120
UNITED KINGDOM	FRANCE	2123
UNITED KINGDOM	FRANCE	2131
UNITED KINGDOM	FRANCE	2135
UNITED KINGDOM	FRANCE	2139
UNITED KINGDOM	FRANCE	2143
UNITED KINGDOM	FRANCE	2146
UNITED KINGDOM	FRANCE	2147
UNITED KINGDOM	FRANCE	2148
UNITED KINGDOM	FRANCE	2149
UNITED KINGDOM	FRANCE	2151
UNITED KINGDOM	FRANCE	2153
UNITED KINGDOM	FRANCE	2158
UNITED KINGDOM	FRANCE	2159
UNITED KINGDOM	FRANCE	2161
UNITED KINGDOM	FRANCE	2166
UNITED KINGDOM	FRANCE	2169
UNITED KINGDOM	FRANCE	2171
UNITED KINGDOM	FRANCE	2172
UNITED KINGDOM	FRANCE	2176
UNITED KINGDOM	FRANCE	2181
UNITED KINGDOM	FRANCE	2198
UNITED KINGDOM	FRANCE	2199
UNITED KINGDOM	FRANCE	2206
UNITED KINGDOM	FRANCE	2215
UNITED KINGDOM	FRANCE	2222
UNITED KINGDOM	FRANCE	2226
UNITED KINGDOM	FRANCE	2228
UNITED KINGDOM	FRANCE	2230
UNITED KINGDOM	FRANCE	2231
UNITED KINGDOM	FRANCE	2232
UNITED KINGDOM	FRANCE	2233
UNITED KINGDOM	FRANCE	2258
UNITED KINGDOM	FRANCE	2265
UNITED KINGDOM	FRANCE	2267
UNITED KINGDOM	FRANCE	2269
UNITED KINGDOM	FRANCE	2274
UNITED KINGDOM	FRANCE	2276
UNITED KINGDOM	FRANCE	2278
UNITED KINGDOM	FRANCE	2282
UNITED KINGDOM	FRANCE	2284
UNITED KINGDOM	FRANCE	2292
UNITED KINGDOM	FRANCE	2293
UNITED KINGDOM	FRANCE	2298
UNITED KINGDOM	FRANCE	2311
UNITED KINGDOM	FRANCE	2312
UNITED KINGDOM	FRANCE	2313
UNITED KINGDOM	FRANCE	2317
UNITED KINGDOM	FRANCE	2321
UNITED KINGDOM	FRANCE	2325
UNITED KINGDOM	FRANCE	2326
UNITED KINGDOM	FRANCE	2327
UNITED KINGDOM	FRANCE	2338
UNITED KINGDOM	FRANCE	2343
UNITED KINGDOM	FRANCE	2345
UNITED KINGDOM	FRANCE	2350
UNITED KINGDOM	FRANCE	2354
UNITED KINGDOM	FRANCE	2356
UNITED KINGDOM	FRANCE	2358
UNITED KINGDOM	FRANCE	2363
UNITED KINGDOM	FRANCE	2370
UNITED KINGDOM	FRANCE	2374
UNITED KINGDOM	FRANCE	2380
UNITED KINGDOM	FRANCE	2381
UNITED KINGDOM	FRANCE	2392
UNITED KINGDOM	FRANCE	2395
UNITED KINGDOM	FRANCE	2397
UNITED KINGDOM	FRANCE	2398
UNITED KINGDOM	FRANCE	2400
UNITED KINGDOM	FRANCE	2407
UNITED KINGDOM	FRANCE	2408
UNITED KINGDOM	FRANCE	2409
UNITED KINGDOM	FRANCE	2411
UNITED KINGDOM	FRANCE	2413
UNITED KINGDOM	FRANCE	2422
UNITED KINGDOM	FRANCE	2423
UNITED KINGDOM	FRANCE	2429
UNITED KINGDOM	FRANCE	2431
UNITED KINGDOM	FRANCE	2433
UNITED KINGDOM	FRANCE	2436
UNITED KINGDOM	FRANCE	2437
UNITED KINGDOM	FRANCE	2441
UNITED KINGDOM	FRANCE	2444
UNITED KINGDOM	FRANCE	2449
UNITED KINGDOM	FRANCE	2456
UNITED KINGDOM	FRANCE	2457
UNITED KINGDOM	FRANCE	2463
UNITED KINGDOM	FRANCE	2468
UNITED KINGDOM	FRANCE	2470
UNITED KINGDOM	FRANCE	2473
UNITED KINGDOM	FRANCE	2478
UNITED KINGDOM	FRANCE	2480
UNITED KINGDOM	FRANCE	2481
UNITED KINGDOM	FRANCE	2486
UNITED KINGDOM	FRANCE	2490
UNITED KINGDOM	FRANCE	2494
UNITED KINGDOM	FRANCE	2504
UNITED KINGDOM	FRANCE	2507
UNITED KINGDOM	FRANCE	2508
UNITED KINGDOM	FRANCE	2523
UNITED KINGDOM	FRANCE	2531
UNITED KINGDOM	FRANCE	2540
UNITED KINGDOM	FRANCE	2541
UNITED KINGDOM	FRANCE	2544
UNITED KINGDOM	FRANCE	2549
UNITED KINGDOM	FRANCE	2554
UNITED KINGDOM	FRANCE	2557
UNITED KINGDOM	FRANCE	2568
UNITED KINGDOM	FRANCE	2576
UNITED KINGDOM	FRANCE	2582
UNITED KINGDOM	FRANCE	2585
UNITED KINGDOM	FRANCE	2593
UNITED KINGDOM	FRANCE	2594
UNITED KINGDOM	FRANCE	2602
UNITED KINGDOM	FRANCE	2618
UNITED KINGDOM	FRANCE	2622
UNITED KINGDOM	FRANCE	2634
UNITED KINGDOM	FRANCE	2658
UNITED KINGDOM	FRANCE	2659
UNITED KINGDOM	FRANCE	2660
UNITED KINGDOM	FRANCE	2664
UNITED KINGDOM	FRANCE	2669
UNITED KINGDOM	FRANCE	2680
UNITED KINGDOM	FRANCE	2683
UNITED KINGDOM	FRANCE	2692
UNITED KINGDOM	FRANCE	2702
UNITED KINGDOM	FRANCE	2704
UNITED KINGDOM	FRANCE	2710
UNITED KINGDOM	FRANCE	2713
UNITED KINGDOM	FRANCE	2714
UNITED KINGDOM	FRANCE	2721
UNITED KINGDOM	FRANCE	2724
UNITED KINGDOM	FRANCE	2729
UNITED KINGDOM	FRANCE	2730
UNITED KINGDOM	FRANCE	2735
UNITED KINGDOM	FRANCE	2745
UNITED KINGDOM	FRANCE	2746
UNITED KINGDOM	FRANCE	2760
UNITED KINGDOM	FRANCE	2761
UNITED KINGDOM	FRANCE	2779
UNITED KINGDOM	FRANCE	2784
UNITED KINGDOM	FRANCE	2791
UNITED KINGDOM	FRANCE	2802
UNITED KINGDOM	FRANCE	2810
UNITED KINGDOM	FRANCE	2815
UNITED KINGDOM	FRANCE	2824
UNITED KINGDOM	FRANCE	2830
UNITED KINGDOM	FRANCE	2845
UNITED KINGDOM	FRANCE	2856
UNITED KINGDOM	FRANCE	2859
UNITED KINGDOM	FRANCE	2862
UNITED KINGDOM	FRANCE	2863
UNITED KINGDOM	FRANCE	2864
UNITED KINGDOM	FRANCE	2867
UNITED KINGDOM	FRANCE	2876
UNITED KINGDOM	FRANCE	2878
UNITED KINGDOM	FRANCE	2880
UNITED KINGDOM	FRANCE	2883
UNITED KINGDOM	FRANCE	2887
UNITED KINGDOM	FRANCE	2894
UNITED KINGDOM	FRANCE	2895
UNITED KINGDOM	FRANCE	2898
UNITED KINGDOM	FRANCE	2904
UNITED KINGDOM	FRANCE	2906
UNITED KINGDOM	FRANCE	2910
UNITED KINGDOM	FRANCE	2913
UNITED KINGDOM	FRANCE	2915
UNITED KINGDOM	FRANCE	2929
UNITED KINGDOM	FRANCE	2930
UNITED KINGDOM	FRANCE	2937
UNITED KINGDOM	FRANCE	2939
UNITED KINGDOM	FRANCE	2941
UNITED KINGDOM	FRANCE	2943
UNITED KINGDOM	FRANCE	2950
UNITED KINGDOM	FRANCE	2963
UNITED KINGDOM	FRANCE	2974
UNITED KINGDOM	FRANCE	2991
UNITED KINGDOM	FRANCE	2995
UNITED KINGDOM	FRANCE	3007
UNITED KINGDOM	FRANCE	3009
UNITED KINGDOM	FRANCE	3014
UNITED KINGDOM	FRANCE	3021
UNITED KINGDOM	FRANCE	3028
UNITED KINGDOM	FRANCE	3033
UNITED KINGDOM	FRANCE	3038
UNITED KINGDOM	FRANCE	3040
UNITED KINGDOM	FRANCE	3042
UNITED KINGDOM	FRANCE	3048
UNITED KINGDOM	FRANCE	3055
UNITED KINGDOM	FRANCE	3057
UNITED KINGDOM	FRANCE	3061
UNITED KINGDOM	FRANCE	3064
UNITED KINGDOM	FRANCE	3077
UNITED KINGDOM	FRANCE	3080
UNITED KINGDOM	FRANCE	3090
UNITED KINGDOM	FRANCE	3105
UNITED KINGDOM	FRANCE	3107
UNITED KINGDOM	FRANCE	3109
UNITED KINGDOM	FRANCE	3120
UNITED KINGDOM	FRANCE	3172
UNITED KINGDOM	FRANCE	3174
UNITED KINGDOM	FRANCE	3186
UNITED KINGDOM	FRANCE	3208
UNITED KINGDOM	FRANCE	3211
UNITED KINGDOM	FRANCE	3221
UNITED KINGDOM	FRANCE	3224
UNITED KINGDOM	FRANCE	3261
UNITED KINGDOM	FRANCE	3263
UNITED KINGDOM	FRANCE	3269
UNITED KINGDOM	FRANCE	3297
UNITED KINGDOM	FRANCE	3309
UNITED KINGDOM	FRANCE	3378
UNITED KINGDOM	FRANCE	3394
UNITED KINGDOM	FRANCE	3403
UNITED KINGDOM	FRANCE	3411
UNITED KINGDOM	FRANCE	3423
UNITED KINGDOM	FRANCE	3428
UNITED KINGDOM	FRANCE	3454
UNITED KINGDOM	FRANCE	3477
UNITED KINGDOM	FRANCE	3490
UNITED KINGDOM	FRANCE	3495
UNITED KINGDOM	FRANCE	3508
UNITED KINGDOM	FRANCE	3522
UNITED KINGDOM	FRANCE	3539
UNITED KINGDOM	FRANCE	3541
UNITED KINGDOM	FRANCE	3551
UNITED KINGDOM	FRANCE	3564
UNITED KINGDOM	FRANCE	3581
UNITED KINGDOM	FRANCE	3583
UNITED KINGDOM	FRANCE	3669
UNITED KINGDOM	FRANCE	3682
UNITED KINGDOM	FRANCE	3736
UNITED KINGDOM	FRANCE	3743
UNITED KINGDOM	FRANCE	3802
UNITED KINGDOM	FRANCE	3835
UNITED KINGDOM	FRANCE	3895
UNITED KINGDOM	FRANCE	3920
UNITED KINGDOM	FRANCE	4050
UNITED KINGDOM	FRANCE	4218
UNITED KINGDOM	FRANCE	4421
UNITED KINGDOM	FRANCE	4576
UNITED KINGDOM	FRANCE	4762
UNITED KINGDOM	FRANCE	4823
UNITED KINGDOM	FRANCE	4850
UNITED KINGDOM	FRANCE	4908
UNITED KINGDOM	FRANCE	4931
UNITED KINGDOM	FRANCE	4961
UNITED KINGDOM	FRANCE	4969
UNITED KINGDOM	FRANCE	4992
UNITED KINGDOM	FRANCE	5175
UNITED KINGDOM	FRANCE	5198
UNITED KINGDOM	FRANCE	5320
UNITED KINGDOM	FRANCE	5404
UNITED KINGDOM	FRANCE	5430
UNITED KINGDOM	FRANCE	5442
UNITED KINGDOM	FRANCE	5479
UNITED KINGDOM	FRANCE	5485
UNITED KINGDOM	FRANCE	5520
UNITED KINGDOM	FRANCE	5532
UNITED KINGDOM	FRANCE	5568
UNITED KINGDOM	FRANCE	5571
UNITED KINGDOM	FRANCE	5699
UNITED KINGDOM	FRANCE	5706
UNITED KINGDOM	FRANCE	5818
UNITED KINGDOM	FRANCE	5840
UNITED KINGDOM	FRANCE	5852
UNITED KINGDOM	FRANCE	5870
UNITED KINGDOM	FRANCE	5881
UNITED KINGDOM	FRANCE	5970
UNITED KINGDOM	FRANCE	6036
UNITED KINGDOM	FRANCE	6052
UNITED KINGDOM	FRANCE	6147
UNITED KINGDOM	FRANCE	6200
UNITED KINGDOM	FRANCE	6263
UNITED KINGDOM	FRANCE	6280
UNITED KINGDOM	FRANCE	6281
UNITED KINGDOM	FRANCE	6294
UNITED KINGDOM	FRANCE	6387
UNITED KINGDOM	FRANCE	6415
UNITED KINGDOM	FRANCE	6454
UNITED KINGDOM	FRANCE	6505
UNITED KINGDOM	FRANCE	6513
UNITED KINGDOM	FRANCE	6519
UNITED KINGDOM	FRANCE	6592
UNITED KINGDOM	FRANCE	6635
UNITED KINGDOM	FRANCE	6667
UNITED KINGDOM	FRANCE	6690
UNITED KINGDOM	FRANCE	6738
UNITED KINGDOM	FRANCE	6790
UNITED KINGDOM	FRANCE	6882
UNITED KINGDOM	FRANCE	6958
UNITED KINGDOM	FRANCE	7005
UNITED KINGDOM	FRANCE	7028
UNITED KINGDOM	FRANCE	7038
UNITED KINGDOM	FRANCE	7104
UNITED KINGDOM	FRANCE	7131
UNITED KINGDOM	FRANCE	7153
UNITED KINGDOM	FRANCE	7166
UNITED KINGDOM	FRANCE	7218
UNITED KINGDOM	FRANCE	7257
UNITED KINGDOM	FRANCE	7346
UNITED KINGDOM	FRANCE	7394
UNITED KINGDOM	FRANCE	7399
UNITED KINGDOM	FRANCE	7404
UNITED KINGDOM	FRANCE	7490
UNITED KINGDOM	FRANCE	7495
UNITED KINGDOM	FRANCE	7538
UNITED KINGDOM	FRANCE	7539
UNITED KINGDOM	FRANCE	7591
UNITED KINGDOM	FRANCE	7627
UNITED KINGDOM	FRANCE	7628
UNITED KINGDOM	FRANCE	7653
UNITED KINGDOM	FRANCE	7729
UNITED KINGDOM	FRANCE	7823
UNITED KINGDOM	FRANCE	7824
UNITED KINGDOM	FRANCE	7858
UNITED KINGDOM	FRANCE	7951
UNITED KINGDOM	FRANCE	7972
UNITED KINGDOM	FRANCE	7973
UNITED KINGDOM	FRANCE	8042
UNITED KINGDOM	FRANCE	8104
UNITED KINGDOM	FRANCE	8203
UNITED KINGDOM	FRANCE	8268
UNITED KINGDOM	FRANCE	8294
UNITED KINGDOM	FRANCE	8342
UNITED KINGDOM	FRANCE	8409
UNITED KINGDOM	FRANCE	8442
UNITED KINGDOM	FRANCE	8473
UNITED KINGDOM	FRANCE	8495
UNITED KINGDOM	FRANCE	8498
UNITED KINGDOM	FRANCE	8501
UNITED KINGDOM	FRANCE	8522
UNITED KINGDOM	FRANCE	8526
UNITED KINGDOM	FRANCE	8549
UNITED KINGDOM	FRANCE	8612
UNITED KINGDOM	FRANCE	8667
UNITED KINGDOM	FRANCE	8717
UNITED KINGDOM	FRANCE	8720
UNITED KINGDOM	FRANCE	8771
UNITED KINGDOM	FRANCE	8830
UNITED KINGDOM	FRANCE	8849
UNITED KINGDOM	FRANCE	8889
UNITED KINGDOM	FRANCE	8906
UNITED KINGDOM	FRANCE	8927
UNITED KINGDOM	FRANCE	8944
UNITED KINGDOM	FRANCE	8953
UNITED KINGDOM	FRANCE	9010
UNITED KINGDOM	FRANCE	9011
UNITED KINGDOM	FRANCE	9022
UNITED KINGDOM	FRANCE	9026
UNITED KINGDOM	FRANCE	9103
UNITED KINGDOM	FRANCE	9114
UNITED KINGDOM	FRANCE	9158
UNITED KINGDOM	FRANCE	9162
UNITED KINGDOM	FRANCE	9181
UNITED KINGDOM	FRANCE	9208
UNITED KINGDOM	FRANCE	9233
UNITED KINGDOM	FRANCE	9256
UNITED KINGDOM	FRANCE	9366
UNITED KINGDOM	FRANCE	9388
UNITED KINGDOM	FRANCE	9391
UNITED KINGDOM	FRANCE	9398
UNITED KINGDOM	FRANCE	9413
UNITED KINGDOM	FRANCE	9463
UNITED KINGDOM	FRANCE	9503
UNITED KINGDOM	FRANCE	9513
UNITED KINGDOM	FRANCE	9543
UNITED KINGDOM	FRANCE	9546
UNITED KINGDOM	FRANCE	9572
UNITED KINGDOM	FRANCE	9578
UNITED KINGDOM	FRANCE	9604
UNITED KINGDOM	FRANCE	9657
UNITED KINGDOM	FRANCE	9661
UNITED KINGDOM	FRANCE	9698
UNITED KINGDOM	FRANCE	9746
UNITED KINGDOM	FRANCE	9751
UNITED KINGDOM	FRANCE	9762
UNITED KINGDOM	FRANCE	9788
UNITED KINGDOM	FRANCE	9895
UNITED STATES	FRANCE	1003
UNITED STATES	FRANCE	1008
UNITED STATES	FRANCE	1011
UNITED STATES	FRANCE	1016
UNITED STATES	FRANCE	1017
UNITED STATES	FRANCE	1019
UNITED STATES	FRANCE	1022
UNITED STATES	FRANCE	1026
UNITED STATES	FRANCE	1030
UNITED STATES	FRANCE	1031
UNITED STATES	FRANCE	1040
UNITED STATES	FRANCE	1041
UNITED STATES	FRANCE	1043
UNITED STATES	FRANCE	1044
UNITED STATES	FRANCE	1046
UNITED STATES	FRANCE	1049
UNITED STATES	FRANCE	1054
UNITED STATES	FRANCE	1060
UNITED STATES	FRANCE	1062
UNITED STATES	FRANCE	1067
UNITED STATES	FRANCE	1070
UNITED STATES	FRANCE	1073
UNITED STATES	FRANCE	1077
UNITED STATES	FRANCE	1081
UNITED STATES	FRANCE	1082
UNITED STATES	FRANCE	1083
UNITED STATES	FRANCE	1084
UNITED STATES	FRANCE	1087
UNITED STATES	FRANCE	1090
UNITED STATES	FRANCE	1091
UNITED STATES	FRANCE	1097
UNITED STATES	FRANCE	1099
UNITED STATES	FRANCE	1105
UNITED STATES	FRANCE	1108
UNITED STATES	FRANCE	1110
UNITED STATES	FRANCE	1111
UNITED STATES	FRANCE	1113
UNITED STATES	FRANCE	1117
UNITED STATES	FRANCE	1119
UNITED STATES	FRANCE	1122
UNITED STATES	FRANCE	1125
UNITED STATES	FRANCE	1128
UNITED STATES	FRANCE	1131
UNITED STATES	FRANCE	1134
UNITED STATES	FRANCE	1136
UNITED STATES	FRANCE	1138
UNITED STATES	FRANCE	1140
UNITED STATES	FRANCE	1144
UNITED STATES	FRANCE	1148
UNITED STATES	FRANCE	1150
UNITED STATES	FRANCE	1152
UNITED STATES	FRANCE	1155
UNITED STATES	FRANCE	1156
UNITED STATES	FRANCE	1157
UNITED STATES	FRANCE	1166
UNITED STATES	FRANCE	1169
UNITED STATES	FRANCE	1173
UNITED STATES	FRANCE	1176
UNITED STATES	FRANCE	1181
UNITED STATES	FRANCE	1183
UNITED STATES	FRANCE	1186
UNITED STATES	FRANCE	1191
UNITED STATES	FRANCE	1200
UNITED STATES	FRANCE	1208
UNITED STATES	FRANCE	1210
UNITED STATES	FRANCE	1216
UNITED STATES	FRANCE	1218
UNITED STATES	FRANCE	1225
UNITED STATES	FRANCE	1229
UNITED STATES	FRANCE	1236
UNITED STATES	FRANCE	1241
UNITED STATES	FRANCE	1242
UNITED STATES	FRANCE	1244
UNITED STATES	FRANCE	1245
UNITED STATES	FRANCE	1248
UNITED STATES	FRANCE	1250
UNITED STATES	FRANCE	1253
UNITED STATES	FRANCE	1254
UNITED STATES	FRANCE	1257
UNITED STATES	FRANCE	1260
UNITED STATES	FRANCE	1261
UNITED STATES	FRANCE	1267
UNITED STATES	FRANCE	1277
UNITED STATES	FRANCE	1279
UNITED STATES	FRANCE	1281
UNITED STATES	FRANCE	1282
UNITED STATES	FRANCE	1284
UNITED STATES	FRANCE	1292
UNITED STATES	FRANCE	1293
UNITED STATES	FRANCE	1295
UNITED STATES	FRANCE	1297
UNITED STATES	FRANCE	1301
UNITED STATES	FRANCE	1310
UNITED STATES	FRANCE	1319
UNITED STATES	FRANCE	1321
UNITED STATES	FRANCE	1322
UNITED STATES	FRANCE	1326
UNITED STATES	FRANCE	1330
UNITED STATES	FRANCE	1331
UNITED STATES	FRANCE	1333
UNITED STATES	FRANCE	1346
UNITED STATES	FRANCE	1347
UNITED STATES	FRANCE	1348
UNITED STATES	FRANCE	1352
UNITED STATES	FRANCE	1353
UNITED STATES	FRANCE	1360
UNITED STATES	FRANCE	1372
UNITED STATES	FRANCE	1375
UNITED STATES	FRANCE	1379
UNITED STATES	FRANCE	1381
UNITED STATES	FRANCE	1382
UNITED STATES	FRANCE	1384
UNITED STATES	FRANCE	1386
UNITED STATES	FRANCE	1388
UNITED STATES	FRANCE	1389
UNITED STATES	FRANCE	1395
UNITED STATES	FRANCE	1397
UNITED STATES	FRANCE	1398
UNITED STATES	FRANCE	1402
UNITED STATES	FRANCE	1405
UNITED STATES	FRANCE	1406
UNITED STATES	FRANCE	1416
UNITED STATES	FRANCE	1422
UNITED STATES	FRANCE	1431
UNITED STATES	FRANCE	1437
UNITED STATES	FRANCE	1438
UNITED STATES	FRANCE	1439
UNITED STATES	FRANCE	1443
UNITED STATES	FRANCE	1448
UNITED STATES	FRANCE	1451
UNITED STATES	FRANCE	1454
UNITED STATES	FRANCE	1455
UNITED STATES	FRANCE	1458
UNITED STATES	FRANCE	1467
UNITED STATES	FRANCE	1470
UNITED STATES	FRANCE	1472
UNITED STATES	FRANCE	1481
UNITED STATES	FRANCE	1484
UNITED STATES	FRANCE	1485
UNITED STATES	FRANCE	1495
UNITED STATES	FRANCE	1499
UNITED STATES	FRANCE	1503
UNITED STATES	FRANCE	1505
UNITED STATES	FRANCE	1510
UNITED STATES	FRANCE	1511
UNITED STATES	FRANCE	1513
UNITED STATES	FRANCE	1520
UNITED STATES	FRANCE	1523
UNITED STATES	FRANCE	1527
UNITED STATES	FRANCE	1529
UNITED STATES	FRANCE	1530
UNITED STATES	FRANCE	1535
UNITED STATES	FRANCE	1540
UNITED STATES	FRANCE	1543
UNITED STATES	FRANCE	1547
UNITED STATES	FRANCE	1548
UNITED STATES	FRANCE	1550
UNITED STATES	FRANCE	1551
UNITED STATES	FRANCE	1554
UNITED STATES	FRANCE	1558
UNITED STATES	FRANCE	1559
UNITED STATES	FRANCE	1561
UNITED STATES	FRANCE	1566
UNITED STATES	FRANCE	1567
UNITED STATES	FRANCE	1570
UNITED STATES	FRANCE	1571
UNITED STATES	FRANCE	1574
UNITED STATES	FRANCE	1580
UNITED STATES	FRANCE	1584
UNITED STATES	FRANCE	1599
UNITED STATES	FRANCE	1600
UNITED STATES	FRANCE	1607
UNITED STATES	FRANCE	1614
UNITED STATES	FRANCE	1616
UNITED STATES	FRANCE	1619
UNITED STATES	FRANCE	1622
UNITED STATES	FRANCE	1623
UNITED STATES	FRANCE	1625
UNITED STATES	FRANCE	1626
UNITED STATES	FRANCE	1629
UNITED STATES	FRANCE	1631
UNITED STATES	FRANCE	1635
UNITED STATES	FRANCE	1638
UNITED STATES	FRANCE	1644
UNITED STATES	FRANCE	1648
UNITED STATES	FRANCE	1655
UNITED STATES	FRANCE	1659
UNITED STATES	FRANCE	1660
UNITED STATES	FRANCE	1664
UNITED STATES	FRANCE	1667
UNITED STATES	FRANCE	1668
UNITED STATES	FRANCE	1674
UNITED STATES	FRANCE	1678
UNITED STATES	FRANCE	1679
UNITED STATES	FRANCE	1687
UNITED STATES	FRANCE	1688
UNITED STATES	FRANCE	1692
UNITED STATES	FRANCE	1696
UNITED STATES	FRANCE	1698
UNITED STATES	FRANCE	1707
UNITED STATES	FRANCE	1708
UNITED STATES	FRANCE	1710
UNITED STATES	FRANCE	1712
UNITED STATES	FRANCE	1715
UNITED STATES	FRANCE	1716
UNITED STATES	FRANCE	1717
UNITED STATES	FRANCE	1719
UNITED STATES	FRANCE	1720
UNITED STATES	FRANCE	1726
UNITED STATES	FRANCE	1728
UNITED STATES	FRANCE	1733
UNITED STATES	FRANCE	1734
UNITED STATES	FRANCE	1738
UNITED STATES	FRANCE	1740
UNITED STATES	FRANCE	1741
UNITED STATES	FRANCE	1747
UNITED STATES	FRANCE	1752
UNITED STATES	FRANCE	1757
UNITED STATES	FRANCE	1758
UNITED STATES	FRANCE	1762
UNITED STATES	FRANCE	1763
UNITED STATES	FRANCE	1764
UNITED STATES	FRANCE	1768
UNITED STATES	FRANCE	1770
UNITED STATES	FRANCE	1771
UNITED STATES	FRANCE	1772
UNITED STATES	FRANCE	1773
UNITED STATES	FRANCE	1774
UNITED STATES	FRANCE	1775
UNITED STATES	FRANCE	1776
UNITED STATES	FRANCE	1777
UNITED STATES	FRANCE	1782
UNITED STATES	FRANCE	1786
UNITED STATES	FRANCE	1787
UNITED STATES	FRANCE	1792
UNITED STATES	FRANCE	1794
UNITED STATES	FRANCE	1796
UNITED STATES	FRANCE	1800
UNITED STATES	FRANCE	1809
UNITED STATES	FRANCE	1813
UNITED STATES	FRANCE	1816
UNITED STATES	FRANCE	1817
UNITED STATES	FRANCE	1818
UNITED STATES	FRANCE	1819
UNITED STATES	FRANCE	1823
UNITED STATES	FRANCE	1824
UNITED STATES	FRANCE	1825
UNITED STATES	FRANCE	1826
UNITED STATES	FRANCE	1827
UNITED STATES	FRANCE	1830
UNITED STATES	FRANCE	1833
UNITED STATES	FRANCE	1834
UNITED STATES	FRANCE	1836
UNITED STATES	FRANCE	1837
UNITED STATES	FRANCE	1839
UNITED STATES	FRANCE	1841
UNITED STATES	FRANCE	1843
UNITED STATES	FRANCE	1846
UNITED STATES	FRANCE	1847
UNITED STATES	FRANCE	1852
UNITED STATES	FRANCE	1859
UNITED STATES	FRANCE	1861
UNITED STATES	FRANCE	1862
UNITED STATES	FRANCE	1866
UNITED STATES	FRANCE	1868
UNITED STATES	FRANCE	1869
UNITED STATES	FRANCE	1872
UNITED STATES	FRANCE	1878
UNITED STATES	FRANCE	1887
UNITED STATES	FRANCE	1899
UNITED STATES	FRANCE	1901
UNITED STATES	FRANCE	1904
UNITED STATES	FRANCE	1906
UNITED STATES	FRANCE	1908
UNITED STATES	FRANCE	1913
UNITED STATES	FRANCE	1917
UNITED STATES	FRANCE	1920
UNITED STATES	FRANCE	1922
UNITED STATES	FRANCE	1926
UNITED STATES	FRANCE	1931
UNITED STATES	FRANCE	1935
UNITED STATES	FRANCE	1937
UNITED STATES	FRANCE	1938
UNITED STATES	FRANCE	1943
UNITED STATES	FRANCE	1946
UNITED STATES	FRANCE	1947
UNITED STATES	FRANCE	1951
UNITED STATES	FRANCE	1954
UNITED STATES	FRANCE	1956
UNITED STATES	FRANCE	1957
UNITED STATES	FRANCE	1958
UNITED STATES	FRANCE	1959
UNITED STATES	FRANCE	1961
UNITED STATES	FRANCE	1964
UNITED STATES	FRANCE	1967
UNITED STATES	FRANCE	1968
UNITED STATES	FRANCE	1969
UNITED STATES	FRANCE	1970
UNITED STATES	FRANCE	1971
UNITED STATES	FRANCE	1973
UNITED STATES	FRANCE	1975
UNITED STATES	FRANCE	1981
UNITED STATES	FRANCE	1988
UNITED STATES	FRANCE	1992
UNITED STATES	FRANCE	1994
UNITED STATES	FRANCE	1995
UNITED STATES	FRANCE	1998
UNITED STATES	FRANCE	2000
UNITED STATES	FRANCE	2001
UNITED STATES	FRANCE	2003
UNITED STATES	FRANCE	2008
UNITED STATES	FRANCE	2009
UNITED STATES	FRANCE	2010
UNITED STATES	FRANCE	2013
UNITED STATES	FRANCE	2015
UNITED STATES	FRANCE	2016
UNITED STATES	FRANCE	2021
UNITED STATES	FRANCE	2024
UNITED STATES	FRANCE	2031
UNITED STATES	FRANCE	2032
UNITED STATES	FRANCE	2041
UNITED STATES	FRANCE	2047
UNITED STATES	FRANCE	2048
UNITED STATES	FRANCE	2049
UNITED STATES	FRANCE	2053
UNITED STATES	FRANCE	2060
UNITED STATES	FRANCE	2066
UNITED STATES	FRANCE	2068
UNITED STATES	FRANCE	2073
UNITED STATES	FRANCE	2082
UNITED STATES	FRANCE	2088
UNITED STATES	FRANCE	2093
UNITED STATES	FRANCE	2100
UNITED STATES	FRANCE	2115
UNITED STATES	FRANCE	2117
UNITED STATES	FRANCE	2119
UNITED STATES	FRANCE	2124
UNITED STATES	FRANCE	2125
UNITED STATES	FRANCE	2130
UNITED STATES	FRANCE	2133
UNITED STATES	FRANCE	2134
UNITED STATES	FRANCE	2136
UNITED STATES	FRANCE	2137
UNITED STATES	FRANCE	2139
UNITED STATES	FRANCE	2143
UNITED STATES	FRANCE	2145
UNITED STATES	FRANCE	2146
UNITED STATES	FRANCE	2150
UNITED STATES	FRANCE	2157
UNITED STATES	FRANCE	2168
UNITED STATES	FRANCE	2172
UNITED STATES	FRANCE	2174
UNITED STATES	FRANCE	2181
UNITED STATES	FRANCE	2183
UNITED STATES	FRANCE	2187
UNITED STATES	FRANCE	2188
UNITED STATES	FRANCE	2192
UNITED STATES	FRANCE	2194
UNITED STATES	FRANCE	2196
UNITED STATES	FRANCE	2199
UNITED STATES	FRANCE	2205
UNITED STATES	FRANCE	2207
UNITED STATES	FRANCE	2211
UNITED STATES	FRANCE	2214
UNITED STATES	FRANCE	2222
UNITED STATES	FRANCE	2223
UNITED STATES	FRANCE	2224
UNITED STATES	FRANCE	2226
UNITED STATES	FRANCE	2227
UNITED STATES	FRANCE	2232
UNITED STATES	FRANCE	2233
UNITED STATES	FRANCE	2240
UNITED STATES	FRANCE	2247
UNITED STATES	FRANCE	2257
UNITED STATES	FRANCE	2258
UNITED STATES	FRANCE	2267
UNITED STATES	FRANCE	2270
UNITED STATES	FRANCE	2271
UNITED STATES	FRANCE	2289
UNITED STATES	FRANCE	2303
UNITED STATES	FRANCE	2306
UNITED STATES	FRANCE	2313
UNITED STATES	FRANCE	2319
UNITED STATES	FRANCE	2323
UNITED STATES	FRANCE	2327
UNITED STATES	FRANCE	2338
UNITED STATES	FRANCE	2342
UNITED STATES	FRANCE	2345
UNITED STATES	FRANCE	2355
UNITED STATES	FRANCE	2360
UNITED STATES	FRANCE	2363
UNITED STATES	FRANCE	2370
UNITED STATES	FRANCE	2371
UNITED STATES	FRANCE	2375
UNITED STATES	FRANCE	2382
UNITED STATES	FRANCE	2385
UNITED STATES	FRANCE	2386
UNITED STATES	FRANCE	2390
UNITED STATES	FRANCE	2391
UNITED STATES	FRANCE	2392
UNITED STATES	FRANCE	2395
UNITED STATES	FRANCE	2407
UNITED STATES	FRANCE	2408
UNITED STATES	FRANCE	2411
UNITED STATES	FRANCE	2412
UNITED STATES	FRANCE	2413
UNITED STATES	FRANCE	2418
UNITED STATES	FRANCE	2423
UNITED STATES	FRANCE	2429
UNITED STATES	FRANCE	2436
UNITED STATES	FRANCE	2439
UNITED STATES	FRANCE	2447
UNITED STATES	FRANCE	2457
UNITED STATES	FRANCE	2459
UNITED STATES	FRANCE	2465
UNITED STATES	FRANCE	2470
UNITED STATES	FRANCE	2487
UNITED STATES	FRANCE	2488
UNITED STATES	FRANCE	2494
UNITED STATES	FRANCE	2496
UNITED STATES	FRANCE	2497
UNITED STATES	FRANCE	2507
UNITED STATES	FRANCE	2508
UNITED STATES	FRANCE	2511
UNITED STATES	FRANCE	2512
UNITED STATES	FRANCE	2520
UNITED STATES	FRANCE	2526
UNITED STATES	FRANCE	2533
UNITED STATES	FRANCE	2540
UNITED STATES	FRANCE	2557
UNITED STATES	FRANCE	2583
UNITED STATES	FRANCE	2585
UNITED STATES	FRANCE	2586
UNITED STATES	FRANCE	2589
UNITED STATES	FRANCE	2593
UNITED STATES	FRANCE	2594
UNITED STATES	FRANCE	2605
UNITED STATES	FRANCE	2610
UNITED STATES	FRANCE	2614
UNITED STATES	FRANCE	2624
UNITED STATES	FRANCE	2630
UNITED STATES	FRANCE	2631
UNITED STATES	FRANCE	2638
UNITED STATES	FRANCE	2665
UNITED STATES	FRANCE	2672
UNITED STATES	FRANCE	2675
UNITED STATES	FRANCE	2676
UNITED STATES	FRANCE	2677
UNITED STATES	FRANCE	2679
UNITED STATES	FRANCE	2680
UNITED STATES	FRANCE	2687
UNITED STATES	FRANCE	2692
UNITED STATES	FRANCE	2694
UNITED STATES	FRANCE	2699
UNITED STATES	FRANCE	2701
UNITED STATES	FRANCE	2703
UNITED STATES	FRANCE	2704
UNITED STATES	FRANCE	2707
UNITED STATES	FRANCE	2714
UNITED STATES	FRANCE	2718
UNITED STATES	FRANCE	2719
UNITED STATES	FRANCE	2723
UNITED STATES	FRANCE	2727
UNITED STATES	FRANCE	2729
UNITED STATES	FRANCE	2730
UNITED STATES	FRANCE	2734
UNITED STATES	FRANCE	2737
UNITED STATES	FRANCE	2745
UNITED STATES	FRANCE	2758
UNITED STATES	FRANCE	2763
UNITED STATES	FRANCE	2772
UNITED STATES	FRANCE	2774
UNITED STATES	FRANCE	2778
UNITED STATES	FRANCE	2783
UNITED STATES	FRANCE	2791
UNITED STATES	FRANCE	2805
UNITED STATES	FRANCE	2806
UNITED STATES	FRANCE	2807
UNITED STATES	FRANCE	2809
UNITED STATES	FRANCE	2840
UNITED STATES	FRANCE	2841
UNITED STATES	FRANCE	2842
UNITED STATES	FRANCE	2843
UNITED STATES	FRANCE	2848
UNITED STATES	FRANCE	2854
UNITED STATES	FRANCE	2856
UNITED STATES	FRANCE	2860
UNITED STATES	FRANCE	2864
UNITED STATES	FRANCE	2878
UNITED STATES	FRANCE	2885
UNITED STATES	FRANCE	2894
UNITED STATES	FRANCE	2898
UNITED STATES	FRANCE	2910
UNITED STATES	FRANCE	2915
UNITED STATES	FRANCE	2919
UNITED STATES	FRANCE	2929
UNITED STATES	FRANCE	2947
UNITED STATES	FRANCE	2958
UNITED STATES	FRANCE	2961
UNITED STATES	FRANCE	2968
UNITED STATES	FRANCE	2987
UNITED STATES	FRANCE	3000
UNITED STATES	FRANCE	3007
UNITED STATES	FRANCE	3009
UNITED STATES	FRANCE	3023
UNITED STATES	FRANCE	3026
UNITED STATES	FRANCE	3036
UNITED STATES	FRANCE	3043
UNITED STATES	FRANCE	3046
UNITED STATES	FRANCE	3064
UNITED STATES	FRANCE	3074
UNITED STATES	FRANCE	3076
UNITED STATES	FRANCE	3081
UNITED STATES	FRANCE	3090
UNITED STATES	FRANCE	3103
UNITED STATES	FRANCE	3107
UNITED STATES	FRANCE	3112
UNITED STATES	FRANCE	3130
UNITED STATES	FRANCE	3159
UNITED STATES	FRANCE	3166
UNITED STATES	FRANCE	3177
UNITED STATES	FRANCE	3179
UNITED STATES	FRANCE	3190
UNITED STATES	FRANCE	3208
UNITED STATES	FRANCE	3214
UNITED STATES	FRANCE	3219
UNITED STATES	FRANCE	3394
UNITED STATES	FRANCE	3402
UNITED STATES	FRANCE	3423
UNITED STATES	FRANCE	3461
UNITED STATES	FRANCE	3492
UNITED STATES	FRANCE	3493
UNITED STATES	FRANCE	3531
UNITED STATES	FRANCE	3583
UNITED STATES	FRANCE	3591
UNITED STATES	FRANCE	3698
UNITED STATES	FRANCE	3822
UNITED STATES	FRANCE	3844
UNITED STATES	FRANCE	3845
UNITED STATES	FRANCE	3853
UNITED STATES	FRANCE	3865
UNITED STATES	FRANCE	3924
UNITED STATES	FRANCE	3978
UNITED STATES	FRANCE	3983
UNITED STATES	FRANCE	4168
UNITED STATES	FRANCE	4221
UNITED STATES	FRANCE	4242
UNITED STATES	FRANCE	4278
UNITED STATES	FRANCE	4290
UNITED STATES	FRANCE	4319
UNITED STATES	FRANCE	4345
UNITED STATES	FRANCE	4379
UNITED STATES	FRANCE	4541
UNITED STATES	FRANCE	4610
UNITED STATES	FRANCE	4645
UNITED STATES	FRANCE	4714
UNITED STATES	FRANCE	4810
UNITED STATES	FRANCE	4870
UNITED STATES	FRANCE	5088
UNITED STATES	FRANCE	5217
UNITED STATES	FRANCE	5229
UNITED STATES	FRANCE	5285
UNITED STATES	FRANCE	5320
UNITED STATES	FRANCE	5400
UNITED STATES	FRANCE	5439
UNITED STATES	FRANCE	5487
UNITED STATES	FRANCE	5605
UNITED STATES	FRANCE	5660
UNITED STATES	FRANCE	5694
UNITED STATES	FRANCE	5697
UNITED STATES	FRANCE	5750
UNITED STATES	FRANCE	5798
UNITED STATES	FRANCE	5866
UNITED STATES	FRANCE	5913
UNITED STATES	FRANCE	5949
UNITED STATES	FRANCE	6047
UNITED STATES	FRANCE	6048
UNITED STATES	FRANCE	6111
UNITED STATES	FRANCE	6133
UNITED STATES	FRANCE	6139
UNITED STATES	FRANCE	6159
UNITED STATES	FRANCE	6181
UNITED STATES	FRANCE	6232
UNITED STATES	FRANCE	6426
UNITED STATES	FRANCE	6441
UNITED STATES	FRANCE	6519
UNITED STATES	FRANCE	6627
UNITED STATES	FRANCE	6663
UNITED STATES	FRANCE	6715
UNITED STATES	FRANCE	6739
UNITED STATES	FRANCE	6834
UNITED STATES	FRANCE	6886
UNITED STATES	FRANCE	6967
UNITED STATES	FRANCE	7026
UNITED STATES	FRANCE	7089
UNITED STATES	FRANCE	7105
UNITED STATES	FRANCE	7122
UNITED STATES	FRANCE	7170
UNITED STATES	FRANCE	7189
UNITED STATES	FRANCE	7206
UNITED STATES	FRANCE	7245
UNITED STATES	FRANCE	7284
UNITED STATES	FRANCE	7322
UNITED STATES	FRANCE	7347
UNITED STATES	FRANCE	7377
UNITED STATES	FRANCE	7409
UNITED STATES	FRANCE	7447
UNITED STATES	FRANCE	7486
UNITED STATES	FRANCE	7534
UNITED STATES	FRANCE	7606
UNITED STATES	FRANCE	7665
UNITED STATES	FRANCE	7689
UNITED STATES	FRANCE	7806
UNITED STATES	FRANCE	7824
UNITED STATES	FRANCE	7951
UNITED STATES	FRANCE	8010
UNITED STATES	FRANCE	8048
UNITED STATES	FRANCE	8065
UNITED STATES	FRANCE	8088
UNITED STATES	FRANCE	8146
UNITED STATES	FRANCE	8232
UNITED STATES	FRANCE	8251
UNITED STATES	FRANCE	8267
UNITED STATES	FRANCE	8303
UNITED STATES	FRANCE	8306
UNITED STATES	FRANCE	8350
UNITED STATES	FRANCE	8716
UNITED STATES	FRANCE	8717
UNITED STATES	FRANCE	8734
UNITED STATES	FRANCE	8745
UNITED STATES	FRANCE	8779
UNITED STATES	FRANCE	8828
UNITED STATES	FRANCE	8830
UNITED STATES	FRANCE	8872
UNITED STATES	FRANCE	8889
UNITED STATES	FRANCE	8906
UNITED STATES	FRANCE	8962
UNITED STATES	FRANCE	8964
UNITED STATES	FRANCE	9009
UNITED STATES	FRANCE	9027
UNITED STATES	FRANCE	9056
UNITED STATES	FRANCE	908
UNITED STATES	FRANCE	9090
UNITED STATES	FRANCE	9186
UNITED STATES	FRANCE	9211
UNITED STATES	FRANCE	9215
UNITED STATES	FRANCE	9248
UNITED STATES	FRANCE	9307
UNITED STATES	FRANCE	9315
UNITED STATES	FRANCE	9328
UNITED STATES	FRANCE	9347
UNITED STATES	FRANCE	9381
UNITED STATES	FRANCE	9388
UNITED STATES	FRANCE	9446
UNITED STATES	FRANCE	9539
UNITED STATES	FRANCE	9540
UNITED STATES	FRANCE	9607
UNITED STATES	FRANCE	9632
UNITED STATES	FRANCE	9657
UNITED STATES	FRANCE	9703
UNITED STATES	FRANCE	9825
UNITED STATES	FRANCE	9932
UNITED STATES	FRANCE	9934
UNITED STATES	FRANCE	9993
VIETNAM	FRANCE	1009
VIETNAM	FRANCE	1011
VIETNAM	FRANCE	1015
VIETNAM	FRANCE	1016
VIETNAM	FRANCE	1017
VIETNAM	FRANCE	1020
VIETNAM	FRANCE	1022
VIETNAM	FRANCE	1025
VIETNAM	FRANCE	1028
VIETNAM	FRANCE	1029
VIETNAM	FRANCE	1041
VIETNAM	FRANCE	1045
VIETNAM	FRANCE	1048
VIETNAM	FRANCE	1059
VIETNAM	FRANCE	1067
VIETNAM	FRANCE	1070
VIETNAM	FRANCE	1071
VIETNAM	FRANCE	1073
VIETNAM	FRANCE	1075
VIETNAM	FRANCE	1077
VIETNAM	FRANCE	1078
VIETNAM	FRANCE	1081
VIETNAM	FRANCE	1084
VIETNAM	FRANCE	1085
VIETNAM	FRANCE	1088
VIETNAM	FRANCE	1089
VIETNAM	FRANCE	1091
VIETNAM	FRANCE	1097
VIETNAM	FRANCE	1110
VIETNAM	FRANCE	1112
VIETNAM	FRANCE	1114
VIETNAM	FRANCE	1120
VIETNAM	FRANCE	1122
VIETNAM	FRANCE	1124
VIETNAM	FRANCE	1127
VIETNAM	FRANCE	1128
VIETNAM	FRANCE	1136
VIETNAM	FRANCE	1138
VIETNAM	FRANCE	1139
VIETNAM	FRANCE	1140
VIETNAM	FRANCE	1141
VIETNAM	FRANCE	1144
VIETNAM	FRANCE	1145
VIETNAM	FRANCE	1153
VIETNAM	FRANCE	1160
VIETNAM	FRANCE	1161
VIETNAM	FRANCE	1162
VIETNAM	FRANCE	1175
VIETNAM	FRANCE	1178
VIETNAM	FRANCE	1183
VIETNAM	FRANCE	1190
VIETNAM	FRANCE	1195
VIETNAM	FRANCE	1199
VIETNAM	FRANCE	1202
VIETNAM	FRANCE	1207
VIETNAM	FRANCE	1208
VIETNAM	FRANCE	1209
VIETNAM	FRANCE	1210
VIETNAM	FRANCE	1214
VIETNAM	FRANCE	1216
VIETNAM	FRANCE	1217
VIETNAM	FRANCE	1220
VIETNAM	FRANCE	1225
VIETNAM	FRANCE	1227
VIETNAM	FRANCE	1231
VIETNAM	FRANCE	1233
VIETNAM	FRANCE	1235
VIETNAM	FRANCE	1236
VIETNAM	FRANCE	1237
VIETNAM	FRANCE	1241
VIETNAM	FRANCE	1244
VIETNAM	FRANCE	1245
VIETNAM	FRANCE	1248
VIETNAM	FRANCE	1249
VIETNAM	FRANCE	1251
VIETNAM	FRANCE	1253
VIETNAM	FRANCE	1254
VIETNAM	FRANCE	1258
VIETNAM	FRANCE	1259
VIETNAM	FRANCE	1260
VIETNAM	FRANCE	1261
VIETNAM	FRANCE	1263
VIETNAM	FRANCE	1267
VIETNAM	FRANCE	1268
VIETNAM	FRANCE	1269
VIETNAM	FRANCE	1287
VIETNAM	FRANCE	1290
VIETNAM	FRANCE	1308
VIETNAM	FRANCE	1313
VIETNAM	FRANCE	1319
VIETNAM	FRANCE	1327
VIETNAM	FRANCE	1331
VIETNAM	FRANCE	1338
VIETNAM	FRANCE	1347
VIETNAM	FRANCE	1361
VIETNAM	FRANCE	1365
VIETNAM	FRANCE	1371
VIETNAM	FRANCE	1372
VIETNAM	FRANCE	1373
VIETNAM	FRANCE	1376
VIETNAM	FRANCE	1377
VIETNAM	FRANCE	1380
VIETNAM	FRANCE	1384
VIETNAM	FRANCE	1388
VIETNAM	FRANCE	1389
VIETNAM	FRANCE	1392
VIETNAM	FRANCE	1393
VIETNAM	FRANCE	1395
VIETNAM	FRANCE	1396
VIETNAM	FRANCE	1400
VIETNAM	FRANCE	1402
VIETNAM	FRANCE	1409
VIETNAM	FRANCE	1415
VIETNAM	FRANCE	1420
VIETNAM	FRANCE	1421
VIETNAM	FRANCE	1422
VIETNAM	FRANCE	1423
VIETNAM	FRANCE	1437
VIETNAM	FRANCE	1438
VIETNAM	FRANCE	1444
VIETNAM	FRANCE	1445
VIETNAM	FRANCE	1448
VIETNAM	FRANCE	1457
VIETNAM	FRANCE	1458
VIETNAM	FRANCE	1461
VIETNAM	FRANCE	1467
VIETNAM	FRANCE	1474
VIETNAM	FRANCE	1475
VIETNAM	FRANCE	1485
VIETNAM	FRANCE	1486
VIETNAM	FRANCE	1488
VIETNAM	FRANCE	1489
VIETNAM	FRANCE	1491
VIETNAM	FRANCE	1494
VIETNAM	FRANCE	1499
VIETNAM	FRANCE	1502
VIETNAM	FRANCE	1504
VIETNAM	FRANCE	1511
VIETNAM	FRANCE	1512
VIETNAM	FRANCE	1513
VIETNAM	FRANCE	1514
VIETNAM	FRANCE	1517
VIETNAM	FRANCE	1518
VIETNAM	FRANCE	1519
VIETNAM	FRANCE	1523
VIETNAM	FRANCE	1526
VIETNAM	FRANCE	1530
VIETNAM	FRANCE	1532
VIETNAM	FRANCE	1533
VIETNAM	FRANCE	1534
VIETNAM	FRANCE	1540
VIETNAM	FRANCE	1541
VIETNAM	FRANCE	1543
VIETNAM	FRANCE	1544
VIETNAM	FRANCE	1546
VIETNAM	FRANCE	1548
VIETNAM	FRANCE	1551
VIETNAM	FRANCE	1555
VIETNAM	FRANCE	1558
VIETNAM	FRANCE	1561
VIETNAM	FRANCE	1562
VIETNAM	FRANCE	1569
VIETNAM	FRANCE	1570
VIETNAM	FRANCE	1571
VIETNAM	FRANCE	1572
VIETNAM	FRANCE	1575
VIETNAM	FRANCE	1576
VIETNAM	FRANCE	1587
VIETNAM	FRANCE	1588
VIETNAM	FRANCE	1592
VIETNAM	FRANCE	1596
VIETNAM	FRANCE	1599
VIETNAM	FRANCE	1603
VIETNAM	FRANCE	1606
VIETNAM	FRANCE	1614
VIETNAM	FRANCE	1615
VIETNAM	FRANCE	1619
VIETNAM	FRANCE	1622
VIETNAM	FRANCE	1625
VIETNAM	FRANCE	1631
VIETNAM	FRANCE	1633
VIETNAM	FRANCE	1635
VIETNAM	FRANCE	1641
VIETNAM	FRANCE	1643
VIETNAM	FRANCE	1646
VIETNAM	FRANCE	1647
VIETNAM	FRANCE	1648
VIETNAM	FRANCE	1649
VIETNAM	FRANCE	1651
VIETNAM	FRANCE	1658
VIETNAM	FRANCE	1659
VIETNAM	FRANCE	1660
VIETNAM	FRANCE	1661
VIETNAM	FRANCE	1662
VIETNAM	FRANCE	1670
VIETNAM	FRANCE	1677
VIETNAM	FRANCE	1678
VIETNAM	FRANCE	1679
VIETNAM	FRANCE	1683
VIETNAM	FRANCE	1684
VIETNAM	FRANCE	1685
VIETNAM	FRANCE	1686
VIETNAM	FRANCE	1688
VIETNAM	FRANCE	1690
VIETNAM	FRANCE	1693
VIETNAM	FRANCE	1696
VIETNAM	FRANCE	1699
VIETNAM	FRANCE	1706
VIETNAM	FRANCE	1707
VIETNAM	FRANCE	1714
VIETNAM	FRANCE	1716
VIETNAM	FRANCE	1720
VIETNAM	FRANCE	1726
VIETNAM	FRANCE	1738
VIETNAM	FRANCE	1740
VIETNAM	FRANCE	1741
VIETNAM	FRANCE	1742
VIETNAM	FRANCE	1744
VIETNAM	FRANCE	1745
VIETNAM	FRANCE	1749
VIETNAM	FRANCE	1753
VIETNAM	FRANCE	1757
VIETNAM	FRANCE	1758
VIETNAM	FRANCE	1759
VIETNAM	FRANCE	1762
VIETNAM	FRANCE	1764
VIETNAM	FRANCE	1768
VIETNAM	FRANCE	1769
VIETNAM	FRANCE	1773
VIETNAM	FRANCE	1774
VIETNAM	FRANCE	1776
VIETNAM	FRANCE	1778
VIETNAM	FRANCE	1782
VIETNAM	FRANCE	1790
VIETNAM	FRANCE	1792
VIETNAM	FRANCE	1796
VIETNAM	FRANCE	1800
VIETNAM	FRANCE	1801
VIETNAM	FRANCE	1807
VIETNAM	FRANCE	1809
VIETNAM	FRANCE	1812
VIETNAM	FRANCE	1814
VIETNAM	FRANCE	1816
VIETNAM	FRANCE	1818
VIETNAM	FRANCE	1819
VIETNAM	FRANCE	1820
VIETNAM	FRANCE	1821
VIETNAM	FRANCE	1822
VIETNAM	FRANCE	1824
VIETNAM	FRANCE	1825
VIETNAM	FRANCE	1826
VIETNAM	FRANCE	1831
VIETNAM	FRANCE	1835
VIETNAM	FRANCE	1836
VIETNAM	FRANCE	1843
VIETNAM	FRANCE	1847
VIETNAM	FRANCE	1850
VIETNAM	FRANCE	1857
VIETNAM	FRANCE	1859
VIETNAM	FRANCE	1860
VIETNAM	FRANCE	1864
VIETNAM	FRANCE	1869
VIETNAM	FRANCE	1878
VIETNAM	FRANCE	1881
VIETNAM	FRANCE	1884
VIETNAM	FRANCE	1886
VIETNAM	FRANCE	1891
VIETNAM	FRANCE	1893
VIETNAM	FRANCE	1894
VIETNAM	FRANCE	1896
VIETNAM	FRANCE	1904
VIETNAM	FRANCE	1905
VIETNAM	FRANCE	1907
VIETNAM	FRANCE	1908
VIETNAM	FRANCE	1909
VIETNAM	FRANCE	1911
VIETNAM	FRANCE	1920
VIETNAM	FRANCE	1923
VIETNAM	FRANCE	1926
VIETNAM	FRANCE	1927
VIETNAM	FRANCE	1928
VIETNAM	FRANCE	1931
VIETNAM	FRANCE	1933
VIETNAM	FRANCE	1934
VIETNAM	FRANCE	1936
VIETNAM	FRANCE	1937
VIETNAM	FRANCE	1942
VIETNAM	FRANCE	1945
VIETNAM	FRANCE	1946
VIETNAM	FRANCE	1948
VIETNAM	FRANCE	1950
VIETNAM	FRANCE	1953
VIETNAM	FRANCE	1955
VIETNAM	FRANCE	1958
VIETNAM	FRANCE	1959
VIETNAM	FRANCE	1961
VIETNAM	FRANCE	1965
VIETNAM	FRANCE	1973
VIETNAM	FRANCE	1981
VIETNAM	FRANCE	1986
VIETNAM	FRANCE	1988
VIETNAM	FRANCE	1990
VIETNAM	FRANCE	1992
VIETNAM	FRANCE	1994
VIETNAM	FRANCE	1998
VIETNAM	FRANCE	2004
VIETNAM	FRANCE	2006
VIETNAM	FRANCE	2009
VIETNAM	FRANCE	2010
VIETNAM	FRANCE	2014
VIETNAM	FRANCE	2017
VIETNAM	FRANCE	2020
VIETNAM	FRANCE	2027
VIETNAM	FRANCE	2028
VIETNAM	FRANCE	2032
VIETNAM	FRANCE	2033
VIETNAM	FRANCE	2037
VIETNAM	FRANCE	2038
VIETNAM	FRANCE	2045
VIETNAM	FRANCE	2046
VIETNAM	FRANCE	2047
VIETNAM	FRANCE	2049
VIETNAM	FRANCE	2056
VIETNAM	FRANCE	2057
VIETNAM	FRANCE	2060
VIETNAM	FRANCE	2064
VIETNAM	FRANCE	2066
VIETNAM	FRANCE	2068
VIETNAM	FRANCE	2070
VIETNAM	FRANCE	2073
VIETNAM	FRANCE	2077
VIETNAM	FRANCE	2079
VIETNAM	FRANCE	2082
VIETNAM	FRANCE	2083
VIETNAM	FRANCE	2087
VIETNAM	FRANCE	2088
VIETNAM	FRANCE	2097
VIETNAM	FRANCE	2107
VIETNAM	FRANCE	2109
VIETNAM	FRANCE	2112
VIETNAM	FRANCE	2116
VIETNAM	FRANCE	2119
VIETNAM	FRANCE	2123
VIETNAM	FRANCE	2124
VIETNAM	FRANCE	2125
VIETNAM	FRANCE	2134
VIETNAM	FRANCE	2136
VIETNAM	FRANCE	2143
VIETNAM	FRANCE	2145
VIETNAM	FRANCE	2146
VIETNAM	FRANCE	2148
VIETNAM	FRANCE	2150
VIETNAM	FRANCE	2151
VIETNAM	FRANCE	2158
VIETNAM	FRANCE	2159
VIETNAM	FRANCE	2161
VIETNAM	FRANCE	2163
VIETNAM	FRANCE	2166
VIETNAM	FRANCE	2173
VIETNAM	FRANCE	2174
VIETNAM	FRANCE	2190
VIETNAM	FRANCE	2192
VIETNAM	FRANCE	2194
VIETNAM	FRANCE	2197
VIETNAM	FRANCE	2199
VIETNAM	FRANCE	2206
VIETNAM	FRANCE	2207
VIETNAM	FRANCE	2213
VIETNAM	FRANCE	2214
VIETNAM	FRANCE	2217
VIETNAM	FRANCE	2220
VIETNAM	FRANCE	2224
VIETNAM	FRANCE	2226
VIETNAM	FRANCE	2228
VIETNAM	FRANCE	2230
VIETNAM	FRANCE	2231
VIETNAM	FRANCE	2232
VIETNAM	FRANCE	2234
VIETNAM	FRANCE	2236
VIETNAM	FRANCE	2240
VIETNAM	FRANCE	2247
VIETNAM	FRANCE	2250
VIETNAM	FRANCE	2253
VIETNAM	FRANCE	2256
VIETNAM	FRANCE	2258
VIETNAM	FRANCE	2276
VIETNAM	FRANCE	2285
VIETNAM	FRANCE	2286
VIETNAM	FRANCE	2292
VIETNAM	FRANCE	2293
VIETNAM	FRANCE	2296
VIETNAM	FRANCE	2305
VIETNAM	FRANCE	2308
VIETNAM	FRANCE	2309
VIETNAM	FRANCE	2310
VIETNAM	FRANCE	2318
VIETNAM	FRANCE	2320
VIETNAM	FRANCE	2324
VIETNAM	FRANCE	2325
VIETNAM	FRANCE	2327
VIETNAM	FRANCE	2328
VIETNAM	FRANCE	2334
VIETNAM	FRANCE	2342
VIETNAM	FRANCE	2343
VIETNAM	FRANCE	2354
VIETNAM	FRANCE	2355
VIETNAM	FRANCE	2356
VIETNAM	FRANCE	2361
VIETNAM	FRANCE	2363
VIETNAM	FRANCE	2369
VIETNAM	FRANCE	2382
VIETNAM	FRANCE	2385
VIETNAM	FRANCE	2386
VIETNAM	FRANCE	2392
VIETNAM	FRANCE	2396
VIETNAM	FRANCE	2397
VIETNAM	FRANCE	2402
VIETNAM	FRANCE	2409
VIETNAM	FRANCE	2411
VIETNAM	FRANCE	2415
VIETNAM	FRANCE	2417
VIETNAM	FRANCE	2420
VIETNAM	FRANCE	2422
VIETNAM	FRANCE	2423
VIETNAM	FRANCE	2425
VIETNAM	FRANCE	2428
VIETNAM	FRANCE	2433
VIETNAM	FRANCE	2442
VIETNAM	FRANCE	2456
VIETNAM	FRANCE	2457
VIETNAM	FRANCE	2463
VIETNAM	FRANCE	2465
VIETNAM	FRANCE	2470
VIETNAM	FRANCE	2475
VIETNAM	FRANCE	2476
VIETNAM	FRANCE	2478
VIETNAM	FRANCE	2480
VIETNAM	FRANCE	2486
VIETNAM	FRANCE	2487
VIETNAM	FRANCE	2488
VIETNAM	FRANCE	2499
VIETNAM	FRANCE	2502
VIETNAM	FRANCE	2506
VIETNAM	FRANCE	2507
VIETNAM	FRANCE	2508
VIETNAM	FRANCE	2509
VIETNAM	FRANCE	2524
VIETNAM	FRANCE	2527
VIETNAM	FRANCE	2539
VIETNAM	FRANCE	2540
VIETNAM	FRANCE	2544
VIETNAM	FRANCE	2552
VIETNAM	FRANCE	2553
VIETNAM	FRANCE	2555
VIETNAM	FRANCE	2559
VIETNAM	FRANCE	2564
VIETNAM	FRANCE	2567
VIETNAM	FRANCE	2571
VIETNAM	FRANCE	2575
VIETNAM	FRANCE	2579
VIETNAM	FRANCE	2581
VIETNAM	FRANCE	2582
VIETNAM	FRANCE	2583
VIETNAM	FRANCE	2590
VIETNAM	FRANCE	2593
VIETNAM	FRANCE	2594
VIETNAM	FRANCE	2612
VIETNAM	FRANCE	2619
VIETNAM	FRANCE	2622
VIETNAM	FRANCE	2626
VIETNAM	FRANCE	2632
VIETNAM	FRANCE	2638
VIETNAM	FRANCE	2639
VIETNAM	FRANCE	2640
VIETNAM	FRANCE	2644
VIETNAM	FRANCE	2651
VIETNAM	FRANCE	2658
VIETNAM	FRANCE	2660
VIETNAM	FRANCE	2672
VIETNAM	FRANCE	2673
VIETNAM	FRANCE	2677
VIETNAM	FRANCE	2680
VIETNAM	FRANCE	2681
VIETNAM	FRANCE	2692
VIETNAM	FRANCE	2694
VIETNAM	FRANCE	2700
VIETNAM	FRANCE	2701
VIETNAM	FRANCE	2702
VIETNAM	FRANCE	2703
VIETNAM	FRANCE	2714
VIETNAM	FRANCE	2718
VIETNAM	FRANCE	2727
VIETNAM	FRANCE	2729
VIETNAM	FRANCE	2741
VIETNAM	FRANCE	2747
VIETNAM	FRANCE	2752
VIETNAM	FRANCE	2753
VIETNAM	FRANCE	2758
VIETNAM	FRANCE	2763
VIETNAM	FRANCE	2765
VIETNAM	FRANCE	2772
VIETNAM	FRANCE	2773
VIETNAM	FRANCE	2782
VIETNAM	FRANCE	2784
VIETNAM	FRANCE	2787
VIETNAM	FRANCE	2794
VIETNAM	FRANCE	2798
VIETNAM	FRANCE	2800
VIETNAM	FRANCE	2802
VIETNAM	FRANCE	2809
VIETNAM	FRANCE	2810
VIETNAM	FRANCE	2814
VIETNAM	FRANCE	2815
VIETNAM	FRANCE	2816
VIETNAM	FRANCE	2824
VIETNAM	FRANCE	2835
VIETNAM	FRANCE	2849
VIETNAM	FRANCE	2854
VIETNAM	FRANCE	2864
VIETNAM	FRANCE	2869
VIETNAM	FRANCE	2880
VIETNAM	FRANCE	2883
VIETNAM	FRANCE	2894
VIETNAM	FRANCE	2898
VIETNAM	FRANCE	2901
VIETNAM	FRANCE	2902
VIETNAM	FRANCE	2909
VIETNAM	FRANCE	2910
VIETNAM	FRANCE	2922
VIETNAM	FRANCE	2928
VIETNAM	FRANCE	2932
VIETNAM	FRANCE	2936
VIETNAM	FRANCE	2937
VIETNAM	FRANCE	2938
VIETNAM	FRANCE	2942
VIETNAM	FRANCE	2944
VIETNAM	FRANCE	2952
VIETNAM	FRANCE	2962
VIETNAM	FRANCE	2982
VIETNAM	FRANCE	2998
VIETNAM	FRANCE	3007
VIETNAM	FRANCE	3014
VIETNAM	FRANCE	3017
VIETNAM	FRANCE	3035
VIETNAM	FRANCE	3040
VIETNAM	FRANCE	3042
VIETNAM	FRANCE	3048
VIETNAM	FRANCE	3064
VIETNAM	FRANCE	3075
VIETNAM	FRANCE	3077
VIETNAM	FRANCE	3080
VIETNAM	FRANCE	3082
VIETNAM	FRANCE	3090
VIETNAM	FRANCE	3091
VIETNAM	FRANCE	3103
VIETNAM	FRANCE	3107
VIETNAM	FRANCE	3149
VIETNAM	FRANCE	3211
VIETNAM	FRANCE	3214
VIETNAM	FRANCE	3220
VIETNAM	FRANCE	3223
VIETNAM	FRANCE	3224
VIETNAM	FRANCE	3263
VIETNAM	FRANCE	3277
VIETNAM	FRANCE	3284
VIETNAM	FRANCE	3315
VIETNAM	FRANCE	3333
VIETNAM	FRANCE	3336
VIETNAM	FRANCE	3373
VIETNAM	FRANCE	3399
VIETNAM	FRANCE	3411
VIETNAM	FRANCE	3427
VIETNAM	FRANCE	3443
VIETNAM	FRANCE	3468
VIETNAM	FRANCE	3491
VIETNAM	FRANCE	3514
VIETNAM	FRANCE	3541
VIETNAM	FRANCE	3549
VIETNAM	FRANCE	3591
VIETNAM	FRANCE	3607
VIETNAM	FRANCE	3622
VIETNAM	FRANCE	3664
VIETNAM	FRANCE	3679
VIETNAM	FRANCE	3743
VIETNAM	FRANCE	3782
VIETNAM	FRANCE	3802
VIETNAM	FRANCE	3833
VIETNAM	FRANCE	3853
VIETNAM	FRANCE	3963
VIETNAM	FRANCE	4050
VIETNAM	FRANCE	4146
VIETNAM	FRANCE	4156
VIETNAM	FRANCE	4218
VIETNAM	FRANCE	4228
VIETNAM	FRANCE	4234
VIETNAM	FRANCE	4264
VIETNAM	FRANCE	4267
VIETNAM	FRANCE	4374
VIETNAM	FRANCE	4493
VIETNAM	FRANCE	4654
VIETNAM	FRANCE	4657
VIETNAM	FRANCE	4728
VIETNAM	FRANCE	4973
VIETNAM	FRANCE	4975
VIETNAM	FRANCE	5027
VIETNAM	FRANCE	5079
VIETNAM	FRANCE	5099
VIETNAM	FRANCE	5102
VIETNAM	FRANCE	5111
VIETNAM	FRANCE	5151
VIETNAM	FRANCE	5280
VIETNAM	FRANCE	5297
VIETNAM	FRANCE	5320
VIETNAM	FRANCE	5358
VIETNAM	FRANCE	5422
VIETNAM	FRANCE	5527
VIETNAM	FRANCE	5532
VIETNAM	FRANCE	5571
VIETNAM	FRANCE	5583
VIETNAM	FRANCE	5610
VIETNAM	FRANCE	5638
VIETNAM	FRANCE	5677
VIETNAM	FRANCE	5716
VIETNAM	FRANCE	5768
VIETNAM	FRANCE	5808
VIETNAM	FRANCE	5824
VIETNAM	FRANCE	5866
VIETNAM	FRANCE	5889
VIETNAM	FRANCE	5967
VIETNAM	FRANCE	6140
VIETNAM	FRANCE	6214
VIETNAM	FRANCE	6367
VIETNAM	FRANCE	6465
VIETNAM	FRANCE	6472
VIETNAM	FRANCE	6514
VIETNAM	FRANCE	6624
VIETNAM	FRANCE	6692
VIETNAM	FRANCE	6695
VIETNAM	FRANCE	6730
VIETNAM	FRANCE	6791
VIETNAM	FRANCE	7065
VIETNAM	FRANCE	7104
VIETNAM	FRANCE	7145
VIETNAM	FRANCE	7183
VIETNAM	FRANCE	7191
VIETNAM	FRANCE	7299
VIETNAM	FRANCE	7369
VIETNAM	FRANCE	7393
VIETNAM	FRANCE	7461
VIETNAM	FRANCE	7521
VIETNAM	FRANCE	7594
VIETNAM	FRANCE	7675
VIETNAM	FRANCE	7692
VIETNAM	FRANCE	7819
VIETNAM	FRANCE	7926
VIETNAM	FRANCE	7931
VIETNAM	FRANCE	8036
VIETNAM	FRANCE	8048
VIETNAM	FRANCE	8084
VIETNAM	FRANCE	8150
VIETNAM	FRANCE	8165
VIETNAM	FRANCE	8197
VIETNAM	FRANCE	8198
VIETNAM	FRANCE	8202
VIETNAM	FRANCE	8217
VIETNAM	FRANCE	8228
VIETNAM	FRANCE	8306
VIETNAM	FRANCE	8325
VIETNAM	FRANCE	8355
VIETNAM	FRANCE	8359
VIETNAM	FRANCE	8396
VIETNAM	FRANCE	8455
VIETNAM	FRANCE	8483
VIETNAM	FRANCE	8495
VIETNAM	FRANCE	8498
VIETNAM	FRANCE	8535
VIETNAM	FRANCE	8615
VIETNAM	FRANCE	8638
VIETNAM	FRANCE	8645
VIETNAM	FRANCE	8662
VIETNAM	FRANCE	8690
VIETNAM	FRANCE	8723
VIETNAM	FRANCE	8745
VIETNAM	FRANCE	8774
VIETNAM	FRANCE	8783
VIETNAM	FRANCE	8809
VIETNAM	FRANCE	8827
VIETNAM	FRANCE	8838
VIETNAM	FRANCE	8971
VIETNAM	FRANCE	9057
VIETNAM	FRANCE	9142
VIETNAM	FRANCE	9155
VIETNAM	FRANCE	9181
VIETNAM	FRANCE	9245
VIETNAM	FRANCE	9256
VIETNAM	FRANCE	9396
VIETNAM	FRANCE	9398
VIETNAM	FRANCE	9515
VIETNAM	FRANCE	9553
VIETNAM	FRANCE	9569
VIETNAM	FRANCE	9626
VIETNAM	FRANCE	9627
VIETNAM	FRANCE	9645
VIETNAM	FRANCE	9773
VIETNAM	FRANCE	9813
VIETNAM	FRANCE	9823
VIETNAM	FRANCE	9833
